[2026-08-19T09:53:01] BEGIN multi-family non-E6 capacitor update
[2026-08-19T09:53:01] INPUT library=C:\KiCad\9.0\symbols\PL Capacitor MLCC\PL Capacitor MLCC.kicad_sym bytes=488720 sha256=a7f8e2a43a0c656f1ec26d5d780e5b469a4c7476fbc23e6db34394ad68858ab1
[2026-08-19T09:53:01] INPUT bak=C:\KiCad\9.0\symbols\PL Capacitor MLCC\PL Capacitor MLCC.bak bytes=105843 sha256=732a9a6c73efd00a220b64d67e8525aab16780443eab3893f132a2e65273fd34
[2026-08-19T09:53:01] UPDATER C:\KiCad\9.0\symbols\PL Capacitor MLCC\Tools\bulk_add_multifamily_capacitors_non_e6.py sha256=d5c1f2c253392f027be977771dc0a6223a39e69939df6f0b44d3f1f466b47c16
[2026-08-19T09:53:01] FOOTPRINT C:\KiCad\9.0\footprints\PL Capacitor MLCC\PL Capacitor MLCC.pretty\C0402.kicad_mod bytes=3740 sha256=cd54ff3453785cc53f11be352cd41b98b6807f168481c26010e4fb0d62929a3a
[2026-08-19T09:53:01] FOOTPRINT C:\KiCad\9.0\footprints\PL Capacitor MLCC\PL Capacitor MLCC.pretty\C0603.kicad_mod bytes=3726 sha256=2fda19f3320e3dc50a13e6799e767eb71ed983fdd337714b9f128156e5eaa010
[2026-08-19T09:53:01] FOOTPRINT C:\KiCad\9.0\footprints\PL Capacitor MLCC\PL Capacitor MLCC.pretty\C0805.kicad_mod bytes=3818 sha256=a9c3c6e92f2f468c0eb8e45dee0e2383df92ea42ca6cdd580046b4b2ba2245db
[2026-08-19T09:53:01] FOOTPRINT C:\KiCad\9.0\footprints\PL Capacitor MLCC\PL Capacitor MLCC.pretty\C1206.kicad_mod bytes=3726 sha256=5db981a1451a38796fd1e5078386c1746a258c68ceb64be2c34ae2dd3d2498b9
[2026-08-19T09:53:01] FOOTPRINT C:\KiCad\9.0\footprints\PL Capacitor MLCC\PL Capacitor MLCC.pretty\C1210.kicad_mod bytes=3728 sha256=84a2c86616df733d9641b8eed666e5693031d71c747f69cd0b4a76fc2aac5c18
[2026-08-19T09:53:01] LOCAL_DATASHEET C:\KiCad\9.0\symbols\PL Capacitor MLCC\Capacitor datasheet.pdf bytes=941977 sha256=bc1436f154f93fe3769661c0ba4e48f10c354c07dd5271e44f3032e330911f21
[2026-08-19T09:53:01] LOCAL_DATASHEET C:\KiCad\9.0\symbols\PL Capacitor MLCC\e147909414eb3b900a42b90481dc8914.pdf bytes=1145791 sha256=303507fc0a0343365b84537ea1a598c3a23b13eafd26e59bd8acbf66e93c6236
[2026-08-19T09:53:01] LOCAL_DATASHEET C:\KiCad\9.0\symbols\PL Capacitor MLCC\datasheet 2.pdf bytes=11958382 sha256=2d554af077f25fbe6649de933497e065a0ad8014ec69618b6f8eec2b66b94edd
[2026-08-19T09:53:01] LOCAL_DATASHEET C:\KiCad\9.0\symbols\PL Capacitor MLCC\Murata GCM.pdf bytes=69196 sha256=e09d556de0605ded5a89c01e5388cc021a6f9b13ec4f3321e47f31c7066c6a1c
[2026-08-19T09:53:01] LOCAL_DATASHEET C:\KiCad\9.0\symbols\PL Capacitor MLCC\Datasheet kemet.pdf bytes=1244794 sha256=f1c45b68ec6efa566500708d09974d340c253252008c0f463a34e8009a80d7bc
[2026-08-19T09:53:02] SUPPLEMENTAL_DATASHEET C:\KiCad\9.0\symbols\PL Capacitor MLCC\26f1ead7bc608b57806ba5c637185505.pdf bytes=1785501 sha256=44df2810356133b623d7de162e3d2059353aca374bf947d243d1b92195ee859d
[2026-08-19T09:53:02] SUPPLEMENTAL_DATASHEET C:\KiCad\9.0\symbols\PL Capacitor MLCC\874695ec05b64e47712b911bccd14a9c.pdf bytes=684644 sha256=b6fe8b08bfcc22c5190436cf127ab8facbf2b8bcfd2ad7b9ddc187e27ef8b400
[2026-08-19T09:53:02] SUPPLEMENTAL_DATASHEET C:\KiCad\9.0\symbols\PL Capacitor MLCC\capacitor datasheet murata.pdf bytes=562550 sha256=fb0d33f3b9acca3ec20e682edf4071c25b3e398e39124992496bcec84f8e4415
[2026-08-19T09:53:02] SUPPLEMENTAL_DATASHEET C:\KiCad\9.0\symbols\PL Capacitor MLCC\Dataasheet 1.pdf bytes=1406637 sha256=e6a1e27fcc3051d04f326c0afbb9830ac518e73a525a00007ad3084b410cda4e
[2026-08-19T09:53:02] SUPPLEMENTAL_DATASHEET C:\KiCad\9.0\symbols\PL Capacitor MLCC\Murata GJM.pdf bytes=11891847 sha256=4b69a8363f60c68debd603db2dd167daf20a2abe23441143419277669b74955d
[2026-08-19T09:53:02] SUPPLEMENTAL_DATASHEET C:\KiCad\9.0\symbols\PL Capacitor MLCC\2aafee59dab54d3907d2a47e632f9b66.pdf bytes=159802 sha256=ca26996437e874e61122df785b142f1d322b421dd759506c1405c165d044f6f8
[2026-08-19T09:53:02] SOURCE C:\KiCad\9.0\symbols\PL Capacitor MLCC\Data\LCSC\Source\LCSCSearchDownload(22).csv rows=25 bytes=6210 sha256=7e3366cc835266ebd9897c7c56adef657f23cda2eafbe59f0ce6907efd89e7d1
[2026-08-19T09:53:02] SOURCE C:\KiCad\9.0\symbols\PL Capacitor MLCC\Data\LCSC\Source\LCSCSearchDownload(23).csv rows=100 bytes=24367 sha256=4c7ea16288621264c0a8302f80524f759508132057f854a68176e9d0f197f6a5
[2026-08-19T09:53:02] SOURCE C:\KiCad\9.0\symbols\PL Capacitor MLCC\Data\LCSC\Source\LCSCSearchDownload(24).csv rows=100 bytes=24370 sha256=4bc39ca99a351268379ab39d8b2fd000862e0b224929d469bc915d35de5c1aa5
[2026-08-19T09:53:02] SOURCE C:\KiCad\9.0\symbols\PL Capacitor MLCC\Data\LCSC\Source\LCSCSearchDownload(25).csv rows=100 bytes=24276 sha256=d060089dafc74ddf00577c4a542f816ded725835d60a20fe1cc877987379e916
[2026-08-19T09:53:02] SOURCE C:\KiCad\9.0\symbols\PL Capacitor MLCC\Data\LCSC\Source\LCSCSearchDownload(26).csv rows=100 bytes=24269 sha256=348e731fb5611a407bb90b29833009f098c5e0c223b65f0ec20aafdb4460da23
[2026-08-19T09:53:02] SOURCE C:\KiCad\9.0\symbols\PL Capacitor MLCC\Data\LCSC\Source\LCSCSearchDownload(27).csv rows=100 bytes=24269 sha256=348e731fb5611a407bb90b29833009f098c5e0c223b65f0ec20aafdb4460da23
[2026-08-19T09:53:02] SOURCE C:\KiCad\9.0\symbols\PL Capacitor MLCC\Data\LCSC\Source\LCSCSearchDownload(28).csv rows=100 bytes=24249 sha256=09fbf3ff1d25e170977764a57b5cf57731dbb989548b98196ba8e2f70f036f56
[2026-08-19T09:53:02] SOURCE C:\KiCad\9.0\symbols\PL Capacitor MLCC\Data\LCSC\Source\LCSCSearchDownload(29).csv rows=100 bytes=24426 sha256=4fd193c26c16b3f4938a8c7d8302f36e5a04717dfb7daf1574b2f7e1c9eecd5a
[2026-08-19T09:53:02] SOURCE C:\KiCad\9.0\symbols\PL Capacitor MLCC\Data\LCSC\Source\LCSCSearchDownload(30).csv rows=100 bytes=24208 sha256=9c271e8d805e37c168d57b682dd3de7859a157c3d520fb791d6dd5e32a31212d
[2026-08-19T09:53:02] SOURCE C:\KiCad\9.0\symbols\PL Capacitor MLCC\Data\LCSC\Source\LCSCSearchDownload(31).csv rows=100 bytes=24202 sha256=89bfb3c01cb34421b461cf9575f97cc293e8b3ff22b2d2fc19e6b07bb14cd3b0
[2026-08-19T09:53:02] SOURCE C:\KiCad\9.0\symbols\PL Capacitor MLCC\Data\LCSC\Source\LCSCSearchDownload(32).csv rows=100 bytes=24193 sha256=888639e36af30479ad0625f02a33ccc4acdea9ac15a7e527394b73f40f64366d
[2026-08-19T09:53:02] SOURCE C:\KiCad\9.0\symbols\PL Capacitor MLCC\Data\LCSC\Source\LCSCSearchDownload(33).csv rows=29 bytes=7129 sha256=83ade4541e1af7dc438e4a6622b27129d528d9e65df70cc017d05ce643d54fde
[2026-08-19T09:53:02] SOURCE C:\KiCad\9.0\symbols\PL Capacitor MLCC\LCSCSearchDownload(34).csv rows=100 bytes=24343 sha256=1bc5e052855ee40444eabd77ba734aba8b9db6489e53e7cd5f8c293b211fa453
[2026-08-19T09:53:02] SOURCE C:\KiCad\9.0\symbols\PL Capacitor MLCC\LCSCSearchDownload(35).csv rows=100 bytes=24175 sha256=64eb746e166415e5a924a8ecc9944551ee0aa1d3a04d506b2fa565752ea73a23
[2026-08-19T09:53:02] SOURCE C:\KiCad\9.0\symbols\PL Capacitor MLCC\LCSCSearchDownload(36).csv rows=100 bytes=24176 sha256=25efbf046560514dd36d5b24618c7880d6f33fe99e6c3487d5e6c1fe33ae1b4d
[2026-08-19T09:53:02] SOURCE C:\KiCad\9.0\symbols\PL Capacitor MLCC\LCSCSearchDownload(37).csv rows=100 bytes=23890 sha256=62762deeb49933bd4d053a9df2eba918592e51abb5f93c88ef26005947c19cca
[2026-08-19T09:53:02] SOURCE C:\KiCad\9.0\symbols\PL Capacitor MLCC\LCSCSearchDownload(38).csv rows=100 bytes=23840 sha256=e907a4e79b11af9c525005e878e89e7b19acd3ec706c66cc441da40774061493
[2026-08-19T09:53:02] SOURCE C:\KiCad\9.0\symbols\PL Capacitor MLCC\LCSCSearchDownload(39).csv rows=100 bytes=23719 sha256=06b72f2574a3303907def625de6c30126a9982521da7ec92bcd504db5bdfb29a
[2026-08-19T09:53:02] SOURCE C:\KiCad\9.0\symbols\PL Capacitor MLCC\LCSCSearchDownload(40).csv rows=100 bytes=23658 sha256=b24020c2ff12dfb6bdfcb0ab33d3033a69eecfc87291b633afb8436748ddd312
[2026-08-19T09:53:02] SOURCE C:\KiCad\9.0\symbols\PL Capacitor MLCC\LCSCSearchDownload(41).csv rows=100 bytes=23719 sha256=06b72f2574a3303907def625de6c30126a9982521da7ec92bcd504db5bdfb29a
[2026-08-19T09:53:02] SOURCE C:\KiCad\9.0\symbols\PL Capacitor MLCC\LCSCSearchDownload(42).csv rows=100 bytes=23900 sha256=57dec1d511fa4e9d0660c7c5e2e5c3a24487db804c28f660ca7b5c6145b6ab56
[2026-08-19T09:53:02] SOURCE C:\KiCad\9.0\symbols\PL Capacitor MLCC\LCSCSearchDownload(43).csv rows=100 bytes=23750 sha256=092bd394967ee9e5d24db3b080900fed70dcb85af6a37ec644888a96f1b66045
[2026-08-19T09:53:02] SOURCE C:\KiCad\9.0\symbols\PL Capacitor MLCC\LCSCSearchDownload(44).csv rows=100 bytes=23750 sha256=092bd394967ee9e5d24db3b080900fed70dcb85af6a37ec644888a96f1b66045
[2026-08-19T09:53:02] SOURCE C:\KiCad\9.0\symbols\PL Capacitor MLCC\LCSCSearchDownload(45).csv rows=100 bytes=23622 sha256=fd35232108413c49becfe4811bcacf0d34cd955ebd0f971bc684e4ef0ff2e76b
[2026-08-19T09:53:02] SOURCE C:\KiCad\9.0\symbols\PL Capacitor MLCC\LCSCSearchDownload(46).csv rows=100 bytes=23748 sha256=0b7d36e249ac005f72cfde3d3221648fd54be72174b65fc49a15aa8b533fd5dc
[2026-08-19T09:53:02] SOURCE C:\KiCad\9.0\symbols\PL Capacitor MLCC\LCSCSearchDownload(47).csv rows=100 bytes=23626 sha256=7edc7b7374218f64625c436e98d33d1ce5e0ef1084769de534dee1c02ce6c105
[2026-08-19T09:53:02] SOURCE C:\KiCad\9.0\symbols\PL Capacitor MLCC\LCSCSearchDownload(48)(1).csv rows=100 bytes=23498 sha256=270f7767bdd8dd9032ee15789fd85016688325185cd1b3d974146c10b582dade
[2026-08-19T09:53:02] SOURCE C:\KiCad\9.0\symbols\PL Capacitor MLCC\LCSCSearchDownload(49).csv rows=100 bytes=23498 sha256=270f7767bdd8dd9032ee15789fd85016688325185cd1b3d974146c10b582dade
[2026-08-19T09:53:02] SOURCE C:\KiCad\9.0\symbols\PL Capacitor MLCC\LCSCSearchDownload(50).csv rows=100 bytes=22918 sha256=e34f78a8796284663f08a2a3c78727e080b785d4ca0beb59f01f0d45a8a934df
[2026-08-19T09:53:02] SOURCE C:\KiCad\9.0\symbols\PL Capacitor MLCC\LCSCSearchDownload(51).csv rows=100 bytes=23382 sha256=92c8827806a9014581bec90fd47303494f5e0df42c90f8d17d0527afbe48a3b6
[2026-08-19T09:53:02] SOURCE C:\KiCad\9.0\symbols\PL Capacitor MLCC\LCSCSearchDownload(52).csv rows=100 bytes=23470 sha256=fcc13b0d3b4f2c8846347610c2323a4c053928760ec5e5e053ca86f4db0c26f3
[2026-08-19T09:53:02] SOURCE C:\KiCad\9.0\symbols\PL Capacitor MLCC\LCSCSearchDownload(53).csv rows=100 bytes=23727 sha256=1ff28205097648f9785f1758ca635d1e4f64ba16d6239d5acc19f5e73e423388
[2026-08-19T09:53:02] SOURCE C:\KiCad\9.0\symbols\PL Capacitor MLCC\LCSCSearchDownload(54).csv rows=100 bytes=23491 sha256=92caba59b2d7bb1b6e2c696b9687eb8c042b64a4d33fd836e247ecad1d88ab18
[2026-08-19T09:53:02] SOURCE C:\KiCad\9.0\symbols\PL Capacitor MLCC\LCSCSearchDownload(55).csv rows=100 bytes=23384 sha256=af4bcfda1f34c0c45a1867cead6f2648b5e1f7c4ef28052bdf3caf2e307aca08
[2026-08-19T09:53:02] SOURCE C:\KiCad\9.0\symbols\PL Capacitor MLCC\LCSCSearchDownload(56).csv rows=100 bytes=23402 sha256=2d7c8e5a06ae77b51a9cb50d9ce4e67a3c6ffd8216f423914bc49e1ab92088d9
[2026-08-19T09:53:02] DEDUP_DROP lcsc=C14663 mpn=CC0603KRX7R9BB104 availability=6807250 kept_availability=6807250
[2026-08-19T09:53:02] DEDUP_DROP lcsc=C49678 mpn=CC0805KRX7R9BB104 availability=2094500 kept_availability=2094500
[2026-08-19T09:53:02] DEDUP_DROP lcsc=C58456 mpn=CC0805JRX7R9BB103 availability=35400 kept_availability=35400
[2026-08-19T09:53:02] DEDUP_DROP lcsc=C60133 mpn=CC0402KRX7R9BB103 availability=4434700 kept_availability=4434700
[2026-08-19T09:53:02] DEDUP_DROP lcsc=C60474 mpn=CC0402KRX7R7BB104 availability=4354500 kept_availability=4354500
[2026-08-19T09:53:02] DEDUP_DROP lcsc=C76905 mpn=GJM1555C1H330GB01D availability=6210 kept_availability=6210
[2026-08-19T09:53:02] DEDUP_DROP lcsc=C76905 mpn=GJM1555C1H330GB01D availability=6210 kept_availability=6210
[2026-08-19T09:53:02] DEDUP_DROP lcsc=C77084 mpn=GRM31C5C1H683JA01L availability=5990 kept_availability=5990
[2026-08-19T09:53:02] DEDUP_DROP lcsc=C77084 mpn=GRM31C5C1H683JA01L availability=5990 kept_availability=5990
[2026-08-19T09:53:02] DEDUP_DROP lcsc=C77390 mpn=GRM1885C1H201JA01D availability=5100 kept_availability=5100
[2026-08-19T09:53:02] DEDUP_DROP lcsc=C79547 mpn=06035A100JAT2A availability=5500 kept_availability=5500
[2026-08-19T09:53:02] DEDUP_DROP lcsc=C79547 mpn=06035A100JAT2A availability=5500 kept_availability=5500
[2026-08-19T09:53:02] DEDUP_DROP lcsc=C83170 mpn=CC0805KRX7R9BB103 availability=352550 kept_availability=352550
[2026-08-19T09:53:02] DEDUP_DROP lcsc=C85981 mpn=GRM1885C1H680JA01D availability=3850 kept_availability=3850
[2026-08-19T09:53:02] DEDUP_DROP lcsc=C88884 mpn=GJM1555C1H270JB01D availability=9270 kept_availability=9270
[2026-08-19T09:53:02] DEDUP_DROP lcsc=C91183 mpn=CC0603JRX7R9BB104 availability=1774960 kept_availability=1775100
[2026-08-19T09:53:02] DEDUP_DROP lcsc=C91185 mpn=CC0805KKX7R9BB105 availability=481860 kept_availability=481860
[2026-08-19T09:53:02] DEDUP_DROP lcsc=C93920 mpn=CC0402JRX7R9BB102 availability=472000 kept_availability=472000
[2026-08-19T09:53:02] DEDUP_DROP lcsc=C94121 mpn=CC0805KRX7R9BB102 availability=662600 kept_availability=662600
[2026-08-19T09:53:02] DEDUP_DROP lcsc=C97862 mpn=GRM1555C1H181JA01D availability=8600 kept_availability=8600
[2026-08-19T09:53:02] DEDUP_DROP lcsc=C100040 mpn=CC0603KRX7R9BB102 availability=1751300 kept_availability=1751300
[2026-08-19T09:53:02] DEDUP_DROP lcsc=C100042 mpn=CC0603KRX7R9BB103 availability=3509000 kept_availability=3509000
[2026-08-19T09:53:02] DEDUP_DROP lcsc=C105883 mpn=CC0402KRX7R8BB104 availability=2027000 kept_availability=2027000
[2026-08-19T09:53:02] DEDUP_DROP lcsc=C106208 mpn=CC0402KRX7R9BB472 availability=929600 kept_availability=929600
[2026-08-19T09:53:02] DEDUP_DROP lcsc=C106222 mpn=CC0603KRX7R9BB223 availability=442900 kept_availability=442900
[2026-08-19T09:53:02] DEDUP_DROP lcsc=C106248 mpn=CC0603KRX7R7BB105 availability=557500 kept_availability=557500
[2026-08-19T09:53:02] DEDUP_DROP lcsc=C106250 mpn=CC0603KRX7R6BB474 availability=11500 kept_availability=11500
[2026-08-19T09:53:02] DEDUP_DROP lcsc=C106840 mpn=CC0805KKX7RBBB103 availability=12460 kept_availability=12460
[2026-08-19T09:53:02] DEDUP_DROP lcsc=C106845 mpn=CC0805KKX7R7BB474 availability=8850 kept_availability=8850
[2026-08-19T09:53:02] DEDUP_DROP lcsc=C106863 mpn=CC0402KRX7R7BB333 availability=26400 kept_availability=26400
[2026-08-19T09:53:02] DEDUP_DROP lcsc=C107018 mpn=CC0402KRX7R7BB563 availability=45700 kept_availability=45700
[2026-08-19T09:53:02] DEDUP_DROP lcsc=C107020 mpn=CC0402KRX7R8BB473 availability=26900 kept_availability=26900
[2026-08-19T09:53:02] DEDUP_DROP lcsc=C107043 mpn=CC0603JRNPO9BN222 availability=4050 kept_availability=4050
[2026-08-19T09:53:02] DEDUP_DROP lcsc=C107059 mpn=CC0603KRX7R0BB103 availability=881450 kept_availability=881450
[2026-08-19T09:53:02] DEDUP_DROP lcsc=C107060 mpn=CC0603KRX7R0BB152 availability=23850 kept_availability=23850
[2026-08-19T09:53:02] DEDUP_DROP lcsc=C107071 mpn=CC0603KRX7R8BB683 availability=23900 kept_availability=23900
[2026-08-19T09:53:02] DEDUP_DROP lcsc=C107078 mpn=CC0603KRX7R9BB182 availability=36400 kept_availability=36400
[2026-08-19T09:53:02] DEDUP_DROP lcsc=C107092 mpn=CC0603KRX7R9BB471 availability=627600 kept_availability=627600
[2026-08-19T09:53:02] DEDUP_DROP lcsc=C107093 mpn=CC0603KRX7R9BB473 availability=1239150 kept_availability=1239150
[2026-08-19T09:53:02] DEDUP_DROP lcsc=C107104 mpn=CC0805JKNPO9BN472 availability=4515 kept_availability=4515
[2026-08-19T09:53:02] DEDUP_DROP lcsc=C107117 mpn=CC0805JRNPO9BN390 availability=4800 kept_availability=4800
[2026-08-19T09:53:02] DEDUP_DROP lcsc=C107156 mpn=CC0805KRX7R9BB563 availability=15300 kept_availability=15300
[2026-08-19T09:53:02] DEDUP_DROP lcsc=C107163 mpn=CC0805KRX7RABB471 availability=27450 kept_availability=27450
[2026-08-19T09:53:02] DEDUP_DROP lcsc=C107168 mpn=CC0805KRX7RYBB472 availability=18450 kept_availability=18450
[2026-08-19T09:53:02] DEDUP_DROP lcsc=C107183 mpn=CC1206KKX7R7BB225 availability=4600 kept_availability=4600
[2026-08-19T09:53:02] DEDUP_DROP lcsc=C107190 mpn=CC1206KKX7RBBB472 availability=8700 kept_availability=8700
[2026-08-19T09:53:02] DEDUP_DROP lcsc=C107210 mpn=CC1206KRX7R9BB683 availability=5360 kept_availability=5360
[2026-08-19T09:53:02] DEDUP_DROP lcsc=C109474 mpn=CC0603JRX7R7BB104 availability=7770 kept_availability=7770
[2026-08-19T09:53:02] DEDUP_DROP lcsc=C111492 mpn=CC0805JRX7R9BB104 availability=718300 kept_availability=718300
[2026-08-19T09:53:02] DEDUP_DROP lcsc=C111492 mpn=CC0805JRX7R9BB104 availability=718100 kept_availability=718300
[2026-08-19T09:53:02] DEDUP_DROP lcsc=C113789 mpn=CC0402KRX7R9BB151 availability=40100 kept_availability=40100
[2026-08-19T09:53:02] DEDUP_DROP lcsc=C113794 mpn=CC0603JRNPO0BN181 availability=5700 kept_availability=5700
[2026-08-19T09:53:02] DEDUP_DROP lcsc=C113794 mpn=CC0603JRNPO0BN181 availability=5700 kept_availability=5700
[2026-08-19T09:53:02] DEDUP_DROP lcsc=C113798 mpn=CC0603JRNPO9BN751 availability=4400 kept_availability=4400
[2026-08-19T09:53:02] DEDUP_DROP lcsc=C113801 mpn=CC0603JRNPOYBN470 availability=5150 kept_availability=5150
[2026-08-19T09:53:02] DEDUP_DROP lcsc=C113803 mpn=CC0603KRX7R0BB104 availability=983300 kept_availability=983300
[2026-08-19T09:53:02] DEDUP_DROP lcsc=C113821 mpn=CC0805JRNPO0BN470 availability=5500 kept_availability=5500
[2026-08-19T09:53:02] DEDUP_DROP lcsc=C113821 mpn=CC0805JRNPO0BN470 availability=5500 kept_availability=5500
[2026-08-19T09:53:02] DEDUP_DROP lcsc=C113827 mpn=CC0805JRNPO9BN240 availability=4150 kept_availability=4150
[2026-08-19T09:53:02] DEDUP_DROP lcsc=C113832 mpn=CC0805JRNPO9BN750 availability=4200 kept_availability=4200
[2026-08-19T09:53:02] DEDUP_DROP lcsc=C113850 mpn=CC0805KRX7R0BB331 availability=26450 kept_availability=26450
[2026-08-19T09:53:02] DEDUP_DROP lcsc=C113860 mpn=CC0805KRX7R9BB273 availability=13550 kept_availability=13550
[2026-08-19T09:53:02] DEDUP_DROP lcsc=C113862 mpn=CC0805KRX7R9BB562 availability=23750 kept_availability=23750
[2026-08-19T09:53:02] DEDUP_DROP lcsc=C113864 mpn=CC0805KRX7RABB222 availability=29100 kept_availability=29100
[2026-08-19T09:53:02] DEDUP_DROP lcsc=C113866 mpn=CC0805KRX7RABB472 availability=18550 kept_availability=18550
[2026-08-19T09:53:02] DEDUP_DROP lcsc=C113867 mpn=CC0805KRX7RBBB471 availability=18200 kept_availability=18200
[2026-08-19T09:53:02] DEDUP_DROP lcsc=C113875 mpn=CC1206JKNPOCBN560 availability=4400 kept_availability=4400
[2026-08-19T09:53:02] DEDUP_DROP lcsc=C113883 mpn=CC1206JRNPO9BN200 availability=4460 kept_availability=4460
[2026-08-19T09:53:02] DEDUP_DROP lcsc=C114386 mpn=CC0402JRX7R9BB821 availability=7100 kept_availability=7100
[2026-08-19T09:53:02] DEDUP_DROP lcsc=C114401 mpn=CC0402JRX7R9BB221 availability=39100 kept_availability=39100
[2026-08-19T09:53:02] DEDUP_DROP lcsc=C114401 mpn=CC0402JRX7R9BB221 availability=39100 kept_availability=39100
[2026-08-19T09:53:02] DEDUP_DROP lcsc=C115056 mpn=CC0603JRX7R9BB103 availability=693000 kept_availability=693000
[2026-08-19T09:53:02] DEDUP_DROP lcsc=C115059 mpn=CC0603JRX7R9BB222 availability=1800 kept_availability=1800
[2026-08-19T09:53:02] DEDUP_DROP lcsc=C115060 mpn=CC0603JRX7R9BB472 availability=10300 kept_availability=10300
[2026-08-19T09:53:02] DEDUP_DROP lcsc=C117751 mpn=GRM1555C1E221JA01D availability=5000 kept_availability=5000
[2026-08-19T09:53:02] DEDUP_DROP lcsc=C123260 mpn=CC0805JRNPO9BN152 availability=5600 kept_availability=5600
[2026-08-19T09:53:02] DEDUP_DROP lcsc=C123260 mpn=CC0805JRNPO9BN152 availability=5600 kept_availability=5600
[2026-08-19T09:53:02] DEDUP_DROP lcsc=C126494 mpn=GCM1555C1H102GA16D availability=4200 kept_availability=4200
[2026-08-19T09:53:02] DEDUP_DROP lcsc=C126496 mpn=GCM1555C1H121FA16D availability=8700 kept_availability=8700
[2026-08-19T09:53:02] DEDUP_DROP lcsc=C126515 mpn=GCM1555C1H820JA16D availability=6300 kept_availability=6300
[2026-08-19T09:53:02] DEDUP_DROP lcsc=C126515 mpn=GCM1555C1H820JA16D availability=6300 kept_availability=6300
[2026-08-19T09:53:02] DEDUP_DROP lcsc=C126546 mpn=GCM1885C1H120JA16D availability=4180 kept_availability=4180
[2026-08-19T09:53:02] DEDUP_DROP lcsc=C126578 mpn=GCM1885C2A330JA16D availability=6600 kept_availability=6600
[2026-08-19T09:53:02] DEDUP_DROP lcsc=C126578 mpn=GCM1885C2A330JA16D availability=6600 kept_availability=6600
[2026-08-19T09:53:02] DEDUP_DROP lcsc=C126581 mpn=GCM1885C2A681JA16D availability=8750 kept_availability=8750
[2026-08-19T09:53:02] DEDUP_DROP lcsc=C129620 mpn=C0603C100J5GACAUTO availability=5350 kept_availability=5350
[2026-08-19T09:53:02] DEDUP_DROP lcsc=C129620 mpn=C0603C100J5GACAUTO availability=5350 kept_availability=5350
[2026-08-19T09:53:02] DEDUP_DROP lcsc=C131031 mpn=CC0603JRX7R9BB102 availability=382500 kept_availability=382500
[2026-08-19T09:53:02] DEDUP_DROP lcsc=C131394 mpn=CC0402KRX7R9BB104 availability=5700800 kept_availability=5700800
[2026-08-19T09:53:02] DEDUP_DROP lcsc=C141070 mpn=C0603C103J5RAC7867 availability=4140 kept_availability=4140
[2026-08-19T09:53:02] DEDUP_DROP lcsc=C149601 mpn=AC1206KKX7R0BB104 availability=5920 kept_availability=5920
[2026-08-19T09:53:02] DEDUP_DROP lcsc=C149610 mpn=AC0603JRNPO9BN200 availability=4000 kept_availability=4000
[2026-08-19T09:53:02] DEDUP_DROP lcsc=C149615 mpn=AC0603KRX7R9BB472 availability=31150 kept_availability=31150
[2026-08-19T09:53:02] DEDUP_DROP lcsc=C160903 mpn=CC0603KRX7R9BB101 availability=759500 kept_availability=759500
[2026-08-19T09:53:02] DEDUP_DROP lcsc=C161156 mpn=GCM1555C1H680JA16D availability=5400 kept_availability=5400
[2026-08-19T09:53:02] DEDUP_DROP lcsc=C161156 mpn=GCM1555C1H680JA16D availability=5400 kept_availability=5400
[2026-08-19T09:53:02] DEDUP_DROP lcsc=C161250 mpn=GCM2195C1H103JA16D availability=4775 kept_availability=4775
[2026-08-19T09:53:02] DEDUP_DROP lcsc=C161307 mpn=GJM1555C1H160GB01D availability=5140 kept_availability=5140
[2026-08-19T09:53:02] DEDUP_DROP lcsc=C161514 mpn=GRM1555C1E120JA01D availability=4600 kept_availability=4600
[2026-08-19T09:53:02] DEDUP_DROP lcsc=C161528 mpn=GRM1555C1H130GA01D availability=6250 kept_availability=6250
[2026-08-19T09:53:02] DEDUP_DROP lcsc=C161528 mpn=GRM1555C1H130GA01D availability=6250 kept_availability=6250
[2026-08-19T09:53:02] DEDUP_DROP lcsc=C162096 mpn=GRM1555C1H330FA01D availability=9300 kept_availability=9300
[2026-08-19T09:53:02] DEDUP_DROP lcsc=C162121 mpn=GRM1555C1H750JA01D availability=5400 kept_availability=5400
[2026-08-19T09:53:02] DEDUP_DROP lcsc=C162121 mpn=GRM1555C1H750JA01D availability=5400 kept_availability=5400
[2026-08-19T09:53:02] DEDUP_DROP lcsc=C162302 mpn=GRM21A5C2D470JW01D availability=3920 kept_availability=3920
[2026-08-19T09:53:02] DEDUP_DROP lcsc=C162313 mpn=GRM21B5C1H183JA01L availability=5780 kept_availability=5780
[2026-08-19T09:53:02] DEDUP_DROP lcsc=C162313 mpn=GRM21B5C1H183JA01L availability=5780 kept_availability=5780
[2026-08-19T09:53:02] DEDUP_DROP lcsc=C162446 mpn=GRM31A5C2J220JW01D availability=4640 kept_availability=4640
[2026-08-19T09:53:02] DEDUP_DROP lcsc=C162451 mpn=GRM31A5C3A101JW01D availability=5555 kept_availability=5555
[2026-08-19T09:53:02] DEDUP_DROP lcsc=C162451 mpn=GRM31A5C3A101JW01D availability=5555 kept_availability=5555
[2026-08-19T09:53:02] DEDUP_DROP lcsc=C184771 mpn=GCM1885C2A471JA16D availability=3900 kept_availability=3900
[2026-08-19T09:53:02] DEDUP_DROP lcsc=C185562 mpn=GRM1555C1H111JA01D availability=8400 kept_availability=8400
[2026-08-19T09:53:02] DEDUP_DROP lcsc=C237550 mpn=GRM1555C1E220JA01D availability=8450 kept_availability=8450
[2026-08-19T09:53:02] DEDUP_DROP lcsc=C237592 mpn=GQM2195C2E101JB12D availability=5680 kept_availability=5680
[2026-08-19T09:53:02] DEDUP_DROP lcsc=C237592 mpn=GQM2195C2E101JB12D availability=5680 kept_availability=5680
[2026-08-19T09:53:02] DEDUP_DROP lcsc=C272878 mpn=CC0402JRX7R9BB103 availability=1161700 kept_availability=1161700
[2026-08-19T09:53:02] DEDUP_DROP lcsc=C272882 mpn=CC1206JKNPODBN100 availability=4000 kept_availability=4000
[2026-08-19T09:53:02] DEDUP_DROP lcsc=C272887 mpn=CC0402JRX7R9BB471 availability=8600 kept_availability=8600
[2026-08-19T09:53:02] DEDUP_DROP lcsc=C272887 mpn=CC0402JRX7R9BB471 availability=8600 kept_availability=8600
[2026-08-19T09:53:02] DEDUP_DROP lcsc=C277508 mpn=CC1206KKX7R8BB475 availability=3170 kept_availability=3170
[2026-08-19T09:53:02] DEDUP_DROP lcsc=C277522 mpn=AC0402KRX7R9BB102 availability=22300 kept_availability=22300
[2026-08-19T09:53:02] DEDUP_DROP lcsc=C277528 mpn=CC0603JRX7R9BB223 availability=515700 kept_availability=515700
[2026-08-19T09:53:02] DEDUP_DROP lcsc=C277529 mpn=CC0805KKX7RYBB223 availability=6880 kept_availability=6880
[2026-08-19T09:53:02] DEDUP_DROP lcsc=C281750 mpn=CC0402JRX7R9BB101 availability=167300 kept_availability=167400
[2026-08-19T09:53:02] DEDUP_DROP lcsc=C281752 mpn=CC0402JRX7R9BB152 availability=188100 kept_availability=188100
[2026-08-19T09:53:02] DEDUP_DROP lcsc=C281757 mpn=CC0402JRX7R9BB472 availability=109900 kept_availability=109900
[2026-08-19T09:53:02] DEDUP_DROP lcsc=C282069 mpn=CC0603JRNPO9BN430 availability=5300 kept_availability=5300
[2026-08-19T09:53:02] DEDUP_DROP lcsc=C282069 mpn=CC0603JRNPO9BN430 availability=5300 kept_availability=5300
[2026-08-19T09:53:02] DEDUP_DROP lcsc=C309458 mpn=CC0402KRX7R6BB104 availability=30000 kept_availability=30000
[2026-08-19T09:53:02] DEDUP_DROP lcsc=C309473 mpn=CC0603JRX7R9BB331 availability=7400 kept_availability=7400
[2026-08-19T09:53:02] DEDUP_DROP lcsc=C309475 mpn=CC0603JRX7R9BB683 availability=20000 kept_availability=20000
[2026-08-19T09:53:02] DEDUP_DROP lcsc=C309475 mpn=CC0603JRX7R9BB683 availability=20000 kept_availability=20000
[2026-08-19T09:53:02] DEDUP_DROP lcsc=C309485 mpn=CC0805JRNPO0BN330 availability=3950 kept_availability=3950
[2026-08-19T09:53:02] DEDUP_DROP lcsc=C309486 mpn=CC0805JRNPO9BN511 availability=4350 kept_availability=4350
[2026-08-19T09:53:02] DEDUP_DROP lcsc=C309488 mpn=CC0805JRNPOBBN100 availability=4350 kept_availability=4350
[2026-08-19T09:53:02] DEDUP_DROP lcsc=C309489 mpn=CC0805JRX7R0BB472 availability=2000 kept_availability=2000
[2026-08-19T09:53:02] DEDUP_DROP lcsc=C309490 mpn=CC0805JRX7R9BB822 availability=3250 kept_availability=3250
[2026-08-19T09:53:02] DEDUP_DROP lcsc=C309499 mpn=CC1206JRNPO0BN101 availability=8100 kept_availability=8100
[2026-08-19T09:53:02] DEDUP_DROP lcsc=C309500 mpn=CC1206JRNPO0BN152 availability=5220 kept_availability=5220
[2026-08-19T09:53:02] DEDUP_DROP lcsc=C309500 mpn=CC1206JRNPO0BN152 availability=5220 kept_availability=5220
[2026-08-19T09:53:02] DEDUP_DROP lcsc=C325463 mpn=CC0402JRX7R9BB331 availability=5300 kept_availability=5300
[2026-08-19T09:53:02] DEDUP_DROP lcsc=C325463 mpn=CC0402JRX7R9BB331 availability=5300 kept_availability=5300
[2026-08-19T09:53:02] DEDUP_DROP lcsc=C325463 mpn=CC0402JRX7R9BB331 availability=5300 kept_availability=5300
[2026-08-19T09:53:02] DEDUP_DROP lcsc=C326061 mpn=CC1206JKNPOCBN180 availability=8600 kept_availability=8600
[2026-08-19T09:53:02] DEDUP_DROP lcsc=C326631 mpn=CC1206JRNPO9BN222 availability=8240 kept_availability=8240
[2026-08-19T09:53:02] DEDUP_DROP lcsc=C326638 mpn=CC1210KKX7R8BB105 availability=3360 kept_availability=3360
[2026-08-19T09:53:02] DEDUP_DROP lcsc=C326650 mpn=CC1206JKNPOCBN150 availability=4200 kept_availability=4200
[2026-08-19T09:53:02] DEDUP_DROP lcsc=C326671 mpn=CC1210KKX7RYBB224 availability=2125 kept_availability=2125
[2026-08-19T09:53:02] DEDUP_DROP lcsc=C326699 mpn=CC1206KRX7RYBB103 availability=7480 kept_availability=7480
[2026-08-19T09:53:02] DEDUP_DROP lcsc=C326712 mpn=CC0805JRX7R9BB473 availability=24850 kept_availability=24850
[2026-08-19T09:53:02] DEDUP_DROP lcsc=C326759 mpn=CC0603JRNPO9BN272 availability=8000 kept_availability=8000
[2026-08-19T09:53:02] DEDUP_DROP lcsc=C326819 mpn=AC0805JRNPO9BN101 availability=5650 kept_availability=5650
[2026-08-19T09:53:02] DEDUP_DROP lcsc=C326819 mpn=AC0805JRNPO9BN101 availability=5650 kept_availability=5650
[2026-08-19T09:53:02] DEDUP_DROP lcsc=C326831 mpn=CC1206JRX7R0BB472 availability=2740 kept_availability=2740
[2026-08-19T09:53:02] DEDUP_DROP lcsc=C326845 mpn=CC0805JRNPO0BN200 availability=4950 kept_availability=4950
[2026-08-19T09:53:02] DEDUP_DROP lcsc=C326961 mpn=CC1206JRNPO9BN470 availability=3850 kept_availability=3850
[2026-08-19T09:53:02] DEDUP_DROP lcsc=C326999 mpn=CC0805FRNPO9BN470 availability=7920 kept_availability=7920
[2026-08-19T09:53:02] DEDUP_DROP lcsc=C327004 mpn=CC1206KKX7RABB473 availability=3710 kept_availability=3710
[2026-08-19T09:53:02] DEDUP_DROP lcsc=C327009 mpn=CC0402KRX7R7BB103 availability=46100 kept_availability=46100
[2026-08-19T09:53:02] DEDUP_DROP lcsc=C327012 mpn=CC0603GRNPO9BN300 availability=4150 kept_availability=4150
[2026-08-19T09:53:02] DEDUP_DROP lcsc=C327054 mpn=CC0402KRX7R6BB473 availability=33400 kept_availability=33400
[2026-08-19T09:53:02] DEDUP_DROP lcsc=C327123 mpn=AC0603JRNPO9BN151 availability=5500 kept_availability=5500
[2026-08-19T09:53:02] DEDUP_DROP lcsc=C327123 mpn=AC0603JRNPO9BN151 availability=5500 kept_availability=5500
[2026-08-19T09:53:02] DEDUP_DROP lcsc=C327162 mpn=CC0603JRX7R9BB333 availability=148100 kept_availability=148100
[2026-08-19T09:53:02] DEDUP_DROP lcsc=C327168 mpn=CC0603GRNPO9BN121 availability=4050 kept_availability=4050
[2026-08-19T09:53:02] DEDUP_DROP lcsc=C327170 mpn=CC0805JRX7R9BB472 availability=31800 kept_availability=31800
[2026-08-19T09:53:02] DEDUP_DROP lcsc=C327193 mpn=CC0805JRNPO0BN820 availability=4050 kept_availability=4050
[2026-08-19T09:53:02] DEDUP_DROP lcsc=C327196 mpn=CC0603GRNPO9BN271 availability=4300 kept_availability=4300
[2026-08-19T09:53:02] DEDUP_DROP lcsc=C327290 mpn=CC0603JRX7R8BB223 availability=4650 kept_availability=4650
[2026-08-19T09:53:02] DEDUP_DROP lcsc=C327290 mpn=CC0603JRX7R8BB223 availability=4650 kept_availability=4650
[2026-08-19T09:53:02] DEDUP_DROP lcsc=C340107 mpn=CC0805JRNPOYBN470 availability=3900 kept_availability=3900
[2026-08-19T09:53:02] DEDUP_DROP lcsc=C364377 mpn=CC1206JRX7R0BB103 availability=3820 kept_availability=3820
[2026-08-19T09:53:02] DEDUP_DROP lcsc=C389104 mpn=CC0805JRX7R9BB223 availability=63200 kept_availability=63200
[2026-08-19T09:53:02] DEDUP_DROP lcsc=C389112 mpn=AC1206KKX7R0BB224 availability=2690 kept_availability=2690
[2026-08-19T09:53:02] DEDUP_DROP lcsc=C393168 mpn=GRM3195C2A472JA01D availability=5065 kept_availability=5065
[2026-08-19T09:53:02] DEDUP_DROP lcsc=C393672 mpn=GCM1555C1H560JA16D availability=4350 kept_availability=4350
[2026-08-19T09:53:02] DEDUP_DROP lcsc=C393684 mpn=GCM1555C1H470FA16D availability=3950 kept_availability=3950
[2026-08-19T09:53:02] DEDUP_DROP lcsc=C397298 mpn=GRM155R71H102JA01D availability=8600 kept_availability=8600
[2026-08-19T09:53:02] DEDUP_DROP lcsc=C415393 mpn=GJM1555C1H430FB01D availability=4230 kept_availability=4230
[2026-08-19T09:53:02] DEDUP_DROP lcsc=C426031 mpn=GJM1555C1H330JB01D availability=8750 kept_availability=8750
[2026-08-19T09:53:02] DEDUP_DROP lcsc=C427014 mpn=AC0402JRNPO9BN102 availability=5900 kept_availability=5900
[2026-08-19T09:53:02] DEDUP_DROP lcsc=C427014 mpn=AC0402JRNPO9BN102 availability=5900 kept_availability=5900
[2026-08-19T09:53:02] DEDUP_DROP lcsc=C431009 mpn=500R14N151JV4T availability=8050 kept_availability=8050
[2026-08-19T09:53:02] DEDUP_DROP lcsc=C431634 mpn=TDDD500G102J1GV001T availability=3840 kept_availability=3840
[2026-08-19T09:53:02] DEDUP_DROP lcsc=C437436 mpn=GCM1555C1H200FA16D availability=8850 kept_availability=8850
[2026-08-19T09:53:02] DEDUP_DROP lcsc=C437439 mpn=GCM1555C1H330FA16D availability=8000 kept_availability=8000
[2026-08-19T09:53:02] DEDUP_DROP lcsc=C437441 mpn=GCM1555C1H470GA16D availability=8850 kept_availability=8850
[2026-08-19T09:53:02] DEDUP_DROP lcsc=C437457 mpn=GCM1885C2A102JA16D availability=4180 kept_availability=4180
[2026-08-19T09:53:02] DEDUP_DROP lcsc=C437550 mpn=GRM21A5C2E680JW01D availability=4825 kept_availability=4825
[2026-08-19T09:53:02] DEDUP_DROP lcsc=C440147 mpn=GCM1885C1H181JA16D availability=4100 kept_availability=4100
[2026-08-19T09:53:02] DEDUP_DROP lcsc=C440148 mpn=GCM1885C2A181JA16D availability=5100 kept_availability=5100
[2026-08-19T09:53:02] DEDUP_DROP lcsc=C440169 mpn=GRM1555C1H561GA01D availability=8100 kept_availability=8100
[2026-08-19T09:53:02] DEDUP_DROP lcsc=C440199 mpn=GRM3195C1H153JA01D availability=3965 kept_availability=3965
[2026-08-19T09:53:02] DEDUP_DROP lcsc=C452744 mpn=C0402C220J5GACTU availability=8900 kept_availability=8900
[2026-08-19T09:53:02] DEDUP_DROP lcsc=C452747 mpn=C0603C221J5GACTU availability=4660 kept_availability=4660
[2026-08-19T09:53:02] DEDUP_DROP lcsc=C464441 mpn=GRM1885C1H681GA01D availability=4480 kept_availability=4480
[2026-08-19T09:53:02] DEDUP_DROP lcsc=C490602 mpn=C0603C104J5RAC7867 availability=9020 kept_availability=9020
[2026-08-19T09:53:02] DEDUP_DROP lcsc=C490787 mpn=CC0603JRX7R9BB822 availability=1000 kept_availability=1000
[2026-08-19T09:53:02] DEDUP_DROP lcsc=C513316 mpn=04025A180JAT2A availability=4090 kept_availability=4090
[2026-08-19T09:53:02] DEDUP_DROP lcsc=C513317 mpn=04025A330JAT2A availability=8700 kept_availability=8700
[2026-08-19T09:53:02] DEDUP_DROP lcsc=C513318 mpn=04025A470JAT2A availability=9200 kept_availability=9200
[2026-08-19T09:53:02] DEDUP_DROP lcsc=C513559 mpn=CC0603JRNPO9BN682 availability=4460 kept_availability=4460
[2026-08-19T09:53:02] DEDUP_DROP lcsc=C513560 mpn=CC0402JRX7R9BB681 availability=11300 kept_availability=11300
[2026-08-19T09:53:02] DEDUP_DROP lcsc=C513577 mpn=CC0603KRX7R9BB474 availability=1033880 kept_availability=1033880
[2026-08-19T09:53:02] DEDUP_DROP lcsc=C513578 mpn=CC0805JRX7R9BB222 availability=14100 kept_availability=14100
[2026-08-19T09:53:02] DEDUP_DROP lcsc=C513589 mpn=CC1206KKX7RYBB333 availability=2340 kept_availability=2340
[2026-08-19T09:53:02] DEDUP_DROP lcsc=C513601 mpn=CC0805JRNPO0BN681 availability=6600 kept_availability=6600
[2026-08-19T09:53:02] DEDUP_DROP lcsc=C513601 mpn=CC0805JRNPO0BN681 availability=6600 kept_availability=6600
[2026-08-19T09:53:02] DEDUP_DROP lcsc=C513659 mpn=CC1206KKX7RCBB152 availability=7380 kept_availability=7380
[2026-08-19T09:53:02] DEDUP_DROP lcsc=C513667 mpn=CC0402JRX7R9BB222 availability=281500 kept_availability=281500
[2026-08-19T09:53:02] DEDUP_DROP lcsc=C513710 mpn=CC0805KKX7R0BB224 availability=109160 kept_availability=109160
[2026-08-19T09:53:02] DEDUP_DROP lcsc=C519396 mpn=CC0603JRNPO8BN561 availability=4000 kept_availability=4000
[2026-08-19T09:53:02] DEDUP_DROP lcsc=C519403 mpn=CC0603KRX7R7BB102 availability=29000 kept_availability=29000
[2026-08-19T09:53:02] DEDUP_DROP lcsc=C519404 mpn=CC0603KRX7R8BB102 availability=37000 kept_availability=37000
[2026-08-19T09:53:02] DEDUP_DROP lcsc=C519422 mpn=CC0603KRX7R8BB222 availability=37350 kept_availability=37350
[2026-08-19T09:53:02] DEDUP_DROP lcsc=C519450 mpn=CC0603GRNPO9BN120 availability=6400 kept_availability=6400
[2026-08-19T09:53:02] DEDUP_DROP lcsc=C519450 mpn=CC0603GRNPO9BN120 availability=6400 kept_availability=6400
[2026-08-19T09:53:02] DEDUP_DROP lcsc=C519457 mpn=CC0603GRNPO9BN680 availability=5300 kept_availability=5300
[2026-08-19T09:53:02] DEDUP_DROP lcsc=C519457 mpn=CC0603GRNPO9BN680 availability=5300 kept_availability=5300
[2026-08-19T09:53:02] DEDUP_DROP lcsc=C519475 mpn=CC0603GRNPO9BN111 availability=4150 kept_availability=4150
[2026-08-19T09:53:02] DEDUP_DROP lcsc=C519476 mpn=CC0603GRNPO9BN131 availability=5150 kept_availability=5150
[2026-08-19T09:53:02] DEDUP_DROP lcsc=C519476 mpn=CC0603GRNPO9BN131 availability=5150 kept_availability=5150
[2026-08-19T09:53:02] DEDUP_DROP lcsc=C519499 mpn=CC0603FRNPO9BN151 availability=9080 kept_availability=9080
[2026-08-19T09:53:02] DEDUP_DROP lcsc=C519507 mpn=CC0603JRX7R7BB102 availability=2100 kept_availability=2100
[2026-08-19T09:53:02] DEDUP_DROP lcsc=C519508 mpn=CC0603JRX7R8BB102 availability=1200 kept_availability=1200
[2026-08-19T09:53:02] DEDUP_DROP lcsc=C519509 mpn=CC0603JRX7R7BB103 availability=2500 kept_availability=2500
[2026-08-19T09:53:02] DEDUP_DROP lcsc=C519518 mpn=CC0603JRX7R9BB391 availability=4100 kept_availability=4100
[2026-08-19T09:53:02] DEDUP_DROP lcsc=C519518 mpn=CC0603JRX7R9BB391 availability=4100 kept_availability=4100
[2026-08-19T09:53:02] DEDUP_DROP lcsc=C519519 mpn=CC0603JRX7R9BB471 availability=3700 kept_availability=3700
[2026-08-19T09:53:02] DEDUP_DROP lcsc=C519521 mpn=CC0603JRX7R8BB152 availability=1000 kept_availability=1000
[2026-08-19T09:53:02] DEDUP_DROP lcsc=C519526 mpn=CC0603JRX7R9BB122 availability=1900 kept_availability=1900
[2026-08-19T09:53:02] DEDUP_DROP lcsc=C519527 mpn=CC0603JRX7R9BB152 availability=3400 kept_availability=3400
[2026-08-19T09:53:02] DEDUP_DROP lcsc=C519530 mpn=CC0603JRX7R9BB332 availability=21400 kept_availability=21400
[2026-08-19T09:53:02] DEDUP_DROP lcsc=C519530 mpn=CC0603JRX7R9BB332 availability=21400 kept_availability=21400
[2026-08-19T09:53:02] DEDUP_DROP lcsc=C519531 mpn=CC0603JRX7R9BB562 availability=7100 kept_availability=7100
[2026-08-19T09:53:02] DEDUP_DROP lcsc=C519532 mpn=CC0603JRX7R7BB223 availability=3650 kept_availability=3650
[2026-08-19T09:53:02] DEDUP_DROP lcsc=C519535 mpn=CC0603JRX7R7BB393 availability=1500 kept_availability=1500
[2026-08-19T09:53:02] DEDUP_DROP lcsc=C519536 mpn=CC0603JRX7R7BB473 availability=4050 kept_availability=4050
[2026-08-19T09:53:02] DEDUP_DROP lcsc=C519536 mpn=CC0603JRX7R7BB473 availability=4050 kept_availability=4050
[2026-08-19T09:53:02] DEDUP_DROP lcsc=C519541 mpn=CC0603JRX7R8BB153 availability=3000 kept_availability=3000
[2026-08-19T09:53:02] DEDUP_DROP lcsc=C519542 mpn=CC0603JRX7R8BB183 availability=3100 kept_availability=3100
[2026-08-19T09:53:02] DEDUP_DROP lcsc=C519544 mpn=CC0603JRX7R8BB333 availability=3700 kept_availability=3700
[2026-08-19T09:53:02] DEDUP_DROP lcsc=C519545 mpn=CC0603JRX7R8BB393 availability=2900 kept_availability=2900
[2026-08-19T09:53:02] DEDUP_DROP lcsc=C519550 mpn=CC0603JRX7R9BB153 availability=99300 kept_availability=99300
[2026-08-19T09:53:02] DEDUP_DROP lcsc=C519553 mpn=CC0603JRX7R9BB393 availability=1200 kept_availability=1200
[2026-08-19T09:53:02] DEDUP_DROP lcsc=C519554 mpn=CC0603JRX7R9BB473 availability=361900 kept_availability=361900
[2026-08-19T09:53:02] DEDUP_DROP lcsc=C519555 mpn=CC0603JRX7R6BB224 availability=1200 kept_availability=1200
[2026-08-19T09:53:02] DEDUP_DROP lcsc=C519557 mpn=CC0603JRX7R6BB474 availability=2450 kept_availability=2450
[2026-08-19T09:53:02] DEDUP_DROP lcsc=C519558 mpn=CC0603JRX7R7BB474 availability=3820 kept_availability=3820
[2026-08-19T09:53:02] DEDUP_DROP lcsc=C519558 mpn=CC0603JRX7R7BB474 availability=3820 kept_availability=3820
[2026-08-19T09:53:02] DEDUP_DROP lcsc=C519559 mpn=CC0603JRX7R6BB105 availability=2750 kept_availability=2750
[2026-08-19T09:53:02] DEDUP_DROP lcsc=C519560 mpn=CC0603JRX7R7BB105 availability=12140 kept_availability=12140
[2026-08-19T09:53:02] DEDUP_DROP lcsc=C519560 mpn=CC0603JRX7R7BB105 availability=12140 kept_availability=12140
[2026-08-19T09:53:02] DEDUP_DROP lcsc=C519562 mpn=CC0603FRNPO9BN331 availability=6450 kept_availability=6450
[2026-08-19T09:53:02] DEDUP_DROP lcsc=C519562 mpn=CC0603FRNPO9BN331 availability=6450 kept_availability=6450
[2026-08-19T09:53:02] DEDUP_DROP lcsc=C519569 mpn=CC0603FRNPO9BN201 availability=4100 kept_availability=4100
[2026-08-19T09:53:02] DEDUP_DROP lcsc=C519574 mpn=CC0603JRX7R8BB224 availability=7300 kept_availability=7300
[2026-08-19T09:53:02] DEDUP_DROP lcsc=C519575 mpn=CC0603JRX7R9BB224 availability=98220 kept_availability=98220
[2026-08-19T09:53:02] DEDUP_DROP lcsc=C519576 mpn=CC0603JRX7R8BB474 availability=5250 kept_availability=5250
[2026-08-19T09:53:02] DEDUP_DROP lcsc=C519576 mpn=CC0603JRX7R8BB474 availability=5250 kept_availability=5250
[2026-08-19T09:53:02] DEDUP_DROP lcsc=C519576 mpn=CC0603JRX7R8BB474 availability=5250 kept_availability=5250
[2026-08-19T09:53:02] DEDUP_DROP lcsc=C519578 mpn=CC0603JRX7R7BB334 availability=8360 kept_availability=8360
[2026-08-19T09:53:02] DEDUP_DROP lcsc=C519578 mpn=CC0603JRX7R7BB334 availability=8360 kept_availability=8360
[2026-08-19T09:53:02] DEDUP_DROP lcsc=C519578 mpn=CC0603JRX7R7BB334 availability=8360 kept_availability=8360
[2026-08-19T09:53:02] DEDUP_DROP lcsc=C519579 mpn=CC0603JRX7R8BB334 availability=7300 kept_availability=7300
[2026-08-19T09:53:02] DEDUP_DROP lcsc=C519579 mpn=CC0603JRX7R8BB334 availability=7300 kept_availability=7300
[2026-08-19T09:53:02] DEDUP_DROP lcsc=C519920 mpn=CC0805JRNPO9BN160 availability=4700 kept_availability=4700
[2026-08-19T09:53:02] DEDUP_DROP lcsc=C520003 mpn=CC0805JRNPO9BN131 availability=4600 kept_availability=4600
[2026-08-19T09:53:02] DEDUP_DROP lcsc=C520006 mpn=CC0805JRNPO9BN431 availability=3950 kept_availability=3950
[2026-08-19T09:53:02] DEDUP_DROP lcsc=C520011 mpn=CC0805JRX7R9BB331 availability=3271 kept_availability=3271
[2026-08-19T09:53:02] DEDUP_DROP lcsc=C520012 mpn=CC0805JRX7R9BB332 availability=6000 kept_availability=6000
[2026-08-19T09:53:02] DEDUP_DROP lcsc=C520012 mpn=CC0805JRX7R9BB332 availability=6000 kept_availability=6000
[2026-08-19T09:53:02] DEDUP_DROP lcsc=C520012 mpn=CC0805JRX7R9BB332 availability=6000 kept_availability=6000
[2026-08-19T09:53:02] DEDUP_DROP lcsc=C520015 mpn=CC0805JRX7R9BB682 availability=1700 kept_availability=1700
[2026-08-19T09:53:02] DEDUP_DROP lcsc=C520016 mpn=CC0805JRX7R9BB153 availability=3300 kept_availability=3300
[2026-08-19T09:53:02] DEDUP_DROP lcsc=C520020 mpn=CC0805JRX7R9BB122 availability=7050 kept_availability=7050
[2026-08-19T09:53:02] DEDUP_DROP lcsc=C520021 mpn=CC0805JRX7R9BB182 availability=2850 kept_availability=2850
[2026-08-19T09:53:02] DEDUP_DROP lcsc=C520022 mpn=CC0805JRX7R9BB202 availability=7750 kept_availability=7750
[2026-08-19T09:53:02] DEDUP_DROP lcsc=C520028 mpn=CC0805JRX7R9BB562 availability=1000 kept_availability=1000
[2026-08-19T09:53:02] DEDUP_DROP lcsc=C520031 mpn=CC0805JRX7R9BB123 availability=19600 kept_availability=19600
[2026-08-19T09:53:02] DEDUP_DROP lcsc=C520035 mpn=CC0805JRX7R7BB473 availability=2200 kept_availability=2200
[2026-08-19T09:53:02] DEDUP_DROP lcsc=C520037 mpn=CC0805JRX7R8BB223 availability=4000 kept_availability=4000
[2026-08-19T09:53:02] DEDUP_DROP lcsc=C520037 mpn=CC0805JRX7R8BB223 availability=4000 kept_availability=4000
[2026-08-19T09:53:02] DEDUP_DROP lcsc=C520038 mpn=CC0805JRX7R8BB333 availability=3850 kept_availability=3850
[2026-08-19T09:53:02] DEDUP_DROP lcsc=C520038 mpn=CC0805JRX7R8BB333 availability=3850 kept_availability=3850
[2026-08-19T09:53:02] DEDUP_DROP lcsc=C520039 mpn=CC0805JRX7R8BB473 availability=4700 kept_availability=4700
[2026-08-19T09:53:02] DEDUP_DROP lcsc=C520039 mpn=CC0805JRX7R8BB473 availability=4700 kept_availability=4700
[2026-08-19T09:53:02] DEDUP_DROP lcsc=C520040 mpn=CC0805JRX7R8BB683 availability=3850 kept_availability=3850
[2026-08-19T09:53:02] DEDUP_DROP lcsc=C520040 mpn=CC0805JRX7R8BB683 availability=3850 kept_availability=3850
[2026-08-19T09:53:02] DEDUP_DROP lcsc=C520041 mpn=CC0805JRX7R8BB823 availability=1950 kept_availability=1950
[2026-08-19T09:53:02] DEDUP_DROP lcsc=C520043 mpn=CC0805JRX7R9BB333 availability=5100 kept_availability=5100
[2026-08-19T09:53:02] DEDUP_DROP lcsc=C520043 mpn=CC0805JRX7R9BB333 availability=5100 kept_availability=5100
[2026-08-19T09:53:02] DEDUP_DROP lcsc=C520044 mpn=CC0805JRX7R9BB393 availability=7700 kept_availability=7700
[2026-08-19T09:53:02] DEDUP_DROP lcsc=C520046 mpn=CC0805JRX7R9BB683 availability=22300 kept_availability=22300
[2026-08-19T09:53:02] DEDUP_DROP lcsc=C520047 mpn=CC0805JRX7R9BB823 availability=3900 kept_availability=3900
[2026-08-19T09:53:02] DEDUP_DROP lcsc=C520047 mpn=CC0805JRX7R9BB823 availability=3900 kept_availability=3900
[2026-08-19T09:53:02] DEDUP_DROP lcsc=C520060 mpn=CC0805GRNPO9BN330 availability=3940 kept_availability=3940
[2026-08-19T09:53:02] DEDUP_DROP lcsc=C520076 mpn=CC0805JKX7R9BB224 availability=37120 kept_availability=37120
[2026-08-19T09:53:02] DEDUP_DROP lcsc=C520078 mpn=CC0805JKX7R9BB334 availability=3800 kept_availability=3800
[2026-08-19T09:53:02] DEDUP_DROP lcsc=C520082 mpn=CC0805JRX7R7BB104 availability=2200 kept_availability=2200
[2026-08-19T09:53:02] DEDUP_DROP lcsc=C520090 mpn=CC0805GRNPO9BN471 availability=4050 kept_availability=4050
[2026-08-19T09:53:02] DEDUP_DROP lcsc=C526996 mpn=CC0402JRNPO8BN181 availability=5600 kept_availability=5600
[2026-08-19T09:53:02] DEDUP_DROP lcsc=C526996 mpn=CC0402JRNPO8BN181 availability=5600 kept_availability=5600
[2026-08-19T09:53:02] DEDUP_DROP lcsc=C527004 mpn=CC0402JRX7R8BB332 availability=15100 kept_availability=15100
[2026-08-19T09:53:02] DEDUP_DROP lcsc=C527007 mpn=CC0402JRX7R9BB182 availability=5300 kept_availability=5300
[2026-08-19T09:53:02] DEDUP_DROP lcsc=C527007 mpn=CC0402JRX7R9BB182 availability=5300 kept_availability=5300
[2026-08-19T09:53:02] DEDUP_DROP lcsc=C527007 mpn=CC0402JRX7R9BB182 availability=5300 kept_availability=5300
[2026-08-19T09:53:02] DEDUP_DROP lcsc=C527041 mpn=CC0603FRNPO0BN151 availability=5100 kept_availability=5100
[2026-08-19T09:53:02] DEDUP_DROP lcsc=C527042 mpn=CC0603FRNPO0BN220 availability=4280 kept_availability=4280
[2026-08-19T09:53:02] DEDUP_DROP lcsc=C527051 mpn=CC0603GRNPO0BN120 availability=5500 kept_availability=5500
[2026-08-19T09:53:02] DEDUP_DROP lcsc=C527051 mpn=CC0603GRNPO0BN120 availability=5500 kept_availability=5500
[2026-08-19T09:53:02] DEDUP_DROP lcsc=C527059 mpn=CC0603GRNPO8BN681 availability=6450 kept_availability=6450
[2026-08-19T09:53:02] DEDUP_DROP lcsc=C527059 mpn=CC0603GRNPO8BN681 availability=6450 kept_availability=6450
[2026-08-19T09:53:02] DEDUP_DROP lcsc=C527068 mpn=CC0603JRNPOABN471 availability=4200 kept_availability=4200
[2026-08-19T09:53:02] DEDUP_DROP lcsc=C527069 mpn=CC0603JRNPOYBN221 availability=5950 kept_availability=5950
[2026-08-19T09:53:02] DEDUP_DROP lcsc=C527069 mpn=CC0603JRNPOYBN221 availability=5950 kept_availability=5950
[2026-08-19T09:53:02] DEDUP_DROP lcsc=C527079 mpn=CC0805FRNPO9BN180 availability=6060 kept_availability=6060
[2026-08-19T09:53:02] DEDUP_DROP lcsc=C527079 mpn=CC0805FRNPO9BN180 availability=6060 kept_availability=6060
[2026-08-19T09:53:02] DEDUP_DROP lcsc=C527182 mpn=CC0805FRNPO9BN270 availability=5100 kept_availability=5100
[2026-08-19T09:53:02] DEDUP_DROP lcsc=C527183 mpn=CC0805FRNPO9BN271 availability=3980 kept_availability=3980
[2026-08-19T09:53:02] DEDUP_DROP lcsc=C527211 mpn=CC0805JRNPOBBN121 availability=4100 kept_availability=4100
[2026-08-19T09:53:02] DEDUP_DROP lcsc=C527214 mpn=CC0805JRNPOYBN102 availability=9050 kept_availability=9050
[2026-08-19T09:53:02] DEDUP_DROP lcsc=C527219 mpn=CC0805JRX7R0BB222 availability=1000 kept_availability=1000
[2026-08-19T09:53:02] DEDUP_DROP lcsc=C527221 mpn=CC0805JRX7RABB331 availability=3850 kept_availability=3850
[2026-08-19T09:53:02] DEDUP_DROP lcsc=C527221 mpn=CC0805JRX7RABB331 availability=3850 kept_availability=3850
[2026-08-19T09:53:02] DEDUP_DROP lcsc=C527244 mpn=CC1206GRNPO0BN102 availability=4260 kept_availability=4260
[2026-08-19T09:53:02] DEDUP_DROP lcsc=C527260 mpn=CC1206JKNPO9BN822 availability=4300 kept_availability=4300
[2026-08-19T09:53:02] DEDUP_DROP lcsc=C527273 mpn=CC1206JKX7R9BB105 availability=2365 kept_availability=2365
[2026-08-19T09:53:02] DEDUP_DROP lcsc=C527273 mpn=CC1206JKX7R9BB105 availability=2365 kept_availability=2365
[2026-08-19T09:53:02] DEDUP_DROP lcsc=C527274 mpn=CC1206JKX7R9BB224 availability=1890 kept_availability=1890
[2026-08-19T09:53:02] DEDUP_DROP lcsc=C527275 mpn=CC1206JKX7RBBB103 availability=5340 kept_availability=5340
[2026-08-19T09:53:02] DEDUP_DROP lcsc=C527275 mpn=CC1206JKX7RBBB103 availability=5340 kept_availability=5340
[2026-08-19T09:53:02] DEDUP_DROP lcsc=C527275 mpn=CC1206JKX7RBBB103 availability=5340 kept_availability=5340
[2026-08-19T09:53:02] DEDUP_DROP lcsc=C527275 mpn=CC1206JKX7RBBB103 availability=5340 kept_availability=5340
[2026-08-19T09:53:02] DEDUP_DROP lcsc=C527276 mpn=CC1206JKX7RBBB681 availability=2940 kept_availability=2940
[2026-08-19T09:53:02] DEDUP_DROP lcsc=C527279 mpn=CC1206JRNPO0BN180 availability=3960 kept_availability=3960
[2026-08-19T09:53:02] DEDUP_DROP lcsc=C527286 mpn=CC1206JRNPO0BN332 availability=5010 kept_availability=5010
[2026-08-19T09:53:02] DEDUP_DROP lcsc=C527301 mpn=CC1206JRNPOABN470 availability=3920 kept_availability=3920
[2026-08-19T09:53:02] DEDUP_DROP lcsc=C527302 mpn=CC1206JRNPOABN471 availability=6240 kept_availability=6240
[2026-08-19T09:53:02] DEDUP_DROP lcsc=C527302 mpn=CC1206JRNPOABN471 availability=6240 kept_availability=6240
[2026-08-19T09:53:02] DEDUP_DROP lcsc=C527305 mpn=CC1206JRNPOBBN181 availability=5000 kept_availability=5000
[2026-08-19T09:53:02] DEDUP_DROP lcsc=C527313 mpn=CC1206JRX7R0BB153 availability=2960 kept_availability=2960
[2026-08-19T09:53:02] DEDUP_DROP lcsc=C527321 mpn=CC1206JRX7R9BB223 availability=1800 kept_availability=1800
[2026-08-19T09:53:02] DEDUP_DROP lcsc=C527322 mpn=CC1206JRX7R9BB472 availability=2280 kept_availability=2280
[2026-08-19T09:53:02] DEDUP_DROP lcsc=C527325 mpn=CC1206JRX7R9BB682 availability=3100 kept_availability=3100
[2026-08-19T09:53:02] DEDUP_DROP lcsc=C527336 mpn=CC1206KKX7RDBB221 availability=5680 kept_availability=5680
[2026-08-19T09:53:02] DEDUP_DROP lcsc=C527347 mpn=CC1206KRX7R8BB104 availability=5680 kept_availability=5680
[2026-08-19T09:53:02] DEDUP_DROP lcsc=C527348 mpn=CC1206KRX7R8BB224 availability=180 kept_availability=180
[2026-08-19T09:53:02] DEDUP_DROP lcsc=C527375 mpn=CC1210KKX7R0BB104 availability=2490 kept_availability=2490
[2026-08-19T09:53:02] DEDUP_DROP lcsc=C527382 mpn=CC1210KKX7RYBB473 availability=195 kept_availability=195
[2026-08-19T09:53:02] DEDUP_DROP lcsc=C527967 mpn=GCM1885C2A101FA16D availability=8220 kept_availability=8220
[2026-08-19T09:53:02] DEDUP_DROP lcsc=C541364 mpn=CC0402JRNPO9BN430 availability=8300 kept_availability=8300
[2026-08-19T09:53:02] DEDUP_DROP lcsc=C541379 mpn=CC0402KRX7R7BB471 availability=38600 kept_availability=38600
[2026-08-19T09:53:02] DEDUP_DROP lcsc=C541415 mpn=CC0402GRNPO9BN130 availability=5300 kept_availability=5300
[2026-08-19T09:53:02] DEDUP_DROP lcsc=C541415 mpn=CC0402GRNPO9BN130 availability=5300 kept_availability=5300
[2026-08-19T09:53:02] DEDUP_DROP lcsc=C541416 mpn=CC0402GRNPO9BN200 availability=4950 kept_availability=4950
[2026-08-19T09:53:02] DEDUP_DROP lcsc=C541419 mpn=CC0402GRNPO9BN510 availability=8400 kept_availability=8400
[2026-08-19T09:53:02] DEDUP_DROP lcsc=C541420 mpn=CC0402GRNPO9BN620 availability=9000 kept_availability=9000
[2026-08-19T09:53:02] DEDUP_DROP lcsc=C541421 mpn=CC0402GRNPO9BN750 availability=8500 kept_availability=8500
[2026-08-19T09:53:02] DEDUP_DROP lcsc=C541427 mpn=CC0402GRNPO9BN331 availability=6000 kept_availability=6000
[2026-08-19T09:53:02] DEDUP_DROP lcsc=C541427 mpn=CC0402GRNPO9BN331 availability=6000 kept_availability=6000
[2026-08-19T09:53:02] DEDUP_DROP lcsc=C541430 mpn=CC0402GRNPO9BN201 availability=8400 kept_availability=8400
[2026-08-19T09:53:02] DEDUP_DROP lcsc=C541434 mpn=CC0402FRNPO9BN160 availability=8500 kept_availability=8500
[2026-08-19T09:53:02] DEDUP_DROP lcsc=C541440 mpn=CC0402FRNPO9BN910 availability=5200 kept_availability=5200
[2026-08-19T09:53:02] DEDUP_DROP lcsc=C541440 mpn=CC0402FRNPO9BN910 availability=5200 kept_availability=5200
[2026-08-19T09:53:02] DEDUP_DROP lcsc=C541441 mpn=CC0402JRX7R7BB102 availability=6800 kept_availability=6800
[2026-08-19T09:53:02] DEDUP_DROP lcsc=C541443 mpn=CC0402JRX7R8BB103 availability=20400 kept_availability=20400
[2026-08-19T09:53:02] DEDUP_DROP lcsc=C541444 mpn=CC0402JRX7R7BB472 availability=5900 kept_availability=5900
[2026-08-19T09:53:02] DEDUP_DROP lcsc=C541444 mpn=CC0402JRX7R7BB472 availability=5900 kept_availability=5900
[2026-08-19T09:53:02] DEDUP_DROP lcsc=C541444 mpn=CC0402JRX7R7BB472 availability=5900 kept_availability=5900
[2026-08-19T09:53:02] DEDUP_DROP lcsc=C541446 mpn=CC0402JRX7R9BB151 availability=9800 kept_availability=9800
[2026-08-19T09:53:02] DEDUP_DROP lcsc=C541447 mpn=CC0402JRX7R9BB332 availability=51900 kept_availability=51900
[2026-08-19T09:53:02] DEDUP_DROP lcsc=C541451 mpn=CC0402JRX7R9BB121 availability=1900 kept_availability=1900
[2026-08-19T09:53:02] DEDUP_DROP lcsc=C541452 mpn=CC0402JRX7R9BB122 availability=2500 kept_availability=2500
[2026-08-19T09:53:02] DEDUP_DROP lcsc=C541454 mpn=CC0402JRX7R9BB271 availability=1900 kept_availability=1900
[2026-08-19T09:53:02] DEDUP_DROP lcsc=C541456 mpn=CC0402JRX7R9BB561 availability=9200 kept_availability=9200
[2026-08-19T09:53:02] DEDUP_DROP lcsc=C541456 mpn=CC0402JRX7R9BB561 availability=9200 kept_availability=9200
[2026-08-19T09:53:02] DEDUP_DROP lcsc=C541457 mpn=CC0402JRX7R9BB822 availability=28000 kept_availability=28000
[2026-08-19T09:53:02] DEDUP_DROP lcsc=C541459 mpn=CC0402JRX7R7BB223 availability=25800 kept_availability=25800
[2026-08-19T09:53:02] DEDUP_DROP lcsc=C541460 mpn=CC0402JRX7R9BB223 availability=58300 kept_availability=58300
[2026-08-19T09:53:02] DEDUP_DROP lcsc=C541461 mpn=CC0402JRX7R7BB333 availability=9900 kept_availability=9900
[2026-08-19T09:53:02] DEDUP_DROP lcsc=C541462 mpn=CC0402JRX7R8BB333 availability=8400 kept_availability=8400
[2026-08-19T09:53:02] DEDUP_DROP lcsc=C541462 mpn=CC0402JRX7R8BB333 availability=8400 kept_availability=8400
[2026-08-19T09:53:02] DEDUP_DROP lcsc=C541463 mpn=CC0402JRX7R9BB333 availability=55700 kept_availability=55700
[2026-08-19T09:53:02] DEDUP_DROP lcsc=C541464 mpn=CC0402JRX7R7BB104 availability=336900 kept_availability=336900
[2026-08-19T09:53:02] DEDUP_DROP lcsc=C541465 mpn=CC0402JRX7R8BB104 availability=62500 kept_availability=62500
[2026-08-19T09:53:02] DEDUP_DROP lcsc=C541474 mpn=CC0402FRNPO9BN391 availability=4800 kept_availability=4800
[2026-08-19T09:53:02] DEDUP_DROP lcsc=C541482 mpn=CC1206KRX7R9BB331 availability=700 kept_availability=700
[2026-08-19T09:53:02] DEDUP_DROP lcsc=C541493 mpn=CC1206JKNPOCBN390 availability=8620 kept_availability=8620
[2026-08-19T09:53:02] DEDUP_DROP lcsc=C541498 mpn=CC1206JKX7RDBB102 availability=11120 kept_availability=11120
[2026-08-19T09:53:02] DEDUP_DROP lcsc=C541508 mpn=CC1206GRNPO9BN330 availability=3910 kept_availability=3910
[2026-08-19T09:53:02] DEDUP_DROP lcsc=C541515 mpn=CC0805FRNPO9BN220 availability=6380 kept_availability=6380
[2026-08-19T09:53:02] DEDUP_DROP lcsc=C541515 mpn=CC0805FRNPO9BN220 availability=6380 kept_availability=6380
[2026-08-19T09:53:02] DEDUP_DROP lcsc=C541521 mpn=CC0805FRNPO9BN750 availability=4960 kept_availability=4960
[2026-08-19T09:53:02] DEDUP_DROP lcsc=C541525 mpn=CC0805JRX7R9BB154 availability=7240 kept_availability=7240
[2026-08-19T09:53:02] DEDUP_DROP lcsc=C541525 mpn=CC0805JRX7R9BB154 availability=7240 kept_availability=7240
[2026-08-19T09:53:02] DEDUP_DROP lcsc=C541527 mpn=CC0805JRX7R8BB224 availability=2500 kept_availability=2500
[2026-08-19T09:53:02] DEDUP_DROP lcsc=C541529 mpn=CC1206JRX7R9BB102 availability=1620 kept_availability=1620
[2026-08-19T09:53:02] DEDUP_DROP lcsc=C541545 mpn=CC1206JRX7R9BB823 availability=2460 kept_availability=2460
[2026-08-19T09:53:02] DEDUP_DROP lcsc=C541546 mpn=CC1206JRX7R8BB104 availability=5100 kept_availability=5100
[2026-08-19T09:53:02] DEDUP_DROP lcsc=C541546 mpn=CC1206JRX7R8BB104 availability=5100 kept_availability=5100
[2026-08-19T09:53:02] DEDUP_DROP lcsc=C541546 mpn=CC1206JRX7R8BB104 availability=5100 kept_availability=5100
[2026-08-19T09:53:02] DEDUP_DROP lcsc=C541547 mpn=CC1206JRX7R9BB104 availability=23220 kept_availability=23220
[2026-08-19T09:53:02] DEDUP_DROP lcsc=C541556 mpn=CC0805GKNPO8BN472 availability=5105 kept_availability=5105
[2026-08-19T09:53:02] DEDUP_DROP lcsc=C541564 mpn=CC0805FRNPO9BN331 availability=5820 kept_availability=5820
[2026-08-19T09:53:02] DEDUP_DROP lcsc=C541564 mpn=CC0805FRNPO9BN331 availability=5820 kept_availability=5820
[2026-08-19T09:53:02] DEDUP_DROP lcsc=C541565 mpn=CC0805FRNPO9BN681 availability=4540 kept_availability=4540
[2026-08-19T09:53:02] DEDUP_DROP lcsc=C541578 mpn=CC1206FRNPO9BN100 availability=3930 kept_availability=3930
[2026-08-19T09:53:02] DEDUP_DROP lcsc=C559769 mpn=CC0603KRX7R9BB105 availability=219020 kept_availability=219020
[2026-08-19T09:53:02] DEDUP_DROP lcsc=C560862 mpn=AC0805KKX7R0BB473 availability=6080 kept_availability=6080
[2026-08-19T09:53:02] DEDUP_DROP lcsc=C561788 mpn=C0603C101J5GACAUTO availability=4250 kept_availability=4250
[2026-08-19T09:53:02] DEDUP_DROP lcsc=C561800 mpn=C0603C220J4GAC7867 availability=4660 kept_availability=4660
[2026-08-19T09:53:02] DEDUP_DROP lcsc=C576703 mpn=CC0402JRNPO0BN470 availability=6200 kept_availability=6200
[2026-08-19T09:53:02] DEDUP_DROP lcsc=C576703 mpn=CC0402JRNPO0BN470 availability=6200 kept_availability=6200
[2026-08-19T09:53:02] DEDUP_DROP lcsc=C576704 mpn=CC0402JRNPO9BN111 availability=8200 kept_availability=8200
[2026-08-19T09:53:02] DEDUP_DROP lcsc=C576708 mpn=CC0402JRX7R7BB123 availability=7800 kept_availability=7800
[2026-08-19T09:53:02] DEDUP_DROP lcsc=C576710 mpn=CC0402JRX7R7BB473 availability=3400 kept_availability=3400
[2026-08-19T09:53:02] DEDUP_DROP lcsc=C576711 mpn=CC0402JRX7R7BB563 availability=10000 kept_availability=10000
[2026-08-19T09:53:02] DEDUP_DROP lcsc=C576712 mpn=CC0402JRX7R7BB683 availability=5100 kept_availability=5100
[2026-08-19T09:53:02] DEDUP_DROP lcsc=C576712 mpn=CC0402JRX7R7BB683 availability=5100 kept_availability=5100
[2026-08-19T09:53:02] DEDUP_DROP lcsc=C576715 mpn=CC0402JRX7R9BB473 availability=130500 kept_availability=130500
[2026-08-19T09:53:02] DEDUP_DROP lcsc=C576770 mpn=CC0603FRNPO0BN181 availability=8060 kept_availability=8060
[2026-08-19T09:53:02] DEDUP_DROP lcsc=C576774 mpn=CC0603FRNPO0BN390 availability=5450 kept_availability=5450
[2026-08-19T09:53:02] DEDUP_DROP lcsc=C576774 mpn=CC0603FRNPO0BN390 availability=5450 kept_availability=5450
[2026-08-19T09:53:02] DEDUP_DROP lcsc=C576777 mpn=CC0603FRNPO0BN820 availability=5900 kept_availability=5900
[2026-08-19T09:53:02] DEDUP_DROP lcsc=C576777 mpn=CC0603FRNPO0BN820 availability=5900 kept_availability=5900
[2026-08-19T09:53:02] DEDUP_DROP lcsc=C576798 mpn=CC0603GRNPO9BN222 availability=8650 kept_availability=8650
[2026-08-19T09:53:02] DEDUP_DROP lcsc=C576804 mpn=CC0603JRNPO0BN180 availability=8600 kept_availability=8600
[2026-08-19T09:53:02] DEDUP_DROP lcsc=C576806 mpn=CC0603JRNPO0BN300 availability=8850 kept_availability=8850
[2026-08-19T09:53:02] DEDUP_DROP lcsc=C576903 mpn=CC0805FRNPO0BN561 availability=3860 kept_availability=3860
[2026-08-19T09:53:02] DEDUP_DROP lcsc=C576952 mpn=CC0805JRNPO0BN121 availability=4150 kept_availability=4150
[2026-08-19T09:53:02] DEDUP_DROP lcsc=C576975 mpn=CC0805JRNPOBBN151 availability=4050 kept_availability=4050
[2026-08-19T09:53:02] DEDUP_DROP lcsc=C576979 mpn=CC0805JRNPOBBN331 availability=6050 kept_availability=6050
[2026-08-19T09:53:02] DEDUP_DROP lcsc=C576979 mpn=CC0805JRNPOBBN331 availability=6050 kept_availability=6050
[2026-08-19T09:53:02] DEDUP_DROP lcsc=C576994 mpn=CC0805JRX7R0BB332 availability=2600 kept_availability=2600
[2026-08-19T09:53:02] DEDUP_DROP lcsc=C576998 mpn=CC0805JRX7R0BB822 availability=2300 kept_availability=2300
[2026-08-19T09:53:02] DEDUP_DROP lcsc=C577076 mpn=CC1206FRNPO0BN222 availability=4585 kept_availability=4585
[2026-08-19T09:53:02] DEDUP_DROP lcsc=C577124 mpn=CC1206JKNPOCBN200 availability=12620 kept_availability=12620
[2026-08-19T09:53:02] DEDUP_DROP lcsc=C577135 mpn=CC1206JKNPOZBN220 availability=4200 kept_availability=4200
[2026-08-19T09:53:02] DEDUP_DROP lcsc=C577135 mpn=CC1206JKNPOZBN220 availability=4200 kept_availability=4200
[2026-08-19T09:53:02] DEDUP_DROP lcsc=C577139 mpn=CC1206JKNPOZBN391 availability=1440 kept_availability=1440
[2026-08-19T09:53:02] DEDUP_DROP lcsc=C577143 mpn=CC1206JKX7R8BB225 availability=1070 kept_availability=1070
[2026-08-19T09:53:02] DEDUP_DROP lcsc=C577145 mpn=CC1206JKX7RBBB102 availability=1800 kept_availability=1800
[2026-08-19T09:53:02] DEDUP_DROP lcsc=C577152 mpn=CC1206JRNPO0BN222 availability=8740 kept_availability=8740
[2026-08-19T09:53:02] DEDUP_DROP lcsc=C577162 mpn=CC1206JRNPO9BN270 availability=7940 kept_availability=7940
[2026-08-19T09:53:02] DEDUP_DROP lcsc=C577166 mpn=CC1206JRNPO9BN561 availability=6020 kept_availability=6020
[2026-08-19T09:53:02] DEDUP_DROP lcsc=C577166 mpn=CC1206JRNPO9BN561 availability=6020 kept_availability=6020
[2026-08-19T09:53:02] DEDUP_DROP lcsc=C577179 mpn=CC1206JRNPOBBN102 availability=5640 kept_availability=5640
[2026-08-19T09:53:02] DEDUP_DROP lcsc=C577179 mpn=CC1206JRNPOBBN102 availability=5640 kept_availability=5640
[2026-08-19T09:53:02] DEDUP_DROP lcsc=C577211 mpn=CC1206KKX7R0BB225 availability=584435 kept_availability=584435
[2026-08-19T09:53:02] DEDUP_DROP lcsc=C577277 mpn=CC1210KKX7R9BB684 availability=3005 kept_availability=3005
[2026-08-19T09:53:02] DEDUP_DROP lcsc=C577278 mpn=CC1210KKX7RBBB333 availability=515 kept_availability=515
[2026-08-19T09:53:02] DEDUP_DROP lcsc=C577280 mpn=CC1210KKX7RCBB102 availability=1885 kept_availability=1885
[2026-08-19T09:53:02] DEDUP_DROP lcsc=C577436 mpn=CS1206KKX7RCBB103 availability=3450 kept_availability=3450
[2026-08-19T09:53:02] DEDUP_DROP lcsc=C596322 mpn=CC1206JKNPOZBN222 availability=5980 kept_availability=5980
[2026-08-19T09:53:02] DEDUP_DROP lcsc=C596322 mpn=CC1206JKNPOZBN222 availability=5980 kept_availability=5980
[2026-08-19T09:53:02] DEDUP_DROP lcsc=C597041 mpn=04025C222JAT2A availability=8460 kept_availability=8460
[2026-08-19T09:53:02] DEDUP_DROP lcsc=C597044 mpn=04025C472JAT2A availability=8750 kept_availability=8750
[2026-08-19T09:53:02] DEDUP_DROP lcsc=C597072 mpn=06031A180JAT2A availability=3970 kept_availability=3970
[2026-08-19T09:53:02] DEDUP_DROP lcsc=C597138 mpn=06035A151FAT2A availability=4460 kept_availability=4460
[2026-08-19T09:53:02] DEDUP_DROP lcsc=C597148 mpn=06035A221FAT2A availability=6185 kept_availability=6185
[2026-08-19T09:53:02] DEDUP_DROP lcsc=C597148 mpn=06035A221FAT2A availability=6185 kept_availability=6185
[2026-08-19T09:53:02] DEDUP_DROP lcsc=C597158 mpn=06035A330FAT2A availability=4410 kept_availability=4410
[2026-08-19T09:53:02] DEDUP_DROP lcsc=C597164 mpn=06035A470J4T2A availability=3920 kept_availability=3920
[2026-08-19T09:53:02] DEDUP_DROP lcsc=C597183 mpn=06035C102JAT2A availability=4000 kept_availability=4000
[2026-08-19T09:53:02] DEDUP_DROP lcsc=C597189 mpn=06035C103JAT2A availability=6307 kept_availability=6307
[2026-08-19T09:53:02] DEDUP_DROP lcsc=C597189 mpn=06035C103JAT2A availability=6307 kept_availability=6307
[2026-08-19T09:53:02] DEDUP_DROP lcsc=C597259 mpn=08051A100JAT2A availability=3980 kept_availability=3980
[2026-08-19T09:53:02] DEDUP_DROP lcsc=C597263 mpn=08051A102J4T2A availability=5290 kept_availability=5290
[2026-08-19T09:53:02] DEDUP_DROP lcsc=C597263 mpn=08051A102J4T2A availability=5290 kept_availability=5290
[2026-08-19T09:53:02] DEDUP_DROP lcsc=C597273 mpn=08051A330JAT2A availability=4545 kept_availability=4545
[2026-08-19T09:53:02] DEDUP_DROP lcsc=C597359 mpn=08055A150JAT2A availability=4450 kept_availability=4450
[2026-08-19T09:53:02] DEDUP_DROP lcsc=C597446 mpn=12061A101JAT2A availability=3960 kept_availability=3960
[2026-08-19T09:53:02] DEDUP_DROP lcsc=C599585 mpn=C0402C180J5GAC7867 availability=4850 kept_availability=4850
[2026-08-19T09:53:02] DEDUP_DROP lcsc=C599677 mpn=C0603C151J5GAC7867 availability=6000 kept_availability=6000
[2026-08-19T09:53:02] DEDUP_DROP lcsc=C599677 mpn=C0603C151J5GAC7867 availability=6000 kept_availability=6000
[2026-08-19T09:53:02] DEDUP_DROP lcsc=C599724 mpn=C0603C330J5GAC7867 availability=8900 kept_availability=8900
[2026-08-19T09:53:02] DEDUP_DROP lcsc=C599749 mpn=C0603C470J5GAC7867 availability=4100 kept_availability=4100
[2026-08-19T09:53:02] DEDUP_DROP lcsc=C599826 mpn=C0805C100J5GAC7800 availability=3960 kept_availability=3960
[2026-08-19T09:53:02] DEDUP_DROP lcsc=C599906 mpn=C0805C331J5GAC7800 availability=3920 kept_availability=3920
[2026-08-19T09:53:02] DEDUP_DROP lcsc=C605211 mpn=AC0603JRX7R9BB104 availability=193580 kept_availability=193580
[2026-08-19T09:53:02] DEDUP_DROP lcsc=C605211 mpn=AC0603JRX7R9BB104 availability=193580 kept_availability=193580
[2026-08-19T09:53:02] DEDUP_DROP lcsc=C605212 mpn=AC0603JRX7R9BB103 availability=6600 kept_availability=6600
[2026-08-19T09:53:02] DEDUP_DROP lcsc=C605212 mpn=AC0603JRX7R9BB103 availability=6600 kept_availability=6600
[2026-08-19T09:53:02] DEDUP_DROP lcsc=C605212 mpn=AC0603JRX7R9BB103 availability=6600 kept_availability=6600
[2026-08-19T09:53:02] DEDUP_DROP lcsc=C605216 mpn=AC0603JRX7R9BB223 availability=4080 kept_availability=4080
[2026-08-19T09:53:02] DEDUP_DROP lcsc=C605216 mpn=AC0603JRX7R9BB223 availability=4080 kept_availability=4080
[2026-08-19T09:53:02] DEDUP_DROP lcsc=C696363 mpn=C0603C153J3GAC7867 availability=9120 kept_availability=9120
[2026-08-19T09:53:02] DEDUP_DROP lcsc=C696366 mpn=C0805C104J5RACAUTO availability=8950 kept_availability=8950
[2026-08-19T09:53:02] DEDUP_DROP lcsc=C696375 mpn=C1206C106J3RACAUTO availability=6600 kept_availability=6600
[2026-08-19T09:53:02] DEDUP_DROP lcsc=C696375 mpn=C1206C106J3RACAUTO availability=6600 kept_availability=6600
[2026-08-19T09:53:02] DEDUP_DROP lcsc=C701288 mpn=GRM1885C1H302JA01D availability=5740 kept_availability=5740
[2026-08-19T09:53:02] DEDUP_DROP lcsc=C701288 mpn=GRM1885C1H302JA01D availability=5740 kept_availability=5740
[2026-08-19T09:53:02] DEDUP_DROP lcsc=C701302 mpn=GRM2195C1H102JA01D availability=3900 kept_availability=3900
[2026-08-19T09:53:02] DEDUP_DROP lcsc=C701303 mpn=GRM1555C1H201JA01D availability=9000 kept_availability=9000
[2026-08-19T09:53:02] DEDUP_DROP lcsc=C703076 mpn=GRM3195C2A103JA01D availability=3930 kept_availability=3930
[2026-08-19T09:53:02] DEDUP_DROP lcsc=C705014 mpn=AC0805JRX7R9BB223 availability=2900 kept_availability=2900
[2026-08-19T09:53:02] DEDUP_DROP lcsc=C710647 mpn=GCM1555C1H1R5JA16D availability=7900 kept_availability=7900
[2026-08-19T09:53:02] DEDUP_DROP lcsc=C710649 mpn=GCM1555C1H201JA16D availability=9200 kept_availability=9200
[2026-08-19T09:53:02] DEDUP_DROP lcsc=C710654 mpn=GCM1555C1H510FA16D availability=6650 kept_availability=6650
[2026-08-19T09:53:02] DEDUP_DROP lcsc=C710654 mpn=GCM1555C1H510FA16D availability=6650 kept_availability=6650
[2026-08-19T09:53:02] DEDUP_DROP lcsc=C710678 mpn=GCM1885C2A200JA16D availability=5240 kept_availability=5240
[2026-08-19T09:53:02] DEDUP_DROP lcsc=C710678 mpn=GCM1885C2A200JA16D availability=5240 kept_availability=5240
[2026-08-19T09:53:02] DEDUP_DROP lcsc=C710837 mpn=GRM1555C1E270JA01D availability=6100 kept_availability=6100
[2026-08-19T09:53:02] DEDUP_DROP lcsc=C710837 mpn=GRM1555C1E270JA01D availability=6100 kept_availability=6100
[2026-08-19T09:53:02] DEDUP_DROP lcsc=C710851 mpn=GRM1555C1H750GA01D availability=8850 kept_availability=8850
[2026-08-19T09:53:02] DEDUP_DROP lcsc=C710888 mpn=GRM1885C1E102JA01D availability=7900 kept_availability=7900
[2026-08-19T09:53:02] DEDUP_DROP lcsc=C710892 mpn=GRM1885C1H152FA01D availability=5120 kept_availability=5120
[2026-08-19T09:53:02] DEDUP_DROP lcsc=C710898 mpn=GRM1885C1H362JA01D availability=3980 kept_availability=3980
[2026-08-19T09:53:02] DEDUP_DROP lcsc=C710939 mpn=GRM2165C2A202JA01D availability=4760 kept_availability=4760
[2026-08-19T09:53:02] DEDUP_DROP lcsc=C710944 mpn=GRM2195C1H113JA01D availability=6230 kept_availability=6230
[2026-08-19T09:53:02] DEDUP_DROP lcsc=C710944 mpn=GRM2195C1H113JA01D availability=6230 kept_availability=6230
[2026-08-19T09:53:02] DEDUP_DROP lcsc=C710949 mpn=GRM2195C1H622JA01D availability=8780 kept_availability=8780
[2026-08-19T09:53:02] DEDUP_DROP lcsc=C710969 mpn=GRM21A5C2E270JW01D availability=4210 kept_availability=4210
[2026-08-19T09:53:02] DEDUP_DROP lcsc=C711001 mpn=GRM3195C1H183JA01D availability=4950 kept_availability=4950
[2026-08-19T09:53:02] DEDUP_DROP lcsc=C711021 mpn=GRM31A5C2J180JW01D availability=3910 kept_availability=3910
[2026-08-19T09:53:02] DEDUP_DROP lcsc=C711024 mpn=GRM31A5C2J331JW01D availability=3860 kept_availability=3860
[2026-08-19T09:53:02] DEDUP_DROP lcsc=C723416 mpn=AC0402JRNPO9BN680 availability=4100 kept_availability=4100
[2026-08-19T09:53:02] DEDUP_DROP lcsc=C723753 mpn=CQ0603JRNPO9BN150 availability=4000 kept_availability=4000
[2026-08-19T09:53:02] DEDUP_DROP lcsc=C726121 mpn=AC0402JRNPO9BN151 availability=8700 kept_availability=8700
[2026-08-19T09:53:02] DEDUP_DROP lcsc=C726128 mpn=AC0402JRNPO9BN331 availability=8300 kept_availability=8300
[2026-08-19T09:53:02] DEDUP_DROP lcsc=C726546 mpn=AC0603JRNPO9BN160 availability=4800 kept_availability=4800
[2026-08-19T09:53:02] DEDUP_DROP lcsc=C726548 mpn=AC0603JRNPO9BN561 availability=4550 kept_availability=4550
[2026-08-19T09:53:02] DEDUP_DROP lcsc=C726554 mpn=AC0603KRX7R6BB105 availability=8400 kept_availability=8400
[2026-08-19T09:53:02] DEDUP_DROP lcsc=C726559 mpn=AC0603KRX7R8BB103 availability=25750 kept_availability=25750
[2026-08-19T09:53:02] DEDUP_DROP lcsc=C726576 mpn=AC0805JRNPO9BN180 availability=4000 kept_availability=4000
[2026-08-19T09:53:02] DEDUP_DROP lcsc=C726596 mpn=AC0805KRX7R9BB472 availability=21950 kept_availability=21950
[2026-08-19T09:53:02] DEDUP_DROP lcsc=C726611 mpn=CC0402GRNPO9BN561 availability=5650 kept_availability=5650
[2026-08-19T09:53:02] DEDUP_DROP lcsc=C726611 mpn=CC0402GRNPO9BN561 availability=5650 kept_availability=5650
[2026-08-19T09:53:02] DEDUP_DROP lcsc=C726629 mpn=CC1206JKX7R0BB104 availability=2800 kept_availability=2800
[2026-08-19T09:53:02] DEDUP_DROP lcsc=C882544 mpn=GRM1555C1H131JA01D availability=4860 kept_availability=4860
[2026-08-19T09:53:02] DEDUP_DROP lcsc=C882565 mpn=GJM1555C1H300FB01D availability=4080 kept_availability=4080
[2026-08-19T09:53:02] DEDUP_DROP lcsc=C882574 mpn=GCM1885C2A470FA16D availability=8390 kept_availability=8390
[2026-08-19T09:53:02] DEDUP_DROP lcsc=C882582 mpn=GCM1555C1H220FA16D availability=9050 kept_availability=9050
[2026-08-19T09:53:02] DEDUP_DROP lcsc=C882583 mpn=GCM1555C1H180GA16D availability=4450 kept_availability=4450
[2026-08-19T09:53:02] DEDUP_DROP lcsc=C883557 mpn=GRM1555C2A102JE01D availability=5150 kept_availability=5150
[2026-08-19T09:53:02] DEDUP_DROP lcsc=C883557 mpn=GRM1555C2A102JE01D availability=5150 kept_availability=5150
[2026-08-19T09:53:02] DEDUP_DROP lcsc=C909846 mpn=GCM1885C2A270JA16D availability=5940 kept_availability=5940
[2026-08-19T09:53:02] DEDUP_DROP lcsc=C909846 mpn=GCM1885C2A270JA16D availability=5940 kept_availability=5940
[2026-08-19T09:53:02] DEDUP_DROP lcsc=C913510 mpn=GRM1555C1H821FA01D availability=4300 kept_availability=4300
[2026-08-19T09:53:02] DEDUP_DROP lcsc=C913584 mpn=GQM1875C2E120JB12D availability=4670 kept_availability=4670
[2026-08-19T09:53:02] DEDUP_DROP lcsc=C913595 mpn=GRM21A5C2E100JW01D availability=3830 kept_availability=3830
[2026-08-19T09:53:02] DEDUP_DROP lcsc=C1513174 mpn=C0402C103J5RECAUTO availability=7900 kept_availability=7900
[2026-08-19T09:53:02] DEDUP_DROP lcsc=C1513175 mpn=C0402C102J3RECAUTO availability=5450 kept_availability=5450
[2026-08-19T09:53:02] DEDUP_DROP lcsc=C1513175 mpn=C0402C102J3RECAUTO availability=5450 kept_availability=5450
[2026-08-19T09:53:02] DEDUP_DROP lcsc=C1517504 mpn=GJM1555C1H3R9GB01D availability=6340 kept_availability=6340
[2026-08-19T09:53:02] DEDUP_DROP lcsc=C1517504 mpn=GJM1555C1H3R9GB01D availability=6340 kept_availability=6340
[2026-08-19T09:53:02] DEDUP_DROP lcsc=C1517505 mpn=GJM1555C1H2R2GB01D availability=5980 kept_availability=5980
[2026-08-19T09:53:02] DEDUP_DROP lcsc=C1517505 mpn=GJM1555C1H2R2GB01D availability=5980 kept_availability=5980
[2026-08-19T09:53:02] DEDUP_DROP lcsc=C1517815 mpn=GCM1555C1H6R0FA16D availability=8900 kept_availability=8900
[2026-08-19T09:53:02] DEDUP_DROP lcsc=C1845481 mpn=C0603C560J5GACAUTO availability=8000 kept_availability=8000
[2026-08-19T09:53:02] DEDUP_DROP lcsc=C1845572 mpn=12067A100JAT2A availability=3965 kept_availability=3965
[2026-08-19T09:53:02] DEDUP_DROP lcsc=C1845629 mpn=C0603C223J5RACAUTO availability=4100 kept_availability=4100
[2026-08-19T09:53:02] DEDUP_DROP lcsc=C1845713 mpn=C0402C122J5GACAUTO availability=8800 kept_availability=8800
[2026-08-19T09:53:02] DEDUP_DROP lcsc=C1850665 mpn=VJ0603A821JXACW1BC availability=3960 kept_availability=3960
[2026-08-19T09:53:02] DEDUP_DROP lcsc=C1852380 mpn=GCM1885C2A100JA16J availability=7950 kept_availability=7950
[2026-08-19T09:53:02] DEDUP_DROP lcsc=C1852937 mpn=AC0402FRNPO9BN330 availability=6150 kept_availability=6150
[2026-08-19T09:53:02] DEDUP_DROP lcsc=C1852937 mpn=AC0402FRNPO9BN330 availability=6150 kept_availability=6150
[2026-08-19T09:53:02] DEDUP_DROP lcsc=C1853012 mpn=CC0805JRNPOYBN680 availability=4050 kept_availability=4050
[2026-08-19T09:53:02] DEDUP_DROP lcsc=C1853022 mpn=CC0603JRX7R7BB684 availability=2150 kept_availability=2150
[2026-08-19T09:53:02] DEDUP_DROP lcsc=C1853053 mpn=CC0402FRNPO8BN270 availability=8400 kept_availability=8400
[2026-08-19T09:53:02] DEDUP_DROP lcsc=C1853096 mpn=CC0603FRNPO9BN301 availability=8050 kept_availability=8050
[2026-08-19T09:53:02] DEDUP_DROP lcsc=C1853238 mpn=AC0603JRX7R0BB103 availability=4750 kept_availability=4750
[2026-08-19T09:53:02] DEDUP_DROP lcsc=C1853238 mpn=AC0603JRX7R0BB103 availability=4750 kept_availability=4750
[2026-08-19T09:53:02] DEDUP_DROP lcsc=C1853266 mpn=CC0603KPX7R8BB104 availability=14740 kept_availability=14740
[2026-08-19T09:53:02] DEDUP_DROP lcsc=C1853551 mpn=CC0805JKX7R0BB104 availability=113340 kept_availability=113340
[2026-08-19T09:53:02] DEDUP_DROP lcsc=C1853752 mpn=CC0603JRNPOYBN680 availability=4050 kept_availability=4050
[2026-08-19T09:53:02] DEDUP_DROP lcsc=C1853771 mpn=CC0603JPX7R9BB223 availability=5350 kept_availability=5350
[2026-08-19T09:53:02] DEDUP_DROP lcsc=C1853771 mpn=CC0603JPX7R9BB223 availability=5350 kept_availability=5350
[2026-08-19T09:53:02] DEDUP_DROP lcsc=C1853771 mpn=CC0603JPX7R9BB223 availability=5350 kept_availability=5350
[2026-08-19T09:53:02] DEDUP_DROP lcsc=C1853771 mpn=CC0603JPX7R9BB223 availability=5350 kept_availability=5350
[2026-08-19T09:53:02] DEDUP_DROP lcsc=C1853923 mpn=CC0805JKNPOBBN681 availability=3930 kept_availability=3930
[2026-08-19T09:53:02] DEDUP_DROP lcsc=C1854267 mpn=CC0805KKX7R9BB394 availability=9540 kept_availability=9540
[2026-08-19T09:53:02] DEDUP_DROP lcsc=C1854329 mpn=CC1206JKX7RCBB103 availability=1460 kept_availability=1460
[2026-08-19T09:53:02] DEDUP_DROP lcsc=C1854427 mpn=CC1206KKX7RBBB272 availability=1380 kept_availability=1380
[2026-08-19T09:53:02] DEDUP_DROP lcsc=C1854493 mpn=CC0805JRX7RABB152 availability=3950 kept_availability=3950
[2026-08-19T09:53:02] DEDUP_DROP lcsc=C1854493 mpn=CC0805JRX7RABB152 availability=3950 kept_availability=3950
[2026-08-19T09:53:02] DEDUP_DROP lcsc=C1855486 mpn=CQ0402FRNPO9BN200 availability=5700 kept_availability=5700
[2026-08-19T09:53:02] DEDUP_DROP lcsc=C1855486 mpn=CQ0402FRNPO9BN200 availability=5700 kept_availability=5700
[2026-08-19T09:53:02] DEDUP_DROP lcsc=C1856545 mpn=CS1210KKX7R9BB475 availability=260 kept_availability=260
[2026-08-19T09:53:02] DEDUP_DROP lcsc=C1864236 mpn=GCM1885C2A820FA16D availability=4030 kept_availability=4030
[2026-08-19T09:53:02] DEDUP_DROP lcsc=C1864241 mpn=GJM1555C1H390GB01D availability=7940 kept_availability=7940
[2026-08-19T09:53:02] DEDUP_DROP lcsc=C1864330 mpn=GCM1885C2A560FA16D availability=5710 kept_availability=5710
[2026-08-19T09:53:02] DEDUP_DROP lcsc=C1864330 mpn=GCM1885C2A560FA16D availability=5710 kept_availability=5710
[2026-08-19T09:53:02] DEDUP_DROP lcsc=C1864357 mpn=GCM1555C1H391FA16D availability=9320 kept_availability=9320
[2026-08-19T09:53:02] DEDUP_DROP lcsc=C1864367 mpn=GCM1555C1H430FA16D availability=4700 kept_availability=4700
[2026-08-19T09:53:02] DEDUP_DROP lcsc=C1864396 mpn=GCM1555C1H101FA16J availability=9350 kept_availability=9350
[2026-08-19T09:53:02] DEDUP_DROP lcsc=C1864397 mpn=GCM1555C1H120GA16D availability=6300 kept_availability=6300
[2026-08-19T09:53:02] DEDUP_DROP lcsc=C1864397 mpn=GCM1555C1H120GA16D availability=6300 kept_availability=6300
[2026-08-19T09:53:02] DEDUP_DROP lcsc=C1864488 mpn=GCM1555C1H910FA16D availability=5100 kept_availability=5100
[2026-08-19T09:53:02] DEDUP_DROP lcsc=C1864551 mpn=GCM1555C1H330GA16D availability=4750 kept_availability=4750
[2026-08-19T09:53:02] DEDUP_DROP lcsc=C1864552 mpn=GCM1555C1H390GA16D availability=8300 kept_availability=8300
[2026-08-19T09:53:02] DEDUP_DROP lcsc=C1865027 mpn=C0402C751J5GACAUTO availability=4508 kept_availability=4508
[2026-08-19T09:53:02] DEDUP_DROP lcsc=C1870141 mpn=GCM1885C1H202FA16J availability=6050 kept_availability=6050
[2026-08-19T09:53:02] DEDUP_DROP lcsc=C1870141 mpn=GCM1885C1H202FA16J availability=6050 kept_availability=6050
[2026-08-19T09:53:02] DEDUP_DROP lcsc=C1882476 mpn=CC0603JRNPO9BN8R0 availability=4600 kept_availability=4600
[2026-08-19T09:53:02] DEDUP_DROP lcsc=C1952576 mpn=CC1210KKX7R6BB106 availability=1440 kept_availability=1440
[2026-08-19T09:53:02] DEDUP_DROP lcsc=C2167157 mpn=04025A820FAT2A availability=8400 kept_availability=8400
[2026-08-19T09:53:02] DEDUP_DROP lcsc=C2167264 mpn=C0402C200J5GACTU availability=5550 kept_availability=5550
[2026-08-19T09:53:02] DEDUP_DROP lcsc=C2167264 mpn=C0402C200J5GACTU availability=5550 kept_availability=5550
[2026-08-19T09:53:02] DEDUP_DROP lcsc=C2167736 mpn=C0603C121F5GACTU availability=3980 kept_availability=3980
[2026-08-19T09:53:02] DEDUP_DROP lcsc=C2168350 mpn=C0603C180J5GACTU availability=6200 kept_availability=6200
[2026-08-19T09:53:02] DEDUP_DROP lcsc=C2168350 mpn=C0603C180J5GACTU availability=6200 kept_availability=6200
[2026-08-19T09:53:02] DEDUP_DROP lcsc=C2168411 mpn=C0402C121J5GACTU availability=8600 kept_availability=8600
[2026-08-19T09:53:02] DEDUP_DROP lcsc=C2168670 mpn=C0402C271J5GAC7867 availability=9050 kept_availability=9050
[2026-08-19T09:53:02] DEDUP_DROP lcsc=C2168780 mpn=C0805C151J5GACTU availability=3920 kept_availability=3920
[2026-08-19T09:53:02] DEDUP_DROP lcsc=C2168793 mpn=VJ0402A330JXACW1BC availability=6150 kept_availability=6150
[2026-08-19T09:53:02] DEDUP_DROP lcsc=C2168793 mpn=VJ0402A330JXACW1BC availability=6150 kept_availability=6150
[2026-08-19T09:53:02] DEDUP_DROP lcsc=C2168823 mpn=C0402C680J5GACTU availability=3850 kept_availability=3850
[2026-08-19T09:53:02] DEDUP_DROP lcsc=C2168865 mpn=C0402C120J5GACAUTO availability=9061 kept_availability=9061
[2026-08-19T09:53:02] DEDUP_DROP lcsc=C2168873 mpn=C0603C100J1GACTU availability=6650 kept_availability=6650
[2026-08-19T09:53:02] DEDUP_DROP lcsc=C2168891 mpn=C0402C150J5GACAUTO availability=4270 kept_availability=4270
[2026-08-19T09:53:02] DEDUP_DROP lcsc=C2168975 mpn=C0805C330J5GACTU availability=8180 kept_availability=8180
[2026-08-19T09:53:02] DEDUP_DROP lcsc=C2169021 mpn=C0805C271J5GACTU availability=3920 kept_availability=3920
[2026-08-19T09:53:02] DEDUP_DROP lcsc=C2169042 mpn=C0402C470J5GACTU availability=5400 kept_availability=5400
[2026-08-19T09:53:02] DEDUP_DROP lcsc=C2169042 mpn=C0402C470J5GACTU availability=5400 kept_availability=5400
[2026-08-19T09:53:02] DEDUP_DROP lcsc=C2169164 mpn=C0603C561J5GACTU availability=3880 kept_availability=3880
[2026-08-19T09:53:02] DEDUP_DROP lcsc=C2169171 mpn=C0402C221J5GACAUTO availability=3900 kept_availability=3900
[2026-08-19T09:53:02] DEDUP_DROP lcsc=C2169793 mpn=C0402C102J1GACAUTO availability=4400 kept_availability=4400
[2026-08-19T09:53:02] DEDUP_DROP lcsc=C2169825 mpn=C0402C270J5GACTU availability=9250 kept_availability=9250
[2026-08-19T09:53:02] DEDUP_DROP lcsc=C2169965 mpn=C0603C750J5GACTU availability=3850 kept_availability=3850
[2026-08-19T09:53:02] DEDUP_DROP lcsc=C2170007 mpn=C0805C680J1GACTU availability=3930 kept_availability=3930
[2026-08-19T09:53:02] DEDUP_DROP lcsc=C2170021 mpn=08055A151FAT2A availability=3820 kept_availability=3820
[2026-08-19T09:53:02] DEDUP_DROP lcsc=C2170046 mpn=C0603C473J5RACTU availability=7960 kept_availability=7960
[2026-08-19T09:53:02] DEDUP_DROP lcsc=C2170407 mpn=GRM21B5C1H203JA01L availability=5100 kept_availability=5100
[2026-08-19T09:53:02] DEDUP_DROP lcsc=C2170504 mpn=04025C272JAT2A availability=8700 kept_availability=8700
[2026-08-19T09:53:02] DEDUP_DROP lcsc=C2170544 mpn=C0805C102J1RACTU availability=3960 kept_availability=3960
[2026-08-19T09:53:02] DEDUP_DROP lcsc=C2170550 mpn=C0603C682J3GACTU availability=3830 kept_availability=3830
[2026-08-19T09:53:02] DEDUP_DROP lcsc=C2170675 mpn=C0603C332J5GACTU availability=7930 kept_availability=7930
[2026-08-19T09:53:02] DEDUP_DROP lcsc=C2170892 mpn=GRM31A5C3A820JW01D availability=3905 kept_availability=3905
[2026-08-19T09:53:02] DEDUP_DROP lcsc=C2170998 mpn=C0603C123J3GACTU availability=8060 kept_availability=8060
[2026-08-19T09:53:02] DEDUP_DROP lcsc=C2171298 mpn=VJ0603A100JXACW1BC availability=4140 kept_availability=4140
[2026-08-19T09:53:02] DEDUP_DROP lcsc=C2171621 mpn=C0805C470F5GACTU availability=5240 kept_availability=5240
[2026-08-19T09:53:02] DEDUP_DROP lcsc=C2171621 mpn=C0805C470F5GACTU availability=5240 kept_availability=5240
[2026-08-19T09:53:02] DEDUP_DROP lcsc=C2172564 mpn=AC1206KRX7R0BB223 availability=3890 kept_availability=3890
[2026-08-19T09:53:02] DEDUP_DROP lcsc=C2175066 mpn=AS0805KKX7R0BB473 availability=2480 kept_availability=2480
[2026-08-19T09:53:02] DEDUP_DROP lcsc=C2176091 mpn=C0805X104J5RACAUTO availability=5215 kept_availability=5215
[2026-08-19T09:53:02] DEDUP_DROP lcsc=C2176091 mpn=C0805X104J5RACAUTO availability=5215 kept_availability=5215
[2026-08-19T09:53:02] DEDUP_DROP lcsc=C2176241 mpn=VJ0402A180JXJPW1BC availability=6640 kept_availability=6640
[2026-08-19T09:53:02] DEDUP_DROP lcsc=C2176241 mpn=VJ0402A180JXJPW1BC availability=6640 kept_availability=6640
[2026-08-19T09:53:02] DEDUP_DROP lcsc=C2176561 mpn=500R14N120JV4T availability=8900 kept_availability=8900
[2026-08-19T09:53:02] DEDUP_DROP lcsc=C2176869 mpn=AC0402JRNPO9BN510 availability=5900 kept_availability=5900
[2026-08-19T09:53:02] DEDUP_DROP lcsc=C2176869 mpn=AC0402JRNPO9BN510 availability=5900 kept_availability=5900
[2026-08-19T09:53:02] DEDUP_DROP lcsc=C2176927 mpn=C0402C180J5GACAUTO availability=4750 kept_availability=4750
[2026-08-19T09:53:02] DEDUP_DROP lcsc=C2177011 mpn=0603YC105JAT2A availability=4176 kept_availability=4176
[2026-08-19T09:53:02] DEDUP_DROP lcsc=C2177058 mpn=C0402C220J5GACAUTO availability=4800 kept_availability=4800
[2026-08-19T09:53:02] DEDUP_DROP lcsc=C2177660 mpn=C0603C332J5GACAUTO availability=4000 kept_availability=4000
[2026-08-19T09:53:02] DEDUP_DROP lcsc=C2178111 mpn=AC1206JRNPO0BN100 availability=4000 kept_availability=4000
[2026-08-19T09:53:02] DEDUP_DROP lcsc=C2178240 mpn=12065A181JAT2A availability=3950 kept_availability=3950
[2026-08-19T09:53:02] DEDUP_DROP lcsc=C2179339 mpn=GQM1875C2E220GB12D availability=4480 kept_availability=4480
[2026-08-19T09:53:02] DEDUP_DROP lcsc=C2180415 mpn=VJ0603A101FXACW1BC availability=8940 kept_availability=8940
[2026-08-19T09:53:02] DEDUP_DROP lcsc=C2180806 mpn=C0402C103J3RACAUTO availability=9290 kept_availability=9290
[2026-08-19T09:53:02] DEDUP_DROP lcsc=C2181354 mpn=GQM2195C2E180JB12D availability=3890 kept_availability=3890
[2026-08-19T09:53:02] DEDUP_DROP lcsc=C2181572 mpn=GQM1875C2E150JB12D availability=4070 kept_availability=4070
[2026-08-19T09:53:02] DEDUP_DROP lcsc=C2181873 mpn=C0603C102J5GACTU availability=5580 kept_availability=5580
[2026-08-19T09:53:02] DEDUP_DROP lcsc=C2181873 mpn=C0603C102J5GACTU availability=5580 kept_availability=5580
[2026-08-19T09:53:02] DEDUP_DROP lcsc=C2182056 mpn=C0402C151J5GACTU availability=8900 kept_availability=8900
[2026-08-19T09:53:02] DEDUP_DROP lcsc=C2182865 mpn=AC0805KRX7RBBB472 availability=5020 kept_availability=5020
[2026-08-19T09:53:02] DEDUP_DROP lcsc=C2190570 mpn=CC0603JRNPO7BN200 availability=5800 kept_availability=5800
[2026-08-19T09:53:02] DEDUP_DROP lcsc=C2190570 mpn=CC0603JRNPO7BN200 availability=5800 kept_availability=5800
[2026-08-19T09:53:02] DEDUP_DROP lcsc=C2190791 mpn=VJ0402Y102JXACW1BC availability=8600 kept_availability=8600
[2026-08-19T09:53:02] DEDUP_DROP lcsc=C2191157 mpn=AC0603JRNPO9BN270 availability=4020 kept_availability=4020
[2026-08-19T09:53:02] DEDUP_DROP lcsc=C2191164 mpn=AC0603JRNPO9BN560 availability=3850 kept_availability=3850
[2026-08-19T09:53:02] DEDUP_DROP lcsc=C2203584 mpn=CS0603KRX7R8BB224 availability=6180 kept_availability=6180
[2026-08-19T09:53:02] DEDUP_DROP lcsc=C2203727 mpn=AC0805JRNPO0BN330 availability=3940 kept_availability=3940
[2026-08-19T09:53:02] DEDUP_DROP lcsc=C2204609 mpn=CQ0402JRNPO9BN300 availability=7900 kept_availability=7900
[2026-08-19T09:53:02] DEDUP_DROP lcsc=C2217274 mpn=GJM1555C1H160JB01D availability=9320 kept_availability=9320
[2026-08-19T09:53:02] DEDUP_DROP lcsc=C2225066 mpn=CS1206KKX7RZBB332 availability=2200 kept_availability=2200
[2026-08-19T09:53:02] DEDUP_DROP lcsc=C2230885 mpn=CS0805KRX7RABB102 availability=3640 kept_availability=3640
[2026-08-19T09:53:02] DEDUP_DROP lcsc=C2237317 mpn=CQ0402FRNPO9BN100 availability=5700 kept_availability=5700
[2026-08-19T09:53:02] DEDUP_DROP lcsc=C2237317 mpn=CQ0402FRNPO9BN100 availability=5700 kept_availability=5700
[2026-08-19T09:53:02] DEDUP_DROP lcsc=C2237338 mpn=AC1206KKX7R6BB105 availability=2590 kept_availability=2590
[2026-08-19T09:53:02] DEDUP_DROP lcsc=C2286335 mpn=GQM1555C2D100JB01D availability=5700 kept_availability=5700
[2026-08-19T09:53:02] DEDUP_DROP lcsc=C2286335 mpn=GQM1555C2D100JB01D availability=5700 kept_availability=5700
[2026-08-19T09:53:02] DEDUP_DROP lcsc=C2336887 mpn=GQM1875C2E240GB12D availability=3990 kept_availability=3990
[2026-08-19T09:53:02] DEDUP_DROP lcsc=C2352934 mpn=CQ0402JRNPO9BN180 availability=4300 kept_availability=4300
[2026-08-19T09:53:02] DEDUP_DROP lcsc=C2360437 mpn=GQM1875C2E220FB12D availability=5370 kept_availability=5370
[2026-08-19T09:53:02] DEDUP_DROP lcsc=C2360437 mpn=GQM1875C2E220FB12D availability=5370 kept_availability=5370
[2026-08-19T09:53:02] DEDUP_DROP lcsc=C2936583 mpn=CC0603KRX7RABB471 availability=22200 kept_availability=22200
[2026-08-19T09:53:02] DEDUP_DROP lcsc=C2936627 mpn=AC1206KKX7R0BB105 availability=4660 kept_availability=4660
[2026-08-19T09:53:02] DEDUP_DROP lcsc=C2941929 mpn=GCM1555C1H4R0JA16D availability=6000 kept_availability=6000
[2026-08-19T09:53:02] DEDUP_DROP lcsc=C2941929 mpn=GCM1555C1H4R0JA16D availability=6000 kept_availability=6000
[2026-08-19T09:53:02] DEDUP_DROP lcsc=C2941931 mpn=GCM1555C1H3R3GA16D availability=4450 kept_availability=4450
[2026-08-19T09:53:02] DEDUP_DROP lcsc=C2986280 mpn=GCM1885C2A271JA16D availability=4000 kept_availability=4000
[2026-08-19T09:53:02] DEDUP_DROP lcsc=C3831056 mpn=AC0603JRNPO0BN100 availability=4000 kept_availability=4000
[2026-08-19T09:53:02] DEDUP_DROP lcsc=C3831056 mpn=AC0603JRNPO0BN100 availability=4000 kept_availability=4000
[2026-08-19T09:53:02] DEDUP_DROP lcsc=C3831342 mpn=CBR04C680F3GAC availability=8120 kept_availability=8120
[2026-08-19T09:53:02] DEDUP_DROP lcsc=C3832875 mpn=AC0805JRNPOYBN471 availability=4000 kept_availability=4000
[2026-08-19T09:53:02] DEDUP_DROP lcsc=C3832875 mpn=AC0805JRNPOYBN471 availability=4000 kept_availability=4000
[2026-08-19T09:53:02] DEDUP_DROP lcsc=C3833550 mpn=VJ0603A271JXAAC availability=4000 kept_availability=4000
[2026-08-19T09:53:02] DEDUP_DROP lcsc=C3834692 mpn=GRM1555CYA103GE01D availability=5110 kept_availability=10510
[2026-08-19T09:53:02] DEDUP_DROP lcsc=C3834925 mpn=VJ0603Y104JXQCW1BC availability=5665 kept_availability=5665
[2026-08-19T09:53:02] DEDUP_DROP lcsc=C3834925 mpn=VJ0603Y104JXQCW1BC availability=5665 kept_availability=5665
[2026-08-19T09:53:02] DEDUP_DROP lcsc=C3836573 mpn=CC0805JRNPOBBN820 availability=7550 kept_availability=7550
[2026-08-19T09:53:02] DEDUP_DROP lcsc=C3836573 mpn=CC0805JRNPOBBN820 availability=7550 kept_availability=7550
[2026-08-19T09:53:02] DEDUP_DROP lcsc=C3839034 mpn=CQ0603JRNPOYBN680 availability=3160 kept_availability=3160
[2026-08-19T09:53:02] DEDUP_DROP lcsc=C3839034 mpn=CQ0603JRNPOYBN680 availability=3160 kept_availability=3160
[2026-08-19T09:53:02] DEDUP_DROP lcsc=C3843771 mpn=CC1206JRNPO0BN562 availability=3300 kept_availability=3300
[2026-08-19T09:53:02] DEDUP_DROP lcsc=C3843771 mpn=CC1206JRNPO0BN562 availability=3300 kept_availability=3300
[2026-08-19T09:53:02] DEDUP_DROP lcsc=C3844175 mpn=GRT1555C1H181FA02D availability=8000 kept_availability=8000
[2026-08-19T09:53:02] DEDUP_DROP lcsc=C3848531 mpn=GCM1885C2A820JA16D availability=5250 kept_availability=5250
[2026-08-19T09:53:02] DEDUP_DROP lcsc=C3848531 mpn=GCM1885C2A820JA16D availability=5250 kept_availability=5250
[2026-08-19T09:53:02] DEDUP_DROP lcsc=C3849551 mpn=C1206C222JDGACAUTO availability=5050 kept_availability=5050
[2026-08-19T09:53:02] DEDUP_DROP lcsc=C3852421 mpn=AQ0402JRNPO9BN101 availability=3550 kept_availability=3550
[2026-08-19T09:53:02] DEDUP_DROP lcsc=C3852832 mpn=GCM1555C1H160FA16D availability=6550 kept_availability=6550
[2026-08-19T09:53:02] DEDUP_DROP lcsc=C3852832 mpn=GCM1555C1H160FA16D availability=6550 kept_availability=6550
[2026-08-19T09:53:02] DEDUP_DROP lcsc=C3856821 mpn=GRM1555C1H682GE01D availability=4060 kept_availability=4060
[2026-08-19T09:53:02] DEDUP_DROP lcsc=C3860559 mpn=CC0603GRNPO9BN161 availability=4300 kept_availability=4300
[2026-08-19T09:53:02] DEDUP_DROP lcsc=C3861426 mpn=AC1210KKX7R0BB104 availability=1510 kept_availability=1510
[2026-08-19T09:53:02] DEDUP_DROP lcsc=C3864106 mpn=GCM1885C1H912JA16D availability=4000 kept_availability=4000
[2026-08-19T09:53:02] DEDUP_DROP lcsc=C3866704 mpn=AC0603KRX7R8BB474 availability=11080 kept_availability=11080
[2026-08-19T09:53:02] DEDUP_DROP lcsc=C3868174 mpn=AC0603JRNPO0BN222 availability=8880 kept_availability=8880
[2026-08-19T09:53:02] DEDUP_DROP lcsc=C3868174 mpn=AC0603JRNPO0BN222 availability=8880 kept_availability=8880
[2026-08-19T09:53:02] DEDUP_DROP lcsc=C3870620 mpn=GRM21B5C2E103JWAAL availability=5850 kept_availability=5850
[2026-08-19T09:53:02] DEDUP_DROP lcsc=C3870620 mpn=GRM21B5C2E103JWAAL availability=5850 kept_availability=5850
[2026-08-19T09:53:02] DEDUP_DROP lcsc=C3871033 mpn=CC1210JKX7R0BB104 availability=3315 kept_availability=3315
[2026-08-19T09:53:02] DEDUP_DROP lcsc=C3871624 mpn=AC1206JRNPOBBN681 availability=2880 kept_availability=2880
[2026-08-19T09:53:02] DEDUP_DROP lcsc=C3873338 mpn=GRM3195C1H473JA05D availability=3995 kept_availability=3995
[2026-08-19T09:53:02] DEDUP_DROP lcsc=C3876299 mpn=AC0402KRX7R9BB473 availability=31100 kept_availability=31100
[2026-08-19T09:53:02] DEDUP_DROP lcsc=C3877267 mpn=GCM1885C1H332FA16D availability=4180 kept_availability=4180
[2026-08-19T09:53:02] DEDUP_DROP lcsc=C3878107 mpn=GRT1555C1H161FA02D availability=3850 kept_availability=3850
[2026-08-19T09:53:02] DEDUP_DROP lcsc=C3878619 mpn=GRM1555C1H562GE01D availability=4100 kept_availability=4100
[2026-08-19T09:53:02] DEDUP_DROP lcsc=C3879512 mpn=GRT1555C1H240FA02D availability=9320 kept_availability=9320
[2026-08-19T09:53:02] DEDUP_DROP lcsc=C3879676 mpn=CC0603JRNPO9BN501 availability=6900 kept_availability=6900
[2026-08-19T09:53:02] DEDUP_DROP lcsc=C3881585 mpn=GRM1555C1H332GE01D availability=8200 kept_availability=8200
[2026-08-19T09:53:02] DEDUP_DROP lcsc=C3884582 mpn=AQ0402JRNPO9BN220 availability=7550 kept_availability=7550
[2026-08-19T09:53:02] DEDUP_DROP lcsc=C3884582 mpn=AQ0402JRNPO9BN220 availability=7550 kept_availability=7550
[2026-08-19T09:53:02] DEDUP_DROP lcsc=C3885830 mpn=GJM1555C1H100RB01D availability=5300 kept_availability=5300
[2026-08-19T09:53:02] DEDUP_DROP lcsc=C3885830 mpn=GJM1555C1H100RB01D availability=5300 kept_availability=5300
[2026-08-19T09:53:02] DEDUP_DROP lcsc=C3887320 mpn=GRM1555C1H301GA01D availability=9015 kept_availability=9015
[2026-08-19T09:53:02] DEDUP_DROP lcsc=C3888349 mpn=CC1206KKX7R0BB154 availability=4240 kept_availability=4240
[2026-08-19T09:53:02] DEDUP_DROP lcsc=C3888469 mpn=C0402C222J5RAC7867 availability=5750 kept_availability=5750
[2026-08-19T09:53:02] DEDUP_DROP lcsc=C3888469 mpn=C0402C222J5RAC7867 availability=5750 kept_availability=5750
[2026-08-19T09:53:02] DEDUP_DROP lcsc=C3892269 mpn=GRM1555C1H270JA01J availability=8700 kept_availability=8700
[2026-08-19T09:53:02] DEDUP_DROP lcsc=C3893829 mpn=CC1210JKNPOBBN102 availability=645 kept_availability=645
[2026-08-19T09:53:02] DEDUP_DROP lcsc=C3895774 mpn=GCM1885C2A200FA16D availability=5560 kept_availability=5560
[2026-08-19T09:53:02] DEDUP_DROP lcsc=C3895774 mpn=GCM1885C2A200FA16D availability=5560 kept_availability=5560
[2026-08-19T09:53:02] DEDUP_DROP lcsc=C3896687 mpn=GRT1555C1H101FA02D availability=4250 kept_availability=4250
[2026-08-19T09:53:03] DEDUP_DROP lcsc=C3898298 mpn=AC1206JRNPO9BN220 availability=3420 kept_availability=3420
[2026-08-19T09:53:03] DEDUP_DROP lcsc=C3898338 mpn=GCM1555C1H300GA16D availability=6320 kept_availability=6320
[2026-08-19T09:53:03] DEDUP_DROP lcsc=C3898338 mpn=GCM1555C1H300GA16D availability=6320 kept_availability=6320
[2026-08-19T09:53:03] DEDUP_DROP lcsc=C3898691 mpn=GJM1555C1H140FB01D availability=8940 kept_availability=8940
[2026-08-19T09:53:03] DEDUP_DROP lcsc=C3899281 mpn=CQ0402FRNPO9BN360 availability=8580 kept_availability=8580
[2026-08-19T09:53:03] DEDUP_DROP lcsc=C3904388 mpn=GCM1885C1H472GA16D availability=3865 kept_availability=3865
[2026-08-19T09:53:03] DEDUP_DROP lcsc=C3907598 mpn=AC1206JKNPOCBN470 availability=1475 kept_availability=1475
[2026-08-19T09:53:03] DEDUP_DROP lcsc=C3909468 mpn=AC1206JKNPOCBN101 availability=2760 kept_availability=2760
[2026-08-19T09:53:03] DEDUP_DROP lcsc=C3909468 mpn=AC1206JKNPOCBN101 availability=2760 kept_availability=2760
[2026-08-19T09:53:03] DEDUP_DROP lcsc=C3909605 mpn=CC1206JRNPO9BN333 availability=2460 kept_availability=2460
[2026-08-19T09:53:03] DEDUP_DROP lcsc=C5119318 mpn=GRT1555C1H220GA02D availability=4450 kept_availability=4450
[2026-08-19T09:53:03] DEDUP_DROP lcsc=C5140553 mpn=CC0402KRX7R9BB393 availability=32200 kept_availability=32200
[2026-08-19T09:53:03] DEDUP_DROP lcsc=C5182429 mpn=CC0402JRNPO9BN301 availability=6200 kept_availability=6200
[2026-08-19T09:53:03] DEDUP_DROP lcsc=C5182429 mpn=CC0402JRNPO9BN301 availability=6200 kept_availability=6200
[2026-08-19T09:53:03] DEDUP_DROP lcsc=C5182432 mpn=CC0402JRX7R9BB104 availability=361200 kept_availability=361200
[2026-08-19T09:53:03] DEDUP_DROP lcsc=C5182462 mpn=CC0603JRNPO9BN562 availability=5420 kept_availability=5420
[2026-08-19T09:53:03] DEDUP_DROP lcsc=C5182462 mpn=CC0603JRNPO9BN562 availability=5420 kept_availability=5420
[2026-08-19T09:53:03] DEDUP_DROP lcsc=C5182466 mpn=AC1210KKX7R0BB225 availability=650 kept_availability=650
[2026-08-19T09:53:03] DEDUP_DROP lcsc=C5200606 mpn=GRM3195C2A333JA01D availability=8675 kept_availability=8675
[2026-08-19T09:53:03] DEDUP_DROP lcsc=C5348644 mpn=04025A6R8JAT2A availability=5730 kept_availability=5730
[2026-08-19T09:53:03] DEDUP_DROP lcsc=C5348644 mpn=04025A6R8JAT2A availability=5730 kept_availability=5730
[2026-08-19T09:53:03] DEDUP_DROP lcsc=C5348770 mpn=12061A391JAT2A availability=3910 kept_availability=3910
[2026-08-19T09:53:03] DEDUP_DROP lcsc=C5355266 mpn=AC0805KRX7R9BB272 availability=1000 kept_availability=1000
[2026-08-19T09:53:03] DEDUP_DROP lcsc=C5360746 mpn=C0603C103J5RACTU availability=5350 kept_availability=5350
[2026-08-19T09:53:03] DEDUP_DROP lcsc=C5360746 mpn=C0603C103J5RACTU availability=5350 kept_availability=5350
[2026-08-19T09:53:03] DEDUP_DROP lcsc=C5575492 mpn=AC0402JRX7R9BB103 availability=19800 kept_availability=19800
[2026-08-19T09:53:03] DEDUP_DROP lcsc=C5575492 mpn=AC0402JRX7R9BB103 availability=19800 kept_availability=19800
[2026-08-19T09:53:03] DEDUP_DROP lcsc=C6113815 mpn=AC0603KRX7R9BB393 availability=3950 kept_availability=3950
[2026-08-19T09:53:03] DEDUP_DROP lcsc=C6348878 mpn=VJ0603Y153JXAAC availability=4050 kept_availability=4050
[2026-08-19T09:53:03] DEDUP_DROP lcsc=C6371538 mpn=C0805C100J1GACTU availability=3880 kept_availability=3880
[2026-08-19T09:53:03] DEDUP_DROP lcsc=C6492241 mpn=AC0805KKX7RGBB225 availability=2280 kept_availability=2280
[2026-08-19T09:53:03] DEDUP_DROP lcsc=C6565261 mpn=GRM155R71H681JA01D availability=9240 kept_availability=9240
[2026-08-19T09:53:03] DEDUP_DROP lcsc=C6641147 mpn=08055C104J4T2A availability=5120 kept_availability=5120
[2026-08-19T09:53:03] DEDUP_DROP lcsc=C7209274 mpn=AC1210KKX7R0BB105 availability=730 kept_availability=730
[2026-08-19T09:53:03] DEDUP_DROP lcsc=C7210087 mpn=AC0805KKX7R5BB106 availability=2615 kept_availability=2615
[2026-08-19T09:53:03] DEDUP_DROP lcsc=C7500386 mpn=CC1206JKNPOZBN103 availability=845 kept_availability=845
[2026-08-19T09:53:03] DEDUP_DROP lcsc=C7500389 mpn=CC1206JRNPO9BN223 availability=4935 kept_availability=4935
[2026-08-19T09:53:03] DEDUP_DROP lcsc=C7500389 mpn=CC1206JRNPO9BN223 availability=4935 kept_availability=4935
[2026-08-19T09:53:03] DEDUP_DROP lcsc=C17305852 mpn=GCM1885C1H102GA16D availability=4915 kept_availability=4915
[2026-08-19T09:53:03] DEDUP_DROP lcsc=C17560167 mpn=GCM31A5C2J101JX01D availability=5685 kept_availability=5685
[2026-08-19T09:53:03] DEDUP_DROP lcsc=C17560167 mpn=GCM31A5C2J101JX01D availability=5685 kept_availability=5685
[2026-08-19T09:53:03] DEDUP_DROP lcsc=C21832726 mpn=GRM1555C2A560GA01D availability=5100 kept_availability=5100
[2026-08-19T09:53:03] DEDUP_DROP lcsc=C22401005 mpn=C0402C101J5GAC3121 availability=9350 kept_availability=9350
[2026-08-19T09:53:03] DEDUP_DROP lcsc=C22414064 mpn=C0402C101J1GACTU availability=8740 kept_availability=8740
[2026-08-19T09:53:03] DEDUP_DROP lcsc=C32964719 mpn=C0805C911J5GACTU availability=4000 kept_availability=4000
[2026-08-19T09:53:03] DEDUP_DROP lcsc=C42097139 mpn=AC1206KKX7R7BB106 availability=240 kept_availability=240
[2026-08-19T09:53:03] DEDUP_DROP lcsc=C55208129 mpn=TFCP201G221J1GV001T availability=4000 kept_availability=4000
[2026-08-19T09:53:03] DEDUP_DROP lcsc=C55208130 mpn=TFCP201G680J1GV001T availability=4000 kept_availability=4000
[2026-08-19T09:53:03] DEDUP_DROP lcsc=C55208131 mpn=TFCT500G222J1GV001T availability=4000 kept_availability=4000
[2026-08-19T09:53:03] EXCLUDE lcsc=C107068 mpn=CC0603KRX7R8BB154 reasons=stock
[2026-08-19T09:53:03] EXCLUDE lcsc=C107188 mpn=CC1206KKX7RBBB222 reasons=stock
[2026-08-19T09:53:03] EXCLUDE lcsc=C113805 mpn=CC0603KRX7R0BB332 reasons=stock
[2026-08-19T09:53:03] EXCLUDE lcsc=C113846 mpn=CC0805KKX7RABB682 reasons=stock
[2026-08-19T09:53:03] EXCLUDE lcsc=C113852 mpn=CC0805KRX7R7BB154 reasons=stock
[2026-08-19T09:53:03] EXCLUDE lcsc=C113869 mpn=CC0805KRX7RYBB331 reasons=stock
[2026-08-19T09:53:03] EXCLUDE lcsc=C149611 mpn=AC0603KRX7R7BB224 reasons=stock
[2026-08-19T09:53:03] EXCLUDE lcsc=C156239 mpn=CC0805JRX7R0BB102 reasons=stock
[2026-08-19T09:53:03] EXCLUDE lcsc=C277511 mpn=CC0402KRX7R6BB823 reasons=stock
[2026-08-19T09:53:03] EXCLUDE lcsc=C309479 mpn=CC0603KRX7R5BB105 reasons=stock
[2026-08-19T09:53:03] EXCLUDE lcsc=C309480 mpn=CC0603KRX7R6BB394 reasons=stock
[2026-08-19T09:53:03] EXCLUDE lcsc=C309501 mpn=CC1206JRX7R9BB103 reasons=stock
[2026-08-19T09:53:03] EXCLUDE lcsc=C309505 mpn=CC1210KKX7R9BB474 reasons=stock
[2026-08-19T09:53:03] EXCLUDE lcsc=C326565 mpn=CC1210KKX7R8BB225 reasons=stock
[2026-08-19T09:53:03] EXCLUDE lcsc=C326674 mpn=CC1206KRX7RABB472 reasons=stock
[2026-08-19T09:53:03] EXCLUDE lcsc=C326771 mpn=CC1206KKX7RBBB681 reasons=stock
[2026-08-19T09:53:03] EXCLUDE lcsc=C326806 mpn=CC1206KRX7RABB681 reasons=stock
[2026-08-19T09:53:03] EXCLUDE lcsc=C326852 mpn=CC1206KKX7R6BB225 reasons=stock
[2026-08-19T09:53:03] EXCLUDE lcsc=C327095 mpn=CC1206KRX7R9BB122 reasons=stock
[2026-08-19T09:53:03] EXCLUDE lcsc=C327130 mpn=CC1206KKX7R0BB683 reasons=stock
[2026-08-19T09:53:03] EXCLUDE lcsc=C327166 mpn=CC0402KRX7R6BB273 reasons=stock
[2026-08-19T09:53:03] EXCLUDE lcsc=C327225 mpn=CC0603KRX7R7BB394 reasons=stock
[2026-08-19T09:53:03] EXCLUDE lcsc=C327270 mpn=CC0603JRX7R9BB221 reasons=stock
[2026-08-19T09:53:03] EXCLUDE lcsc=C364376 mpn=CS0402KRX7R8BB104 reasons=stock
[2026-08-19T09:53:03] EXCLUDE lcsc=C513632 mpn=CC0805KRX7R8BB154 reasons=stock
[2026-08-19T09:53:03] EXCLUDE lcsc=C513685 mpn=AC1206KKX7RYBB223 reasons=stock
[2026-08-19T09:53:03] EXCLUDE lcsc=C519411 mpn=CC0603KRX7R8BB221 reasons=stock
[2026-08-19T09:53:03] EXCLUDE lcsc=C519512 mpn=CC0603JRX7R7BB471 reasons=stock
[2026-08-19T09:53:03] EXCLUDE lcsc=C519515 mpn=CC0603JRX7R9BB151 reasons=stock
[2026-08-19T09:53:03] EXCLUDE lcsc=C519523 mpn=CC0603JRX7R8BB332 reasons=stock
[2026-08-19T09:53:03] EXCLUDE lcsc=C519525 mpn=CC0603JRX7R8BB682 reasons=stock
[2026-08-19T09:53:03] EXCLUDE lcsc=C519528 mpn=CC0603JRX7R9BB182 reasons=stock
[2026-08-19T09:53:03] EXCLUDE lcsc=C519548 mpn=CC0603JRX7R8BB823 reasons=stock
[2026-08-19T09:53:03] EXCLUDE lcsc=C519549 mpn=CC0603JRX7R9BB123 reasons=stock
[2026-08-19T09:53:03] EXCLUDE lcsc=C519551 mpn=CC0603JRX7R9BB183 reasons=stock
[2026-08-19T09:53:03] EXCLUDE lcsc=C519556 mpn=CC0603JRX7R7BB224 reasons=stock
[2026-08-19T09:53:03] EXCLUDE lcsc=C519577 mpn=CC0603JRX7R7BB154 reasons=stock
[2026-08-19T09:53:03] EXCLUDE lcsc=C519913 mpn=CC0805KRX7R7BB332 reasons=stock
[2026-08-19T09:53:03] EXCLUDE lcsc=C519924 mpn=CC0805KRX7R9BB201 reasons=stock
[2026-08-19T09:53:03] EXCLUDE lcsc=C519977 mpn=CC0805KKX7R6BB474 reasons=stock
[2026-08-19T09:53:03] EXCLUDE lcsc=C520009 mpn=CC0805JRX7R8BB103 reasons=stock
[2026-08-19T09:53:03] EXCLUDE lcsc=C520024 mpn=CC0805JRX7R9BB272 reasons=stock
[2026-08-19T09:53:03] EXCLUDE lcsc=C520032 mpn=CC0805JRX7R9BB183 reasons=stock
[2026-08-19T09:53:03] EXCLUDE lcsc=C520036 mpn=CC0805JRX7R7BB683 reasons=stock
[2026-08-19T09:53:03] EXCLUDE lcsc=C520048 mpn=CC0805KKX7R6BB684 reasons=stock
[2026-08-19T09:53:03] EXCLUDE lcsc=C520074 mpn=CC0805KKX7R6BB475 reasons=stock
[2026-08-19T09:53:03] EXCLUDE lcsc=C520077 mpn=CC0805JKX7R7BB334 reasons=stock
[2026-08-19T09:53:03] EXCLUDE lcsc=C527015 mpn=CC0402KRX7R6BB393 reasons=stock
[2026-08-19T09:53:03] EXCLUDE lcsc=C527016 mpn=CC0402KRX7R8BB561 reasons=stock
[2026-08-19T09:53:03] EXCLUDE lcsc=C527018 mpn=CC0402KRX7R8BB821 reasons=stock
[2026-08-19T09:53:03] EXCLUDE lcsc=C527070 mpn=CC0603JRX7R0BB152 reasons=stock
[2026-08-19T09:53:03] EXCLUDE lcsc=C527071 mpn=CC0603KRX7R0BB562 reasons=stock
[2026-08-19T09:53:03] EXCLUDE lcsc=C527188 mpn=CC0805FRNPO9BN561 reasons=stock
[2026-08-19T09:53:03] EXCLUDE lcsc=C527218 mpn=CC0805JRX7R0BB153 reasons=stock
[2026-08-19T09:53:03] EXCLUDE lcsc=C527231 mpn=CC0805KRX7RABB331 reasons=stock
[2026-08-19T09:53:03] EXCLUDE lcsc=C527235 mpn=CC0805KRX7RYBB271 reasons=stock
[2026-08-19T09:53:03] EXCLUDE lcsc=C527237 mpn=CC0805KRX7RYBB392 reasons=stock
[2026-08-19T09:53:03] EXCLUDE lcsc=C527291 mpn=CC1206JRNPO0BN820 reasons=stock
[2026-08-19T09:53:03] EXCLUDE lcsc=C527315 mpn=CC1206JRX7R0BB333 reasons=stock
[2026-08-19T09:53:03] EXCLUDE lcsc=C527317 mpn=CC1206JRX7R9BB152 reasons=stock
[2026-08-19T09:53:03] EXCLUDE lcsc=C527318 mpn=CC1206JRX7R9BB182 reasons=stock
[2026-08-19T09:53:03] EXCLUDE lcsc=C527323 mpn=CC1206JRX7R9BB473 reasons=stock
[2026-08-19T09:53:03] EXCLUDE lcsc=C527329 mpn=CC1206JRX7RABB153 reasons=stock
[2026-08-19T09:53:03] EXCLUDE lcsc=C527330 mpn=CC1206JRX7RABB222 reasons=stock
[2026-08-19T09:53:03] EXCLUDE lcsc=C527331 mpn=CC1206JRX7RYBB103 reasons=stock
[2026-08-19T09:53:03] EXCLUDE lcsc=C527333 mpn=CC1206KKX7RABB333 reasons=stock
[2026-08-19T09:53:03] EXCLUDE lcsc=C527348 mpn=CC1206KRX7R8BB224 reasons=stock
[2026-08-19T09:53:03] EXCLUDE lcsc=C527354 mpn=CC1206KRX7R9BB273 reasons=stock
[2026-08-19T09:53:03] EXCLUDE lcsc=C527355 mpn=CC1206KRX7R9BB391 reasons=stock
[2026-08-19T09:53:03] EXCLUDE lcsc=C527357 mpn=CC1206KRX7R9BB393 reasons=stock
[2026-08-19T09:53:03] EXCLUDE lcsc=C527374 mpn=CC1210KKX7R0BB103 reasons=stock
[2026-08-19T09:53:03] EXCLUDE lcsc=C527382 mpn=CC1210KKX7RYBB473 reasons=stock
[2026-08-19T09:53:03] EXCLUDE lcsc=C541482 mpn=CC1206KRX7R9BB331 reasons=stock
[2026-08-19T09:53:03] EXCLUDE lcsc=C541485 mpn=CC1206KRX7R9BB561 reasons=stock
[2026-08-19T09:53:03] EXCLUDE lcsc=C541505 mpn=CC1206GRNPO9BN100 reasons=stock
[2026-08-19T09:53:03] EXCLUDE lcsc=C541539 mpn=CC1206JRX7R9BB153 reasons=stock
[2026-08-19T09:53:03] EXCLUDE lcsc=C541544 mpn=CC1206JRX7R9BB393 reasons=stock
[2026-08-19T09:53:03] EXCLUDE lcsc=C541549 mpn=CC1206JKX7R9BB474 reasons=stock
[2026-08-19T09:53:03] EXCLUDE lcsc=C541577 mpn=CC0805FKNPO9BN472 reasons=stock
[2026-08-19T09:53:03] EXCLUDE lcsc=C576850 mpn=CC0603KRX7R0BB331 reasons=stock
[2026-08-19T09:53:03] EXCLUDE lcsc=C576853 mpn=CC0603KRX7R0BB561 reasons=stock
[2026-08-19T09:53:03] EXCLUDE lcsc=C576858 mpn=CC0603KRX7RYBB471 reasons=stock
[2026-08-19T09:53:03] EXCLUDE lcsc=C576897 mpn=CC0805FRNPO0BN390 reasons=stock
[2026-08-19T09:53:03] EXCLUDE lcsc=C576926 mpn=CC0805GRNPO0BN681 reasons=stock
[2026-08-19T09:53:03] EXCLUDE lcsc=C576996 mpn=CC0805JRX7R0BB471 reasons=stock
[2026-08-19T09:53:03] EXCLUDE lcsc=C577012 mpn=CC0805KRX7R0BB391 reasons=stock
[2026-08-19T09:53:03] EXCLUDE lcsc=C577194 mpn=CC1206JRX7R0BB102 reasons=stock
[2026-08-19T09:53:03] EXCLUDE lcsc=C577212 mpn=CC1206KKX7R0BB334 reasons=stock
[2026-08-19T09:53:03] EXCLUDE lcsc=C577217 mpn=CC1206KKX7R7BB684 reasons=stock
[2026-08-19T09:53:03] EXCLUDE lcsc=C577219 mpn=CC1206KKX7R8BB684 reasons=stock
[2026-08-19T09:53:03] EXCLUDE lcsc=C577222 mpn=CC1206KKX7RCBB122 reasons=stock
[2026-08-19T09:53:03] EXCLUDE lcsc=C577226 mpn=CC1206KKX7RDBB681 reasons=stock
[2026-08-19T09:53:03] EXCLUDE lcsc=C577233 mpn=CC1206KRX7R0BB332 reasons=stock
[2026-08-19T09:53:03] EXCLUDE lcsc=C577236 mpn=CC1206KRX7R0BB682 reasons=stock
[2026-08-19T09:53:03] EXCLUDE lcsc=C577270 mpn=CC1210KKX7R0BB105 reasons=stock
[2026-08-19T09:53:03] EXCLUDE lcsc=C577272 mpn=CC1210KKX7R0BB474 reasons=stock
[2026-08-19T09:53:03] EXCLUDE lcsc=C577278 mpn=CC1210KKX7RBBB333 reasons=stock
[2026-08-19T09:53:03] EXCLUDE lcsc=C577285 mpn=CC1210KKX7RDBB152 reasons=stock
[2026-08-19T09:53:03] EXCLUDE lcsc=C577418 mpn=CS0603KRX7R7BB474 reasons=stock
[2026-08-19T09:53:03] EXCLUDE lcsc=C577423 mpn=CS0603KRX7R9BB471 reasons=stock
[2026-08-19T09:53:03] EXCLUDE lcsc=C577427 mpn=CS0805KRX7R9BB102 reasons=stock
[2026-08-19T09:53:03] EXCLUDE lcsc=C577441 mpn=CS1206KRX7R9BB104 reasons=stock
[2026-08-19T09:53:03] EXCLUDE lcsc=C597074 mpn=06031A221JAT2A reasons=stock
[2026-08-19T09:53:03] EXCLUDE lcsc=C605213 mpn=CC0603KRX7R8BB184 reasons=stock
[2026-08-19T09:53:03] EXCLUDE lcsc=C723890 mpn=GCM1555C1H391JA16D reasons=stock
[2026-08-19T09:53:03] EXCLUDE lcsc=C726520 mpn=AC0402KRX7R8BB102 reasons=stock
[2026-08-19T09:53:03] EXCLUDE lcsc=C726558 mpn=AC0603KRX7R8BB102 reasons=stock
[2026-08-19T09:53:03] EXCLUDE lcsc=C726583 mpn=AC0805KKX7R8BB474 reasons=stock
[2026-08-19T09:53:03] EXCLUDE lcsc=C726588 mpn=AC0805KRX7R0BB222 reasons=stock
[2026-08-19T09:53:03] EXCLUDE lcsc=C726591 mpn=AC0805KRX7R8BB104 reasons=stock
[2026-08-19T09:53:03] EXCLUDE lcsc=C726597 mpn=AC0805KRX7R9BB682 reasons=stock
[2026-08-19T09:53:03] EXCLUDE lcsc=C726603 mpn=AC1206KKX7R0BB474 reasons=stock
[2026-08-19T09:53:03] EXCLUDE lcsc=C726608 mpn=AC1206KRX7R9BB333 reasons=stock
[2026-08-19T09:53:03] EXCLUDE lcsc=C726609 mpn=AC1206KRX7R9BB473 reasons=stock
[2026-08-19T09:53:03] EXCLUDE lcsc=C726623 mpn=CC0805KRX7R0BB122 reasons=stock
[2026-08-19T09:53:03] EXCLUDE lcsc=C726632 mpn=CC1206KKX7R7BB824 reasons=stock
[2026-08-19T09:53:03] EXCLUDE lcsc=C726637 mpn=CS0603KRX7R9BB473 reasons=stock
[2026-08-19T09:53:03] EXCLUDE lcsc=C882554 mpn=GQM1875C2E100JB12D reasons=stock
[2026-08-19T09:53:03] EXCLUDE lcsc=C913624 mpn=GCM1885C2A180JA16D reasons=stock
[2026-08-19T09:53:03] EXCLUDE lcsc=C1853055 mpn=AC0603JRX7R8BB103 reasons=stock
[2026-08-19T09:53:03] EXCLUDE lcsc=C1853251 mpn=AC0805KRX7R9BB153 reasons=stock
[2026-08-19T09:53:03] EXCLUDE lcsc=C1853298 mpn=AS0805KRX7R0BB472 reasons=stock
[2026-08-19T09:53:03] EXCLUDE lcsc=C1853547 mpn=CC0805JRX7R8BB393 reasons=stock
[2026-08-19T09:53:03] EXCLUDE lcsc=C1853592 mpn=AC0805KKX7R9BB684 reasons=stock
[2026-08-19T09:53:03] EXCLUDE lcsc=C1853626 mpn=AC1206KKX7R9BB105 reasons=stock
[2026-08-19T09:53:03] EXCLUDE lcsc=C1853757 mpn=CC0805KKX7RZBB103 reasons=stock
[2026-08-19T09:53:03] EXCLUDE lcsc=C1853786 mpn=CC0603JPX7R9BB102 reasons=stock
[2026-08-19T09:53:03] EXCLUDE lcsc=C1853797 mpn=AC0603KRX7R8BB154 reasons=stock
[2026-08-19T09:53:03] EXCLUDE lcsc=C1854190 mpn=CC1206KPX7R9BB104 reasons=stock
[2026-08-19T09:53:03] EXCLUDE lcsc=C1854328 mpn=CC1206JKX7RCBB471 reasons=stock
[2026-08-19T09:53:03] EXCLUDE lcsc=C1855388 mpn=CS0805KRX7RCBB102 reasons=stock
[2026-08-19T09:53:03] EXCLUDE lcsc=C1855513 mpn=CC1210KKX7R0BB684 reasons=stock
[2026-08-19T09:53:03] EXCLUDE lcsc=C1856545 mpn=CS1210KKX7R9BB475 reasons=stock
[2026-08-19T09:53:03] EXCLUDE lcsc=C2168507 mpn=AS1210KKX7R9BB475 reasons=stock
[2026-08-19T09:53:03] EXCLUDE lcsc=C2170896 mpn=AS0805KKX7R9BB104 reasons=stock
[2026-08-19T09:53:03] EXCLUDE lcsc=C2172621 mpn=CC1210JKX7R9BB105 reasons=stock
[2026-08-19T09:53:03] EXCLUDE lcsc=C2173127 mpn=AC1210KKX7R8BB224 reasons=stock
[2026-08-19T09:53:03] EXCLUDE lcsc=C2173175 mpn=AC1210KKX7R9BB104 reasons=stock
[2026-08-19T09:53:03] EXCLUDE lcsc=C2173617 mpn=AC1210KKX7R9BB474 reasons=stock
[2026-08-19T09:53:03] EXCLUDE lcsc=C2174373 mpn=AS0805KRX7R9BB473 reasons=stock
[2026-08-19T09:53:03] EXCLUDE lcsc=C2174497 mpn=AS0805KRX7R0BB103 reasons=stock
[2026-08-19T09:53:03] EXCLUDE lcsc=C2177174 mpn=C1210C333JBGAC7800 reasons=stock
[2026-08-19T09:53:03] EXCLUDE lcsc=C2178085 mpn=AC1206JRNPOYBN470 reasons=stock
[2026-08-19T09:53:03] EXCLUDE lcsc=C2178183 mpn=AS0805KRX7R0BB223 reasons=stock
[2026-08-19T09:53:03] EXCLUDE lcsc=C2179722 mpn=AC1210KKX7RYBB104 reasons=stock
[2026-08-19T09:53:03] EXCLUDE lcsc=C2198055 mpn=AC0603KRX7R7BB472 reasons=stock
[2026-08-19T09:53:03] EXCLUDE lcsc=C2210083 mpn=CS0805KRX7R0BB103 reasons=stock
[2026-08-19T09:53:03] EXCLUDE lcsc=C2217773 mpn=AC0805KKX7R7BB334 reasons=stock
[2026-08-19T09:53:03] EXCLUDE lcsc=C2224303 mpn=AC1206KRX7R9BB683 reasons=stock
[2026-08-19T09:53:03] EXCLUDE lcsc=C2228260 mpn=C0805C225J4REC7210 reasons=stock
[2026-08-19T09:53:03] EXCLUDE lcsc=C2231215 mpn=CS1206KKX7RZBB222 reasons=stock
[2026-08-19T09:53:03] EXCLUDE lcsc=C2257177 mpn=GRM31C5C1H623JA01L reasons=stock
[2026-08-19T09:53:03] EXCLUDE lcsc=C2267170 mpn=CS1206KKX7R0BB105 reasons=stock
[2026-08-19T09:53:03] EXCLUDE lcsc=C2305085 mpn=GQM1875C2E360JB12D reasons=stock
[2026-08-19T09:53:03] EXCLUDE lcsc=C2312635 mpn=CS1206KKX7R8BB225 reasons=stock
[2026-08-19T09:53:03] EXCLUDE lcsc=C3831975 mpn=GCQ1555C1H430JB01D reasons=stock
[2026-08-19T09:53:03] EXCLUDE lcsc=C3837141 mpn=CQ0603JRNPOYBN220 reasons=stock
[2026-08-19T09:53:03] EXCLUDE lcsc=C3837394 mpn=GCM1885C1H822JA16D reasons=stock
[2026-08-19T09:53:03] EXCLUDE lcsc=C3838719 mpn=AC1206JKNPOCBN221 reasons=stock
[2026-08-19T09:53:03] EXCLUDE lcsc=C3842058 mpn=AC0603JRNPOYBN151 reasons=stock
[2026-08-19T09:53:03] EXCLUDE lcsc=C3852667 mpn=CC0603JRNPOYBN121 reasons=stock
[2026-08-19T09:53:03] EXCLUDE lcsc=C3863730 mpn=AC0603KRX7R8BB222 reasons=stock
[2026-08-19T09:53:03] EXCLUDE lcsc=C3871899 mpn=AC1206KKX7RCBB102 reasons=stock
[2026-08-19T09:53:03] EXCLUDE lcsc=C3872563 mpn=GRM31C5C2J472JWA3L reasons=stock
[2026-08-19T09:53:03] EXCLUDE lcsc=C3873542 mpn=AC0805JRNPO0BN681 reasons=stock
[2026-08-19T09:53:03] EXCLUDE lcsc=C3874522 mpn=AC1210KKX7R9BB224 reasons=stock
[2026-08-19T09:53:03] EXCLUDE lcsc=C3887583 mpn=CC1210KKX7R7BB475 reasons=stock
[2026-08-19T09:53:03] EXCLUDE lcsc=C3893829 mpn=CC1210JKNPOBBN102 reasons=stock
[2026-08-19T09:53:03] EXCLUDE lcsc=C3897390 mpn=VJ0603D271JXJQJHT reasons=stock
[2026-08-19T09:53:03] EXCLUDE lcsc=C3907958 mpn=CC0805JRNPOZBN221 reasons=stock
[2026-08-19T09:53:03] EXCLUDE lcsc=C5182423 mpn=CC0402JRX7R9BB393 reasons=stock
[2026-08-19T09:53:03] EXCLUDE lcsc=C5182466 mpn=AC1210KKX7R0BB225 reasons=stock
[2026-08-19T09:53:03] EXCLUDE lcsc=C5185461 mpn=CC1206KRX7RYBB182 reasons=stock
[2026-08-19T09:53:03] EXCLUDE lcsc=C5554538 mpn=AS1206KKX7RYBB473 reasons=stock
[2026-08-19T09:53:03] EXCLUDE lcsc=C5567681 mpn=CC0805KKX7RYBB473 reasons=stock
[2026-08-19T09:53:03] EXCLUDE lcsc=C5578983 mpn=CS1210KKX7R0BB225 reasons=stock
[2026-08-19T09:53:03] EXCLUDE lcsc=C5972986 mpn=CS0603KRX7R8BB105 reasons=stock
[2026-08-19T09:53:03] EXCLUDE lcsc=C6117856 mpn=AC0805KFX7R9BB105 reasons=stock
[2026-08-19T09:53:03] EXCLUDE lcsc=C6747006 mpn=AS0805KKX7R8BB105 reasons=stock
[2026-08-19T09:53:03] EXCLUDE lcsc=C6876996 mpn=CC1210KKX7RBBB104 reasons=stock
[2026-08-19T09:53:03] EXCLUDE lcsc=C7154080 mpn=08053C225JAT2A reasons=stock
[2026-08-19T09:53:03] EXCLUDE lcsc=C7209274 mpn=AC1210KKX7R0BB105 reasons=stock
[2026-08-19T09:53:03] EXCLUDE lcsc=C7209937 mpn=AC0402KRX7R0BB221 reasons=stock
[2026-08-19T09:53:03] EXCLUDE lcsc=C7498583 mpn=CC1206KKX7R0BB684 reasons=stock
[2026-08-19T09:53:03] EXCLUDE lcsc=C7500386 mpn=CC1206JKNPOZBN103 reasons=stock
[2026-08-19T09:53:03] EXCLUDE lcsc=C20142823 mpn=AC0805JKNPO0BN472 reasons=stock
[2026-08-19T09:53:03] EXCLUDE lcsc=C21026790 mpn=GRM1555C2A100GA01D reasons=stock
[2026-08-19T09:53:03] EXCLUDE lcsc=C24091609 mpn=C0603C562J5GACTU reasons=packaging
[2026-08-19T09:53:03] EXCLUDE lcsc=C32179026 mpn=GCM1555C2A680JE02D reasons=packaging
[2026-08-19T09:53:03] EXCLUDE lcsc=C35224454 mpn=AC1206KKX7RZBB103 reasons=stock
[2026-08-19T09:53:03] EXCLUDE lcsc=C42097139 mpn=AC1206KKX7R7BB106 reasons=stock
[2026-08-19T09:53:03] SELECT name=1pF_0402 manufacturer=muRata mpn=GCM1555C1H1R0JA16D lcsc=C710646 capacitance=1pF package=0402 voltage=50V tolerance=±5% dielectric=C0G availability=1850
[2026-08-19T09:53:03] SELECT name=1.2pF_0402 manufacturer=muRata mpn=GJM1555C1H1R2JB01D lcsc=C907946 capacitance=1.2pF package=0402 voltage=50V tolerance=±5% dielectric=C0G availability=13300
[2026-08-19T09:53:03] SELECT name=1.5pF_0402 manufacturer=muRata mpn=GCM1555C1H1R5JA16D lcsc=C710647 capacitance=1.5pF package=0402 voltage=50V tolerance=±5% dielectric=C0G availability=7900
[2026-08-19T09:53:03] SELECT name=2.2pF_0402 manufacturer=muRata mpn=GJM1555C1H2R2GB01D lcsc=C1517505 capacitance=2.2pF package=0402 voltage=50V tolerance=±2% dielectric=C0G availability=5980
[2026-08-19T09:53:03] SELECT name=3.3pF_0402 manufacturer=muRata mpn=GCM1555C1H3R3GA16D lcsc=C2941931 capacitance=3.3pF package=0402 voltage=50V tolerance=±2% dielectric=C0G availability=4450
[2026-08-19T09:53:03] SELECT name=3.9pF_0402 manufacturer=muRata mpn=GJM1555C1H3R9GB01D lcsc=C1517504 capacitance=3.9pF package=0402 voltage=50V tolerance=±2% dielectric=C0G availability=6340
[2026-08-19T09:53:03] SELECT name=4pF_0402 manufacturer=muRata mpn=GCM1555C1H4R0JA16D lcsc=C2941929 capacitance=4pF package=0402 voltage=50V tolerance=±5% dielectric=C0G availability=6000
[2026-08-19T09:53:03] SELECT name=4.7pF_0402 manufacturer=muRata mpn=GJM1555C1H4R7GB01D lcsc=C3845983 capacitance=4.7pF package=0402 voltage=50V tolerance=±2% dielectric=C0G availability=14380
[2026-08-19T09:53:03] SELECT name=6pF_0402 manufacturer=muRata mpn=GCM1555C1H6R0FA16D lcsc=C1517815 capacitance=6pF package=0402 voltage=50V tolerance=±1% dielectric=C0G availability=8900
[2026-08-19T09:53:03] SELECT name=6.8pF_0402 manufacturer=muRata mpn=GCM1555C1H6R8FA16D lcsc=C1864373 capacitance=6.8pF package=0402 voltage=50V tolerance=±1% dielectric=C0G availability=17560
[2026-08-19T09:53:03] SELECT name=8pF_0402 manufacturer=muRata mpn=GCM1555C1H8R0FA16D lcsc=C1864375 capacitance=8pF package=0402 voltage=50V tolerance=±1% dielectric=C0G availability=21400
[2026-08-19T09:53:03] SELECT name=10pF_0402 manufacturer=muRata mpn=GQM1555C2D100JB01D lcsc=C2286335 capacitance=10pF package=0402 voltage=200V tolerance=±5% dielectric=C0G availability=5700
[2026-08-19T09:53:03] SELECT name=11pF_0402 manufacturer=muRata mpn=GJM1555C1H110GB01D lcsc=C2169708 capacitance=11pF package=0402 voltage=50V tolerance=±2% dielectric=C0G availability=20360
[2026-08-19T09:53:03] SELECT name=12pF_0402 manufacturer=YAGEO mpn=CC0402FRNPO9BN120 lcsc=C326662 capacitance=12pF package=0402 voltage=50V tolerance=±1% dielectric=NP0 availability=430250
[2026-08-19T09:53:03] SELECT name=13pF_0402 manufacturer=muRata mpn=GJM1555C1H130FB01D lcsc=C161306 capacitance=13pF package=0402 voltage=50V tolerance=±1% dielectric=C0G availability=16350
[2026-08-19T09:53:03] SELECT name=14pF_0402 manufacturer=muRata mpn=GJM1555C1H140FB01D lcsc=C3898691 capacitance=14pF package=0402 voltage=50V tolerance=±1% dielectric=C0G availability=8940
[2026-08-19T09:53:03] SELECT name=15pF_0402 manufacturer=muRata mpn=GRM1555C2A150JA01D lcsc=C440172 capacitance=15pF package=0402 voltage=100V tolerance=±5% dielectric=C0G availability=1950
[2026-08-19T09:53:03] SELECT name=16pF_0402 manufacturer=YAGEO mpn=CC0402FRNPO9BN160 lcsc=C541434 capacitance=16pF package=0402 voltage=50V tolerance=±1% dielectric=NP0 availability=8500
[2026-08-19T09:53:03] SELECT name=17pF_0402 manufacturer=muRata mpn=GJM1555C1H170FB01D lcsc=C1517782 capacitance=17pF package=0402 voltage=50V tolerance=±1% dielectric=C0G availability=7880
[2026-08-19T09:53:03] SELECT name=18pF_0402 manufacturer=muRata mpn=GRM1555C2A180GA01D lcsc=C22216038 capacitance=18pF package=0402 voltage=100V tolerance=±2% dielectric=C0G availability=6650
[2026-08-19T09:53:03] SELECT name=19pF_0402 manufacturer=muRata mpn=GJM1555C1H190GB01D lcsc=C3900904 capacitance=19pF package=0402 voltage=50V tolerance=±2% dielectric=C0G availability=11060
[2026-08-19T09:53:03] SELECT name=20pF_0402 manufacturer=YAGEO mpn=CC0402FRNPO9BN200 lcsc=C327010 capacitance=20pF package=0402 voltage=50V tolerance=±1% dielectric=NP0 availability=35300
[2026-08-19T09:53:03] SELECT name=22pF_0402 manufacturer=muRata mpn=GRM1555C2A220GA01D lcsc=C21611209 capacitance=22pF package=0402 voltage=100V tolerance=±2% dielectric=C0G availability=1950
[2026-08-19T09:53:03] SELECT name=24pF_0402 manufacturer=muRata mpn=GJM1555C1H240FB01D lcsc=C415394 capacitance=24pF package=0402 voltage=50V tolerance=±1% dielectric=C0G availability=23920
[2026-08-19T09:53:03] SELECT name=25pF_0402 manufacturer=YAGEO mpn=CC0402JRNPO9BN250 lcsc=C541363 capacitance=25pF package=0402 voltage=50V tolerance=±5% dielectric=NP0 availability=44300
[2026-08-19T09:53:03] SELECT name=27pF_0402 manufacturer=YAGEO mpn=CC0402FRNPO9BN270 lcsc=C277506 capacitance=27pF package=0402 voltage=50V tolerance=±1% dielectric=NP0 availability=34000
[2026-08-19T09:53:03] SELECT name=30pF_0402 manufacturer=YAGEO mpn=CC0402FRNPO9BN300 lcsc=C526980 capacitance=30pF package=0402 voltage=50V tolerance=±1% dielectric=NP0 availability=224400
[2026-08-19T09:53:03] SELECT name=33pF_0402 manufacturer=muRata mpn=GRM1555C2A330JA01D lcsc=C882539 capacitance=33pF package=0402 voltage=100V tolerance=±5% dielectric=C0G availability=2600
[2026-08-19T09:53:03] SELECT name=36pF_0402 manufacturer=YAGEO mpn=CQ0402FRNPO9BN360 lcsc=C3899281 capacitance=36pF package=0402 voltage=50V tolerance=±1% dielectric=C0G availability=8580
[2026-08-19T09:53:03] SELECT name=39pF_0402 manufacturer=YAGEO mpn=CC0402FRNPO9BN390 lcsc=C327068 capacitance=39pF package=0402 voltage=50V tolerance=±1% dielectric=NP0 availability=107400
[2026-08-19T09:53:03] SELECT name=43pF_0402 manufacturer=muRata mpn=GCM1555C1H430FA16D lcsc=C1864367 capacitance=43pF package=0402 voltage=50V tolerance=±1% dielectric=C0G availability=4700
[2026-08-19T09:53:03] SELECT name=47pF_0402 manufacturer=muRata mpn=GRM1555C2A470GA01D lcsc=C20727560 capacitance=47pF package=0402 voltage=100V tolerance=±2% dielectric=C0G availability=1700
[2026-08-19T09:53:03] SELECT name=50pF_0402 manufacturer=YAGEO mpn=CC0402JRNPO9BN500 lcsc=C576707 capacitance=50pF package=0402 voltage=50V tolerance=±5% dielectric=NP0 availability=7400
[2026-08-19T09:53:03] SELECT name=51pF_0402 manufacturer=YAGEO mpn=CC0402FRNPO9BN510 lcsc=C541437 capacitance=51pF package=0402 voltage=50V tolerance=±1% dielectric=NP0 availability=45350
[2026-08-19T09:53:03] SELECT name=56pF_0402 manufacturer=muRata mpn=GRM1555C2A560GA01D lcsc=C21832726 capacitance=56pF package=0402 voltage=100V tolerance=±2% dielectric=C0G availability=5100
[2026-08-19T09:53:03] SELECT name=62pF_0402 manufacturer=YAGEO mpn=CC0402FRNPO9BN620 lcsc=C541438 capacitance=62pF package=0402 voltage=50V tolerance=±1% dielectric=NP0 availability=14400
[2026-08-19T09:53:03] SELECT name=68pF_0402 manufacturer=muRata mpn=GRM1555C2A680GA01D lcsc=C21794793 capacitance=68pF package=0402 voltage=100V tolerance=±2% dielectric=C0G availability=9550
[2026-08-19T09:53:03] SELECT name=75pF_0402 manufacturer=YAGEO mpn=CC0402FRNPO9BN750 lcsc=C541439 capacitance=75pF package=0402 voltage=50V tolerance=±1% dielectric=NP0 availability=10700
[2026-08-19T09:53:03] SELECT name=82pF_0402 manufacturer=muRata mpn=GRM1555C2A820JA01D lcsc=C3852627 capacitance=82pF package=0402 voltage=100V tolerance=±5% dielectric=C0G availability=3500
[2026-08-19T09:53:03] SELECT name=91pF_0402 manufacturer=YAGEO mpn=CC0402FRNPO9BN910 lcsc=C541440 capacitance=91pF package=0402 voltage=50V tolerance=±1% dielectric=NP0 availability=5200
[2026-08-19T09:53:03] SELECT name=100pF_0402 manufacturer=muRata mpn=GRM1555C2A101GA01D lcsc=C21366878 capacitance=100pF package=0402 voltage=100V tolerance=±2% dielectric=C0G availability=9900
[2026-08-19T09:53:03] SELECT name=110pF_0402 manufacturer=muRata mpn=GCM1555C1H111FA16D lcsc=C1864359 capacitance=110pF package=0402 voltage=50V tolerance=±1% dielectric=C0G availability=10080
[2026-08-19T09:53:03] SELECT name=120pF_0402 manufacturer=YAGEO mpn=CC0402FRNPO9BN121 lcsc=C541468 capacitance=120pF package=0402 voltage=50V tolerance=±1% dielectric=NP0 availability=21300
[2026-08-19T09:53:03] SELECT name=130pF_0402 manufacturer=YAGEO mpn=CC0402JRNPO9BN131 lcsc=C576705 capacitance=130pF package=0402 voltage=50V tolerance=±5% dielectric=NP0 availability=28400
[2026-08-19T09:53:03] SELECT name=150pF_0402 manufacturer=YAGEO mpn=CC0402FRNPO9BN151 lcsc=C541469 capacitance=150pF package=0402 voltage=50V tolerance=±1% dielectric=NP0 availability=91200
[2026-08-19T09:53:03] SELECT name=160pF_0402 manufacturer=muRata mpn=GCM1555C1H161FA16D lcsc=C1864374 capacitance=160pF package=0402 voltage=50V tolerance=±1% dielectric=C0G availability=9780
[2026-08-19T09:53:03] SELECT name=180pF_0402 manufacturer=muRata mpn=GRM1555C2A181JE01D lcsc=C3909570 capacitance=180pF package=0402 voltage=100V tolerance=±5% dielectric=C0G availability=19700
[2026-08-19T09:53:03] SELECT name=200pF_0402 manufacturer=muRata mpn=GRT1555C1H201FA02D lcsc=C3896876 capacitance=200pF package=0402 voltage=50V tolerance=±1% dielectric=C0G availability=2980
[2026-08-19T09:53:03] SELECT name=220pF_0402 manufacturer=muRata mpn=GRM1555C2A221JE01D lcsc=C1518203 capacitance=220pF package=0402 voltage=100V tolerance=±5% dielectric=C0G availability=23800
[2026-08-19T09:53:03] SELECT name=240pF_0402 manufacturer=muRata mpn=GCM1555C1H241FA16D lcsc=C1517814 capacitance=240pF package=0402 voltage=50V tolerance=±1% dielectric=C0G availability=7020
[2026-08-19T09:53:03] SELECT name=270pF_0402 manufacturer=muRata mpn=GCM1555C1H271FA16D lcsc=C882580 capacitance=270pF package=0402 voltage=50V tolerance=±1% dielectric=C0G availability=22140
[2026-08-19T09:53:03] SELECT name=300pF_0402 manufacturer=muRata mpn=GCM1555C1H301FA16D lcsc=C126505 capacitance=300pF package=0402 voltage=50V tolerance=±1% dielectric=C0G availability=7280
[2026-08-19T09:53:03] SELECT name=330pF_0402 manufacturer=KEMET mpn=C0402C331JAGACAUTO lcsc=C2182332 capacitance=330pF package=0402 voltage=250V tolerance=±5% dielectric=C0G availability=11480
[2026-08-19T09:53:03] SELECT name=360pF_0402 manufacturer=muRata mpn=GRM1555C1H361GA01D lcsc=C710845 capacitance=360pF package=0402 voltage=50V tolerance=±2% dielectric=C0G availability=1600
[2026-08-19T09:53:03] SELECT name=390pF_0402 manufacturer=muRata mpn=GRM1555C1H391FA01D lcsc=C162100 capacitance=390pF package=0402 voltage=50V tolerance=±1% dielectric=C0G availability=15500
[2026-08-19T09:53:03] SELECT name=430pF_0402 manufacturer=muRata mpn=GRM1555C1H431JA01D lcsc=C440167 capacitance=430pF package=0402 voltage=50V tolerance=±5% dielectric=C0G availability=2205
[2026-08-19T09:53:03] SELECT name=470pF_0402 manufacturer=muRata mpn=GRM1555C2A471JE01D lcsc=C1518202 capacitance=470pF package=0402 voltage=100V tolerance=±5% dielectric=C0G availability=24300
[2026-08-19T09:53:03] SELECT name=510pF_0402 manufacturer=muRata mpn=GCM1555C1H511JA16D lcsc=C2941935 capacitance=510pF package=0402 voltage=50V tolerance=±5% dielectric=C0G availability=16350
[2026-08-19T09:53:03] SELECT name=560pF_0402 manufacturer=muRata mpn=GRM1555C1H561GA01D lcsc=C440169 capacitance=560pF package=0402 voltage=50V tolerance=±2% dielectric=C0G availability=8100
[2026-08-19T09:53:03] SELECT name=620pF_0402 manufacturer=muRata mpn=GCM1555C1H621FA16D lcsc=C3852727 capacitance=620pF package=0402 voltage=50V tolerance=±1% dielectric=C0G availability=10960
[2026-08-19T09:53:03] SELECT name=680pF_0402 manufacturer=YAGEO mpn=CC0402JRNPO0BN681 lcsc=C7500414 capacitance=680pF package=0402 voltage=100V tolerance=±5% dielectric=NP0 availability=1500
[2026-08-19T09:53:03] SELECT name=750pF_0402 manufacturer=muRata mpn=GCM1555C1H751GA16D lcsc=C3841321 capacitance=750pF package=0402 voltage=50V tolerance=±2% dielectric=C0G availability=7680
[2026-08-19T09:53:03] SELECT name=820pF_0402 manufacturer=muRata mpn=GRM1555C2A821JE01D lcsc=C3878497 capacitance=820pF package=0402 voltage=100V tolerance=±5% dielectric=C0G availability=28850
[2026-08-19T09:53:03] SELECT name=910pF_0402 manufacturer=muRata mpn=GCM1555C1H911JA16D lcsc=C2941944 capacitance=910pF package=0402 voltage=50V tolerance=±5% dielectric=C0G availability=26950
[2026-08-19T09:53:03] SELECT name=1nF_0402 manufacturer=muRata mpn=GRM1555C2A102GE01D lcsc=C3010445 capacitance=1nF package=0402 voltage=100V tolerance=±2% dielectric=C0G availability=11300
[2026-08-19T09:53:03] SELECT name=1.2nF_0402 manufacturer=muRata mpn=GRM1555C1H122GA01D lcsc=C21508747 capacitance=1.2nF package=0402 voltage=50V tolerance=±2% dielectric=C0G availability=2860
[2026-08-19T09:53:03] SELECT name=1.5nF_0402 manufacturer=muRata mpn=GRM1555C1H152GA01D lcsc=C3882814 capacitance=1.5nF package=0402 voltage=50V tolerance=±2% dielectric=C0G availability=3320
[2026-08-19T09:53:03] SELECT name=1.6nF_0402 manufacturer=KEMET mpn=C0402C162J3GACTU lcsc=C6289656 capacitance=1.6nF package=0402 voltage=25V tolerance=±5% dielectric=C0G availability=9640
[2026-08-19T09:53:03] SELECT name=1.8nF_0402 manufacturer=muRata mpn=GRM1555C1H182GA01D lcsc=C22075527 capacitance=1.8nF package=0402 voltage=50V tolerance=±2% dielectric=C0G availability=6700
[2026-08-19T09:53:03] SELECT name=2nF_0402 manufacturer=YAGEO mpn=CC0402KRX7R9BB202 lcsc=C541393 capacitance=2nF package=0402 voltage=50V tolerance=±10% dielectric=X7R availability=6200
[2026-08-19T09:53:03] SELECT name=2.2nF_0402 manufacturer=YAGEO mpn=CC0402KRX7R0BB222 lcsc=C576731 capacitance=2.2nF package=0402 voltage=100V tolerance=±10% dielectric=X7R availability=9100
[2026-08-19T09:53:03] SELECT name=2.7nF_0402 manufacturer=muRata mpn=GRM1555C1H272GE01D lcsc=C3846860 capacitance=2.7nF package=0402 voltage=50V tolerance=±2% dielectric=C0G availability=16760
[2026-08-19T09:53:03] SELECT name=3.3nF_0402 manufacturer=muRata mpn=GRM1555C1H332GE01D lcsc=C3881585 capacitance=3.3nF package=0402 voltage=50V tolerance=±2% dielectric=C0G availability=8200
[2026-08-19T09:53:03] SELECT name=3.9nF_0402 manufacturer=muRata mpn=GRM1555C1H392GE01D lcsc=C3883536 capacitance=3.9nF package=0402 voltage=50V tolerance=±2% dielectric=C0G availability=3020
[2026-08-19T09:53:03] SELECT name=4.7nF_0402 manufacturer=VISHAY mpn=VJ0402Y472JXBAC lcsc=C2234478 capacitance=4.7nF package=0402 voltage=100V tolerance=±5% dielectric=X7R availability=2295
[2026-08-19T09:53:03] SELECT name=5.6nF_0402 manufacturer=muRata mpn=GRM1555C1H562GE01D lcsc=C3878619 capacitance=5.6nF package=0402 voltage=50V tolerance=±2% dielectric=C0G availability=4100
[2026-08-19T09:53:03] SELECT name=6.8nF_0402 manufacturer=muRata mpn=GRM1555C1H682GE01D lcsc=C3856821 capacitance=6.8nF package=0402 voltage=50V tolerance=±2% dielectric=C0G availability=4060
[2026-08-19T09:53:03] SELECT name=8.2nF_0402 manufacturer=YAGEO mpn=CC0402JRX7R9BB822 lcsc=C541457 capacitance=8.2nF package=0402 voltage=50V tolerance=±5% dielectric=X7R availability=28000
[2026-08-19T09:53:03] SELECT name=10nF_0402 manufacturer=YAGEO mpn=CC0402KRX7R0BB103 lcsc=C527014 capacitance=10nF package=0402 voltage=100V tolerance=±10% dielectric=X7R availability=298750
[2026-08-19T09:53:03] SELECT name=12nF_0402 manufacturer=YAGEO mpn=CC0402KRX7R9BB123 lcsc=C576739 capacitance=12nF package=0402 voltage=50V tolerance=±10% dielectric=X7R availability=19800
[2026-08-19T09:53:03] SELECT name=15nF_0402 manufacturer=YAGEO mpn=CC0402KRX7R9BB153 lcsc=C114405 capacitance=15nF package=0402 voltage=50V tolerance=±10% dielectric=X7R availability=717900
[2026-08-19T09:53:03] SELECT name=18nF_0402 manufacturer=YAGEO mpn=CC0402KRX7R9BB183 lcsc=C576740 capacitance=18nF package=0402 voltage=50V tolerance=±10% dielectric=X7R availability=9100
[2026-08-19T09:53:03] SELECT name=22nF_0402 manufacturer=YAGEO mpn=CC0402JRX7R9BB223 lcsc=C541460 capacitance=22nF package=0402 voltage=50V tolerance=±5% dielectric=X7R availability=58300
[2026-08-19T09:53:03] SELECT name=27nF_0402 manufacturer=YAGEO mpn=CC0402KRX7R8BB273 lcsc=C513396 capacitance=27nF package=0402 voltage=25V tolerance=±10% dielectric=X7R availability=9100
[2026-08-19T09:53:03] SELECT name=33nF_0402 manufacturer=YAGEO mpn=CC0402JRX7R9BB333 lcsc=C541463 capacitance=33nF package=0402 voltage=50V tolerance=±5% dielectric=X7R availability=55700
[2026-08-19T09:53:03] SELECT name=39nF_0402 manufacturer=YAGEO mpn=CC0402KRX7R9BB393 lcsc=C5140553 capacitance=39nF package=0402 voltage=50V tolerance=±10% dielectric=X7R availability=32200
[2026-08-19T09:53:03] SELECT name=47nF_0402 manufacturer=YAGEO mpn=CC0402JRX7R9BB473 lcsc=C576715 capacitance=47nF package=0402 voltage=50V tolerance=±5% dielectric=X7R availability=130500
[2026-08-19T09:53:03] SELECT name=56nF_0402 manufacturer=YAGEO mpn=CC0402KRX7R9BB563 lcsc=C5182419 capacitance=56nF package=0402 voltage=50V tolerance=±10% dielectric=X7R availability=81000
[2026-08-19T09:53:03] SELECT name=68nF_0402 manufacturer=YAGEO mpn=CC0402KRX7R9BB683 lcsc=C354977 capacitance=68nF package=0402 voltage=50V tolerance=±10% dielectric=X7R availability=331900
[2026-08-19T09:53:03] SELECT name=100nF_0402 manufacturer=YAGEO mpn=CC0402JRX7R9BB104 lcsc=C5182432 capacitance=100nF package=0402 voltage=50V tolerance=±5% dielectric=X7R availability=361200
[2026-08-19T09:53:03] SELECT name=150nF_0402 manufacturer=YAGEO mpn=CC0402KRX7R7BB154 lcsc=C505466 capacitance=150nF package=0402 voltage=16V tolerance=±10% dielectric=X7R availability=40200
[2026-08-19T09:53:03] SELECT name=220nF_0402 manufacturer=YAGEO mpn=CC0402KRX7R8BB224 lcsc=C723566 capacitance=220nF package=0402 voltage=25V tolerance=±10% dielectric=X7R availability=60040
[2026-08-19T09:53:03] SELECT name=470nF_0402 manufacturer=YAGEO mpn=CC0402KRX7R6BB474 lcsc=C723358 capacitance=470nF package=0402 voltage=10V tolerance=±10% dielectric=X7R availability=26600
[2026-08-19T09:53:03] SELECT name=1uF_0402 manufacturer=YAGEO mpn=CC0402KRX7R6BB105 lcsc=C7500381 capacitance=1uF package=0402 voltage=10V tolerance=±10% dielectric=X7R availability=42160
[2026-08-19T09:53:03] SELECT name=8pF_0603 manufacturer=YAGEO mpn=CC0603JRNPO9BN8R0 lcsc=C1882476 capacitance=8pF package=0603 voltage=50V tolerance=±5% dielectric=NP0 availability=4600
[2026-08-19T09:53:03] SELECT name=10pF_0603 manufacturer=YAGEO mpn=CC0603JRNPOABN100 lcsc=C576820 capacitance=10pF package=0603 voltage=200V tolerance=±5% dielectric=NP0 availability=7000
[2026-08-19T09:53:03] SELECT name=11pF_0603 manufacturer=YAGEO mpn=CC0603JRNPO9BN110 lcsc=C519393 capacitance=11pF package=0603 voltage=50V tolerance=±5% dielectric=NP0 availability=16000
[2026-08-19T09:53:03] SELECT name=12pF_0603 manufacturer=muRata mpn=GQM1875C2E120GB12D lcsc=C2179278 capacitance=12pF package=0603 voltage=250V tolerance=±2% dielectric=C0G availability=2370
[2026-08-19T09:53:03] SELECT name=13pF_0603 manufacturer=muRata mpn=GCM1885C2A130FA16J lcsc=C17495061 capacitance=13pF package=0603 voltage=100V tolerance=±1% dielectric=C0G availability=3140
[2026-08-19T09:53:03] SELECT name=15pF_0603 manufacturer=YAGEO mpn=CC0603JRNPOYBN150 lcsc=C113800 capacitance=15pF package=0603 voltage=250V tolerance=±5% dielectric=NP0 availability=7800
[2026-08-19T09:53:03] SELECT name=16pF_0603 manufacturer=YAGEO mpn=CC0603JRNPO0BN160 lcsc=C527060 capacitance=16pF package=0603 voltage=100V tolerance=±5% dielectric=NP0 availability=1200
[2026-08-19T09:53:03] SELECT name=18pF_0603 manufacturer=YAGEO mpn=CC0603FRNPO0BN180 lcsc=C576769 capacitance=18pF package=0603 voltage=100V tolerance=±1% dielectric=NP0 availability=1140
[2026-08-19T09:53:03] SELECT name=20pF_0603 manufacturer=muRata mpn=GQM1875C2E200GB12D lcsc=C3845779 capacitance=20pF package=0603 voltage=250V tolerance=±2% dielectric=C0G availability=2495
[2026-08-19T09:53:03] SELECT name=22pF_0603 manufacturer=muRata mpn=GQM1875C2E220FB12D lcsc=C2360437 capacitance=22pF package=0603 voltage=250V tolerance=±1% dielectric=C0G availability=5370
[2026-08-19T09:53:03] SELECT name=24pF_0603 manufacturer=muRata mpn=GQM1875C2E240GB12D lcsc=C2336887 capacitance=24pF package=0603 voltage=250V tolerance=±2% dielectric=C0G availability=3990
[2026-08-19T09:53:03] SELECT name=25pF_0603 manufacturer=YAGEO mpn=CC0603JRNPO9BN250 lcsc=C282067 capacitance=25pF package=0603 voltage=50V tolerance=±5% dielectric=NP0 availability=102900
[2026-08-19T09:53:03] SELECT name=27pF_0603 manufacturer=muRata mpn=GQM1875C2E270GB12D lcsc=C3851893 capacitance=27pF package=0603 voltage=250V tolerance=±2% dielectric=C0G availability=7375
[2026-08-19T09:53:03] SELECT name=30pF_0603 manufacturer=muRata mpn=GQM1875C2E300GB12D lcsc=C2336884 capacitance=30pF package=0603 voltage=250V tolerance=±2% dielectric=C0G availability=2810
[2026-08-19T09:53:03] SELECT name=33pF_0603 manufacturer=muRata mpn=GQM1875C2E330FB12D lcsc=C2360428 capacitance=33pF package=0603 voltage=250V tolerance=±1% dielectric=C0G availability=1500
[2026-08-19T09:53:03] SELECT name=36pF_0603 manufacturer=YAGEO mpn=CC0603FRNPO9BN360 lcsc=C519492 capacitance=36pF package=0603 voltage=50V tolerance=±1% dielectric=NP0 availability=12000
[2026-08-19T09:53:03] SELECT name=39pF_0603 manufacturer=muRata mpn=GRM1885C2E390FW07D lcsc=C22124185 capacitance=39pF package=0603 voltage=250V tolerance=±1% dielectric=C0G availability=1225
[2026-08-19T09:53:03] SELECT name=43pF_0603 manufacturer=muRata mpn=GCM1885C2A430FA16D lcsc=C1517830 capacitance=43pF package=0603 voltage=100V tolerance=±1% dielectric=C0G availability=3340
[2026-08-19T09:53:03] SELECT name=47pF_0603 manufacturer=muRata mpn=GQM1875C2E470FB12D lcsc=C2360460 capacitance=47pF package=0603 voltage=250V tolerance=±1% dielectric=C0G availability=1090
[2026-08-19T09:53:03] SELECT name=50pF_0603 manufacturer=YAGEO mpn=CC0603JRNPO9BN500 lcsc=C576819 capacitance=50pF package=0603 voltage=50V tolerance=±5% dielectric=NP0 availability=25900
[2026-08-19T09:53:03] SELECT name=51pF_0603 manufacturer=muRata mpn=GQM1875C2E510FB12D lcsc=C17504198 capacitance=51pF package=0603 voltage=250V tolerance=±1% dielectric=C0G availability=2365
[2026-08-19T09:53:03] SELECT name=56pF_0603 manufacturer=muRata mpn=GCM1885C2A560FA16D lcsc=C1864330 capacitance=56pF package=0603 voltage=100V tolerance=±1% dielectric=C0G availability=5710
[2026-08-19T09:53:03] SELECT name=62pF_0603 manufacturer=YAGEO mpn=CC0603FRNPO9BN620 lcsc=C519495 capacitance=62pF package=0603 voltage=50V tolerance=±1% dielectric=NP0 availability=3100
[2026-08-19T09:53:03] SELECT name=68pF_0603 manufacturer=YAGEO mpn=CC0603JRNPOYBN680 lcsc=C1853752 capacitance=68pF package=0603 voltage=250V tolerance=±5% dielectric=NP0 availability=4050
[2026-08-19T09:53:03] SELECT name=75pF_0603 manufacturer=muRata mpn=GQM1875C2E750FB12D lcsc=C17688280 capacitance=75pF package=0603 voltage=250V tolerance=±1% dielectric=C0G availability=1505
[2026-08-19T09:53:03] SELECT name=82pF_0603 manufacturer=muRata mpn=GQM1875C2E820FB12D lcsc=C17373735 capacitance=82pF package=0603 voltage=250V tolerance=±1% dielectric=C0G availability=2950
[2026-08-19T09:53:03] SELECT name=91pF_0603 manufacturer=muRata mpn=GCM1885C2A910FA16D lcsc=C17252121 capacitance=91pF package=0603 voltage=100V tolerance=±1% dielectric=C0G availability=2595
[2026-08-19T09:53:03] SELECT name=100pF_0603 manufacturer=muRata mpn=GQM1875C2E101GB12D lcsc=C2168333 capacitance=100pF package=0603 voltage=250V tolerance=±2% dielectric=C0G availability=1970
[2026-08-19T09:53:03] SELECT name=110pF_0603 manufacturer=YAGEO mpn=CC0603FRNPO9BN111 lcsc=C519568 capacitance=110pF package=0603 voltage=50V tolerance=±1% dielectric=NP0 availability=3800
[2026-08-19T09:53:03] SELECT name=120pF_0603 manufacturer=muRata mpn=GCM1885C2A121FA16D lcsc=C1864338 capacitance=120pF package=0603 voltage=100V tolerance=±1% dielectric=C0G availability=2910
[2026-08-19T09:53:03] SELECT name=130pF_0603 manufacturer=YAGEO mpn=CC0603GRNPO9BN131 lcsc=C519476 capacitance=130pF package=0603 voltage=50V tolerance=±2% dielectric=NP0 availability=5150
[2026-08-19T09:53:03] SELECT name=150pF_0603 manufacturer=YAGEO mpn=CC0603FRNPO0BN151 lcsc=C527041 capacitance=150pF package=0603 voltage=100V tolerance=±1% dielectric=NP0 availability=5100
[2026-08-19T09:53:03] SELECT name=160pF_0603 manufacturer=YAGEO mpn=CC0603GRNPO9BN161 lcsc=C3860559 capacitance=160pF package=0603 voltage=50V tolerance=±2% dielectric=C0G availability=4300
[2026-08-19T09:53:03] SELECT name=180pF_0603 manufacturer=YAGEO mpn=CC0603FRNPO0BN181 lcsc=C576770 capacitance=180pF package=0603 voltage=100V tolerance=±1% dielectric=NP0 availability=8060
[2026-08-19T09:53:03] SELECT name=200pF_0603 manufacturer=muRata mpn=GCM1885C2A201FA16J lcsc=C1864235 capacitance=200pF package=0603 voltage=100V tolerance=±1% dielectric=C0G availability=1670
[2026-08-19T09:53:03] SELECT name=220pF_0603 manufacturer=KEMET mpn=C0603C221JDGACAUTO lcsc=C2177385 capacitance=220pF package=0603 voltage=1kV tolerance=±5% dielectric=C0G availability=2905
[2026-08-19T09:53:03] SELECT name=240pF_0603 manufacturer=YAGEO mpn=CC0603JRNPO9BN241 lcsc=C519400 capacitance=240pF package=0603 voltage=50V tolerance=±5% dielectric=NP0 availability=1900
[2026-08-19T09:53:03] SELECT name=270pF_0603 manufacturer=Kyocera AVX mpn=06031A271JAT2A lcsc=C597078 capacitance=270pF package=0603 voltage=100V tolerance=±5% dielectric=C0G availability=12020
[2026-08-19T09:53:03] SELECT name=300pF_0603 manufacturer=YAGEO mpn=CC0603FRNPO9BN301 lcsc=C1853096 capacitance=300pF package=0603 voltage=50V tolerance=±1% dielectric=NP0 availability=8050
[2026-08-19T09:53:03] SELECT name=330pF_0603 manufacturer=YAGEO mpn=CC0603JRNPOYBN331 lcsc=C576828 capacitance=330pF package=0603 voltage=250V tolerance=±5% dielectric=NP0 availability=3800
[2026-08-19T09:53:03] SELECT name=360pF_0603 manufacturer=YAGEO mpn=CC0603JRNPO9BN361 lcsc=C513587 capacitance=360pF package=0603 voltage=50V tolerance=±5% dielectric=NP0 availability=18100
[2026-08-19T09:53:03] SELECT name=390pF_0603 manufacturer=YAGEO mpn=CC0603FRNPO9BN391 lcsc=C519563 capacitance=390pF package=0603 voltage=50V tolerance=±1% dielectric=NP0 availability=9780
[2026-08-19T09:53:03] SELECT name=430pF_0603 manufacturer=muRata mpn=GRM1885C2A431JA01D lcsc=C415387 capacitance=430pF package=0603 voltage=100V tolerance=±5% dielectric=C0G availability=1580
[2026-08-19T09:53:03] SELECT name=470pF_0603 manufacturer=YAGEO mpn=CC0603JRNPOABN471 lcsc=C527068 capacitance=470pF package=0603 voltage=200V tolerance=±5% dielectric=NP0 availability=4200
[2026-08-19T09:53:03] SELECT name=500pF_0603 manufacturer=YAGEO mpn=CC0603JRNPO9BN501 lcsc=C3879676 capacitance=500pF package=0603 voltage=50V tolerance=±5% dielectric=C0G availability=6900
[2026-08-19T09:53:03] SELECT name=510pF_0603 manufacturer=YAGEO mpn=CC0603FRNPO9BN511 lcsc=C519572 capacitance=510pF package=0603 voltage=50V tolerance=±1% dielectric=NP0 availability=1850
[2026-08-19T09:53:03] SELECT name=560pF_0603 manufacturer=muRata mpn=GCM1885C2A561FA16D lcsc=C1864333 capacitance=560pF package=0603 voltage=100V tolerance=±1% dielectric=C0G availability=1230
[2026-08-19T09:53:03] SELECT name=620pF_0603 manufacturer=YAGEO mpn=CC0603JRNPO9BN621 lcsc=C325470 capacitance=620pF package=0603 voltage=50V tolerance=±5% dielectric=NP0 availability=53100
[2026-08-19T09:53:03] SELECT name=680pF_0603 manufacturer=YAGEO mpn=CC0603JRNPOYBN681 lcsc=C576830 capacitance=680pF package=0603 voltage=250V tolerance=±5% dielectric=NP0 availability=1500
[2026-08-19T09:53:03] SELECT name=750pF_0603 manufacturer=muRata mpn=GCM1885C2A751FA16J lcsc=C17578242 capacitance=750pF package=0603 voltage=100V tolerance=±1% dielectric=C0G availability=3050
[2026-08-19T09:53:03] SELECT name=820pF_0603 manufacturer=YAGEO mpn=CC0603JRNPO0BN821 lcsc=C576811 capacitance=820pF package=0603 voltage=100V tolerance=±5% dielectric=NP0 availability=3800
[2026-08-19T09:53:03] SELECT name=1nF_0603 manufacturer=YAGEO mpn=CC0603KRX7RYBB102 lcsc=C277510 capacitance=1nF package=0603 voltage=250V tolerance=±10% dielectric=X7R availability=171200
[2026-08-19T09:53:03] SELECT name=1.1nF_0603 manufacturer=muRata mpn=GRM1885C1H112JA01D lcsc=C710889 capacitance=1.1nF package=0603 voltage=50V tolerance=±5% dielectric=C0G availability=3020
[2026-08-19T09:53:03] SELECT name=1.2nF_0603 manufacturer=muRata mpn=GCM1885C1H122FA16D lcsc=C1517816 capacitance=1.2nF package=0603 voltage=50V tolerance=±1% dielectric=C0G availability=2220
[2026-08-19T09:53:03] SELECT name=1.3nF_0603 manufacturer=muRata mpn=GRM1885C1H132JA01D lcsc=C185598 capacitance=1.3nF package=0603 voltage=50V tolerance=±5% dielectric=C0G availability=26400
[2026-08-19T09:53:03] SELECT name=1.5nF_0603 manufacturer=muRata mpn=GRM1885C2A152JA01D lcsc=C710906 capacitance=1.5nF package=0603 voltage=100V tolerance=±5% dielectric=C0G availability=2700
[2026-08-19T09:53:03] SELECT name=1.6nF_0603 manufacturer=muRata mpn=GRM1885C1H162JA01D lcsc=C437532 capacitance=1.6nF package=0603 voltage=50V tolerance=±5% dielectric=C0G availability=7200
[2026-08-19T09:53:03] SELECT name=1.8nF_0603 manufacturer=YAGEO mpn=CC0603FRNPO9BN182 lcsc=C5182459 capacitance=1.8nF package=0603 voltage=50V tolerance=±1% dielectric=NP0 availability=7420
[2026-08-19T09:53:03] SELECT name=2nF_0603 manufacturer=muRata mpn=GCM1885C1H202FA16J lcsc=C1870141 capacitance=2nF package=0603 voltage=50V tolerance=±1% dielectric=C0G availability=6050
[2026-08-19T09:53:03] SELECT name=2.2nF_0603 manufacturer=YAGEO mpn=CC0603KRX7RYBB222 lcsc=C576857 capacitance=2.2nF package=0603 voltage=250V tolerance=±10% dielectric=X7R availability=4400
[2026-08-19T09:53:03] SELECT name=2.4nF_0603 manufacturer=muRata mpn=GRM1885C1H242JA01D lcsc=C710895 capacitance=2.4nF package=0603 voltage=50V tolerance=±5% dielectric=C0G availability=1360
[2026-08-19T09:53:03] SELECT name=2.7nF_0603 manufacturer=muRata mpn=GRM1885C1H272JA01D lcsc=C77034 capacitance=2.7nF package=0603 voltage=50V tolerance=±5% dielectric=C0G availability=18350
[2026-08-19T09:53:03] SELECT name=3nF_0603 manufacturer=muRata mpn=GRM1885C1H302JA01D lcsc=C701288 capacitance=3nF package=0603 voltage=50V tolerance=±5% dielectric=C0G availability=5740
[2026-08-19T09:53:03] SELECT name=3.3nF_0603 manufacturer=muRata mpn=GCM1885C1H332FA16D lcsc=C3877267 capacitance=3.3nF package=0603 voltage=50V tolerance=±1% dielectric=C0G availability=4180
[2026-08-19T09:53:03] SELECT name=3.6nF_0603 manufacturer=muRata mpn=GRM1885C1H362JA01D lcsc=C710898 capacitance=3.6nF package=0603 voltage=50V tolerance=±5% dielectric=C0G availability=3980
[2026-08-19T09:53:03] SELECT name=3.9nF_0603 manufacturer=muRata mpn=GCM1885C1H392FA16J lcsc=C3905874 capacitance=3.9nF package=0603 voltage=50V tolerance=±1% dielectric=C0G availability=1330
[2026-08-19T09:53:03] SELECT name=4.3nF_0603 manufacturer=muRata mpn=GCM1885C1H432JA16D lcsc=C3885982 capacitance=4.3nF package=0603 voltage=50V tolerance=±5% dielectric=C0G availability=3030
[2026-08-19T09:53:03] SELECT name=4.7nF_0603 manufacturer=YAGEO mpn=CC0603KRX7RABB472 lcsc=C596328 capacitance=4.7nF package=0603 voltage=200V tolerance=±10% dielectric=X7R availability=4600
[2026-08-19T09:53:03] SELECT name=5.1nF_0603 manufacturer=muRata mpn=GCM1885C1H512JA16D lcsc=C3884201 capacitance=5.1nF package=0603 voltage=50V tolerance=±5% dielectric=C0G availability=3790
[2026-08-19T09:53:03] SELECT name=5.6nF_0603 manufacturer=muRata mpn=GRM1885C1H562JA01D lcsc=C440183 capacitance=5.6nF package=0603 voltage=50V tolerance=±5% dielectric=C0G availability=23450
[2026-08-19T09:53:03] SELECT name=6.2nF_0603 manufacturer=KEMET mpn=C0603C622J5GACTU lcsc=C22390273 capacitance=6.2nF package=0603 voltage=50V tolerance=±5% dielectric=C0G availability=2840
[2026-08-19T09:53:03] SELECT name=6.8nF_0603 manufacturer=YAGEO mpn=CC0603KRX7R0BB682 lcsc=C576854 capacitance=6.8nF package=0603 voltage=100V tolerance=±10% dielectric=X7R availability=12550
[2026-08-19T09:53:03] SELECT name=7.5nF_0603 manufacturer=muRata mpn=GRM1885C1H752JA01D lcsc=C907758 capacitance=7.5nF package=0603 voltage=50V tolerance=±5% dielectric=C0G availability=3640
[2026-08-19T09:53:03] SELECT name=8.2nF_0603 manufacturer=muRata mpn=GRM1885C1H822JA01D lcsc=C162249 capacitance=8.2nF package=0603 voltage=50V tolerance=±5% dielectric=C0G availability=19260
[2026-08-19T09:53:03] SELECT name=9.1nF_0603 manufacturer=muRata mpn=GCM1885C1H912JA16D lcsc=C3864106 capacitance=9.1nF package=0603 voltage=50V tolerance=±5% dielectric=C0G availability=4000
[2026-08-19T09:53:03] SELECT name=10nF_0603 manufacturer=YAGEO mpn=AC0603JRX7R0BB103 lcsc=C1853238 capacitance=10nF package=0603 voltage=100V tolerance=±5% dielectric=X7R availability=4750
[2026-08-19T09:53:03] SELECT name=12nF_0603 manufacturer=YAGEO mpn=CC0603KRX7R9BB123 lcsc=C107074 capacitance=12nF package=0603 voltage=50V tolerance=±10% dielectric=X7R availability=9900
[2026-08-19T09:53:03] SELECT name=15nF_0603 manufacturer=YAGEO mpn=CC0603KRX7R0BB153 lcsc=C576847 capacitance=15nF package=0603 voltage=100V tolerance=±10% dielectric=X7R availability=4100
[2026-08-19T09:53:03] SELECT name=18nF_0603 manufacturer=YAGEO mpn=CC0603KRX7R9BB183 lcsc=C107079 capacitance=18nF package=0603 voltage=50V tolerance=±10% dielectric=X7R availability=80200
[2026-08-19T09:53:03] SELECT name=20nF_0603 manufacturer=YAGEO mpn=CC0603KRX7R9BB203 lcsc=C282065 capacitance=20nF package=0603 voltage=50V tolerance=±10% dielectric=X7R availability=67900
[2026-08-19T09:53:03] SELECT name=22nF_0603 manufacturer=YAGEO mpn=CC0603KRX7R0BB223 lcsc=C313105 capacitance=22nF package=0603 voltage=100V tolerance=±10% dielectric=X7R availability=95100
[2026-08-19T09:53:03] SELECT name=27nF_0603 manufacturer=YAGEO mpn=CC0603KRX7R9BB273 lcsc=C107086 capacitance=27nF package=0603 voltage=50V tolerance=±10% dielectric=X7R availability=400500
[2026-08-19T09:53:03] SELECT name=33nF_0603 manufacturer=YAGEO mpn=CC0603KRX7R0BB333 lcsc=C576851 capacitance=33nF package=0603 voltage=100V tolerance=±10% dielectric=X7R availability=3350
[2026-08-19T09:53:03] SELECT name=39nF_0603 manufacturer=YAGEO mpn=CC0603JRX7R9BB393 lcsc=C519553 capacitance=39nF package=0603 voltage=50V tolerance=±5% dielectric=X7R availability=1200
[2026-08-19T09:53:03] SELECT name=47nF_0603 manufacturer=YAGEO mpn=CC0603KRX7R0BB473 lcsc=C576852 capacitance=47nF package=0603 voltage=100V tolerance=±10% dielectric=X7R availability=208700
[2026-08-19T09:53:03] SELECT name=56nF_0603 manufacturer=YAGEO mpn=CC0603KRX7R9BB563 lcsc=C282072 capacitance=56nF package=0603 voltage=50V tolerance=±10% dielectric=X7R availability=194000
[2026-08-19T09:53:03] SELECT name=68nF_0603 manufacturer=YAGEO mpn=CC0603KRX7R0BB683 lcsc=C3891122 capacitance=68nF package=0603 voltage=100V tolerance=±10% dielectric=X7R availability=3350
[2026-08-19T09:53:03] SELECT name=82nF_0603 manufacturer=YAGEO mpn=CC0603KRX7R9BB823 lcsc=C107100 capacitance=82nF package=0603 voltage=50V tolerance=±10% dielectric=X7R availability=268350
[2026-08-19T09:53:03] SELECT name=100nF_0603 manufacturer=YAGEO mpn=CC0603KRX7R0BB104 lcsc=C113803 capacitance=100nF package=0603 voltage=100V tolerance=±10% dielectric=X7R availability=983300
[2026-08-19T09:53:03] SELECT name=120nF_0603 manufacturer=YAGEO mpn=CC0603KRX7R9BB124 lcsc=C519444 capacitance=120nF package=0603 voltage=50V tolerance=±10% dielectric=X7R availability=1650
[2026-08-19T09:53:03] SELECT name=150nF_0603 manufacturer=YAGEO mpn=CC0603KRX7R9BB154 lcsc=C513735 capacitance=150nF package=0603 voltage=50V tolerance=±10% dielectric=X7R availability=336950
[2026-08-19T09:53:03] SELECT name=180nF_0603 manufacturer=YAGEO mpn=AC0603KRX7R8BB184 lcsc=C1853648 capacitance=180nF package=0603 voltage=25V tolerance=±10% dielectric=X7R availability=2550
[2026-08-19T09:53:03] SELECT name=220nF_0603 manufacturer=YAGEO mpn=CC0603JRX7R9BB224 lcsc=C519575 capacitance=220nF package=0603 voltage=50V tolerance=±5% dielectric=X7R availability=98220
[2026-08-19T09:53:03] SELECT name=270nF_0603 manufacturer=YAGEO mpn=CC0603KRX7R7BB274 lcsc=C519443 capacitance=270nF package=0603 voltage=16V tolerance=±10% dielectric=X7R availability=5650
[2026-08-19T09:53:03] SELECT name=330nF_0603 manufacturer=YAGEO mpn=CC0603JRX7R8BB334 lcsc=C519579 capacitance=330nF package=0603 voltage=25V tolerance=±5% dielectric=X7R availability=7300
[2026-08-19T09:53:03] SELECT name=470nF_0603 manufacturer=YAGEO mpn=CC0603KRX7R9BB474 lcsc=C513577 capacitance=470nF package=0603 voltage=50V tolerance=±10% dielectric=X7R availability=1033880
[2026-08-19T09:53:03] SELECT name=680nF_0603 manufacturer=YAGEO mpn=CC0603KRX7R8BB684 lcsc=C2838708 capacitance=680nF package=0603 voltage=25V tolerance=±10% dielectric=X7R availability=70300
[2026-08-19T09:53:03] SELECT name=1uF_0603 manufacturer=YAGEO mpn=CC0603KRX7R9BB105 lcsc=C559769 capacitance=1uF package=0603 voltage=50V tolerance=±10% dielectric=X7R availability=219020
[2026-08-19T09:53:03] SELECT name=2.2uF_0603 manufacturer=YAGEO mpn=CC0603KRX7R7BB225 lcsc=C914769 capacitance=2.2uF package=0603 voltage=16V tolerance=±10% dielectric=X7R availability=104880
[2026-08-19T09:53:03] SELECT name=8.2pF_0805 manufacturer=Kyocera AVX mpn=08055A8R2JAT2A lcsc=C1856386 capacitance=8.2pF package=0805 voltage=50V tolerance=±5% dielectric=C0G availability=3198
[2026-08-19T09:53:03] SELECT name=10pF_0805 manufacturer=KEMET mpn=C0805C100JDGACTU lcsc=C2167488 capacitance=10pF package=0805 voltage=1kV tolerance=±5% dielectric=C0G availability=2130
[2026-08-19T09:53:03] SELECT name=12pF_0805 manufacturer=YAGEO mpn=CC0805JRNPO0BN120 lcsc=C576951 capacitance=12pF package=0805 voltage=100V tolerance=±5% dielectric=NP0 availability=3100
[2026-08-19T09:53:03] SELECT name=13pF_0805 manufacturer=YAGEO mpn=CC0805JRNPO9BN130 lcsc=C519918 capacitance=13pF package=0805 voltage=50V tolerance=±5% dielectric=NP0 availability=3400
[2026-08-19T09:53:03] SELECT name=14pF_0805 manufacturer=YAGEO mpn=CC0805JRNPO9BN140 lcsc=C519919 capacitance=14pF package=0805 voltage=50V tolerance=±5% dielectric=NP0 availability=1800
[2026-08-19T09:53:03] SELECT name=15pF_0805 manufacturer=YAGEO mpn=CC0805JRNPOCBN150 lcsc=C726621 capacitance=15pF package=0805 voltage=1kV tolerance=±5% dielectric=NP0 availability=2270
[2026-08-19T09:53:03] SELECT name=16pF_0805 manufacturer=YAGEO mpn=CC0805JRNPO9BN160 lcsc=C519920 capacitance=16pF package=0805 voltage=50V tolerance=±5% dielectric=NP0 availability=4700
[2026-08-19T09:53:03] SELECT name=18pF_0805 manufacturer=muRata mpn=GQM2195C2E180JB12D lcsc=C2181354 capacitance=18pF package=0805 voltage=250V tolerance=±5% dielectric=C0G availability=3890
[2026-08-19T09:53:03] SELECT name=20pF_0805 manufacturer=muRata mpn=GQM2195C2E200JB12D lcsc=C2330452 capacitance=20pF package=0805 voltage=250V tolerance=±5% dielectric=C0G availability=2085
[2026-08-19T09:53:03] SELECT name=22pF_0805 manufacturer=YAGEO mpn=CC0805JRNPOCBN220 lcsc=C113840 capacitance=22pF package=0805 voltage=1kV tolerance=±5% dielectric=NP0 availability=11720
[2026-08-19T09:53:03] SELECT name=24pF_0805 manufacturer=YAGEO mpn=CC0805JRNPO9BN240 lcsc=C113827 capacitance=24pF package=0805 voltage=50V tolerance=±5% dielectric=NP0 availability=4150
[2026-08-19T09:53:03] SELECT name=25pF_0805 manufacturer=YAGEO mpn=CC0805JRNPO9BN250 lcsc=C327030 capacitance=25pF package=0805 voltage=50V tolerance=±5% dielectric=NP0 availability=2900
[2026-08-19T09:53:03] SELECT name=27pF_0805 manufacturer=muRata mpn=GRM21A5C2E270JW01D lcsc=C710969 capacitance=27pF package=0805 voltage=250V tolerance=±5% dielectric=C0G availability=4210
[2026-08-19T09:53:03] SELECT name=30pF_0805 manufacturer=YAGEO mpn=CC0805JRNPO9BN300 lcsc=C107114 capacitance=30pF package=0805 voltage=50V tolerance=±5% dielectric=NP0 availability=368300
[2026-08-19T09:53:03] SELECT name=33pF_0805 manufacturer=YAGEO mpn=CC0805JRNPOBBN330 lcsc=C113838 capacitance=33pF package=0805 voltage=500V tolerance=±5% dielectric=NP0 availability=6700
[2026-08-19T09:53:03] SELECT name=36pF_0805 manufacturer=YAGEO mpn=CC0805FRNPO9BN360 lcsc=C541518 capacitance=36pF package=0805 voltage=50V tolerance=±1% dielectric=NP0 availability=2860
[2026-08-19T09:53:03] SELECT name=39pF_0805 manufacturer=muRata mpn=GQM2195C2E390JB12D lcsc=C668331 capacitance=39pF package=0805 voltage=250V tolerance=±5% dielectric=C0G availability=2680
[2026-08-19T09:53:03] SELECT name=43pF_0805 manufacturer=YAGEO mpn=CC0805JRNPO9BN430 lcsc=C519921 capacitance=43pF package=0805 voltage=50V tolerance=±5% dielectric=NP0 availability=21850
[2026-08-19T09:53:03] SELECT name=47pF_0805 manufacturer=YAGEO mpn=CC0805JRNPOCBN470 lcsc=C326634 capacitance=47pF package=0805 voltage=1kV tolerance=±5% dielectric=NP0 availability=1800
[2026-08-19T09:53:03] SELECT name=51pF_0805 manufacturer=YAGEO mpn=CC0805JRNPO9BN510 lcsc=C113830 capacitance=51pF package=0805 voltage=50V tolerance=±5% dielectric=NP0 availability=21250
[2026-08-19T09:53:03] SELECT name=56pF_0805 manufacturer=muRata mpn=GRM21A5C2E560JW01D lcsc=C913752 capacitance=56pF package=0805 voltage=250V tolerance=±5% dielectric=C0G availability=3070
[2026-08-19T09:53:03] SELECT name=68pF_0805 manufacturer=muRata mpn=GRM21A5C2J680JWA1D lcsc=C162306 capacitance=68pF package=0805 voltage=630V tolerance=±5% dielectric=C0G availability=1060
[2026-08-19T09:53:03] SELECT name=75pF_0805 manufacturer=YAGEO mpn=CC0805FRNPO9BN750 lcsc=C541521 capacitance=75pF package=0805 voltage=50V tolerance=±1% dielectric=NP0 availability=4960
[2026-08-19T09:53:03] SELECT name=82pF_0805 manufacturer=YAGEO mpn=CC0805JRNPOBBN820 lcsc=C3836573 capacitance=82pF package=0805 voltage=500V tolerance=±5% dielectric=C0G availability=7550
[2026-08-19T09:53:03] SELECT name=91pF_0805 manufacturer=YAGEO mpn=CC0805JRNPO9BN910 lcsc=C519923 capacitance=91pF package=0805 voltage=50V tolerance=±5% dielectric=NP0 availability=2300
[2026-08-19T09:53:03] SELECT name=100pF_0805 manufacturer=YAGEO mpn=CC0805JRNPOBBN101 lcsc=C107122 capacitance=100pF package=0805 voltage=500V tolerance=±5% dielectric=NP0 availability=127850
[2026-08-19T09:53:03] SELECT name=120pF_0805 manufacturer=YAGEO mpn=CC0805JRNPOBBN121 lcsc=C527211 capacitance=120pF package=0805 voltage=500V tolerance=±5% dielectric=NP0 availability=4100
[2026-08-19T09:53:03] SELECT name=130pF_0805 manufacturer=YAGEO mpn=CC0805JRNPO9BN131 lcsc=C520003 capacitance=130pF package=0805 voltage=50V tolerance=±5% dielectric=NP0 availability=4600
[2026-08-19T09:53:03] SELECT name=150pF_0805 manufacturer=YAGEO mpn=CC0805JRNPOBBN151 lcsc=C576975 capacitance=150pF package=0805 voltage=500V tolerance=±5% dielectric=NP0 availability=4050
[2026-08-19T09:53:03] SELECT name=160pF_0805 manufacturer=YAGEO mpn=CC0805JRNPO9BN161 lcsc=C1853295 capacitance=160pF package=0805 voltage=50V tolerance=±5% dielectric=NP0 availability=13150
[2026-08-19T09:53:03] SELECT name=180pF_0805 manufacturer=YAGEO mpn=CC0805JRNPO9BN181 lcsc=C113826 capacitance=180pF package=0805 voltage=50V tolerance=±5% dielectric=NP0 availability=39000
[2026-08-19T09:53:03] SELECT name=200pF_0805 manufacturer=YAGEO mpn=CC0805FRNPO9BN201 lcsc=C541566 capacitance=200pF package=0805 voltage=50V tolerance=±1% dielectric=NP0 availability=3750
[2026-08-19T09:53:03] SELECT name=220pF_0805 manufacturer=YAGEO mpn=CC0805JRNPOBBN221 lcsc=C576977 capacitance=220pF package=0805 voltage=500V tolerance=±5% dielectric=NP0 availability=14100
[2026-08-19T09:53:03] SELECT name=240pF_0805 manufacturer=muRata mpn=GRM2165C2A241JA01D lcsc=C185600 capacitance=240pF package=0805 voltage=100V tolerance=±5% dielectric=C0G availability=1435
[2026-08-19T09:53:03] SELECT name=270pF_0805 manufacturer=YAGEO mpn=CC0805JRNPO0BN271 lcsc=C107106 capacitance=270pF package=0805 voltage=100V tolerance=±5% dielectric=NP0 availability=14050
[2026-08-19T09:53:03] SELECT name=300pF_0805 manufacturer=YAGEO mpn=CC0805JRNPO9BN301 lcsc=C113829 capacitance=300pF package=0805 voltage=50V tolerance=±5% dielectric=NP0 availability=2900
[2026-08-19T09:53:03] SELECT name=330pF_0805 manufacturer=YAGEO mpn=CC0805KRX7RCBB331 lcsc=C577028 capacitance=330pF package=0805 voltage=1kV tolerance=±10% dielectric=X7R availability=1460
[2026-08-19T09:53:03] SELECT name=360pF_0805 manufacturer=YAGEO mpn=CC0805JRNPO9BN361 lcsc=C327150 capacitance=360pF package=0805 voltage=50V tolerance=±5% dielectric=NP0 availability=3150
[2026-08-19T09:53:03] SELECT name=390pF_0805 manufacturer=YAGEO mpn=CC0805KRX7RYBB391 lcsc=C527236 capacitance=390pF package=0805 voltage=250V tolerance=±10% dielectric=X7R availability=3350
[2026-08-19T09:53:03] SELECT name=430pF_0805 manufacturer=YAGEO mpn=CC0805JRNPO9BN431 lcsc=C520006 capacitance=430pF package=0805 voltage=50V tolerance=±5% dielectric=NP0 availability=3950
[2026-08-19T09:53:03] SELECT name=470pF_0805 manufacturer=YAGEO mpn=CC0805KRX7RCBB471 lcsc=C577029 capacitance=470pF package=0805 voltage=1kV tolerance=±10% dielectric=X7R availability=3120
[2026-08-19T09:53:03] SELECT name=510pF_0805 manufacturer=YAGEO mpn=CC0805JRNPO9BN511 lcsc=C309486 capacitance=510pF package=0805 voltage=50V tolerance=±5% dielectric=NP0 availability=4350
[2026-08-19T09:53:03] SELECT name=560pF_0805 manufacturer=YAGEO mpn=CC0805JRNPOYBN561 lcsc=C576987 capacitance=560pF package=0805 voltage=250V tolerance=±5% dielectric=NP0 availability=3750
[2026-08-19T09:53:03] SELECT name=620pF_0805 manufacturer=YAGEO mpn=CC0805FRNPO9BN621 lcsc=C541568 capacitance=620pF package=0805 voltage=50V tolerance=±1% dielectric=NP0 availability=2060
[2026-08-19T09:53:03] SELECT name=680pF_0805 manufacturer=YAGEO mpn=CC0805JKNPOBBN681 lcsc=C1853923 capacitance=680pF package=0805 voltage=500V tolerance=±5% dielectric=NP0 availability=3930
[2026-08-19T09:53:03] SELECT name=750pF_0805 manufacturer=YAGEO mpn=CC0805JRNPO9BN751 lcsc=C520008 capacitance=750pF package=0805 voltage=50V tolerance=±5% dielectric=NP0 availability=2400
[2026-08-19T09:53:03] SELECT name=820pF_0805 manufacturer=YAGEO mpn=CC0805FRNPO9BN821 lcsc=C527190 capacitance=820pF package=0805 voltage=50V tolerance=±1% dielectric=NP0 availability=3340
[2026-08-19T09:53:03] SELECT name=910pF_0805 manufacturer=KEMET mpn=C0805C911J5GACTU lcsc=C32964719 capacitance=910pF package=0805 voltage=50V tolerance=±5% dielectric=C0G availability=4000
[2026-08-19T09:53:03] SELECT name=1nF_0805 manufacturer=YAGEO mpn=CC0805KRX7RCBB102 lcsc=C309495 capacitance=1nF package=0805 voltage=1kV tolerance=±10% dielectric=X7R availability=201840
[2026-08-19T09:53:03] SELECT name=1.1nF_0805 manufacturer=muRata mpn=GRM2165C1H112JA01D lcsc=C426328 capacitance=1.1nF package=0805 voltage=50V tolerance=±5% dielectric=C0G availability=3040
[2026-08-19T09:53:03] SELECT name=1.2nF_0805 manufacturer=YAGEO mpn=CC0805KRX7RYBB122 lcsc=C726625 capacitance=1.2nF package=0805 voltage=250V tolerance=±10% dielectric=X7R availability=2350
[2026-08-19T09:53:03] SELECT name=1.3nF_0805 manufacturer=muRata mpn=GRM2165C2A132JA01D lcsc=C710937 capacitance=1.3nF package=0805 voltage=100V tolerance=±5% dielectric=C0G availability=1680
[2026-08-19T09:53:03] SELECT name=1.5nF_0805 manufacturer=YAGEO mpn=CC0805JRX7RABB152 lcsc=C1854493 capacitance=1.5nF package=0805 voltage=200V tolerance=±5% dielectric=X7R availability=3950
[2026-08-19T09:53:03] SELECT name=1.8nF_0805 manufacturer=KEMET mpn=C0805C182J2GACAUTO lcsc=C2174465 capacitance=1.8nF package=0805 voltage=200V tolerance=±5% dielectric=C0G availability=2430
[2026-08-19T09:53:03] SELECT name=2nF_0805 manufacturer=muRata mpn=GRM2165C2A202JA01D lcsc=C710939 capacitance=2nF package=0805 voltage=100V tolerance=±5% dielectric=C0G availability=4760
[2026-08-19T09:53:03] SELECT name=2.2nF_0805 manufacturer=muRata mpn=GRM21B5C2J222FWAAL lcsc=C3847066 capacitance=2.2nF package=0805 voltage=630V tolerance=±1% dielectric=C0G availability=2725
[2026-08-19T09:53:03] SELECT name=2.4nF_0805 manufacturer=muRata mpn=GRM2165C1H242JA01D lcsc=C710933 capacitance=2.4nF package=0805 voltage=50V tolerance=±5% dielectric=C0G availability=9940
[2026-08-19T09:53:03] SELECT name=2.7nF_0805 manufacturer=muRata mpn=GRM2165C1H272FA01D lcsc=C2987938 capacitance=2.7nF package=0805 voltage=50V tolerance=±1% dielectric=C0G availability=3775
[2026-08-19T09:53:03] SELECT name=3.3nF_0805 manufacturer=YAGEO mpn=CC0805KRX7RBBB332 lcsc=C577024 capacitance=3.3nF package=0805 voltage=500V tolerance=±10% dielectric=X7R availability=3500
[2026-08-19T09:53:03] SELECT name=3.9nF_0805 manufacturer=YAGEO mpn=CC0805FKNPO9BN392 lcsc=C541576 capacitance=3.9nF package=0805 voltage=50V tolerance=±1% dielectric=NP0 availability=3155
[2026-08-19T09:53:03] SELECT name=4.3nF_0805 manufacturer=muRata mpn=GRM2165C1H432JA01D lcsc=C710936 capacitance=4.3nF package=0805 voltage=50V tolerance=±5% dielectric=C0G availability=2180
[2026-08-19T09:53:03] SELECT name=4.7nF_0805 manufacturer=YAGEO mpn=CC0805KRX7RBBB472 lcsc=C113868 capacitance=4.7nF package=0805 voltage=500V tolerance=±10% dielectric=X7R availability=8750
[2026-08-19T09:53:03] SELECT name=5.1nF_0805 manufacturer=muRata mpn=GRM2195C1H512JA01D lcsc=C710948 capacitance=5.1nF package=0805 voltage=50V tolerance=±5% dielectric=C0G availability=3160
[2026-08-19T09:53:03] SELECT name=5.6nF_0805 manufacturer=YAGEO mpn=CC0805KRX7RABB562 lcsc=C527234 capacitance=5.6nF package=0805 voltage=200V tolerance=±10% dielectric=X7R availability=2050
[2026-08-19T09:53:03] SELECT name=6.2nF_0805 manufacturer=muRata mpn=GRM2195C1H622JA01D lcsc=C710949 capacitance=6.2nF package=0805 voltage=50V tolerance=±5% dielectric=C0G availability=8780
[2026-08-19T09:53:03] SELECT name=6.8nF_0805 manufacturer=YAGEO mpn=CC0805KRX7RBBB682 lcsc=C309494 capacitance=6.8nF package=0805 voltage=500V tolerance=±10% dielectric=X7R availability=2700
[2026-08-19T09:53:03] SELECT name=7.5nF_0805 manufacturer=muRata mpn=GRM2195C1H752JA01D lcsc=C710950 capacitance=7.5nF package=0805 voltage=50V tolerance=±5% dielectric=C0G availability=1840
[2026-08-19T09:53:03] SELECT name=8.2nF_0805 manufacturer=KEMET mpn=C0805C822J2GACAUTO lcsc=C2182371 capacitance=8.2nF package=0805 voltage=200V tolerance=±5% dielectric=C0G availability=2340
[2026-08-19T09:53:03] SELECT name=9.1nF_0805 manufacturer=muRata mpn=GRM2195C1H912JA01D lcsc=C710951 capacitance=9.1nF package=0805 voltage=50V tolerance=±5% dielectric=C0G availability=1880
[2026-08-19T09:53:03] SELECT name=10nF_0805 manufacturer=YAGEO mpn=CC0805KKX7RBBB103 lcsc=C106840 capacitance=10nF package=0805 voltage=500V tolerance=±10% dielectric=X7R availability=12460
[2026-08-19T09:53:03] SELECT name=11nF_0805 manufacturer=muRata mpn=GRM2195C1H113JA01D lcsc=C710944 capacitance=11nF package=0805 voltage=50V tolerance=±5% dielectric=C0G availability=6230
[2026-08-19T09:53:03] SELECT name=12nF_0805 manufacturer=muRata mpn=GRM2195C1H123JA01D lcsc=C97906 capacitance=12nF package=0805 voltage=50V tolerance=±5% dielectric=C0G availability=21200
[2026-08-19T09:53:03] SELECT name=13nF_0805 manufacturer=muRata mpn=GRM2195C1H133JA01D lcsc=C710945 capacitance=13nF package=0805 voltage=50V tolerance=±5% dielectric=C0G availability=3320
[2026-08-19T09:53:03] SELECT name=15nF_0805 manufacturer=YAGEO mpn=CC0805KKX7RYBB153 lcsc=C527226 capacitance=15nF package=0805 voltage=250V tolerance=±10% dielectric=X7R availability=2000
[2026-08-19T09:53:03] SELECT name=18nF_0805 manufacturer=muRata mpn=GCM21B5C1H183FA16L lcsc=C3895668 capacitance=18nF package=0805 voltage=50V tolerance=±1% dielectric=C0G availability=1275
[2026-08-19T09:53:03] SELECT name=20nF_0805 manufacturer=muRata mpn=GCM21B5C1H203FA16L lcsc=C17588990 capacitance=20nF package=0805 voltage=50V tolerance=±1% dielectric=C0G availability=2190
[2026-08-19T09:53:03] SELECT name=22nF_0805 manufacturer=YAGEO mpn=CC0805KKX7RBBB223 lcsc=C1853443 capacitance=22nF package=0805 voltage=500V tolerance=±10% dielectric=X7R availability=5080
[2026-08-19T09:53:03] SELECT name=27nF_0805 manufacturer=muRata mpn=GRM2165C1H273JA01D lcsc=C3882413 capacitance=27nF package=0805 voltage=50V tolerance=±5% dielectric=C0G availability=3160
[2026-08-19T09:53:03] SELECT name=33nF_0805 manufacturer=YAGEO mpn=CC0805KKX7RYBB333 lcsc=C7500394 capacitance=33nF package=0805 voltage=250V tolerance=±10% dielectric=X7R availability=2820
[2026-08-19T09:53:03] SELECT name=39nF_0805 manufacturer=YAGEO mpn=CC0805JRX7R9BB393 lcsc=C520044 capacitance=39nF package=0805 voltage=50V tolerance=±5% dielectric=X7R availability=7700
[2026-08-19T09:53:03] SELECT name=47nF_0805 manufacturer=YAGEO mpn=CC0805KKX7R0BB473 lcsc=C107126 capacitance=47nF package=0805 voltage=100V tolerance=±10% dielectric=X7R availability=140800
[2026-08-19T09:53:03] SELECT name=56nF_0805 manufacturer=YAGEO mpn=CC0805KRX7R9BB563 lcsc=C107156 capacitance=56nF package=0805 voltage=50V tolerance=±10% dielectric=X7R availability=15300
[2026-08-19T09:53:03] SELECT name=68nF_0805 manufacturer=YAGEO mpn=CC0805JRX7R9BB683 lcsc=C520046 capacitance=68nF package=0805 voltage=50V tolerance=±5% dielectric=X7R availability=22300
[2026-08-19T09:53:03] SELECT name=82nF_0805 manufacturer=YAGEO mpn=CC0805JRX7R9BB823 lcsc=C520047 capacitance=82nF package=0805 voltage=50V tolerance=±5% dielectric=X7R availability=3900
[2026-08-19T09:53:03] SELECT name=100nF_0805 manufacturer=YAGEO mpn=CC0805KKX7RYBB104 lcsc=C5182461 capacitance=100nF package=0805 voltage=250V tolerance=±10% dielectric=X7R availability=11140
[2026-08-19T09:53:03] SELECT name=120nF_0805 manufacturer=YAGEO mpn=CC0805KRX7R9BB124 lcsc=C113854 capacitance=120nF package=0805 voltage=50V tolerance=±10% dielectric=X7R availability=19250
[2026-08-19T09:53:03] SELECT name=150nF_0805 manufacturer=YAGEO mpn=CC0805JRX7R9BB154 lcsc=C541525 capacitance=150nF package=0805 voltage=50V tolerance=±5% dielectric=X7R availability=7240
[2026-08-19T09:53:03] SELECT name=180nF_0805 manufacturer=YAGEO mpn=CC0805KRX7R7BB184 lcsc=C327148 capacitance=180nF package=0805 voltage=16V tolerance=±10% dielectric=X7R availability=6550
[2026-08-19T09:53:03] SELECT name=220nF_0805 manufacturer=YAGEO mpn=CC0805KKX7R0BB224 lcsc=C513710 capacitance=220nF package=0805 voltage=100V tolerance=±10% dielectric=X7R availability=109160
[2026-08-19T09:53:03] SELECT name=270nF_0805 manufacturer=YAGEO mpn=CC0805KKX7R9BB274 lcsc=C113845 capacitance=270nF package=0805 voltage=50V tolerance=±10% dielectric=X7R availability=5450
[2026-08-19T09:53:03] SELECT name=330nF_0805 manufacturer=YAGEO mpn=CC0805KKX7R0BB334 lcsc=C7500383 capacitance=330nF package=0805 voltage=100V tolerance=±10% dielectric=X7R availability=1810
[2026-08-19T09:53:03] SELECT name=390nF_0805 manufacturer=YAGEO mpn=CC0805KKX7R9BB394 lcsc=C1854267 capacitance=390nF package=0805 voltage=50V tolerance=±10% dielectric=X7R availability=9540
[2026-08-19T09:53:03] SELECT name=470nF_0805 manufacturer=YAGEO mpn=CC0805KKX7R0BB474 lcsc=C596323 capacitance=470nF package=0805 voltage=100V tolerance=±10% dielectric=X7R availability=98360
[2026-08-19T09:53:03] SELECT name=560nF_0805 manufacturer=YAGEO mpn=CC0805KKX7R9BB564 lcsc=C577007 capacitance=560nF package=0805 voltage=50V tolerance=±10% dielectric=X7R availability=30460
[2026-08-19T09:53:03] SELECT name=680nF_0805 manufacturer=YAGEO mpn=CC0805KKX7R9BB684 lcsc=C107133 capacitance=680nF package=0805 voltage=50V tolerance=±10% dielectric=X7R availability=36820
[2026-08-19T09:53:03] SELECT name=1uF_0805 manufacturer=YAGEO mpn=CC0805KKX7R0BB105 lcsc=C5370002 capacitance=1uF package=0805 voltage=100V tolerance=±10% dielectric=X7R availability=374630
[2026-08-19T09:53:03] SELECT name=2.2uF_0805 manufacturer=YAGEO mpn=CC0805KKX7R9BB225 lcsc=C125847 capacitance=2.2uF package=0805 voltage=50V tolerance=±10% dielectric=X7R availability=72075
[2026-08-19T09:53:03] SELECT name=4.7uF_0805 manufacturer=YAGEO mpn=CC0805KKX7R8BB475 lcsc=C354262 capacitance=4.7uF package=0805 voltage=25V tolerance=±10% dielectric=X7R availability=365845
[2026-08-19T09:53:03] SELECT name=10uF_0805 manufacturer=YAGEO mpn=CC0805KKX7R7BB106 lcsc=C326595 capacitance=10uF package=0805 voltage=16V tolerance=±10% dielectric=X7R availability=145365
[2026-08-19T09:53:03] SELECT name=10pF_1206 manufacturer=YAGEO mpn=CC1206JKNPODBN100 lcsc=C272882 capacitance=10pF package=1206 voltage=2kV tolerance=±5% dielectric=NP0 availability=4000
[2026-08-19T09:53:03] SELECT name=12pF_1206 manufacturer=YAGEO mpn=CC1206JRNPO9BN120 lcsc=C113882 capacitance=12pF package=1206 voltage=50V tolerance=±5% dielectric=NP0 availability=1500
[2026-08-19T09:53:03] SELECT name=15pF_1206 manufacturer=YAGEO mpn=CC1206JKNPOCBN150 lcsc=C326650 capacitance=15pF package=1206 voltage=1kV tolerance=±5% dielectric=NP0 availability=4200
[2026-08-19T09:53:03] SELECT name=18pF_1206 manufacturer=YAGEO mpn=CC1206JKNPODBN180 lcsc=C5182458 capacitance=18pF package=1206 voltage=2kV tolerance=±5% dielectric=NP0 availability=1580
[2026-08-19T09:53:03] SELECT name=20pF_1206 manufacturer=YAGEO mpn=CC1206JKNPOCBN200 lcsc=C577124 capacitance=20pF package=1206 voltage=1kV tolerance=±5% dielectric=C0G;NP0 availability=12620
[2026-08-19T09:53:03] SELECT name=22pF_1206 manufacturer=YAGEO mpn=CC1206JKNPODBN220 lcsc=C577126 capacitance=22pF package=1206 voltage=2kV tolerance=±5% dielectric=NP0 availability=9700
[2026-08-19T09:53:03] SELECT name=27pF_1206 manufacturer=YAGEO mpn=CC1206JKNPOCBN270 lcsc=C541492 capacitance=27pF package=1206 voltage=1kV tolerance=±5% dielectric=NP0 availability=7580
[2026-08-19T09:53:03] SELECT name=33pF_1206 manufacturer=YAGEO mpn=CC1206JKNPODBN330 lcsc=C309497 capacitance=33pF package=1206 voltage=2kV tolerance=±5% dielectric=NP0 availability=1520
[2026-08-19T09:53:03] SELECT name=39pF_1206 manufacturer=YAGEO mpn=CC1206JKNPOCBN390 lcsc=C541493 capacitance=39pF package=1206 voltage=1kV tolerance=±5% dielectric=NP0 availability=8620
[2026-08-19T09:53:03] SELECT name=47pF_1206 manufacturer=YAGEO mpn=CC1206JKNPODBN470 lcsc=C577128 capacitance=47pF package=1206 voltage=2kV tolerance=±5% dielectric=NP0 availability=1510
[2026-08-19T09:53:03] SELECT name=56pF_1206 manufacturer=YAGEO mpn=CC1206JKNPOCBN560 lcsc=C113875 capacitance=56pF package=1206 voltage=1kV tolerance=±5% dielectric=NP0 availability=4400
[2026-08-19T09:53:03] SELECT name=68pF_1206 manufacturer=YAGEO mpn=CC1206JKNPODBN680 lcsc=C113877 capacitance=68pF package=1206 voltage=2kV tolerance=±5% dielectric=NP0 availability=2060
[2026-08-19T09:53:03] SELECT name=82pF_1206 manufacturer=YAGEO mpn=CC1206JKNPODBN820 lcsc=C577130 capacitance=82pF package=1206 voltage=2kV tolerance=±5% dielectric=NP0 availability=2960
[2026-08-19T09:53:03] SELECT name=100pF_1206 manufacturer=YAGEO mpn=CC1206JKNPODBN101 lcsc=C113876 capacitance=100pF package=1206 voltage=2kV tolerance=±5% dielectric=NP0 availability=49030
[2026-08-19T09:53:03] SELECT name=120pF_1206 manufacturer=YAGEO mpn=CC1206JKNPODBN121 lcsc=C527263 capacitance=120pF package=1206 voltage=2kV tolerance=±5% dielectric=NP0 availability=2960
[2026-08-19T09:53:03] SELECT name=150pF_1206 manufacturer=YAGEO mpn=CC1206JKNPOCBN151 lcsc=C326703 capacitance=150pF package=1206 voltage=1kV tolerance=±5% dielectric=NP0 availability=24520
[2026-08-19T09:53:03] SELECT name=180pF_1206 manufacturer=YAGEO mpn=CC1206JKNPOCBN181 lcsc=C541494 capacitance=180pF package=1206 voltage=1kV tolerance=±5% dielectric=NP0 availability=1710
[2026-08-19T09:53:03] SELECT name=220pF_1206 manufacturer=YAGEO mpn=CC1206JKNPODBN221 lcsc=C469629 capacitance=220pF package=1206 voltage=2kV tolerance=±5% dielectric=NP0 availability=92540
[2026-08-19T09:53:03] SELECT name=270pF_1206 manufacturer=YAGEO mpn=CC1206JKNPOCBN271 lcsc=C113874 capacitance=270pF package=1206 voltage=1kV tolerance=±5% dielectric=NP0 availability=25960
[2026-08-19T09:53:03] SELECT name=330pF_1206 manufacturer=YAGEO mpn=CC1206KKX7RDBB331 lcsc=C282080 capacitance=330pF package=1206 voltage=2kV tolerance=±10% dielectric=X7R availability=11040
[2026-08-19T09:53:03] SELECT name=390pF_1206 manufacturer=YAGEO mpn=CC1206JKNPOCBN391 lcsc=C326659 capacitance=390pF package=1206 voltage=1kV tolerance=±5% dielectric=NP0 availability=17640
[2026-08-19T09:53:03] SELECT name=470pF_1206 manufacturer=YAGEO mpn=CC1206KKX7RDBB471 lcsc=C282081 capacitance=470pF package=1206 voltage=2kV tolerance=±10% dielectric=X7R availability=15580
[2026-08-19T09:53:03] SELECT name=560pF_1206 manufacturer=muRata mpn=GCM31B5C3A561FX01L lcsc=C17338043 capacitance=560pF package=1206 voltage=1kV tolerance=±1% dielectric=C0G availability=1546
[2026-08-19T09:53:03] SELECT name=680pF_1206 manufacturer=YAGEO mpn=CC1206JKNPOCBN681 lcsc=C541497 capacitance=680pF package=1206 voltage=1kV tolerance=±5% dielectric=NP0 availability=14240
[2026-08-19T09:53:03] SELECT name=820pF_1206 manufacturer=YAGEO mpn=CC1206JKNPOCBN821 lcsc=C527262 capacitance=820pF package=1206 voltage=1kV tolerance=±5% dielectric=NP0 availability=21460
[2026-08-19T09:53:03] SELECT name=1nF_1206 manufacturer=YAGEO mpn=CC1206JKX7RDBB102 lcsc=C541498 capacitance=1nF package=1206 voltage=2kV tolerance=±5% dielectric=X7R availability=11120
[2026-08-19T09:53:03] SELECT name=1.2nF_1206 manufacturer=YAGEO mpn=CC1206JRNPO0BN122 lcsc=C527278 capacitance=1.2nF package=1206 voltage=100V tolerance=±5% dielectric=NP0 availability=1200
[2026-08-19T09:53:03] SELECT name=1.5nF_1206 manufacturer=YAGEO mpn=CC1206KKX7RDBB152 lcsc=C527335 capacitance=1.5nF package=1206 voltage=2kV tolerance=±10% dielectric=X7R availability=2860
[2026-08-19T09:53:03] SELECT name=1.8nF_1206 manufacturer=YAGEO mpn=CC1206JRNPO0BN182 lcsc=C527281 capacitance=1.8nF package=1206 voltage=100V tolerance=±5% dielectric=NP0 availability=1180
[2026-08-19T09:53:03] SELECT name=2.2nF_1206 manufacturer=KEMET mpn=C1206C222JDGACAUTO lcsc=C3849551 capacitance=2.2nF package=1206 voltage=1kV tolerance=±5% dielectric=C0G availability=5050
[2026-08-19T09:53:03] SELECT name=2.7nF_1206 manufacturer=YAGEO mpn=CC1206KKX7RBBB272 lcsc=C1854427 capacitance=2.7nF package=1206 voltage=500V tolerance=±10% dielectric=X7R availability=1380
[2026-08-19T09:53:03] SELECT name=3.3nF_1206 manufacturer=YAGEO mpn=CC1206KKX7RCBB332 lcsc=C107196 capacitance=3.3nF package=1206 voltage=1kV tolerance=±10% dielectric=X7R availability=115800
[2026-08-19T09:53:03] SELECT name=3.9nF_1206 manufacturer=YAGEO mpn=CC1206GRNPO9BN392 lcsc=C541560 capacitance=3.9nF package=1206 voltage=50V tolerance=±2% dielectric=NP0 availability=2740
[2026-08-19T09:53:03] SELECT name=4.3nF_1206 manufacturer=muRata mpn=GRM3195C2A432JA01D lcsc=C2178478 capacitance=4.3nF package=1206 voltage=100V tolerance=±5% dielectric=C0G availability=1390
[2026-08-19T09:53:03] SELECT name=4.7nF_1206 manufacturer=YAGEO mpn=CC1206KKX7RCBB472 lcsc=C107198 capacitance=4.7nF package=1206 voltage=1kV tolerance=±10% dielectric=X7R availability=104350
[2026-08-19T09:53:03] SELECT name=5.6nF_1206 manufacturer=YAGEO mpn=CC1206KKX7RBBB562 lcsc=C3834562 capacitance=5.6nF package=1206 voltage=500V tolerance=±10% dielectric=X7R availability=3780
[2026-08-19T09:53:03] SELECT name=6.2nF_1206 manufacturer=YAGEO mpn=CC1206JRNPO9BN622 lcsc=C577167 capacitance=6.2nF package=1206 voltage=50V tolerance=±5% dielectric=NP0 availability=2180
[2026-08-19T09:53:03] SELECT name=6.8nF_1206 manufacturer=YAGEO mpn=CC1206KKX7RCBB682 lcsc=C107200 capacitance=6.8nF package=1206 voltage=1kV tolerance=±10% dielectric=X7R availability=19860
[2026-08-19T09:53:03] SELECT name=8.2nF_1206 manufacturer=YAGEO mpn=CC1206FKNPO9BN822 lcsc=C541598 capacitance=8.2nF package=1206 voltage=50V tolerance=±1% dielectric=NP0 availability=1660
[2026-08-19T09:53:03] SELECT name=10nF_1206 manufacturer=YAGEO mpn=CC1206JKX7RCBB103 lcsc=C1854329 capacitance=10nF package=1206 voltage=1kV tolerance=±5% dielectric=X7R availability=1460
[2026-08-19T09:53:03] SELECT name=12nF_1206 manufacturer=muRata mpn=GRM31B5C2E123JWA1L lcsc=C711034 capacitance=12nF package=1206 voltage=250V tolerance=±5% dielectric=C0G availability=2500
[2026-08-19T09:53:03] SELECT name=15nF_1206 manufacturer=YAGEO mpn=CC1206KKX7RZBB153 lcsc=C527338 capacitance=15nF package=1206 voltage=630V tolerance=±10% dielectric=X7R availability=2550
[2026-08-19T09:53:03] SELECT name=18nF_1206 manufacturer=muRata mpn=GRM3195C2A183JA01D lcsc=C711003 capacitance=18nF package=1206 voltage=100V tolerance=±5% dielectric=C0G availability=2795
[2026-08-19T09:53:03] SELECT name=20nF_1206 manufacturer=muRata mpn=GRM3195C1H203JA01D lcsc=C172741 capacitance=20nF package=1206 voltage=50V tolerance=±5% dielectric=C0G availability=1515
[2026-08-19T09:53:03] SELECT name=22nF_1206 manufacturer=YAGEO mpn=CC1206KKX7RZBB223 lcsc=C107202 capacitance=22nF package=1206 voltage=630V tolerance=±10% dielectric=X7R availability=5395
[2026-08-19T09:53:03] SELECT name=27nF_1206 manufacturer=muRata mpn=GRM3195C1H273JA01D lcsc=C162433 capacitance=27nF package=1206 voltage=50V tolerance=±5% dielectric=C0G availability=6685
[2026-08-19T09:53:03] SELECT name=33nF_1206 manufacturer=YAGEO mpn=CC1206KKX7RZBB333 lcsc=C577229 capacitance=33nF package=1206 voltage=630V tolerance=±10% dielectric=X7R availability=21980
[2026-08-19T09:53:03] SELECT name=39nF_1206 manufacturer=muRata mpn=GRM31M5C1H393JA01L lcsc=C524625 capacitance=39nF package=1206 voltage=50V tolerance=±5% dielectric=C0G availability=3725
[2026-08-19T09:53:03] SELECT name=47nF_1206 manufacturer=YAGEO mpn=CC1206KKX7RYBB473 lcsc=C113900 capacitance=47nF package=1206 voltage=250V tolerance=±10% dielectric=X7R availability=2480
[2026-08-19T09:53:03] SELECT name=56nF_1206 manufacturer=muRata mpn=GRM3195C2A563GA01D lcsc=C3877727 capacitance=56nF package=1206 voltage=100V tolerance=±2% dielectric=C0G availability=1169
[2026-08-19T09:53:03] SELECT name=68nF_1206 manufacturer=YAGEO mpn=CC1206KKX7RABB683 lcsc=C527334 capacitance=68nF package=1206 voltage=200V tolerance=±10% dielectric=X7R availability=2960
[2026-08-19T09:53:03] SELECT name=82nF_1206 manufacturer=YAGEO mpn=CC1206JRX7R9BB823 lcsc=C541545 capacitance=82nF package=1206 voltage=50V tolerance=±5% dielectric=X7R availability=2460
[2026-08-19T09:53:03] SELECT name=100nF_1206 manufacturer=YAGEO mpn=CC1206KKX7RYBB104 lcsc=C106241 capacitance=100nF package=1206 voltage=250V tolerance=±10% dielectric=X7R availability=29070
[2026-08-19T09:53:03] SELECT name=150nF_1206 manufacturer=YAGEO mpn=CC1206KKX7R0BB154 lcsc=C3888349 capacitance=150nF package=1206 voltage=100V tolerance=±10% dielectric=X7R availability=4240
[2026-08-19T09:53:03] SELECT name=180nF_1206 manufacturer=YAGEO mpn=CC1206KKX7R9BB184 lcsc=C577220 capacitance=180nF package=1206 voltage=50V tolerance=±10% dielectric=X7R availability=2820
[2026-08-19T09:53:03] SELECT name=220nF_1206 manufacturer=YAGEO mpn=CC1206KKX7R0BB224 lcsc=C113892 capacitance=220nF package=1206 voltage=100V tolerance=±10% dielectric=X7R availability=91880
[2026-08-19T09:53:03] SELECT name=330nF_1206 manufacturer=YAGEO mpn=CC1206KRX7R9BB334 lcsc=C274377 capacitance=330nF package=1206 voltage=50V tolerance=±10% dielectric=X7R availability=123500
[2026-08-19T09:53:03] SELECT name=470nF_1206 manufacturer=YAGEO mpn=CC1206KKX7R0BB474 lcsc=C107182 capacitance=470nF package=1206 voltage=100V tolerance=±10% dielectric=X7R availability=15120
[2026-08-19T09:53:03] SELECT name=680nF_1206 manufacturer=YAGEO mpn=CC1206KKX7R9BB684 lcsc=C145012 capacitance=680nF package=1206 voltage=50V tolerance=±10% dielectric=X7R availability=20370
[2026-08-19T09:53:03] SELECT name=1uF_1206 manufacturer=YAGEO mpn=CC1206KKX7R0BB105 lcsc=C70463 capacitance=1uF package=1206 voltage=100V tolerance=±10% dielectric=X7R availability=320510
[2026-08-19T09:53:03] SELECT name=2.2uF_1206 manufacturer=YAGEO mpn=CC1206KKX7R0BB225 lcsc=C577211 capacitance=2.2uF package=1206 voltage=100V tolerance=±10% dielectric=X7R availability=584435
[2026-08-19T09:53:03] SELECT name=4.7uF_1206 manufacturer=YAGEO mpn=CC1206KKX7R9BB475 lcsc=C132170 capacitance=4.7uF package=1206 voltage=50V tolerance=±10% dielectric=X7R availability=119870
[2026-08-19T09:53:03] SELECT name=10uF_1206 manufacturer=KEMET mpn=C1206C106J3RACAUTO lcsc=C696375 capacitance=10uF package=1206 voltage=25V tolerance=±5% dielectric=X7R availability=6600
[2026-08-19T09:53:03] SELECT name=22uF_1206 manufacturer=YAGEO mpn=CC1206KKX7R6BB226 lcsc=C110045 capacitance=22uF package=1206 voltage=10V tolerance=±10% dielectric=X7R availability=5395
[2026-08-19T09:53:03] SELECT name=470pF_1210 manufacturer=YAGEO mpn=CC1210JKNPOCBN471 lcsc=C577269 capacitance=470pF package=1210 voltage=1kV tolerance=±5% dielectric=NP0 availability=2170
[2026-08-19T09:53:03] SELECT name=1nF_1210 manufacturer=YAGEO mpn=CC1210KKX7RDBB102 lcsc=C527380 capacitance=1nF package=1210 voltage=2kV tolerance=±10% dielectric=X7R availability=23845
[2026-08-19T09:53:03] SELECT name=2.2nF_1210 manufacturer=YAGEO mpn=CC1210JKNPO0BN222 lcsc=C577264 capacitance=2.2nF package=1210 voltage=100V tolerance=±5% dielectric=NP0 availability=2680
[2026-08-19T09:53:03] SELECT name=3.3nF_1210 manufacturer=YAGEO mpn=CC1210KKX7RCBB332 lcsc=C577283 capacitance=3.3nF package=1210 voltage=1kV tolerance=±10% dielectric=X7R availability=1100
[2026-08-19T09:53:03] SELECT name=4.7nF_1210 manufacturer=YAGEO mpn=CC1210KKX7RCBB472 lcsc=C577284 capacitance=4.7nF package=1210 voltage=1kV tolerance=±10% dielectric=X7R availability=7035
[2026-08-19T09:53:03] SELECT name=10nF_1210 manufacturer=YAGEO mpn=CC1210KKX7RBBB103 lcsc=C527379 capacitance=10nF package=1210 voltage=500V tolerance=±10% dielectric=X7R availability=2595
[2026-08-19T09:53:03] SELECT name=22nF_1210 manufacturer=YAGEO mpn=CC1210KKX7RABB223 lcsc=C527377 capacitance=22nF package=1210 voltage=200V tolerance=±10% dielectric=X7R availability=1520
[2026-08-19T09:53:03] SELECT name=33nF_1210 manufacturer=muRata mpn=GCM32E5C2J333FX0AL lcsc=C3877770 capacitance=33nF package=1210 voltage=630V tolerance=±1% dielectric=C0G availability=1672
[2026-08-19T09:53:03] SELECT name=47nF_1210 manufacturer=YAGEO mpn=CC1210KKX7R9BB473 lcsc=C2254850 capacitance=47nF package=1210 voltage=50V tolerance=±10% dielectric=X7R availability=3660
[2026-08-19T09:53:03] SELECT name=100nF_1210 manufacturer=YAGEO mpn=CC1210JKX7R0BB104 lcsc=C3871033 capacitance=100nF package=1210 voltage=100V tolerance=±5% dielectric=X7R availability=3315
[2026-08-19T09:53:03] SELECT name=220nF_1210 manufacturer=YAGEO mpn=CC1210KKX7RYBB224 lcsc=C326671 capacitance=220nF package=1210 voltage=250V tolerance=±10% dielectric=X7R availability=2125
[2026-08-19T09:53:03] SELECT name=680nF_1210 manufacturer=YAGEO mpn=CC1210KKX7R9BB684 lcsc=C577277 capacitance=680nF package=1210 voltage=50V tolerance=±10% dielectric=X7R availability=3005
[2026-08-19T09:53:03] SELECT name=1uF_1210 manufacturer=YAGEO mpn=CS1210KKX7R0BB105 lcsc=C577442 capacitance=1uF package=1210 voltage=100V tolerance=±10% dielectric=X7R availability=2000
[2026-08-19T09:53:03] SELECT name=4.7uF_1210 manufacturer=YAGEO mpn=CC1210KKX7R9BB475 lcsc=C596318 capacitance=4.7uF package=1210 voltage=50V tolerance=±10% dielectric=X7R availability=14210
[2026-08-19T09:53:03] SELECT name=10uF_1210 manufacturer=YAGEO mpn=CC1210KKX7R8BB106 lcsc=C700527 capacitance=10uF package=1210 voltage=25V tolerance=±10% dielectric=X7R availability=3540
[2026-08-19T09:53:03] SELECT name=22uF_1210 manufacturer=YAGEO mpn=CC1210KKX7R8BB226 lcsc=C5341638 capacitance=22uF package=1210 voltage=25V tolerance=±10% dielectric=X7R availability=49612
[2026-08-19T09:53:03] SKIP name=100pF_0402 mpn=GRM1555C2A101GA01D lcsc=C21366878 existing=100pF_0402 reason=same_capacitance_and_footprint
[2026-08-19T09:53:03] SKIP name=150pF_0402 mpn=CC0402FRNPO9BN151 lcsc=C541469 existing=150pF_0402 reason=same_capacitance_and_footprint
[2026-08-19T09:53:03] SKIP name=200pF_0402 mpn=GRT1555C1H201FA02D lcsc=C3896876 existing=200pF_0402 reason=same_capacitance_and_footprint
[2026-08-19T09:53:03] SKIP name=220pF_0402 mpn=GRM1555C2A221JE01D lcsc=C1518203 existing=220pF_0402 reason=same_capacitance_and_footprint
[2026-08-19T09:53:03] SKIP name=330pF_0402 mpn=C0402C331JAGACAUTO lcsc=C2182332 existing=330pF_0402 reason=same_capacitance_and_footprint
[2026-08-19T09:53:03] SKIP name=470pF_0402 mpn=GRM1555C2A471JE01D lcsc=C1518202 existing=470pF_0402 reason=same_capacitance_and_footprint
[2026-08-19T09:53:03] SKIP name=680pF_0402 mpn=CC0402JRNPO0BN681 lcsc=C7500414 existing=680pF_0402 reason=same_capacitance_and_footprint
[2026-08-19T09:53:03] SKIP name=1nF_0402 mpn=GRM1555C2A102GE01D lcsc=C3010445 existing=1nF_0402 reason=same_capacitance_and_footprint
[2026-08-19T09:53:03] SKIP name=1.5nF_0402 mpn=GRM1555C1H152GA01D lcsc=C3882814 existing=1.5nF_0402 reason=same_capacitance_and_footprint
[2026-08-19T09:53:03] SKIP name=2.2nF_0402 mpn=CC0402KRX7R0BB222 lcsc=C576731 existing=2.2nF_0402 reason=same_capacitance_and_footprint
[2026-08-19T09:53:03] SKIP name=3.3nF_0402 mpn=GRM1555C1H332GE01D lcsc=C3881585 existing=3.3nF_0402 reason=same_capacitance_and_footprint
[2026-08-19T09:53:03] SKIP name=4.7nF_0402 mpn=VJ0402Y472JXBAC lcsc=C2234478 existing=4.7nF_0402 reason=same_capacitance_and_footprint
[2026-08-19T09:53:03] SKIP name=6.8nF_0402 mpn=GRM1555C1H682GE01D lcsc=C3856821 existing=6.8nF_0402 reason=same_capacitance_and_footprint
[2026-08-19T09:53:03] SKIP name=8.2nF_0402 mpn=CC0402JRX7R9BB822 lcsc=C541457 existing=8.2nF_0402 reason=same_capacitance_and_footprint
[2026-08-19T09:53:03] SKIP name=10nF_0402 mpn=CC0402KRX7R0BB103 lcsc=C527014 existing=10nF_0402 reason=same_capacitance_and_footprint
[2026-08-19T09:53:03] SKIP name=15nF_0402 mpn=CC0402KRX7R9BB153 lcsc=C114405 existing=15nF_0402 reason=same_capacitance_and_footprint
[2026-08-19T09:53:03] SKIP name=22nF_0402 mpn=CC0402JRX7R9BB223 lcsc=C541460 existing=22nF_0402 reason=same_capacitance_and_footprint
[2026-08-19T09:53:03] SKIP name=33nF_0402 mpn=CC0402JRX7R9BB333 lcsc=C541463 existing=33nF_0402 reason=same_capacitance_and_footprint
[2026-08-19T09:53:03] SKIP name=47nF_0402 mpn=CC0402JRX7R9BB473 lcsc=C576715 existing=47nF_0402 reason=same_capacitance_and_footprint
[2026-08-19T09:53:03] SKIP name=68nF_0402 mpn=CC0402KRX7R9BB683 lcsc=C354977 existing=68nF_0402 reason=same_capacitance_and_footprint
[2026-08-19T09:53:03] SKIP name=100nF_0402 mpn=CC0402JRX7R9BB104 lcsc=C5182432 existing=100nF_0402 reason=same_capacitance_and_footprint
[2026-08-19T09:53:03] SKIP name=150nF_0402 mpn=CC0402KRX7R7BB154 lcsc=C505466 existing=150nF_0402 reason=same_capacitance_and_footprint
[2026-08-19T09:53:03] SKIP name=220nF_0402 mpn=CC0402KRX7R8BB224 lcsc=C723566 existing=220nF_0402 reason=same_capacitance_and_footprint
[2026-08-19T09:53:03] SKIP name=470nF_0402 mpn=CC0402KRX7R6BB474 lcsc=C723358 existing=470nF_0402 reason=same_capacitance_and_footprint
[2026-08-19T09:53:03] SKIP name=1uF_0402 mpn=CC0402KRX7R6BB105 lcsc=C7500381 existing=1uF_0402 reason=same_capacitance_and_footprint
[2026-08-19T09:53:03] SKIP name=15pF_0603 mpn=CC0603JRNPOYBN150 lcsc=C113800 existing=15pF_0603 reason=same_capacitance_and_footprint
[2026-08-19T09:53:03] SKIP name=22pF_0603 mpn=GQM1875C2E220FB12D lcsc=C2360437 existing=22pF_0603 reason=same_capacitance_and_footprint
[2026-08-19T09:53:03] SKIP name=100pF_0603 mpn=GQM1875C2E101GB12D lcsc=C2168333 existing=100pF_0603 reason=same_capacitance_and_footprint
[2026-08-19T09:53:03] SKIP name=150pF_0603 mpn=CC0603FRNPO0BN151 lcsc=C527041 existing=150pF_0603 reason=same_capacitance_and_footprint
[2026-08-19T09:53:03] SKIP name=200pF_0603 mpn=GCM1885C2A201FA16J lcsc=C1864235 existing=200pF_0603 reason=same_capacitance_and_footprint
[2026-08-19T09:53:03] SKIP name=220pF_0603 mpn=C0603C221JDGACAUTO lcsc=C2177385 existing=220pF_0603 reason=same_capacitance_and_footprint
[2026-08-19T09:53:03] SKIP name=330pF_0603 mpn=CC0603JRNPOYBN331 lcsc=C576828 existing=330pF_0603 reason=same_capacitance_and_footprint
[2026-08-19T09:53:03] SKIP name=430pF_0603 mpn=GRM1885C2A431JA01D lcsc=C415387 existing=430pF_0603 reason=same_capacitance_and_footprint
[2026-08-19T09:53:03] SKIP name=470pF_0603 mpn=CC0603JRNPOABN471 lcsc=C527068 existing=470pF_0603 reason=same_capacitance_and_footprint
[2026-08-19T09:53:03] SKIP name=680pF_0603 mpn=CC0603JRNPOYBN681 lcsc=C576830 existing=680pF_0603 reason=same_capacitance_and_footprint
[2026-08-19T09:53:03] SKIP name=820pF_0603 mpn=CC0603JRNPO0BN821 lcsc=C576811 existing=820pF_0603 reason=same_capacitance_and_footprint
[2026-08-19T09:53:03] SKIP name=1nF_0603 mpn=CC0603KRX7RYBB102 lcsc=C277510 existing=1nF_0603 reason=same_capacitance_and_footprint
[2026-08-19T09:53:03] SKIP name=1.5nF_0603 mpn=GRM1885C2A152JA01D lcsc=C710906 existing=1.5nF_0603 reason=same_capacitance_and_footprint
[2026-08-19T09:53:03] SKIP name=2.2nF_0603 mpn=CC0603KRX7RYBB222 lcsc=C576857 existing=2.2nF_0603 reason=same_capacitance_and_footprint
[2026-08-19T09:53:03] SKIP name=2.4nF_0603 mpn=GRM1885C1H242JA01D lcsc=C710895 existing=2.4nF_0603 reason=same_capacitance_and_footprint
[2026-08-19T09:53:03] SKIP name=3.3nF_0603 mpn=GCM1885C1H332FA16D lcsc=C3877267 existing=3.3nF_0603 reason=same_capacitance_and_footprint
[2026-08-19T09:53:03] SKIP name=4.7nF_0603 mpn=CC0603KRX7RABB472 lcsc=C596328 existing=4.7nF_0603 reason=same_capacitance_and_footprint
[2026-08-19T09:53:03] SKIP name=6.8nF_0603 mpn=CC0603KRX7R0BB682 lcsc=C576854 existing=6.8nF_0603 reason=same_capacitance_and_footprint
[2026-08-19T09:53:03] SKIP name=10nF_0603 mpn=AC0603JRX7R0BB103 lcsc=C1853238 existing=10nF_0603 reason=same_capacitance_and_footprint
[2026-08-19T09:53:03] SKIP name=15nF_0603 mpn=CC0603KRX7R0BB153 lcsc=C576847 existing=15nF_0603 reason=same_capacitance_and_footprint
[2026-08-19T09:53:03] SKIP name=22nF_0603 mpn=CC0603KRX7R0BB223 lcsc=C313105 existing=22nF_0603 reason=same_capacitance_and_footprint
[2026-08-19T09:53:03] SKIP name=33nF_0603 mpn=CC0603KRX7R0BB333 lcsc=C576851 existing=33nF_0603 reason=same_capacitance_and_footprint
[2026-08-19T09:53:03] SKIP name=47nF_0603 mpn=CC0603KRX7R0BB473 lcsc=C576852 existing=47nF_0603 reason=same_capacitance_and_footprint
[2026-08-19T09:53:03] SKIP name=68nF_0603 mpn=CC0603KRX7R0BB683 lcsc=C3891122 existing=68nF_0603 reason=same_capacitance_and_footprint
[2026-08-19T09:53:03] SKIP name=100nF_0603 mpn=CC0603KRX7R0BB104 lcsc=C113803 existing=100nF_0603 reason=same_capacitance_and_footprint
[2026-08-19T09:53:03] SKIP name=150nF_0603 mpn=CC0603KRX7R9BB154 lcsc=C513735 existing=150nF_0603 reason=same_capacitance_and_footprint
[2026-08-19T09:53:03] SKIP name=220nF_0603 mpn=CC0603JRX7R9BB224 lcsc=C519575 existing=220nF_0603 reason=same_capacitance_and_footprint
[2026-08-19T09:53:03] SKIP name=330nF_0603 mpn=CC0603JRX7R8BB334 lcsc=C519579 existing=330nF_0603 reason=same_capacitance_and_footprint
[2026-08-19T09:53:03] SKIP name=470nF_0603 mpn=CC0603KRX7R9BB474 lcsc=C513577 existing=470nF_0603 reason=same_capacitance_and_footprint
[2026-08-19T09:53:03] SKIP name=680nF_0603 mpn=CC0603KRX7R8BB684 lcsc=C2838708 existing=680nF_0603 reason=same_capacitance_and_footprint
[2026-08-19T09:53:03] SKIP name=1uF_0603 mpn=CC0603KRX7R9BB105 lcsc=C559769 existing=1uF_0603 reason=same_capacitance_and_footprint
[2026-08-19T09:53:03] SKIP name=2.2uF_0603 mpn=CC0603KRX7R7BB225 lcsc=C914769 existing=2.2uF_0603 reason=same_capacitance_and_footprint
[2026-08-19T09:53:03] SKIP name=10pF_0805 mpn=C0805C100JDGACTU lcsc=C2167488 existing=10pF_0805 reason=same_capacitance_and_footprint
[2026-08-19T09:53:03] SKIP name=100pF_0805 mpn=CC0805JRNPOBBN101 lcsc=C107122 existing=100pF_0805 reason=same_capacitance_and_footprint
[2026-08-19T09:53:03] SKIP name=150pF_0805 mpn=CC0805JRNPOBBN151 lcsc=C576975 existing=150pF_0805 reason=same_capacitance_and_footprint
[2026-08-19T09:53:03] SKIP name=220pF_0805 mpn=CC0805JRNPOBBN221 lcsc=C576977 existing=220pF_0805 reason=same_capacitance_and_footprint
[2026-08-19T09:53:03] SKIP name=330pF_0805 mpn=CC0805KRX7RCBB331 lcsc=C577028 existing=330pF_0805 reason=same_capacitance_and_footprint
[2026-08-19T09:53:03] SKIP name=470pF_0805 mpn=CC0805KRX7RCBB471 lcsc=C577029 existing=470pF_0805 reason=same_capacitance_and_footprint
[2026-08-19T09:53:03] SKIP name=680pF_0805 mpn=CC0805JKNPOBBN681 lcsc=C1853923 existing=680pF_0805 reason=same_capacitance_and_footprint
[2026-08-19T09:53:03] SKIP name=1nF_0805 mpn=CC0805KRX7RCBB102 lcsc=C309495 existing=1nF_0805 reason=same_capacitance_and_footprint
[2026-08-19T09:53:03] SKIP name=1.5nF_0805 mpn=CC0805JRX7RABB152 lcsc=C1854493 existing=1.5nF_0805 reason=same_capacitance_and_footprint
[2026-08-19T09:53:03] SKIP name=2.2nF_0805 mpn=GRM21B5C2J222FWAAL lcsc=C3847066 existing=2.2nF_0805 reason=same_capacitance_and_footprint
[2026-08-19T09:53:03] SKIP name=3.3nF_0805 mpn=CC0805KRX7RBBB332 lcsc=C577024 existing=3.3nF_0805 reason=same_capacitance_and_footprint
[2026-08-19T09:53:03] SKIP name=4.7nF_0805 mpn=CC0805KRX7RBBB472 lcsc=C113868 existing=4.7nF_0805 reason=same_capacitance_and_footprint
[2026-08-19T09:53:03] SKIP name=6.8nF_0805 mpn=CC0805KRX7RBBB682 lcsc=C309494 existing=6.8nF_0805 reason=same_capacitance_and_footprint
[2026-08-19T09:53:03] SKIP name=10nF_0805 mpn=CC0805KKX7RBBB103 lcsc=C106840 existing=10nF_0805 reason=same_capacitance_and_footprint
[2026-08-19T09:53:03] SKIP name=15nF_0805 mpn=CC0805KKX7RYBB153 lcsc=C527226 existing=15nF_0805 reason=same_capacitance_and_footprint
[2026-08-19T09:53:03] SKIP name=22nF_0805 mpn=CC0805KKX7RBBB223 lcsc=C1853443 existing=22nF_0805 reason=same_capacitance_and_footprint
[2026-08-19T09:53:03] SKIP name=33nF_0805 mpn=CC0805KKX7RYBB333 lcsc=C7500394 existing=33nF_0805 reason=same_capacitance_and_footprint
[2026-08-19T09:53:03] SKIP name=47nF_0805 mpn=CC0805KKX7R0BB473 lcsc=C107126 existing=47nF_0805 reason=same_capacitance_and_footprint
[2026-08-19T09:53:03] SKIP name=68nF_0805 mpn=CC0805JRX7R9BB683 lcsc=C520046 existing=68nF_0805 reason=same_capacitance_and_footprint
[2026-08-19T09:53:03] SKIP name=100nF_0805 mpn=CC0805KKX7RYBB104 lcsc=C5182461 existing=100nF_0805 reason=same_capacitance_and_footprint
[2026-08-19T09:53:03] SKIP name=150nF_0805 mpn=CC0805JRX7R9BB154 lcsc=C541525 existing=150nF_0805 reason=same_capacitance_and_footprint
[2026-08-19T09:53:03] SKIP name=220nF_0805 mpn=CC0805KKX7R0BB224 lcsc=C513710 existing=220nF_0805 reason=same_capacitance_and_footprint
[2026-08-19T09:53:03] SKIP name=330nF_0805 mpn=CC0805KKX7R0BB334 lcsc=C7500383 existing=330nF_0805 reason=same_capacitance_and_footprint
[2026-08-19T09:53:03] SKIP name=470nF_0805 mpn=CC0805KKX7R0BB474 lcsc=C596323 existing=470nF_0805 reason=same_capacitance_and_footprint
[2026-08-19T09:53:03] SKIP name=680nF_0805 mpn=CC0805KKX7R9BB684 lcsc=C107133 existing=680nF_0805 reason=same_capacitance_and_footprint
[2026-08-19T09:53:03] SKIP name=1uF_0805 mpn=CC0805KKX7R0BB105 lcsc=C5370002 existing=1uF_0805  reason=same_capacitance_and_footprint
[2026-08-19T09:53:03] SKIP name=2.2uF_0805 mpn=CC0805KKX7R9BB225 lcsc=C125847 existing=2.2uF_0805 reason=same_capacitance_and_footprint
[2026-08-19T09:53:03] SKIP name=4.7uF_0805 mpn=CC0805KKX7R8BB475 lcsc=C354262 existing=4.7uF_0805 reason=same_capacitance_and_footprint
[2026-08-19T09:53:03] SKIP name=10uF_0805 mpn=CC0805KKX7R7BB106 lcsc=C326595 existing=10uF_0805 reason=same_capacitance_and_footprint
[2026-08-19T09:53:03] SKIP name=220pF_1206 mpn=CC1206JKNPODBN221 lcsc=C469629 existing=220pF_1206 reason=same_capacitance_and_footprint
[2026-08-19T09:53:03] SKIP name=330pF_1206 mpn=CC1206KKX7RDBB331 lcsc=C282080 existing=330pF_1206 reason=same_capacitance_and_footprint
[2026-08-19T09:53:03] SKIP name=470pF_1206 mpn=CC1206KKX7RDBB471 lcsc=C282081 existing=470pF_1206 reason=same_capacitance_and_footprint
[2026-08-19T09:53:03] SKIP name=1nF_1206 mpn=CC1206JKX7RDBB102 lcsc=C541498 existing=1nF_1206 reason=same_capacitance_and_footprint
[2026-08-19T09:53:03] SKIP name=1.5nF_1206 mpn=CC1206KKX7RDBB152 lcsc=C527335 existing=1.5nF_1206 reason=same_capacitance_and_footprint
[2026-08-19T09:53:03] SKIP name=2.2nF_1206 mpn=C1206C222JDGACAUTO lcsc=C3849551 existing=2.2nF_1206 reason=same_capacitance_and_footprint
[2026-08-19T09:53:03] SKIP name=3.3nF_1206 mpn=CC1206KKX7RCBB332 lcsc=C107196 existing=3.3nF_1206 reason=same_capacitance_and_footprint
[2026-08-19T09:53:03] SKIP name=4.7nF_1206 mpn=CC1206KKX7RCBB472 lcsc=C107198 existing=4.7nF_1206 reason=same_capacitance_and_footprint
[2026-08-19T09:53:03] SKIP name=6.8nF_1206 mpn=CC1206KKX7RCBB682 lcsc=C107200 existing=6.8nF_1206 reason=same_capacitance_and_footprint
[2026-08-19T09:53:03] SKIP name=10nF_1206 mpn=CC1206JKX7RCBB103 lcsc=C1854329 existing=10nF_1206 reason=same_capacitance_and_footprint
[2026-08-19T09:53:03] SKIP name=15nF_1206 mpn=CC1206KKX7RZBB153 lcsc=C527338 existing=15nF_1206 reason=same_capacitance_and_footprint
[2026-08-19T09:53:03] SKIP name=22nF_1206 mpn=CC1206KKX7RZBB223 lcsc=C107202 existing=22nF_1206 reason=same_capacitance_and_footprint
[2026-08-19T09:53:03] SKIP name=33nF_1206 mpn=CC1206KKX7RZBB333 lcsc=C577229 existing=33nF_1206 reason=same_capacitance_and_footprint
[2026-08-19T09:53:03] SKIP name=47nF_1206 mpn=CC1206KKX7RYBB473 lcsc=C113900 existing=47nF_1206 reason=same_capacitance_and_footprint
[2026-08-19T09:53:03] SKIP name=68nF_1206 mpn=CC1206KKX7RABB683 lcsc=C527334 existing=68nF_1206 reason=same_capacitance_and_footprint
[2026-08-19T09:53:03] SKIP name=100nF_1206 mpn=CC1206KKX7RYBB104 lcsc=C106241 existing=100nF_1206 reason=same_capacitance_and_footprint
[2026-08-19T09:53:03] SKIP name=150nF_1206 mpn=CC1206KKX7R0BB154 lcsc=C3888349 existing=150nF_1206 reason=same_capacitance_and_footprint
[2026-08-19T09:53:03] SKIP name=220nF_1206 mpn=CC1206KKX7R0BB224 lcsc=C113892 existing=220nF_1206 reason=same_capacitance_and_footprint
[2026-08-19T09:53:03] SKIP name=330nF_1206 mpn=CC1206KRX7R9BB334 lcsc=C274377 existing=330nF_1206 reason=same_capacitance_and_footprint
[2026-08-19T09:53:03] SKIP name=470nF_1206 mpn=CC1206KKX7R0BB474 lcsc=C107182 existing=470nF_1206 reason=same_capacitance_and_footprint
[2026-08-19T09:53:03] SKIP name=680nF_1206 mpn=CC1206KKX7R9BB684 lcsc=C145012 existing=680nF_1206 reason=same_capacitance_and_footprint
[2026-08-19T09:53:03] SKIP name=1uF_1206 mpn=CC1206KKX7R0BB105 lcsc=C70463 existing=1uF_1206 reason=same_capacitance_and_footprint
[2026-08-19T09:53:03] SKIP name=2.2uF_1206 mpn=CC1206KKX7R0BB225 lcsc=C577211 existing=2.2uF_1206 reason=same_capacitance_and_footprint
[2026-08-19T09:53:03] SKIP name=4.7uF_1206 mpn=CC1206KKX7R9BB475 lcsc=C132170 existing=4.7uF_1206 reason=same_capacitance_and_footprint
[2026-08-19T09:53:03] SKIP name=10uF_1206 mpn=C1206C106J3RACAUTO lcsc=C696375 existing=10uF_1206 reason=same_capacitance_and_footprint
[2026-08-19T09:53:03] SKIP name=22uF_1206 mpn=CC1206KKX7R6BB226 lcsc=C110045 existing=22uF_1206 reason=same_capacitance_and_footprint
[2026-08-19T09:53:03] SKIP name=22nF_1210 mpn=CC1210KKX7RABB223 lcsc=C527377 existing=22nF_1210 reason=same_capacitance_and_footprint
[2026-08-19T09:53:03] SKIP name=47nF_1210 mpn=CC1210KKX7R9BB473 lcsc=C2254850 existing=47nF_1210 reason=same_capacitance_and_footprint
[2026-08-19T09:53:03] SKIP name=100nF_1210 mpn=CC1210JKX7R0BB104 lcsc=C3871033 existing=100nF_1210 reason=same_capacitance_and_footprint
[2026-08-19T09:53:03] SKIP name=220nF_1210 mpn=CC1210KKX7RYBB224 lcsc=C326671 existing=220nF_1210 reason=same_capacitance_and_footprint
[2026-08-19T09:53:03] SKIP name=680nF_1210 mpn=CC1210KKX7R9BB684 lcsc=C577277 existing=680nF_1210 reason=same_capacitance_and_footprint
[2026-08-19T09:53:03] SKIP name=1uF_1210 mpn=CS1210KKX7R0BB105 lcsc=C577442 existing=1uF_1210 reason=same_capacitance_and_footprint
[2026-08-19T09:53:03] SKIP name=4.7uF_1210 mpn=CC1210KKX7R9BB475 lcsc=C596318 existing=4.7uF_1210 reason=same_capacitance_and_footprint
[2026-08-19T09:53:03] SKIP name=10uF_1210 mpn=CC1210KKX7R8BB106 lcsc=C700527 existing=10uF_1210 reason=same_capacitance_and_footprint
[2026-08-19T09:53:03] SKIP name=22uF_1210 mpn=CC1210KKX7R8BB226 lcsc=C5341638 existing=22uF_1210 reason=same_capacitance_and_footprint
[2026-08-19T09:53:03] ADD name=1.1nF_0603 manufacturer=Murata series=GRM automotive=No mpn=GRM1885C1H112JA01D lcsc=C710889 capacitance=1.1nF package=0603 voltage=50V tolerance=±5% dielectric=C0G datasheet=Murata_GRM_GJM_GQM_General_MLCC_Catalog.pdf
[2026-08-19T09:53:03] ADD name=1.1nF_0805 manufacturer=Murata series=GRM automotive=No mpn=GRM2165C1H112JA01D lcsc=C426328 capacitance=1.1nF package=0805 voltage=50V tolerance=±5% dielectric=C0G datasheet=Murata_GRM_GJM_GQM_General_MLCC_Catalog.pdf
[2026-08-19T09:53:03] ADD name=1.2nF_0402 manufacturer=Murata series=GRM automotive=No mpn=GRM1555C1H122GA01D lcsc=C21508747 capacitance=1.2nF package=0402 voltage=50V tolerance=±2% dielectric=C0G datasheet=Murata_GRM_GJM_GQM_General_MLCC_Catalog.pdf
[2026-08-19T09:53:03] ADD name=1.2nF_0603 manufacturer=Murata series=GCM automotive=Yes mpn=GCM1885C1H122FA16D lcsc=C1517816 capacitance=1.2nF package=0603 voltage=50V tolerance=±1% dielectric=C0G datasheet=Murata_GCM_Automotive_C0G_MLCC_Reference.pdf
[2026-08-19T09:53:03] ADD name=1.2nF_0805 manufacturer=YAGEO series=CC automotive=No mpn=CC0805KRX7RYBB122 lcsc=C726625 capacitance=1.2nF package=0805 voltage=250V tolerance=±10% dielectric=X7R datasheet=Yageo_X7R_General_Purpose_High_Capacitance_MLCC.pdf
[2026-08-19T09:53:03] ADD name=1.2nF_1206 manufacturer=YAGEO series=CC automotive=No mpn=CC1206JRNPO0BN122 lcsc=C527278 capacitance=1.2nF package=1206 voltage=100V tolerance=±5% dielectric=NP0 datasheet=Yageo_CC_NP0_General_Purpose_16V_to_250V.pdf
[2026-08-19T09:53:03] ADD name=1.2pF_0402 manufacturer=Murata series=GJM automotive=No mpn=GJM1555C1H1R2JB01D lcsc=C907946 capacitance=1.2pF package=0402 voltage=50V tolerance=±5% dielectric=C0G datasheet=Murata_GRM_GJM_GQM_General_MLCC_Catalog.pdf
[2026-08-19T09:53:03] ADD name=1.3nF_0603 manufacturer=Murata series=GRM automotive=No mpn=GRM1885C1H132JA01D lcsc=C185598 capacitance=1.3nF package=0603 voltage=50V tolerance=±5% dielectric=C0G datasheet=Murata_GRM_GJM_GQM_General_MLCC_Catalog.pdf
[2026-08-19T09:53:03] ADD name=1.3nF_0805 manufacturer=Murata series=GRM automotive=No mpn=GRM2165C2A132JA01D lcsc=C710937 capacitance=1.3nF package=0805 voltage=100V tolerance=±5% dielectric=C0G datasheet=Murata_GRM_GJM_GQM_General_MLCC_Catalog.pdf
[2026-08-19T09:53:03] ADD name=1.5pF_0402 manufacturer=Murata series=GCM automotive=Yes mpn=GCM1555C1H1R5JA16D lcsc=C710647 capacitance=1.5pF package=0402 voltage=50V tolerance=±5% dielectric=C0G datasheet=Murata_GCM_Automotive_C0G_MLCC_Reference.pdf
[2026-08-19T09:53:03] ADD name=1.6nF_0402 manufacturer=KEMET series=C0G Commercial automotive=No mpn=C0402C162J3GACTU lcsc=C6289656 capacitance=1.6nF package=0402 voltage=25V tolerance=±5% dielectric=C0G datasheet=KEMET_C0G_Commercial_MLCC.pdf
[2026-08-19T09:53:03] ADD name=1.6nF_0603 manufacturer=Murata series=GRM automotive=No mpn=GRM1885C1H162JA01D lcsc=C437532 capacitance=1.6nF package=0603 voltage=50V tolerance=±5% dielectric=C0G datasheet=Murata_GRM_GJM_GQM_General_MLCC_Catalog.pdf
[2026-08-19T09:53:03] ADD name=1.8nF_0402 manufacturer=Murata series=GRM automotive=No mpn=GRM1555C1H182GA01D lcsc=C22075527 capacitance=1.8nF package=0402 voltage=50V tolerance=±2% dielectric=C0G datasheet=Murata_GRM_GJM_GQM_General_MLCC_Catalog.pdf
[2026-08-19T09:53:03] ADD name=1.8nF_0603 manufacturer=YAGEO series=CC automotive=No mpn=CC0603FRNPO9BN182 lcsc=C5182459 capacitance=1.8nF package=0603 voltage=50V tolerance=±1% dielectric=NP0 datasheet=Yageo_CC_NP0_General_Purpose_16V_to_250V.pdf
[2026-08-19T09:53:03] ADD name=1.8nF_0805 manufacturer=KEMET series=C0G Automotive automotive=Yes mpn=C0805C182J2GACAUTO lcsc=C2174465 capacitance=1.8nF package=0805 voltage=200V tolerance=±5% dielectric=C0G datasheet=KEMET_C0G_Automotive_MLCC.pdf
[2026-08-19T09:53:03] ADD name=1.8nF_1206 manufacturer=YAGEO series=CC automotive=No mpn=CC1206JRNPO0BN182 lcsc=C527281 capacitance=1.8nF package=1206 voltage=100V tolerance=±5% dielectric=NP0 datasheet=Yageo_CC_NP0_General_Purpose_16V_to_250V.pdf
[2026-08-19T09:53:03] ADD name=100pF_1206 manufacturer=YAGEO series=CC automotive=No mpn=CC1206JKNPODBN101 lcsc=C113876 capacitance=100pF package=1206 voltage=2kV tolerance=±5% dielectric=NP0 datasheet=Yageo_CC_High_Voltage_NP0_X7R_500V_to_3kV.pdf
[2026-08-19T09:53:03] ADD name=10nF_1210 manufacturer=YAGEO series=CC automotive=No mpn=CC1210KKX7RBBB103 lcsc=C527379 capacitance=10nF package=1210 voltage=500V tolerance=±10% dielectric=X7R datasheet=Yageo_CC_High_Voltage_NP0_X7R_500V_to_3kV.pdf
[2026-08-19T09:53:03] ADD name=10pF_0402 manufacturer=Murata series=GQM automotive=No mpn=GQM1555C2D100JB01D lcsc=C2286335 capacitance=10pF package=0402 voltage=200V tolerance=±5% dielectric=C0G datasheet=Murata_GRM_GJM_GQM_General_MLCC_Catalog.pdf
[2026-08-19T09:53:03] ADD name=10pF_0603 manufacturer=YAGEO series=CC automotive=No mpn=CC0603JRNPOABN100 lcsc=C576820 capacitance=10pF package=0603 voltage=200V tolerance=±5% dielectric=NP0 datasheet=Yageo_CC_NP0_General_Purpose_16V_to_250V.pdf
[2026-08-19T09:53:03] ADD name=10pF_1206 manufacturer=YAGEO series=CC automotive=No mpn=CC1206JKNPODBN100 lcsc=C272882 capacitance=10pF package=1206 voltage=2kV tolerance=±5% dielectric=NP0 datasheet=Yageo_CC_High_Voltage_NP0_X7R_500V_to_3kV.pdf
[2026-08-19T09:53:03] ADD name=110pF_0402 manufacturer=Murata series=GCM automotive=Yes mpn=GCM1555C1H111FA16D lcsc=C1864359 capacitance=110pF package=0402 voltage=50V tolerance=±1% dielectric=C0G datasheet=Murata_GCM_Automotive_C0G_MLCC_Reference.pdf
[2026-08-19T09:53:03] ADD name=110pF_0603 manufacturer=YAGEO series=CC automotive=No mpn=CC0603FRNPO9BN111 lcsc=C519568 capacitance=110pF package=0603 voltage=50V tolerance=±1% dielectric=NP0 datasheet=Yageo_CC_NP0_General_Purpose_16V_to_250V.pdf
[2026-08-19T09:53:03] ADD name=11nF_0805 manufacturer=Murata series=GRM automotive=No mpn=GRM2195C1H113JA01D lcsc=C710944 capacitance=11nF package=0805 voltage=50V tolerance=±5% dielectric=C0G datasheet=Murata_GRM_GJM_GQM_General_MLCC_Catalog.pdf
[2026-08-19T09:53:03] ADD name=11pF_0402 manufacturer=Murata series=GJM automotive=No mpn=GJM1555C1H110GB01D lcsc=C2169708 capacitance=11pF package=0402 voltage=50V tolerance=±2% dielectric=C0G datasheet=Murata_GRM_GJM_GQM_General_MLCC_Catalog.pdf
[2026-08-19T09:53:03] ADD name=11pF_0603 manufacturer=YAGEO series=CC automotive=No mpn=CC0603JRNPO9BN110 lcsc=C519393 capacitance=11pF package=0603 voltage=50V tolerance=±5% dielectric=NP0 datasheet=Yageo_CC_NP0_General_Purpose_16V_to_250V.pdf
[2026-08-19T09:53:03] ADD name=120nF_0603 manufacturer=YAGEO series=CC automotive=No mpn=CC0603KRX7R9BB124 lcsc=C519444 capacitance=120nF package=0603 voltage=50V tolerance=±10% dielectric=X7R datasheet=Yageo_X7R_General_Purpose_High_Capacitance_MLCC.pdf
[2026-08-19T09:53:03] ADD name=120nF_0805 manufacturer=YAGEO series=CC automotive=No mpn=CC0805KRX7R9BB124 lcsc=C113854 capacitance=120nF package=0805 voltage=50V tolerance=±10% dielectric=X7R datasheet=Yageo_X7R_General_Purpose_High_Capacitance_MLCC.pdf
[2026-08-19T09:53:03] ADD name=120pF_0402 manufacturer=YAGEO series=CC automotive=No mpn=CC0402FRNPO9BN121 lcsc=C541468 capacitance=120pF package=0402 voltage=50V tolerance=±1% dielectric=NP0 datasheet=Yageo_CC_NP0_General_Purpose_16V_to_250V.pdf
[2026-08-19T09:53:03] ADD name=120pF_0603 manufacturer=Murata series=GCM automotive=Yes mpn=GCM1885C2A121FA16D lcsc=C1864338 capacitance=120pF package=0603 voltage=100V tolerance=±1% dielectric=C0G datasheet=Murata_GCM_Automotive_C0G_MLCC_Reference.pdf
[2026-08-19T09:53:03] ADD name=120pF_0805 manufacturer=YAGEO series=CC automotive=No mpn=CC0805JRNPOBBN121 lcsc=C527211 capacitance=120pF package=0805 voltage=500V tolerance=±5% dielectric=NP0 datasheet=Yageo_CC_High_Voltage_NP0_X7R_500V_to_3kV.pdf
[2026-08-19T09:53:03] ADD name=120pF_1206 manufacturer=YAGEO series=CC automotive=No mpn=CC1206JKNPODBN121 lcsc=C527263 capacitance=120pF package=1206 voltage=2kV tolerance=±5% dielectric=NP0 datasheet=Yageo_CC_High_Voltage_NP0_X7R_500V_to_3kV.pdf
[2026-08-19T09:53:03] ADD name=12nF_0402 manufacturer=YAGEO series=CC automotive=No mpn=CC0402KRX7R9BB123 lcsc=C576739 capacitance=12nF package=0402 voltage=50V tolerance=±10% dielectric=X7R datasheet=Yageo_X7R_General_Purpose_High_Capacitance_MLCC.pdf
[2026-08-19T09:53:03] ADD name=12nF_0603 manufacturer=YAGEO series=CC automotive=No mpn=CC0603KRX7R9BB123 lcsc=C107074 capacitance=12nF package=0603 voltage=50V tolerance=±10% dielectric=X7R datasheet=Yageo_X7R_General_Purpose_High_Capacitance_MLCC.pdf
[2026-08-19T09:53:03] ADD name=12nF_0805 manufacturer=Murata series=GRM automotive=No mpn=GRM2195C1H123JA01D lcsc=C97906 capacitance=12nF package=0805 voltage=50V tolerance=±5% dielectric=C0G datasheet=Murata_GRM_GJM_GQM_General_MLCC_Catalog.pdf
[2026-08-19T09:53:03] ADD name=12nF_1206 manufacturer=Murata series=GRM automotive=No mpn=GRM31B5C2E123JWA1L lcsc=C711034 capacitance=12nF package=1206 voltage=250V tolerance=±5% dielectric=C0G datasheet=Murata_GRM_GJM_GQM_General_MLCC_Catalog.pdf
[2026-08-19T09:53:03] ADD name=12pF_0402 manufacturer=YAGEO series=CC automotive=No mpn=CC0402FRNPO9BN120 lcsc=C326662 capacitance=12pF package=0402 voltage=50V tolerance=±1% dielectric=NP0 datasheet=Yageo_CC_NP0_General_Purpose_16V_to_250V.pdf
[2026-08-19T09:53:03] ADD name=12pF_0603 manufacturer=Murata series=GQM automotive=No mpn=GQM1875C2E120GB12D lcsc=C2179278 capacitance=12pF package=0603 voltage=250V tolerance=±2% dielectric=C0G datasheet=Murata_GRM_GJM_GQM_General_MLCC_Catalog.pdf
[2026-08-19T09:53:03] ADD name=12pF_0805 manufacturer=YAGEO series=CC automotive=No mpn=CC0805JRNPO0BN120 lcsc=C576951 capacitance=12pF package=0805 voltage=100V tolerance=±5% dielectric=NP0 datasheet=Yageo_CC_NP0_General_Purpose_16V_to_250V.pdf
[2026-08-19T09:53:03] ADD name=12pF_1206 manufacturer=YAGEO series=CC automotive=No mpn=CC1206JRNPO9BN120 lcsc=C113882 capacitance=12pF package=1206 voltage=50V tolerance=±5% dielectric=NP0 datasheet=Yageo_CC_NP0_General_Purpose_16V_to_250V.pdf
[2026-08-19T09:53:03] ADD name=130pF_0402 manufacturer=YAGEO series=CC automotive=No mpn=CC0402JRNPO9BN131 lcsc=C576705 capacitance=130pF package=0402 voltage=50V tolerance=±5% dielectric=NP0 datasheet=Yageo_CC_NP0_General_Purpose_16V_to_250V.pdf
[2026-08-19T09:53:03] ADD name=130pF_0603 manufacturer=YAGEO series=CC automotive=No mpn=CC0603GRNPO9BN131 lcsc=C519476 capacitance=130pF package=0603 voltage=50V tolerance=±2% dielectric=NP0 datasheet=Yageo_CC_NP0_General_Purpose_16V_to_250V.pdf
[2026-08-19T09:53:03] ADD name=130pF_0805 manufacturer=YAGEO series=CC automotive=No mpn=CC0805JRNPO9BN131 lcsc=C520003 capacitance=130pF package=0805 voltage=50V tolerance=±5% dielectric=NP0 datasheet=Yageo_CC_NP0_General_Purpose_16V_to_250V.pdf
[2026-08-19T09:53:03] ADD name=13nF_0805 manufacturer=Murata series=GRM automotive=No mpn=GRM2195C1H133JA01D lcsc=C710945 capacitance=13nF package=0805 voltage=50V tolerance=±5% dielectric=C0G datasheet=Murata_GRM_GJM_GQM_General_MLCC_Catalog.pdf
[2026-08-19T09:53:03] ADD name=13pF_0402 manufacturer=Murata series=GJM automotive=No mpn=GJM1555C1H130FB01D lcsc=C161306 capacitance=13pF package=0402 voltage=50V tolerance=±1% dielectric=C0G datasheet=Murata_GRM_GJM_GQM_General_MLCC_Catalog.pdf
[2026-08-19T09:53:03] ADD name=13pF_0603 manufacturer=Murata series=GCM automotive=Yes mpn=GCM1885C2A130FA16J lcsc=C17495061 capacitance=13pF package=0603 voltage=100V tolerance=±1% dielectric=C0G datasheet=Murata_GCM_Automotive_C0G_MLCC_Reference.pdf
[2026-08-19T09:53:03] ADD name=13pF_0805 manufacturer=YAGEO series=CC automotive=No mpn=CC0805JRNPO9BN130 lcsc=C519918 capacitance=13pF package=0805 voltage=50V tolerance=±5% dielectric=NP0 datasheet=Yageo_CC_NP0_General_Purpose_16V_to_250V.pdf
[2026-08-19T09:53:03] ADD name=14pF_0402 manufacturer=Murata series=GJM automotive=No mpn=GJM1555C1H140FB01D lcsc=C3898691 capacitance=14pF package=0402 voltage=50V tolerance=±1% dielectric=C0G datasheet=Murata_GRM_GJM_GQM_General_MLCC_Catalog.pdf
[2026-08-19T09:53:03] ADD name=14pF_0805 manufacturer=YAGEO series=CC automotive=No mpn=CC0805JRNPO9BN140 lcsc=C519919 capacitance=14pF package=0805 voltage=50V tolerance=±5% dielectric=NP0 datasheet=Yageo_CC_NP0_General_Purpose_16V_to_250V.pdf
[2026-08-19T09:53:03] ADD name=150pF_1206 manufacturer=YAGEO series=CC automotive=No mpn=CC1206JKNPOCBN151 lcsc=C326703 capacitance=150pF package=1206 voltage=1kV tolerance=±5% dielectric=NP0 datasheet=Yageo_CC_High_Voltage_NP0_X7R_500V_to_3kV.pdf
[2026-08-19T09:53:03] ADD name=15pF_0402 manufacturer=Murata series=GRM automotive=No mpn=GRM1555C2A150JA01D lcsc=C440172 capacitance=15pF package=0402 voltage=100V tolerance=±5% dielectric=C0G datasheet=Murata_GRM_GJM_GQM_General_MLCC_Catalog.pdf
[2026-08-19T09:53:03] ADD name=15pF_0805 manufacturer=YAGEO series=CC automotive=No mpn=CC0805JRNPOCBN150 lcsc=C726621 capacitance=15pF package=0805 voltage=1kV tolerance=±5% dielectric=NP0 datasheet=Yageo_CC_High_Voltage_NP0_X7R_500V_to_3kV.pdf
[2026-08-19T09:53:03] ADD name=15pF_1206 manufacturer=YAGEO series=CC automotive=No mpn=CC1206JKNPOCBN150 lcsc=C326650 capacitance=15pF package=1206 voltage=1kV tolerance=±5% dielectric=NP0 datasheet=Yageo_CC_High_Voltage_NP0_X7R_500V_to_3kV.pdf
[2026-08-19T09:53:03] ADD name=160pF_0402 manufacturer=Murata series=GCM automotive=Yes mpn=GCM1555C1H161FA16D lcsc=C1864374 capacitance=160pF package=0402 voltage=50V tolerance=±1% dielectric=C0G datasheet=Murata_GCM_Automotive_C0G_MLCC_Reference.pdf
[2026-08-19T09:53:03] ADD name=160pF_0603 manufacturer=YAGEO series=CC automotive=No mpn=CC0603GRNPO9BN161 lcsc=C3860559 capacitance=160pF package=0603 voltage=50V tolerance=±2% dielectric=C0G datasheet=Yageo_CC_NP0_General_Purpose_16V_to_250V.pdf
[2026-08-19T09:53:03] ADD name=160pF_0805 manufacturer=YAGEO series=CC automotive=No mpn=CC0805JRNPO9BN161 lcsc=C1853295 capacitance=160pF package=0805 voltage=50V tolerance=±5% dielectric=NP0 datasheet=Yageo_CC_NP0_General_Purpose_16V_to_250V.pdf
[2026-08-19T09:53:03] ADD name=16pF_0402 manufacturer=YAGEO series=CC automotive=No mpn=CC0402FRNPO9BN160 lcsc=C541434 capacitance=16pF package=0402 voltage=50V tolerance=±1% dielectric=NP0 datasheet=Yageo_CC_NP0_General_Purpose_16V_to_250V.pdf
[2026-08-19T09:53:03] ADD name=16pF_0603 manufacturer=YAGEO series=CC automotive=No mpn=CC0603JRNPO0BN160 lcsc=C527060 capacitance=16pF package=0603 voltage=100V tolerance=±5% dielectric=NP0 datasheet=Yageo_CC_NP0_General_Purpose_16V_to_250V.pdf
[2026-08-19T09:53:03] ADD name=16pF_0805 manufacturer=YAGEO series=CC automotive=No mpn=CC0805JRNPO9BN160 lcsc=C519920 capacitance=16pF package=0805 voltage=50V tolerance=±5% dielectric=NP0 datasheet=Yageo_CC_NP0_General_Purpose_16V_to_250V.pdf
[2026-08-19T09:53:03] ADD name=17pF_0402 manufacturer=Murata series=GJM automotive=No mpn=GJM1555C1H170FB01D lcsc=C1517782 capacitance=17pF package=0402 voltage=50V tolerance=±1% dielectric=C0G datasheet=Murata_GRM_GJM_GQM_General_MLCC_Catalog.pdf
[2026-08-19T09:53:03] ADD name=180nF_0603 manufacturer=YAGEO series=AC automotive=Yes mpn=AC0603KRX7R8BB184 lcsc=C1853648 capacitance=180nF package=0603 voltage=25V tolerance=±10% dielectric=X7R datasheet=Yageo_AC_Automotive_NP0_X7R_X7S_6.3V_to_2000V.pdf
[2026-08-19T09:53:03] ADD name=180nF_0805 manufacturer=YAGEO series=CC automotive=No mpn=CC0805KRX7R7BB184 lcsc=C327148 capacitance=180nF package=0805 voltage=16V tolerance=±10% dielectric=X7R datasheet=Yageo_X7R_General_Purpose_High_Capacitance_MLCC.pdf
[2026-08-19T09:53:03] ADD name=180nF_1206 manufacturer=YAGEO series=CC automotive=No mpn=CC1206KKX7R9BB184 lcsc=C577220 capacitance=180nF package=1206 voltage=50V tolerance=±10% dielectric=X7R datasheet=Yageo_X7R_General_Purpose_High_Capacitance_MLCC.pdf
[2026-08-19T09:53:03] ADD name=180pF_0402 manufacturer=Murata series=GRM automotive=No mpn=GRM1555C2A181JE01D lcsc=C3909570 capacitance=180pF package=0402 voltage=100V tolerance=±5% dielectric=C0G datasheet=Murata_GRM_GJM_GQM_General_MLCC_Catalog.pdf
[2026-08-19T09:53:03] ADD name=180pF_0603 manufacturer=YAGEO series=CC automotive=No mpn=CC0603FRNPO0BN181 lcsc=C576770 capacitance=180pF package=0603 voltage=100V tolerance=±1% dielectric=NP0 datasheet=Yageo_CC_NP0_General_Purpose_16V_to_250V.pdf
[2026-08-19T09:53:03] ADD name=180pF_0805 manufacturer=YAGEO series=CC automotive=No mpn=CC0805JRNPO9BN181 lcsc=C113826 capacitance=180pF package=0805 voltage=50V tolerance=±5% dielectric=NP0 datasheet=Yageo_CC_NP0_General_Purpose_16V_to_250V.pdf
[2026-08-19T09:53:03] ADD name=180pF_1206 manufacturer=YAGEO series=CC automotive=No mpn=CC1206JKNPOCBN181 lcsc=C541494 capacitance=180pF package=1206 voltage=1kV tolerance=±5% dielectric=NP0 datasheet=Yageo_CC_High_Voltage_NP0_X7R_500V_to_3kV.pdf
[2026-08-19T09:53:03] ADD name=18nF_0402 manufacturer=YAGEO series=CC automotive=No mpn=CC0402KRX7R9BB183 lcsc=C576740 capacitance=18nF package=0402 voltage=50V tolerance=±10% dielectric=X7R datasheet=Yageo_X7R_General_Purpose_High_Capacitance_MLCC.pdf
[2026-08-19T09:53:03] ADD name=18nF_0603 manufacturer=YAGEO series=CC automotive=No mpn=CC0603KRX7R9BB183 lcsc=C107079 capacitance=18nF package=0603 voltage=50V tolerance=±10% dielectric=X7R datasheet=Yageo_X7R_General_Purpose_High_Capacitance_MLCC.pdf
[2026-08-19T09:53:03] ADD name=18nF_0805 manufacturer=Murata series=GCM automotive=Yes mpn=GCM21B5C1H183FA16L lcsc=C3895668 capacitance=18nF package=0805 voltage=50V tolerance=±1% dielectric=C0G datasheet=Murata_GCM_Automotive_C0G_MLCC_Reference.pdf
[2026-08-19T09:53:03] ADD name=18nF_1206 manufacturer=Murata series=GRM automotive=No mpn=GRM3195C2A183JA01D lcsc=C711003 capacitance=18nF package=1206 voltage=100V tolerance=±5% dielectric=C0G datasheet=Murata_GRM_GJM_GQM_General_MLCC_Catalog.pdf
[2026-08-19T09:53:03] ADD name=18pF_0402 manufacturer=Murata series=GRM automotive=No mpn=GRM1555C2A180GA01D lcsc=C22216038 capacitance=18pF package=0402 voltage=100V tolerance=±2% dielectric=C0G datasheet=Murata_GRM_GJM_GQM_General_MLCC_Catalog.pdf
[2026-08-19T09:53:03] ADD name=18pF_0603 manufacturer=YAGEO series=CC automotive=No mpn=CC0603FRNPO0BN180 lcsc=C576769 capacitance=18pF package=0603 voltage=100V tolerance=±1% dielectric=NP0 datasheet=Yageo_CC_NP0_General_Purpose_16V_to_250V.pdf
[2026-08-19T09:53:03] ADD name=18pF_0805 manufacturer=Murata series=GQM automotive=No mpn=GQM2195C2E180JB12D lcsc=C2181354 capacitance=18pF package=0805 voltage=250V tolerance=±5% dielectric=C0G datasheet=Murata_GRM_GJM_GQM_General_MLCC_Catalog.pdf
[2026-08-19T09:53:03] ADD name=18pF_1206 manufacturer=YAGEO series=CC automotive=No mpn=CC1206JKNPODBN180 lcsc=C5182458 capacitance=18pF package=1206 voltage=2kV tolerance=±5% dielectric=NP0 datasheet=Yageo_CC_High_Voltage_NP0_X7R_500V_to_3kV.pdf
[2026-08-19T09:53:03] ADD name=19pF_0402 manufacturer=Murata series=GJM automotive=No mpn=GJM1555C1H190GB01D lcsc=C3900904 capacitance=19pF package=0402 voltage=50V tolerance=±2% dielectric=C0G datasheet=Murata_GRM_GJM_GQM_General_MLCC_Catalog.pdf
[2026-08-19T09:53:03] ADD name=1nF_1210 manufacturer=YAGEO series=CC automotive=No mpn=CC1210KKX7RDBB102 lcsc=C527380 capacitance=1nF package=1210 voltage=2kV tolerance=±10% dielectric=X7R datasheet=Yageo_CC_High_Voltage_NP0_X7R_500V_to_3kV.pdf
[2026-08-19T09:53:03] ADD name=1pF_0402 manufacturer=Murata series=GCM automotive=Yes mpn=GCM1555C1H1R0JA16D lcsc=C710646 capacitance=1pF package=0402 voltage=50V tolerance=±5% dielectric=C0G datasheet=Murata_GCM_Automotive_C0G_MLCC_Reference.pdf
[2026-08-19T09:53:03] ADD name=2.2nF_1210 manufacturer=YAGEO series=CC automotive=No mpn=CC1210JKNPO0BN222 lcsc=C577264 capacitance=2.2nF package=1210 voltage=100V tolerance=±5% dielectric=NP0 datasheet=Yageo_CC_NP0_General_Purpose_16V_to_250V.pdf
[2026-08-19T09:53:03] ADD name=2.2pF_0402 manufacturer=Murata series=GJM automotive=No mpn=GJM1555C1H2R2GB01D lcsc=C1517505 capacitance=2.2pF package=0402 voltage=50V tolerance=±2% dielectric=C0G datasheet=Murata_GRM_GJM_GQM_General_MLCC_Catalog.pdf
[2026-08-19T09:53:03] ADD name=2.4nF_0805 manufacturer=Murata series=GRM automotive=No mpn=GRM2165C1H242JA01D lcsc=C710933 capacitance=2.4nF package=0805 voltage=50V tolerance=±5% dielectric=C0G datasheet=Murata_GRM_GJM_GQM_General_MLCC_Catalog.pdf
[2026-08-19T09:53:03] ADD name=2.7nF_0402 manufacturer=Murata series=GRM automotive=No mpn=GRM1555C1H272GE01D lcsc=C3846860 capacitance=2.7nF package=0402 voltage=50V tolerance=±2% dielectric=C0G datasheet=Murata_GRM_GJM_GQM_General_MLCC_Catalog.pdf
[2026-08-19T09:53:03] ADD name=2.7nF_0603 manufacturer=Murata series=GRM automotive=No mpn=GRM1885C1H272JA01D lcsc=C77034 capacitance=2.7nF package=0603 voltage=50V tolerance=±5% dielectric=C0G datasheet=Murata_GRM_GJM_GQM_General_MLCC_Catalog.pdf
[2026-08-19T09:53:03] ADD name=2.7nF_0805 manufacturer=Murata series=GRM automotive=No mpn=GRM2165C1H272FA01D lcsc=C2987938 capacitance=2.7nF package=0805 voltage=50V tolerance=±1% dielectric=C0G datasheet=Murata_GRM_GJM_GQM_General_MLCC_Catalog.pdf
[2026-08-19T09:53:03] ADD name=2.7nF_1206 manufacturer=YAGEO series=CC automotive=No mpn=CC1206KKX7RBBB272 lcsc=C1854427 capacitance=2.7nF package=1206 voltage=500V tolerance=±10% dielectric=X7R datasheet=Yageo_CC_High_Voltage_NP0_X7R_500V_to_3kV.pdf
[2026-08-19T09:53:03] ADD name=200pF_0805 manufacturer=YAGEO series=CC automotive=No mpn=CC0805FRNPO9BN201 lcsc=C541566 capacitance=200pF package=0805 voltage=50V tolerance=±1% dielectric=NP0 datasheet=Yageo_CC_NP0_General_Purpose_16V_to_250V.pdf
[2026-08-19T09:53:03] ADD name=20nF_0603 manufacturer=YAGEO series=CC automotive=No mpn=CC0603KRX7R9BB203 lcsc=C282065 capacitance=20nF package=0603 voltage=50V tolerance=±10% dielectric=X7R datasheet=Yageo_X7R_General_Purpose_High_Capacitance_MLCC.pdf
[2026-08-19T09:53:03] ADD name=20nF_0805 manufacturer=Murata series=GCM automotive=Yes mpn=GCM21B5C1H203FA16L lcsc=C17588990 capacitance=20nF package=0805 voltage=50V tolerance=±1% dielectric=C0G datasheet=Murata_GCM_Automotive_C0G_MLCC_Reference.pdf
[2026-08-19T09:53:03] ADD name=20nF_1206 manufacturer=Murata series=GRM automotive=No mpn=GRM3195C1H203JA01D lcsc=C172741 capacitance=20nF package=1206 voltage=50V tolerance=±5% dielectric=C0G datasheet=Murata_GRM_GJM_GQM_General_MLCC_Catalog.pdf
[2026-08-19T09:53:03] ADD name=20pF_0402 manufacturer=YAGEO series=CC automotive=No mpn=CC0402FRNPO9BN200 lcsc=C327010 capacitance=20pF package=0402 voltage=50V tolerance=±1% dielectric=NP0 datasheet=Yageo_CC_NP0_General_Purpose_16V_to_250V.pdf
[2026-08-19T09:53:03] ADD name=20pF_0603 manufacturer=Murata series=GQM automotive=No mpn=GQM1875C2E200GB12D lcsc=C3845779 capacitance=20pF package=0603 voltage=250V tolerance=±2% dielectric=C0G datasheet=Murata_GRM_GJM_GQM_General_MLCC_Catalog.pdf
[2026-08-19T09:53:03] ADD name=20pF_0805 manufacturer=Murata series=GQM automotive=No mpn=GQM2195C2E200JB12D lcsc=C2330452 capacitance=20pF package=0805 voltage=250V tolerance=±5% dielectric=C0G datasheet=Murata_GRM_GJM_GQM_General_MLCC_Catalog.pdf
[2026-08-19T09:53:03] ADD name=20pF_1206 manufacturer=YAGEO series=CC automotive=No mpn=CC1206JKNPOCBN200 lcsc=C577124 capacitance=20pF package=1206 voltage=1kV tolerance=±5% dielectric=C0G/NP0 datasheet=Yageo_CC_High_Voltage_NP0_X7R_500V_to_3kV.pdf
[2026-08-19T09:53:03] ADD name=22pF_0402 manufacturer=Murata series=GRM automotive=No mpn=GRM1555C2A220GA01D lcsc=C21611209 capacitance=22pF package=0402 voltage=100V tolerance=±2% dielectric=C0G datasheet=Murata_GRM_GJM_GQM_General_MLCC_Catalog.pdf
[2026-08-19T09:53:03] ADD name=22pF_0805 manufacturer=YAGEO series=CC automotive=No mpn=CC0805JRNPOCBN220 lcsc=C113840 capacitance=22pF package=0805 voltage=1kV tolerance=±5% dielectric=NP0 datasheet=Yageo_CC_High_Voltage_NP0_X7R_500V_to_3kV.pdf
[2026-08-19T09:53:03] ADD name=22pF_1206 manufacturer=YAGEO series=CC automotive=No mpn=CC1206JKNPODBN220 lcsc=C577126 capacitance=22pF package=1206 voltage=2kV tolerance=±5% dielectric=NP0 datasheet=Yageo_CC_High_Voltage_NP0_X7R_500V_to_3kV.pdf
[2026-08-19T09:53:03] ADD name=240pF_0402 manufacturer=Murata series=GCM automotive=Yes mpn=GCM1555C1H241FA16D lcsc=C1517814 capacitance=240pF package=0402 voltage=50V tolerance=±1% dielectric=C0G datasheet=Murata_GCM_Automotive_C0G_MLCC_Reference.pdf
[2026-08-19T09:53:03] ADD name=240pF_0603 manufacturer=YAGEO series=CC automotive=No mpn=CC0603JRNPO9BN241 lcsc=C519400 capacitance=240pF package=0603 voltage=50V tolerance=±5% dielectric=NP0 datasheet=Yageo_CC_NP0_General_Purpose_16V_to_250V.pdf
[2026-08-19T09:53:03] ADD name=240pF_0805 manufacturer=Murata series=GRM automotive=No mpn=GRM2165C2A241JA01D lcsc=C185600 capacitance=240pF package=0805 voltage=100V tolerance=±5% dielectric=C0G datasheet=Murata_GRM_GJM_GQM_General_MLCC_Catalog.pdf
[2026-08-19T09:53:03] ADD name=24pF_0402 manufacturer=Murata series=GJM automotive=No mpn=GJM1555C1H240FB01D lcsc=C415394 capacitance=24pF package=0402 voltage=50V tolerance=±1% dielectric=C0G datasheet=Murata_GRM_GJM_GQM_General_MLCC_Catalog.pdf
[2026-08-19T09:53:03] ADD name=24pF_0603 manufacturer=Murata series=GQM automotive=No mpn=GQM1875C2E240GB12D lcsc=C2336887 capacitance=24pF package=0603 voltage=250V tolerance=±2% dielectric=C0G datasheet=Murata_GRM_GJM_GQM_General_MLCC_Catalog.pdf
[2026-08-19T09:53:03] ADD name=24pF_0805 manufacturer=YAGEO series=CC automotive=No mpn=CC0805JRNPO9BN240 lcsc=C113827 capacitance=24pF package=0805 voltage=50V tolerance=±5% dielectric=NP0 datasheet=Yageo_CC_NP0_General_Purpose_16V_to_250V.pdf
[2026-08-19T09:53:03] ADD name=25pF_0402 manufacturer=YAGEO series=CC automotive=No mpn=CC0402JRNPO9BN250 lcsc=C541363 capacitance=25pF package=0402 voltage=50V tolerance=±5% dielectric=NP0 datasheet=Yageo_CC_NP0_General_Purpose_16V_to_250V.pdf
[2026-08-19T09:53:03] ADD name=25pF_0603 manufacturer=YAGEO series=CC automotive=No mpn=CC0603JRNPO9BN250 lcsc=C282067 capacitance=25pF package=0603 voltage=50V tolerance=±5% dielectric=NP0 datasheet=Yageo_CC_NP0_General_Purpose_16V_to_250V.pdf
[2026-08-19T09:53:03] ADD name=25pF_0805 manufacturer=YAGEO series=CC automotive=No mpn=CC0805JRNPO9BN250 lcsc=C327030 capacitance=25pF package=0805 voltage=50V tolerance=±5% dielectric=NP0 datasheet=Yageo_CC_NP0_General_Purpose_16V_to_250V.pdf
[2026-08-19T09:53:03] ADD name=270nF_0603 manufacturer=YAGEO series=CC automotive=No mpn=CC0603KRX7R7BB274 lcsc=C519443 capacitance=270nF package=0603 voltage=16V tolerance=±10% dielectric=X7R datasheet=Yageo_X7R_General_Purpose_High_Capacitance_MLCC.pdf
[2026-08-19T09:53:03] ADD name=270nF_0805 manufacturer=YAGEO series=CC automotive=No mpn=CC0805KKX7R9BB274 lcsc=C113845 capacitance=270nF package=0805 voltage=50V tolerance=±10% dielectric=X7R datasheet=Yageo_X7R_General_Purpose_High_Capacitance_MLCC.pdf
[2026-08-19T09:53:03] ADD name=270pF_0402 manufacturer=Murata series=GCM automotive=Yes mpn=GCM1555C1H271FA16D lcsc=C882580 capacitance=270pF package=0402 voltage=50V tolerance=±1% dielectric=C0G datasheet=Murata_GCM_Automotive_C0G_MLCC_Reference.pdf
[2026-08-19T09:53:03] ADD name=270pF_0603 manufacturer=KYOCERA AVX series=C0G/NP0 automotive=No mpn=06031A271JAT2A lcsc=C597078 capacitance=270pF package=0603 voltage=100V tolerance=±5% dielectric=C0G datasheet=KYOCERA_AVX_Surface_Mount_Ceramic_Capacitors.pdf
[2026-08-19T09:53:03] ADD name=270pF_0805 manufacturer=YAGEO series=CC automotive=No mpn=CC0805JRNPO0BN271 lcsc=C107106 capacitance=270pF package=0805 voltage=100V tolerance=±5% dielectric=NP0 datasheet=Yageo_CC_NP0_General_Purpose_16V_to_250V.pdf
[2026-08-19T09:53:03] ADD name=270pF_1206 manufacturer=YAGEO series=CC automotive=No mpn=CC1206JKNPOCBN271 lcsc=C113874 capacitance=270pF package=1206 voltage=1kV tolerance=±5% dielectric=NP0 datasheet=Yageo_CC_High_Voltage_NP0_X7R_500V_to_3kV.pdf
[2026-08-19T09:53:03] ADD name=27nF_0402 manufacturer=YAGEO series=CC automotive=No mpn=CC0402KRX7R8BB273 lcsc=C513396 capacitance=27nF package=0402 voltage=25V tolerance=±10% dielectric=X7R datasheet=Yageo_X7R_General_Purpose_High_Capacitance_MLCC.pdf
[2026-08-19T09:53:03] ADD name=27nF_0603 manufacturer=YAGEO series=CC automotive=No mpn=CC0603KRX7R9BB273 lcsc=C107086 capacitance=27nF package=0603 voltage=50V tolerance=±10% dielectric=X7R datasheet=Yageo_X7R_General_Purpose_High_Capacitance_MLCC.pdf
[2026-08-19T09:53:03] ADD name=27nF_0805 manufacturer=Murata series=GRM automotive=No mpn=GRM2165C1H273JA01D lcsc=C3882413 capacitance=27nF package=0805 voltage=50V tolerance=±5% dielectric=C0G datasheet=Murata_GRM_GJM_GQM_General_MLCC_Catalog.pdf
[2026-08-19T09:53:03] ADD name=27nF_1206 manufacturer=Murata series=GRM automotive=No mpn=GRM3195C1H273JA01D lcsc=C162433 capacitance=27nF package=1206 voltage=50V tolerance=±5% dielectric=C0G datasheet=Murata_GRM_GJM_GQM_General_MLCC_Catalog.pdf
[2026-08-19T09:53:03] ADD name=27pF_0402 manufacturer=YAGEO series=CC automotive=No mpn=CC0402FRNPO9BN270 lcsc=C277506 capacitance=27pF package=0402 voltage=50V tolerance=±1% dielectric=NP0 datasheet=Yageo_CC_NP0_General_Purpose_16V_to_250V.pdf
[2026-08-19T09:53:03] ADD name=27pF_0603 manufacturer=Murata series=GQM automotive=No mpn=GQM1875C2E270GB12D lcsc=C3851893 capacitance=27pF package=0603 voltage=250V tolerance=±2% dielectric=C0G datasheet=Murata_GRM_GJM_GQM_General_MLCC_Catalog.pdf
[2026-08-19T09:53:03] ADD name=27pF_0805 manufacturer=Murata series=GRM automotive=No mpn=GRM21A5C2E270JW01D lcsc=C710969 capacitance=27pF package=0805 voltage=250V tolerance=±5% dielectric=C0G datasheet=Murata_GRM_GJM_GQM_General_MLCC_Catalog.pdf
[2026-08-19T09:53:03] ADD name=27pF_1206 manufacturer=YAGEO series=CC automotive=No mpn=CC1206JKNPOCBN270 lcsc=C541492 capacitance=27pF package=1206 voltage=1kV tolerance=±5% dielectric=NP0 datasheet=Yageo_CC_High_Voltage_NP0_X7R_500V_to_3kV.pdf
[2026-08-19T09:53:03] ADD name=2nF_0402 manufacturer=YAGEO series=CC automotive=No mpn=CC0402KRX7R9BB202 lcsc=C541393 capacitance=2nF package=0402 voltage=50V tolerance=±10% dielectric=X7R datasheet=Yageo_X7R_General_Purpose_High_Capacitance_MLCC.pdf
[2026-08-19T09:53:03] ADD name=2nF_0603 manufacturer=Murata series=GCM automotive=Yes mpn=GCM1885C1H202FA16J lcsc=C1870141 capacitance=2nF package=0603 voltage=50V tolerance=±1% dielectric=C0G datasheet=Murata_GCM_Automotive_C0G_MLCC_Reference.pdf
[2026-08-19T09:53:03] ADD name=2nF_0805 manufacturer=Murata series=GRM automotive=No mpn=GRM2165C2A202JA01D lcsc=C710939 capacitance=2nF package=0805 voltage=100V tolerance=±5% dielectric=C0G datasheet=Murata_GRM_GJM_GQM_General_MLCC_Catalog.pdf
[2026-08-19T09:53:03] ADD name=3.3nF_1210 manufacturer=YAGEO series=CC automotive=No mpn=CC1210KKX7RCBB332 lcsc=C577283 capacitance=3.3nF package=1210 voltage=1kV tolerance=±10% dielectric=X7R datasheet=Yageo_CC_High_Voltage_NP0_X7R_500V_to_3kV.pdf
[2026-08-19T09:53:03] ADD name=3.3pF_0402 manufacturer=Murata series=GCM automotive=Yes mpn=GCM1555C1H3R3GA16D lcsc=C2941931 capacitance=3.3pF package=0402 voltage=50V tolerance=±2% dielectric=C0G datasheet=Murata_GCM_Automotive_C0G_MLCC_Reference.pdf
[2026-08-19T09:53:03] ADD name=3.6nF_0603 manufacturer=Murata series=GRM automotive=No mpn=GRM1885C1H362JA01D lcsc=C710898 capacitance=3.6nF package=0603 voltage=50V tolerance=±5% dielectric=C0G datasheet=Murata_GRM_GJM_GQM_General_MLCC_Catalog.pdf
[2026-08-19T09:53:03] ADD name=3.9nF_0402 manufacturer=Murata series=GRM automotive=No mpn=GRM1555C1H392GE01D lcsc=C3883536 capacitance=3.9nF package=0402 voltage=50V tolerance=±2% dielectric=C0G datasheet=Murata_GRM_GJM_GQM_General_MLCC_Catalog.pdf
[2026-08-19T09:53:03] ADD name=3.9nF_0603 manufacturer=Murata series=GCM automotive=Yes mpn=GCM1885C1H392FA16J lcsc=C3905874 capacitance=3.9nF package=0603 voltage=50V tolerance=±1% dielectric=C0G datasheet=Murata_GCM_Automotive_C0G_MLCC_Reference.pdf
[2026-08-19T09:53:03] ADD name=3.9nF_0805 manufacturer=YAGEO series=CC automotive=No mpn=CC0805FKNPO9BN392 lcsc=C541576 capacitance=3.9nF package=0805 voltage=50V tolerance=±1% dielectric=NP0 datasheet=Yageo_CC_NP0_General_Purpose_16V_to_250V.pdf
[2026-08-19T09:53:03] ADD name=3.9nF_1206 manufacturer=YAGEO series=CC automotive=No mpn=CC1206GRNPO9BN392 lcsc=C541560 capacitance=3.9nF package=1206 voltage=50V tolerance=±2% dielectric=NP0 datasheet=Yageo_CC_NP0_General_Purpose_16V_to_250V.pdf
[2026-08-19T09:53:03] ADD name=3.9pF_0402 manufacturer=Murata series=GJM automotive=No mpn=GJM1555C1H3R9GB01D lcsc=C1517504 capacitance=3.9pF package=0402 voltage=50V tolerance=±2% dielectric=C0G datasheet=Murata_GRM_GJM_GQM_General_MLCC_Catalog.pdf
[2026-08-19T09:53:03] ADD name=300pF_0402 manufacturer=Murata series=GCM automotive=Yes mpn=GCM1555C1H301FA16D lcsc=C126505 capacitance=300pF package=0402 voltage=50V tolerance=±1% dielectric=C0G datasheet=Murata_GCM_Automotive_C0G_MLCC_Reference.pdf
[2026-08-19T09:53:03] ADD name=300pF_0603 manufacturer=YAGEO series=CC automotive=No mpn=CC0603FRNPO9BN301 lcsc=C1853096 capacitance=300pF package=0603 voltage=50V tolerance=±1% dielectric=NP0 datasheet=Yageo_CC_NP0_General_Purpose_16V_to_250V.pdf
[2026-08-19T09:53:03] ADD name=300pF_0805 manufacturer=YAGEO series=CC automotive=No mpn=CC0805JRNPO9BN301 lcsc=C113829 capacitance=300pF package=0805 voltage=50V tolerance=±5% dielectric=NP0 datasheet=Yageo_CC_NP0_General_Purpose_16V_to_250V.pdf
[2026-08-19T09:53:03] ADD name=30pF_0402 manufacturer=YAGEO series=CC automotive=No mpn=CC0402FRNPO9BN300 lcsc=C526980 capacitance=30pF package=0402 voltage=50V tolerance=±1% dielectric=NP0 datasheet=Yageo_CC_NP0_General_Purpose_16V_to_250V.pdf
[2026-08-19T09:53:03] ADD name=30pF_0603 manufacturer=Murata series=GQM automotive=No mpn=GQM1875C2E300GB12D lcsc=C2336884 capacitance=30pF package=0603 voltage=250V tolerance=±2% dielectric=C0G datasheet=Murata_GRM_GJM_GQM_General_MLCC_Catalog.pdf
[2026-08-19T09:53:03] ADD name=30pF_0805 manufacturer=YAGEO series=CC automotive=No mpn=CC0805JRNPO9BN300 lcsc=C107114 capacitance=30pF package=0805 voltage=50V tolerance=±5% dielectric=NP0 datasheet=Yageo_CC_NP0_General_Purpose_16V_to_250V.pdf
[2026-08-19T09:53:03] ADD name=33nF_1210 manufacturer=Murata series=GCM automotive=Yes mpn=GCM32E5C2J333FX0AL lcsc=C3877770 capacitance=33nF package=1210 voltage=630V tolerance=±1% dielectric=C0G datasheet=Murata_GCM_Automotive_C0G_MLCC_Reference.pdf
[2026-08-19T09:53:03] ADD name=33pF_0402 manufacturer=Murata series=GRM automotive=No mpn=GRM1555C2A330JA01D lcsc=C882539 capacitance=33pF package=0402 voltage=100V tolerance=±5% dielectric=C0G datasheet=Murata_GRM_GJM_GQM_General_MLCC_Catalog.pdf
[2026-08-19T09:53:03] ADD name=33pF_0603 manufacturer=Murata series=GQM automotive=No mpn=GQM1875C2E330FB12D lcsc=C2360428 capacitance=33pF package=0603 voltage=250V tolerance=±1% dielectric=C0G datasheet=Murata_GRM_GJM_GQM_General_MLCC_Catalog.pdf
[2026-08-19T09:53:03] ADD name=33pF_0805 manufacturer=YAGEO series=CC automotive=No mpn=CC0805JRNPOBBN330 lcsc=C113838 capacitance=33pF package=0805 voltage=500V tolerance=±5% dielectric=NP0 datasheet=Yageo_CC_High_Voltage_NP0_X7R_500V_to_3kV.pdf
[2026-08-19T09:53:03] ADD name=33pF_1206 manufacturer=YAGEO series=CC automotive=No mpn=CC1206JKNPODBN330 lcsc=C309497 capacitance=33pF package=1206 voltage=2kV tolerance=±5% dielectric=NP0 datasheet=Yageo_CC_High_Voltage_NP0_X7R_500V_to_3kV.pdf
[2026-08-19T09:53:03] ADD name=360pF_0402 manufacturer=Murata series=GRM automotive=No mpn=GRM1555C1H361GA01D lcsc=C710845 capacitance=360pF package=0402 voltage=50V tolerance=±2% dielectric=C0G datasheet=Murata_GRM_GJM_GQM_General_MLCC_Catalog.pdf
[2026-08-19T09:53:03] ADD name=360pF_0603 manufacturer=YAGEO series=CC automotive=No mpn=CC0603JRNPO9BN361 lcsc=C513587 capacitance=360pF package=0603 voltage=50V tolerance=±5% dielectric=NP0 datasheet=Yageo_CC_NP0_General_Purpose_16V_to_250V.pdf
[2026-08-19T09:53:03] ADD name=360pF_0805 manufacturer=YAGEO series=CC automotive=No mpn=CC0805JRNPO9BN361 lcsc=C327150 capacitance=360pF package=0805 voltage=50V tolerance=±5% dielectric=NP0 datasheet=Yageo_CC_NP0_General_Purpose_16V_to_250V.pdf
[2026-08-19T09:53:03] ADD name=36pF_0402 manufacturer=YAGEO series=CQ automotive=No mpn=CQ0402FRNPO9BN360 lcsc=C3899281 capacitance=36pF package=0402 voltage=50V tolerance=±1% dielectric=C0G datasheet=Yageo_CQ_HiQ_NP0_16V_to_500V.pdf
[2026-08-19T09:53:03] ADD name=36pF_0603 manufacturer=YAGEO series=CC automotive=No mpn=CC0603FRNPO9BN360 lcsc=C519492 capacitance=36pF package=0603 voltage=50V tolerance=±1% dielectric=NP0 datasheet=Yageo_CC_NP0_General_Purpose_16V_to_250V.pdf
[2026-08-19T09:53:03] ADD name=36pF_0805 manufacturer=YAGEO series=CC automotive=No mpn=CC0805FRNPO9BN360 lcsc=C541518 capacitance=36pF package=0805 voltage=50V tolerance=±1% dielectric=NP0 datasheet=Yageo_CC_NP0_General_Purpose_16V_to_250V.pdf
[2026-08-19T09:53:03] ADD name=390nF_0805 manufacturer=YAGEO series=CC automotive=No mpn=CC0805KKX7R9BB394 lcsc=C1854267 capacitance=390nF package=0805 voltage=50V tolerance=±10% dielectric=X7R datasheet=Yageo_X7R_General_Purpose_High_Capacitance_MLCC.pdf
[2026-08-19T09:53:03] ADD name=390pF_0402 manufacturer=Murata series=GRM automotive=No mpn=GRM1555C1H391FA01D lcsc=C162100 capacitance=390pF package=0402 voltage=50V tolerance=±1% dielectric=C0G datasheet=Murata_GRM_GJM_GQM_General_MLCC_Catalog.pdf
[2026-08-19T09:53:03] ADD name=390pF_0603 manufacturer=YAGEO series=CC automotive=No mpn=CC0603FRNPO9BN391 lcsc=C519563 capacitance=390pF package=0603 voltage=50V tolerance=±1% dielectric=NP0 datasheet=Yageo_CC_NP0_General_Purpose_16V_to_250V.pdf
[2026-08-19T09:53:03] ADD name=390pF_0805 manufacturer=YAGEO series=CC automotive=No mpn=CC0805KRX7RYBB391 lcsc=C527236 capacitance=390pF package=0805 voltage=250V tolerance=±10% dielectric=X7R datasheet=Yageo_X7R_General_Purpose_High_Capacitance_MLCC.pdf
[2026-08-19T09:53:03] ADD name=390pF_1206 manufacturer=YAGEO series=CC automotive=No mpn=CC1206JKNPOCBN391 lcsc=C326659 capacitance=390pF package=1206 voltage=1kV tolerance=±5% dielectric=NP0 datasheet=Yageo_CC_High_Voltage_NP0_X7R_500V_to_3kV.pdf
[2026-08-19T09:53:03] ADD name=39nF_0402 manufacturer=YAGEO series=CC automotive=No mpn=CC0402KRX7R9BB393 lcsc=C5140553 capacitance=39nF package=0402 voltage=50V tolerance=±10% dielectric=X7R datasheet=Yageo_X7R_General_Purpose_High_Capacitance_MLCC.pdf
[2026-08-19T09:53:03] ADD name=39nF_0603 manufacturer=YAGEO series=CC automotive=No mpn=CC0603JRX7R9BB393 lcsc=C519553 capacitance=39nF package=0603 voltage=50V tolerance=±5% dielectric=X7R datasheet=Yageo_X7R_General_Purpose_High_Capacitance_MLCC.pdf
[2026-08-19T09:53:03] ADD name=39nF_0805 manufacturer=YAGEO series=CC automotive=No mpn=CC0805JRX7R9BB393 lcsc=C520044 capacitance=39nF package=0805 voltage=50V tolerance=±5% dielectric=X7R datasheet=Yageo_X7R_General_Purpose_High_Capacitance_MLCC.pdf
[2026-08-19T09:53:03] ADD name=39nF_1206 manufacturer=Murata series=GRM automotive=No mpn=GRM31M5C1H393JA01L lcsc=C524625 capacitance=39nF package=1206 voltage=50V tolerance=±5% dielectric=C0G datasheet=Murata_GRM_GJM_GQM_General_MLCC_Catalog.pdf
[2026-08-19T09:53:03] ADD name=39pF_0402 manufacturer=YAGEO series=CC automotive=No mpn=CC0402FRNPO9BN390 lcsc=C327068 capacitance=39pF package=0402 voltage=50V tolerance=±1% dielectric=NP0 datasheet=Yageo_CC_NP0_General_Purpose_16V_to_250V.pdf
[2026-08-19T09:53:03] ADD name=39pF_0603 manufacturer=Murata series=GRM automotive=No mpn=GRM1885C2E390FW07D lcsc=C22124185 capacitance=39pF package=0603 voltage=250V tolerance=±1% dielectric=C0G datasheet=Murata_GRM_GJM_GQM_General_MLCC_Catalog.pdf
[2026-08-19T09:53:03] ADD name=39pF_0805 manufacturer=Murata series=GQM automotive=No mpn=GQM2195C2E390JB12D lcsc=C668331 capacitance=39pF package=0805 voltage=250V tolerance=±5% dielectric=C0G datasheet=Murata_GRM_GJM_GQM_General_MLCC_Catalog.pdf
[2026-08-19T09:53:03] ADD name=39pF_1206 manufacturer=YAGEO series=CC automotive=No mpn=CC1206JKNPOCBN390 lcsc=C541493 capacitance=39pF package=1206 voltage=1kV tolerance=±5% dielectric=NP0 datasheet=Yageo_CC_High_Voltage_NP0_X7R_500V_to_3kV.pdf
[2026-08-19T09:53:03] ADD name=3nF_0603 manufacturer=Murata series=GRM automotive=No mpn=GRM1885C1H302JA01D lcsc=C701288 capacitance=3nF package=0603 voltage=50V tolerance=±5% dielectric=C0G datasheet=Murata_GRM_GJM_GQM_General_MLCC_Catalog.pdf
[2026-08-19T09:53:03] ADD name=4.3nF_0603 manufacturer=Murata series=GCM automotive=Yes mpn=GCM1885C1H432JA16D lcsc=C3885982 capacitance=4.3nF package=0603 voltage=50V tolerance=±5% dielectric=C0G datasheet=Murata_GCM_Automotive_C0G_MLCC_Reference.pdf
[2026-08-19T09:53:03] ADD name=4.3nF_0805 manufacturer=Murata series=GRM automotive=No mpn=GRM2165C1H432JA01D lcsc=C710936 capacitance=4.3nF package=0805 voltage=50V tolerance=±5% dielectric=C0G datasheet=Murata_GRM_GJM_GQM_General_MLCC_Catalog.pdf
[2026-08-19T09:53:03] ADD name=4.3nF_1206 manufacturer=Murata series=GRM automotive=No mpn=GRM3195C2A432JA01D lcsc=C2178478 capacitance=4.3nF package=1206 voltage=100V tolerance=±5% dielectric=C0G datasheet=Murata_GRM_GJM_GQM_General_MLCC_Catalog.pdf
[2026-08-19T09:53:03] ADD name=4.7nF_1210 manufacturer=YAGEO series=CC automotive=No mpn=CC1210KKX7RCBB472 lcsc=C577284 capacitance=4.7nF package=1210 voltage=1kV tolerance=±10% dielectric=X7R datasheet=Yageo_CC_High_Voltage_NP0_X7R_500V_to_3kV.pdf
[2026-08-19T09:53:03] ADD name=4.7pF_0402 manufacturer=Murata series=GJM automotive=No mpn=GJM1555C1H4R7GB01D lcsc=C3845983 capacitance=4.7pF package=0402 voltage=50V tolerance=±2% dielectric=C0G datasheet=Murata_GRM_GJM_GQM_General_MLCC_Catalog.pdf
[2026-08-19T09:53:03] ADD name=430pF_0402 manufacturer=Murata series=GRM automotive=No mpn=GRM1555C1H431JA01D lcsc=C440167 capacitance=430pF package=0402 voltage=50V tolerance=±5% dielectric=C0G datasheet=Murata_GRM_GJM_GQM_General_MLCC_Catalog.pdf
[2026-08-19T09:53:03] ADD name=430pF_0805 manufacturer=YAGEO series=CC automotive=No mpn=CC0805JRNPO9BN431 lcsc=C520006 capacitance=430pF package=0805 voltage=50V tolerance=±5% dielectric=NP0 datasheet=Yageo_CC_NP0_General_Purpose_16V_to_250V.pdf
[2026-08-19T09:53:03] ADD name=43pF_0402 manufacturer=Murata series=GCM automotive=Yes mpn=GCM1555C1H430FA16D lcsc=C1864367 capacitance=43pF package=0402 voltage=50V tolerance=±1% dielectric=C0G datasheet=Murata_GCM_Automotive_C0G_MLCC_Reference.pdf
[2026-08-19T09:53:03] ADD name=43pF_0603 manufacturer=Murata series=GCM automotive=Yes mpn=GCM1885C2A430FA16D lcsc=C1517830 capacitance=43pF package=0603 voltage=100V tolerance=±1% dielectric=C0G datasheet=Murata_GCM_Automotive_C0G_MLCC_Reference.pdf
[2026-08-19T09:53:03] ADD name=43pF_0805 manufacturer=YAGEO series=CC automotive=No mpn=CC0805JRNPO9BN430 lcsc=C519921 capacitance=43pF package=0805 voltage=50V tolerance=±5% dielectric=NP0 datasheet=Yageo_CC_NP0_General_Purpose_16V_to_250V.pdf
[2026-08-19T09:53:03] ADD name=470pF_1210 manufacturer=YAGEO series=CC automotive=No mpn=CC1210JKNPOCBN471 lcsc=C577269 capacitance=470pF package=1210 voltage=1kV tolerance=±5% dielectric=NP0 datasheet=Yageo_CC_High_Voltage_NP0_X7R_500V_to_3kV.pdf
[2026-08-19T09:53:03] ADD name=47pF_0402 manufacturer=Murata series=GRM automotive=No mpn=GRM1555C2A470GA01D lcsc=C20727560 capacitance=47pF package=0402 voltage=100V tolerance=±2% dielectric=C0G datasheet=Murata_GRM_GJM_GQM_General_MLCC_Catalog.pdf
[2026-08-19T09:53:03] ADD name=47pF_0603 manufacturer=Murata series=GQM automotive=No mpn=GQM1875C2E470FB12D lcsc=C2360460 capacitance=47pF package=0603 voltage=250V tolerance=±1% dielectric=C0G datasheet=Murata_GRM_GJM_GQM_General_MLCC_Catalog.pdf
[2026-08-19T09:53:03] ADD name=47pF_0805 manufacturer=YAGEO series=CC automotive=No mpn=CC0805JRNPOCBN470 lcsc=C326634 capacitance=47pF package=0805 voltage=1kV tolerance=±5% dielectric=NP0 datasheet=Yageo_CC_High_Voltage_NP0_X7R_500V_to_3kV.pdf
[2026-08-19T09:53:03] ADD name=47pF_1206 manufacturer=YAGEO series=CC automotive=No mpn=CC1206JKNPODBN470 lcsc=C577128 capacitance=47pF package=1206 voltage=2kV tolerance=±5% dielectric=NP0 datasheet=Yageo_CC_High_Voltage_NP0_X7R_500V_to_3kV.pdf
[2026-08-19T09:53:03] ADD name=4pF_0402 manufacturer=Murata series=GCM automotive=Yes mpn=GCM1555C1H4R0JA16D lcsc=C2941929 capacitance=4pF package=0402 voltage=50V tolerance=±5% dielectric=C0G datasheet=Murata_GCM_Automotive_C0G_MLCC_Reference.pdf
[2026-08-19T09:53:03] ADD name=5.1nF_0603 manufacturer=Murata series=GCM automotive=Yes mpn=GCM1885C1H512JA16D lcsc=C3884201 capacitance=5.1nF package=0603 voltage=50V tolerance=±5% dielectric=C0G datasheet=Murata_GCM_Automotive_C0G_MLCC_Reference.pdf
[2026-08-19T09:53:03] ADD name=5.1nF_0805 manufacturer=Murata series=GRM automotive=No mpn=GRM2195C1H512JA01D lcsc=C710948 capacitance=5.1nF package=0805 voltage=50V tolerance=±5% dielectric=C0G datasheet=Murata_GRM_GJM_GQM_General_MLCC_Catalog.pdf
[2026-08-19T09:53:03] ADD name=5.6nF_0402 manufacturer=Murata series=GRM automotive=No mpn=GRM1555C1H562GE01D lcsc=C3878619 capacitance=5.6nF package=0402 voltage=50V tolerance=±2% dielectric=C0G datasheet=Murata_GRM_GJM_GQM_General_MLCC_Catalog.pdf
[2026-08-19T09:53:03] ADD name=5.6nF_0603 manufacturer=Murata series=GRM automotive=No mpn=GRM1885C1H562JA01D lcsc=C440183 capacitance=5.6nF package=0603 voltage=50V tolerance=±5% dielectric=C0G datasheet=Murata_GRM_GJM_GQM_General_MLCC_Catalog.pdf
[2026-08-19T09:53:03] ADD name=5.6nF_0805 manufacturer=YAGEO series=CC automotive=No mpn=CC0805KRX7RABB562 lcsc=C527234 capacitance=5.6nF package=0805 voltage=200V tolerance=±10% dielectric=X7R datasheet=Yageo_X7R_General_Purpose_High_Capacitance_MLCC.pdf
[2026-08-19T09:53:03] ADD name=5.6nF_1206 manufacturer=YAGEO series=CC automotive=No mpn=CC1206KKX7RBBB562 lcsc=C3834562 capacitance=5.6nF package=1206 voltage=500V tolerance=±10% dielectric=X7R datasheet=Yageo_CC_High_Voltage_NP0_X7R_500V_to_3kV.pdf
[2026-08-19T09:53:03] ADD name=500pF_0603 manufacturer=YAGEO series=CC automotive=No mpn=CC0603JRNPO9BN501 lcsc=C3879676 capacitance=500pF package=0603 voltage=50V tolerance=±5% dielectric=C0G datasheet=Yageo_CC_NP0_General_Purpose_16V_to_250V.pdf
[2026-08-19T09:53:03] ADD name=50pF_0402 manufacturer=YAGEO series=CC automotive=No mpn=CC0402JRNPO9BN500 lcsc=C576707 capacitance=50pF package=0402 voltage=50V tolerance=±5% dielectric=NP0 datasheet=Yageo_CC_NP0_General_Purpose_16V_to_250V.pdf
[2026-08-19T09:53:03] ADD name=50pF_0603 manufacturer=YAGEO series=CC automotive=No mpn=CC0603JRNPO9BN500 lcsc=C576819 capacitance=50pF package=0603 voltage=50V tolerance=±5% dielectric=NP0 datasheet=Yageo_CC_NP0_General_Purpose_16V_to_250V.pdf
[2026-08-19T09:53:03] ADD name=510pF_0402 manufacturer=Murata series=GCM automotive=Yes mpn=GCM1555C1H511JA16D lcsc=C2941935 capacitance=510pF package=0402 voltage=50V tolerance=±5% dielectric=C0G datasheet=Murata_GCM_Automotive_C0G_MLCC_Reference.pdf
[2026-08-19T09:53:03] ADD name=510pF_0603 manufacturer=YAGEO series=CC automotive=No mpn=CC0603FRNPO9BN511 lcsc=C519572 capacitance=510pF package=0603 voltage=50V tolerance=±1% dielectric=NP0 datasheet=Yageo_CC_NP0_General_Purpose_16V_to_250V.pdf
[2026-08-19T09:53:03] ADD name=510pF_0805 manufacturer=YAGEO series=CC automotive=No mpn=CC0805JRNPO9BN511 lcsc=C309486 capacitance=510pF package=0805 voltage=50V tolerance=±5% dielectric=NP0 datasheet=Yageo_CC_NP0_General_Purpose_16V_to_250V.pdf
[2026-08-19T09:53:03] ADD name=51pF_0402 manufacturer=YAGEO series=CC automotive=No mpn=CC0402FRNPO9BN510 lcsc=C541437 capacitance=51pF package=0402 voltage=50V tolerance=±1% dielectric=NP0 datasheet=Yageo_CC_NP0_General_Purpose_16V_to_250V.pdf
[2026-08-19T09:53:03] ADD name=51pF_0603 manufacturer=Murata series=GQM automotive=No mpn=GQM1875C2E510FB12D lcsc=C17504198 capacitance=51pF package=0603 voltage=250V tolerance=±1% dielectric=C0G datasheet=Murata_GRM_GJM_GQM_General_MLCC_Catalog.pdf
[2026-08-19T09:53:03] ADD name=51pF_0805 manufacturer=YAGEO series=CC automotive=No mpn=CC0805JRNPO9BN510 lcsc=C113830 capacitance=51pF package=0805 voltage=50V tolerance=±5% dielectric=NP0 datasheet=Yageo_CC_NP0_General_Purpose_16V_to_250V.pdf
[2026-08-19T09:53:03] ADD name=560nF_0805 manufacturer=YAGEO series=CC automotive=No mpn=CC0805KKX7R9BB564 lcsc=C577007 capacitance=560nF package=0805 voltage=50V tolerance=±10% dielectric=X7R datasheet=Yageo_X7R_General_Purpose_High_Capacitance_MLCC.pdf
[2026-08-19T09:53:03] ADD name=560pF_0402 manufacturer=Murata series=GRM automotive=No mpn=GRM1555C1H561GA01D lcsc=C440169 capacitance=560pF package=0402 voltage=50V tolerance=±2% dielectric=C0G datasheet=Murata_GRM_GJM_GQM_General_MLCC_Catalog.pdf
[2026-08-19T09:53:03] ADD name=560pF_0603 manufacturer=Murata series=GCM automotive=Yes mpn=GCM1885C2A561FA16D lcsc=C1864333 capacitance=560pF package=0603 voltage=100V tolerance=±1% dielectric=C0G datasheet=Murata_GCM_Automotive_C0G_MLCC_Reference.pdf
[2026-08-19T09:53:03] ADD name=560pF_0805 manufacturer=YAGEO series=CC automotive=No mpn=CC0805JRNPOYBN561 lcsc=C576987 capacitance=560pF package=0805 voltage=250V tolerance=±5% dielectric=NP0 datasheet=Yageo_CC_NP0_General_Purpose_16V_to_250V.pdf
[2026-08-19T09:53:03] ADD name=560pF_1206 manufacturer=Murata series=GCM automotive=Yes mpn=GCM31B5C3A561FX01L lcsc=C17338043 capacitance=560pF package=1206 voltage=1kV tolerance=±1% dielectric=C0G datasheet=Murata_GCM_Automotive_C0G_MLCC_Reference.pdf
[2026-08-19T09:53:03] ADD name=56nF_0402 manufacturer=YAGEO series=CC automotive=No mpn=CC0402KRX7R9BB563 lcsc=C5182419 capacitance=56nF package=0402 voltage=50V tolerance=±10% dielectric=X7R datasheet=Yageo_X7R_General_Purpose_High_Capacitance_MLCC.pdf
[2026-08-19T09:53:03] ADD name=56nF_0603 manufacturer=YAGEO series=CC automotive=No mpn=CC0603KRX7R9BB563 lcsc=C282072 capacitance=56nF package=0603 voltage=50V tolerance=±10% dielectric=X7R datasheet=Yageo_X7R_General_Purpose_High_Capacitance_MLCC.pdf
[2026-08-19T09:53:03] ADD name=56nF_0805 manufacturer=YAGEO series=CC automotive=No mpn=CC0805KRX7R9BB563 lcsc=C107156 capacitance=56nF package=0805 voltage=50V tolerance=±10% dielectric=X7R datasheet=Yageo_X7R_General_Purpose_High_Capacitance_MLCC.pdf
[2026-08-19T09:53:03] ADD name=56nF_1206 manufacturer=Murata series=GRM automotive=No mpn=GRM3195C2A563GA01D lcsc=C3877727 capacitance=56nF package=1206 voltage=100V tolerance=±2% dielectric=C0G datasheet=Murata_GRM_GJM_GQM_General_MLCC_Catalog.pdf
[2026-08-19T09:53:03] ADD name=56pF_0402 manufacturer=Murata series=GRM automotive=No mpn=GRM1555C2A560GA01D lcsc=C21832726 capacitance=56pF package=0402 voltage=100V tolerance=±2% dielectric=C0G datasheet=Murata_GRM_GJM_GQM_General_MLCC_Catalog.pdf
[2026-08-19T09:53:03] ADD name=56pF_0603 manufacturer=Murata series=GCM automotive=Yes mpn=GCM1885C2A560FA16D lcsc=C1864330 capacitance=56pF package=0603 voltage=100V tolerance=±1% dielectric=C0G datasheet=Murata_GCM_Automotive_C0G_MLCC_Reference.pdf
[2026-08-19T09:53:03] ADD name=56pF_0805 manufacturer=Murata series=GRM automotive=No mpn=GRM21A5C2E560JW01D lcsc=C913752 capacitance=56pF package=0805 voltage=250V tolerance=±5% dielectric=C0G datasheet=Murata_GRM_GJM_GQM_General_MLCC_Catalog.pdf
[2026-08-19T09:53:03] ADD name=56pF_1206 manufacturer=YAGEO series=CC automotive=No mpn=CC1206JKNPOCBN560 lcsc=C113875 capacitance=56pF package=1206 voltage=1kV tolerance=±5% dielectric=NP0 datasheet=Yageo_CC_High_Voltage_NP0_X7R_500V_to_3kV.pdf
[2026-08-19T09:53:03] ADD name=6.2nF_0603 manufacturer=KEMET series=C0G Commercial automotive=No mpn=C0603C622J5GACTU lcsc=C22390273 capacitance=6.2nF package=0603 voltage=50V tolerance=±5% dielectric=C0G datasheet=KEMET_C0G_Commercial_MLCC.pdf
[2026-08-19T09:53:03] ADD name=6.2nF_0805 manufacturer=Murata series=GRM automotive=No mpn=GRM2195C1H622JA01D lcsc=C710949 capacitance=6.2nF package=0805 voltage=50V tolerance=±5% dielectric=C0G datasheet=Murata_GRM_GJM_GQM_General_MLCC_Catalog.pdf
[2026-08-19T09:53:03] ADD name=6.2nF_1206 manufacturer=YAGEO series=CC automotive=No mpn=CC1206JRNPO9BN622 lcsc=C577167 capacitance=6.2nF package=1206 voltage=50V tolerance=±5% dielectric=NP0 datasheet=Yageo_CC_NP0_General_Purpose_16V_to_250V.pdf
[2026-08-19T09:53:03] ADD name=6.8pF_0402 manufacturer=Murata series=GCM automotive=Yes mpn=GCM1555C1H6R8FA16D lcsc=C1864373 capacitance=6.8pF package=0402 voltage=50V tolerance=±1% dielectric=C0G datasheet=Murata_GCM_Automotive_C0G_MLCC_Reference.pdf
[2026-08-19T09:53:03] ADD name=620pF_0402 manufacturer=Murata series=GCM automotive=Yes mpn=GCM1555C1H621FA16D lcsc=C3852727 capacitance=620pF package=0402 voltage=50V tolerance=±1% dielectric=C0G datasheet=Murata_GCM_Automotive_C0G_MLCC_Reference.pdf
[2026-08-19T09:53:03] ADD name=620pF_0603 manufacturer=YAGEO series=CC automotive=No mpn=CC0603JRNPO9BN621 lcsc=C325470 capacitance=620pF package=0603 voltage=50V tolerance=±5% dielectric=NP0 datasheet=Yageo_CC_NP0_General_Purpose_16V_to_250V.pdf
[2026-08-19T09:53:03] ADD name=620pF_0805 manufacturer=YAGEO series=CC automotive=No mpn=CC0805FRNPO9BN621 lcsc=C541568 capacitance=620pF package=0805 voltage=50V tolerance=±1% dielectric=NP0 datasheet=Yageo_CC_NP0_General_Purpose_16V_to_250V.pdf
[2026-08-19T09:53:03] ADD name=62pF_0402 manufacturer=YAGEO series=CC automotive=No mpn=CC0402FRNPO9BN620 lcsc=C541438 capacitance=62pF package=0402 voltage=50V tolerance=±1% dielectric=NP0 datasheet=Yageo_CC_NP0_General_Purpose_16V_to_250V.pdf
[2026-08-19T09:53:03] ADD name=62pF_0603 manufacturer=YAGEO series=CC automotive=No mpn=CC0603FRNPO9BN620 lcsc=C519495 capacitance=62pF package=0603 voltage=50V tolerance=±1% dielectric=NP0 datasheet=Yageo_CC_NP0_General_Purpose_16V_to_250V.pdf
[2026-08-19T09:53:03] ADD name=680pF_1206 manufacturer=YAGEO series=CC automotive=No mpn=CC1206JKNPOCBN681 lcsc=C541497 capacitance=680pF package=1206 voltage=1kV tolerance=±5% dielectric=NP0 datasheet=Yageo_CC_High_Voltage_NP0_X7R_500V_to_3kV.pdf
[2026-08-19T09:53:03] ADD name=68pF_0402 manufacturer=Murata series=GRM automotive=No mpn=GRM1555C2A680GA01D lcsc=C21794793 capacitance=68pF package=0402 voltage=100V tolerance=±2% dielectric=C0G datasheet=Murata_GRM_GJM_GQM_General_MLCC_Catalog.pdf
[2026-08-19T09:53:03] ADD name=68pF_0603 manufacturer=YAGEO series=CC automotive=No mpn=CC0603JRNPOYBN680 lcsc=C1853752 capacitance=68pF package=0603 voltage=250V tolerance=±5% dielectric=NP0 datasheet=Yageo_CC_NP0_General_Purpose_16V_to_250V.pdf
[2026-08-19T09:53:03] ADD name=68pF_0805 manufacturer=Murata series=GRM automotive=No mpn=GRM21A5C2J680JWA1D lcsc=C162306 capacitance=68pF package=0805 voltage=630V tolerance=±5% dielectric=C0G datasheet=Murata_GRM_GJM_GQM_General_MLCC_Catalog.pdf
[2026-08-19T09:53:03] ADD name=68pF_1206 manufacturer=YAGEO series=CC automotive=No mpn=CC1206JKNPODBN680 lcsc=C113877 capacitance=68pF package=1206 voltage=2kV tolerance=±5% dielectric=NP0 datasheet=Yageo_CC_High_Voltage_NP0_X7R_500V_to_3kV.pdf
[2026-08-19T09:53:03] ADD name=6pF_0402 manufacturer=Murata series=GCM automotive=Yes mpn=GCM1555C1H6R0FA16D lcsc=C1517815 capacitance=6pF package=0402 voltage=50V tolerance=±1% dielectric=C0G datasheet=Murata_GCM_Automotive_C0G_MLCC_Reference.pdf
[2026-08-19T09:53:03] ADD name=7.5nF_0603 manufacturer=Murata series=GRM automotive=No mpn=GRM1885C1H752JA01D lcsc=C907758 capacitance=7.5nF package=0603 voltage=50V tolerance=±5% dielectric=C0G datasheet=Murata_GRM_GJM_GQM_General_MLCC_Catalog.pdf
[2026-08-19T09:53:03] ADD name=7.5nF_0805 manufacturer=Murata series=GRM automotive=No mpn=GRM2195C1H752JA01D lcsc=C710950 capacitance=7.5nF package=0805 voltage=50V tolerance=±5% dielectric=C0G datasheet=Murata_GRM_GJM_GQM_General_MLCC_Catalog.pdf
[2026-08-19T09:53:03] ADD name=750pF_0402 manufacturer=Murata series=GCM automotive=Yes mpn=GCM1555C1H751GA16D lcsc=C3841321 capacitance=750pF package=0402 voltage=50V tolerance=±2% dielectric=C0G datasheet=Murata_GCM_Automotive_C0G_MLCC_Reference.pdf
[2026-08-19T09:53:03] ADD name=750pF_0603 manufacturer=Murata series=GCM automotive=Yes mpn=GCM1885C2A751FA16J lcsc=C17578242 capacitance=750pF package=0603 voltage=100V tolerance=±1% dielectric=C0G datasheet=Murata_GCM_Automotive_C0G_MLCC_Reference.pdf
[2026-08-19T09:53:03] ADD name=750pF_0805 manufacturer=YAGEO series=CC automotive=No mpn=CC0805JRNPO9BN751 lcsc=C520008 capacitance=750pF package=0805 voltage=50V tolerance=±5% dielectric=NP0 datasheet=Yageo_CC_NP0_General_Purpose_16V_to_250V.pdf
[2026-08-19T09:53:03] ADD name=75pF_0402 manufacturer=YAGEO series=CC automotive=No mpn=CC0402FRNPO9BN750 lcsc=C541439 capacitance=75pF package=0402 voltage=50V tolerance=±1% dielectric=NP0 datasheet=Yageo_CC_NP0_General_Purpose_16V_to_250V.pdf
[2026-08-19T09:53:03] ADD name=75pF_0603 manufacturer=Murata series=GQM automotive=No mpn=GQM1875C2E750FB12D lcsc=C17688280 capacitance=75pF package=0603 voltage=250V tolerance=±1% dielectric=C0G datasheet=Murata_GRM_GJM_GQM_General_MLCC_Catalog.pdf
[2026-08-19T09:53:03] ADD name=75pF_0805 manufacturer=YAGEO series=CC automotive=No mpn=CC0805FRNPO9BN750 lcsc=C541521 capacitance=75pF package=0805 voltage=50V tolerance=±1% dielectric=NP0 datasheet=Yageo_CC_NP0_General_Purpose_16V_to_250V.pdf
[2026-08-19T09:53:03] ADD name=8.2nF_0603 manufacturer=Murata series=GRM automotive=No mpn=GRM1885C1H822JA01D lcsc=C162249 capacitance=8.2nF package=0603 voltage=50V tolerance=±5% dielectric=C0G datasheet=Murata_GRM_GJM_GQM_General_MLCC_Catalog.pdf
[2026-08-19T09:53:03] ADD name=8.2nF_0805 manufacturer=KEMET series=C0G Automotive automotive=Yes mpn=C0805C822J2GACAUTO lcsc=C2182371 capacitance=8.2nF package=0805 voltage=200V tolerance=±5% dielectric=C0G datasheet=KEMET_C0G_Automotive_MLCC.pdf
[2026-08-19T09:53:03] ADD name=8.2nF_1206 manufacturer=YAGEO series=CC automotive=No mpn=CC1206FKNPO9BN822 lcsc=C541598 capacitance=8.2nF package=1206 voltage=50V tolerance=±1% dielectric=NP0 datasheet=Yageo_CC_NP0_General_Purpose_16V_to_250V.pdf
[2026-08-19T09:53:03] ADD name=8.2pF_0805 manufacturer=KYOCERA AVX series=C0G/NP0 automotive=No mpn=08055A8R2JAT2A lcsc=C1856386 capacitance=8.2pF package=0805 voltage=50V tolerance=±5% dielectric=C0G datasheet=KYOCERA_AVX_Surface_Mount_Ceramic_Capacitors.pdf
[2026-08-19T09:53:03] ADD name=820pF_0402 manufacturer=Murata series=GRM automotive=No mpn=GRM1555C2A821JE01D lcsc=C3878497 capacitance=820pF package=0402 voltage=100V tolerance=±5% dielectric=C0G datasheet=Murata_GRM_GJM_GQM_General_MLCC_Catalog.pdf
[2026-08-19T09:53:03] ADD name=820pF_0805 manufacturer=YAGEO series=CC automotive=No mpn=CC0805FRNPO9BN821 lcsc=C527190 capacitance=820pF package=0805 voltage=50V tolerance=±1% dielectric=NP0 datasheet=Yageo_CC_NP0_General_Purpose_16V_to_250V.pdf
[2026-08-19T09:53:03] ADD name=820pF_1206 manufacturer=YAGEO series=CC automotive=No mpn=CC1206JKNPOCBN821 lcsc=C527262 capacitance=820pF package=1206 voltage=1kV tolerance=±5% dielectric=NP0 datasheet=Yageo_CC_High_Voltage_NP0_X7R_500V_to_3kV.pdf
[2026-08-19T09:53:03] ADD name=82nF_0603 manufacturer=YAGEO series=CC automotive=No mpn=CC0603KRX7R9BB823 lcsc=C107100 capacitance=82nF package=0603 voltage=50V tolerance=±10% dielectric=X7R datasheet=Yageo_X7R_General_Purpose_High_Capacitance_MLCC.pdf
[2026-08-19T09:53:03] ADD name=82nF_0805 manufacturer=YAGEO series=CC automotive=No mpn=CC0805JRX7R9BB823 lcsc=C520047 capacitance=82nF package=0805 voltage=50V tolerance=±5% dielectric=X7R datasheet=Yageo_X7R_General_Purpose_High_Capacitance_MLCC.pdf
[2026-08-19T09:53:03] ADD name=82nF_1206 manufacturer=YAGEO series=CC automotive=No mpn=CC1206JRX7R9BB823 lcsc=C541545 capacitance=82nF package=1206 voltage=50V tolerance=±5% dielectric=X7R datasheet=Yageo_X7R_General_Purpose_High_Capacitance_MLCC.pdf
[2026-08-19T09:53:03] ADD name=82pF_0402 manufacturer=Murata series=GRM automotive=No mpn=GRM1555C2A820JA01D lcsc=C3852627 capacitance=82pF package=0402 voltage=100V tolerance=±5% dielectric=C0G datasheet=Murata_GRM_GJM_GQM_General_MLCC_Catalog.pdf
[2026-08-19T09:53:03] ADD name=82pF_0603 manufacturer=Murata series=GQM automotive=No mpn=GQM1875C2E820FB12D lcsc=C17373735 capacitance=82pF package=0603 voltage=250V tolerance=±1% dielectric=C0G datasheet=Murata_GRM_GJM_GQM_General_MLCC_Catalog.pdf
[2026-08-19T09:53:03] ADD name=82pF_0805 manufacturer=YAGEO series=CC automotive=No mpn=CC0805JRNPOBBN820 lcsc=C3836573 capacitance=82pF package=0805 voltage=500V tolerance=±5% dielectric=C0G datasheet=Yageo_CC_High_Voltage_NP0_X7R_500V_to_3kV.pdf
[2026-08-19T09:53:03] ADD name=82pF_1206 manufacturer=YAGEO series=CC automotive=No mpn=CC1206JKNPODBN820 lcsc=C577130 capacitance=82pF package=1206 voltage=2kV tolerance=±5% dielectric=NP0 datasheet=Yageo_CC_High_Voltage_NP0_X7R_500V_to_3kV.pdf
[2026-08-19T09:53:03] ADD name=8pF_0402 manufacturer=Murata series=GCM automotive=Yes mpn=GCM1555C1H8R0FA16D lcsc=C1864375 capacitance=8pF package=0402 voltage=50V tolerance=±1% dielectric=C0G datasheet=Murata_GCM_Automotive_C0G_MLCC_Reference.pdf
[2026-08-19T09:53:03] ADD name=8pF_0603 manufacturer=YAGEO series=CC automotive=No mpn=CC0603JRNPO9BN8R0 lcsc=C1882476 capacitance=8pF package=0603 voltage=50V tolerance=±5% dielectric=NP0 datasheet=Yageo_CC_NP0_General_Purpose_16V_to_250V.pdf
[2026-08-19T09:53:03] ADD name=9.1nF_0603 manufacturer=Murata series=GCM automotive=Yes mpn=GCM1885C1H912JA16D lcsc=C3864106 capacitance=9.1nF package=0603 voltage=50V tolerance=±5% dielectric=C0G datasheet=Murata_GCM_Automotive_C0G_MLCC_Reference.pdf
[2026-08-19T09:53:03] ADD name=9.1nF_0805 manufacturer=Murata series=GRM automotive=No mpn=GRM2195C1H912JA01D lcsc=C710951 capacitance=9.1nF package=0805 voltage=50V tolerance=±5% dielectric=C0G datasheet=Murata_GRM_GJM_GQM_General_MLCC_Catalog.pdf
[2026-08-19T09:53:03] ADD name=910pF_0402 manufacturer=Murata series=GCM automotive=Yes mpn=GCM1555C1H911JA16D lcsc=C2941944 capacitance=910pF package=0402 voltage=50V tolerance=±5% dielectric=C0G datasheet=Murata_GCM_Automotive_C0G_MLCC_Reference.pdf
[2026-08-19T09:53:03] ADD name=910pF_0805 manufacturer=KEMET series=C0G Commercial automotive=No mpn=C0805C911J5GACTU lcsc=C32964719 capacitance=910pF package=0805 voltage=50V tolerance=±5% dielectric=C0G datasheet=KEMET_C0G_Commercial_MLCC.pdf
[2026-08-19T09:53:03] ADD name=91pF_0402 manufacturer=YAGEO series=CC automotive=No mpn=CC0402FRNPO9BN910 lcsc=C541440 capacitance=91pF package=0402 voltage=50V tolerance=±1% dielectric=NP0 datasheet=Yageo_CC_NP0_General_Purpose_16V_to_250V.pdf
[2026-08-19T09:53:03] ADD name=91pF_0603 manufacturer=Murata series=GCM automotive=Yes mpn=GCM1885C2A910FA16D lcsc=C17252121 capacitance=91pF package=0603 voltage=100V tolerance=±1% dielectric=C0G datasheet=Murata_GCM_Automotive_C0G_MLCC_Reference.pdf
[2026-08-19T09:53:03] ADD name=91pF_0805 manufacturer=YAGEO series=CC automotive=No mpn=CC0805JRNPO9BN910 lcsc=C519923 capacitance=91pF package=0805 voltage=50V tolerance=±5% dielectric=NP0 datasheet=Yageo_CC_NP0_General_Purpose_16V_to_250V.pdf
[2026-08-19T09:53:03] PREFLIGHT counts sources=35 raw=3354 unique=2567 eligible=2376 selected=372 existing=130 existing_keys=127 skips=121 additions=251
[2026-08-19T09:53:03] EXCLUSIONS {'packaging': 2, 'stock': 189}
[2026-08-19T09:53:03] ADDITIONS_BY_PACKAGE {'0402': 69, '0603': 67, '0805': 70, '1206': 38, '1210': 7}
[2026-08-19T09:53:03] ADDITIONS_BY_MANUFACTURER {'KEMET': 5, 'KYOCERA AVX': 2, 'Murata': 112, 'YAGEO': 132}
[2026-08-19T09:53:03] ADDITIONS_BY_DIELECTRIC {'C0G': 123, 'C0G/NP0': 1, 'NP0': 92, 'X7R': 35}
[2026-08-19T09:53:03] STAGED csv=LCSCSearchDownload_MLCC_All_Series_merged.csv rows=2567 sha256=42a8fdaf6f7b5977a67932fbc4eaf43baa70b4c1f8ec638461a0e396eb8245a8
[2026-08-19T09:53:03] STAGED csv=LCSCSearchDownload_MLCC_All_Series_selected.csv rows=372 sha256=08c7cfa53c70f7f47e00e643c8bdb5c3e93cd69d75042f14f5a85b80b8334d7e
[2026-08-19T09:53:03] STAGED csv=LCSCSearchDownload_MLCC_All_Series_additions.csv rows=251 sha256=a005be0813de017d52c1a23bc30128e12299ecb1c6be048ffd9a7fa87da224cf
[2026-08-19T09:53:04] DOWNLOAD url=https://datasheet.lcsc.com/datasheet/pdf/9a86cbae8c34c796174906a7ab23dad0.pdf file=Yageo_CC_High_Voltage_NP0_X7R_500V_to_3kV.pdf bytes=1260385 sha256=cdbb0064d796c01670a079836ffcdb07a855856b26d313e6dab2bd61dabfb8c8
[2026-08-19T09:53:04] DOWNLOAD url=https://datasheet.lcsc.com/datasheet/pdf/d9e1f96faa5392c23fe073d37a19d097.pdf file=Yageo_CQ_HiQ_NP0_16V_to_500V.pdf bytes=618656 sha256=343c9d6bf0e96eb2b9c817ef1ba5de451304d4ac959d8b8322d9cacfff86e0bb
[2026-08-19T09:53:04] DOWNLOAD url=https://datasheet.lcsc.com/datasheet/pdf/73c030c092cad88867b92e86f262076b.pdf file=KEMET_C0G_Automotive_MLCC.pdf bytes=1350097 sha256=b424aa531cea2de5f432fd668cab17c6d915c173439c57f932ea3eaf1c0162a1
[2026-08-19T09:53:08] DOWNLOAD url=https://catalogs.kyocera-avx.com/surfacemount.pdf file=KYOCERA_AVX_Surface_Mount_Ceramic_Capacitors.pdf bytes=10193804 sha256=472c66ca70b79ea4faa4ab15bc792c1057a8fd0cf4467042d08e52845f5670c3
[2026-08-19T09:53:08] STAGED library=C:\Users\larsk\AppData\Local\Temp\pl_capacitor_multifamily_stage_6sm9ivsu\PL Capacitor MLCC.kicad_sym bytes=1619525 sha256=11fbbae1c4a4fac5a3d393212e5405cf16dfa84c39d8c35cc26f75a7e3c0fa6a
[2026-08-19T09:53:09] CLI command: "C:\Program Files\KiCad\10.0\bin\kicad-cli.exe" sym export svg --output C:\Users\larsk\AppData\Local\Temp\pl_capacitor_multifamily_stage_6sm9ivsu\preinstall_cli\svg_0_100nF_0402 --symbol 100nF_0402 "C:\Users\larsk\AppData\Local\Temp\pl_capacitor_multifamily_stage_6sm9ivsu\PL Capacitor MLCC.kicad_sym"
[2026-08-19T09:53:09] CLI exit=0
[2026-08-19T09:53:09] CLI stdout: Plotting symbol '100nF_0402' unit 1 to 'C:\Users\larsk\AppData\Local\Temp\pl_capacitor_multifamily_stage_6sm9ivsu\preinstall_cli\svg_0_100nF_0402\100nF_0402_unit1.svg'
[2026-08-19T09:53:09] CLI command: "C:\Program Files\KiCad\10.0\bin\kicad-cli.exe" sym export svg --output C:\Users\larsk\AppData\Local\Temp\pl_capacitor_multifamily_stage_6sm9ivsu\preinstall_cli\svg_1_1_2nF_0402 --symbol 1.2nF_0402 "C:\Users\larsk\AppData\Local\Temp\pl_capacitor_multifamily_stage_6sm9ivsu\PL Capacitor MLCC.kicad_sym"
[2026-08-19T09:53:09] CLI exit=0
[2026-08-19T09:53:09] CLI stdout: Plotting symbol '1.2nF_0402' unit 1 to 'C:\Users\larsk\AppData\Local\Temp\pl_capacitor_multifamily_stage_6sm9ivsu\preinstall_cli\svg_1_1_2nF_0402\1.2nF_0402_unit1.svg'
[2026-08-19T09:53:09] CLI command: "C:\Program Files\KiCad\10.0\bin\kicad-cli.exe" sym export svg --output C:\Users\larsk\AppData\Local\Temp\pl_capacitor_multifamily_stage_6sm9ivsu\preinstall_cli\svg_2_1_1nF_0603 --symbol 1.1nF_0603 "C:\Users\larsk\AppData\Local\Temp\pl_capacitor_multifamily_stage_6sm9ivsu\PL Capacitor MLCC.kicad_sym"
[2026-08-19T09:53:09] CLI exit=0
[2026-08-19T09:53:09] CLI stdout: Plotting symbol '1.1nF_0603' unit 1 to 'C:\Users\larsk\AppData\Local\Temp\pl_capacitor_multifamily_stage_6sm9ivsu\preinstall_cli\svg_2_1_1nF_0603\1.1nF_0603_unit1.svg'
[2026-08-19T09:53:10] CLI command: "C:\Program Files\KiCad\10.0\bin\kicad-cli.exe" sym export svg --output C:\Users\larsk\AppData\Local\Temp\pl_capacitor_multifamily_stage_6sm9ivsu\preinstall_cli\svg_3_1_1nF_0805 --symbol 1.1nF_0805 "C:\Users\larsk\AppData\Local\Temp\pl_capacitor_multifamily_stage_6sm9ivsu\PL Capacitor MLCC.kicad_sym"
[2026-08-19T09:53:10] CLI exit=0
[2026-08-19T09:53:10] CLI stdout: Plotting symbol '1.1nF_0805' unit 1 to 'C:\Users\larsk\AppData\Local\Temp\pl_capacitor_multifamily_stage_6sm9ivsu\preinstall_cli\svg_3_1_1nF_0805\1.1nF_0805_unit1.svg'
[2026-08-19T09:53:10] CLI command: "C:\Program Files\KiCad\10.0\bin\kicad-cli.exe" sym export svg --output C:\Users\larsk\AppData\Local\Temp\pl_capacitor_multifamily_stage_6sm9ivsu\preinstall_cli\svg_4_1_2nF_1206 --symbol 1.2nF_1206 "C:\Users\larsk\AppData\Local\Temp\pl_capacitor_multifamily_stage_6sm9ivsu\PL Capacitor MLCC.kicad_sym"
[2026-08-19T09:53:10] CLI exit=0
[2026-08-19T09:53:10] CLI stdout: Plotting symbol '1.2nF_1206' unit 1 to 'C:\Users\larsk\AppData\Local\Temp\pl_capacitor_multifamily_stage_6sm9ivsu\preinstall_cli\svg_4_1_2nF_1206\1.2nF_1206_unit1.svg'
[2026-08-19T09:53:10] CLI command: "C:\Program Files\KiCad\10.0\bin\kicad-cli.exe" sym export svg --output C:\Users\larsk\AppData\Local\Temp\pl_capacitor_multifamily_stage_6sm9ivsu\preinstall_cli\svg_5_10nF_1210 --symbol 10nF_1210 "C:\Users\larsk\AppData\Local\Temp\pl_capacitor_multifamily_stage_6sm9ivsu\PL Capacitor MLCC.kicad_sym"
[2026-08-19T09:53:10] CLI exit=0
[2026-08-19T09:53:10] CLI stdout: Plotting symbol '10nF_1210' unit 1 to 'C:\Users\larsk\AppData\Local\Temp\pl_capacitor_multifamily_stage_6sm9ivsu\preinstall_cli\svg_5_10nF_1210\10nF_1210_unit1.svg'
[2026-08-19T09:53:11] CLI command: "C:\Program Files\KiCad\10.0\bin\kicad-cli.exe" sym export svg --output C:\Users\larsk\AppData\Local\Temp\pl_capacitor_multifamily_stage_6sm9ivsu\preinstall_cli\svg_6_1_2nF_0603 --symbol 1.2nF_0603 "C:\Users\larsk\AppData\Local\Temp\pl_capacitor_multifamily_stage_6sm9ivsu\PL Capacitor MLCC.kicad_sym"
[2026-08-19T09:53:11] CLI exit=0
[2026-08-19T09:53:11] CLI stdout: Plotting symbol '1.2nF_0603' unit 1 to 'C:\Users\larsk\AppData\Local\Temp\pl_capacitor_multifamily_stage_6sm9ivsu\preinstall_cli\svg_6_1_2nF_0603\1.2nF_0603_unit1.svg'
[2026-08-19T09:53:11] CLI command: "C:\Program Files\KiCad\10.0\bin\kicad-cli.exe" sym export svg --output C:\Users\larsk\AppData\Local\Temp\pl_capacitor_multifamily_stage_6sm9ivsu\preinstall_cli\svg_7_1_2nF_0805 --symbol 1.2nF_0805 "C:\Users\larsk\AppData\Local\Temp\pl_capacitor_multifamily_stage_6sm9ivsu\PL Capacitor MLCC.kicad_sym"
[2026-08-19T09:53:11] CLI exit=0
[2026-08-19T09:53:11] CLI stdout: Plotting symbol '1.2nF_0805' unit 1 to 'C:\Users\larsk\AppData\Local\Temp\pl_capacitor_multifamily_stage_6sm9ivsu\preinstall_cli\svg_7_1_2nF_0805\1.2nF_0805_unit1.svg'
[2026-08-19T09:53:11] CLI command: "C:\Program Files\KiCad\10.0\bin\kicad-cli.exe" sym export svg --output C:\Users\larsk\AppData\Local\Temp\pl_capacitor_multifamily_stage_6sm9ivsu\preinstall_cli\svg_8_1_2pF_0402 --symbol 1.2pF_0402 "C:\Users\larsk\AppData\Local\Temp\pl_capacitor_multifamily_stage_6sm9ivsu\PL Capacitor MLCC.kicad_sym"
[2026-08-19T09:53:11] CLI exit=0
[2026-08-19T09:53:11] CLI stdout: Plotting symbol '1.2pF_0402' unit 1 to 'C:\Users\larsk\AppData\Local\Temp\pl_capacitor_multifamily_stage_6sm9ivsu\preinstall_cli\svg_8_1_2pF_0402\1.2pF_0402_unit1.svg'
[2026-08-19T09:53:12] CLI command: "C:\Program Files\KiCad\10.0\bin\kicad-cli.exe" sym export svg --output C:\Users\larsk\AppData\Local\Temp\pl_capacitor_multifamily_stage_6sm9ivsu\preinstall_cli\svg_9_1_6nF_0402 --symbol 1.6nF_0402 "C:\Users\larsk\AppData\Local\Temp\pl_capacitor_multifamily_stage_6sm9ivsu\PL Capacitor MLCC.kicad_sym"
[2026-08-19T09:53:12] CLI exit=0
[2026-08-19T09:53:12] CLI stdout: Plotting symbol '1.6nF_0402' unit 1 to 'C:\Users\larsk\AppData\Local\Temp\pl_capacitor_multifamily_stage_6sm9ivsu\preinstall_cli\svg_9_1_6nF_0402\1.6nF_0402_unit1.svg'
[2026-08-19T09:53:12] CLI command: "C:\Program Files\KiCad\10.0\bin\kicad-cli.exe" sym export svg --output C:\Users\larsk\AppData\Local\Temp\pl_capacitor_multifamily_stage_6sm9ivsu\preinstall_cli\svg_10_1_8nF_0805 --symbol 1.8nF_0805 "C:\Users\larsk\AppData\Local\Temp\pl_capacitor_multifamily_stage_6sm9ivsu\PL Capacitor MLCC.kicad_sym"
[2026-08-19T09:53:12] CLI exit=0
[2026-08-19T09:53:12] CLI stdout: Plotting symbol '1.8nF_0805' unit 1 to 'C:\Users\larsk\AppData\Local\Temp\pl_capacitor_multifamily_stage_6sm9ivsu\preinstall_cli\svg_10_1_8nF_0805\1.8nF_0805_unit1.svg'
[2026-08-19T09:53:12] CLI command: "C:\Program Files\KiCad\10.0\bin\kicad-cli.exe" sym export svg --output C:\Users\larsk\AppData\Local\Temp\pl_capacitor_multifamily_stage_6sm9ivsu\preinstall_cli\svg_11_100pF_1206 --symbol 100pF_1206 "C:\Users\larsk\AppData\Local\Temp\pl_capacitor_multifamily_stage_6sm9ivsu\PL Capacitor MLCC.kicad_sym"
[2026-08-19T09:53:12] CLI exit=0
[2026-08-19T09:53:12] CLI stdout: Plotting symbol '100pF_1206' unit 1 to 'C:\Users\larsk\AppData\Local\Temp\pl_capacitor_multifamily_stage_6sm9ivsu\preinstall_cli\svg_11_100pF_1206\100pF_1206_unit1.svg'
[2026-08-19T09:53:13] CLI command: "C:\Program Files\KiCad\10.0\bin\kicad-cli.exe" sym export svg --output C:\Users\larsk\AppData\Local\Temp\pl_capacitor_multifamily_stage_6sm9ivsu\preinstall_cli\svg_12_10pF_0402 --symbol 10pF_0402 "C:\Users\larsk\AppData\Local\Temp\pl_capacitor_multifamily_stage_6sm9ivsu\PL Capacitor MLCC.kicad_sym"
[2026-08-19T09:53:13] CLI exit=0
[2026-08-19T09:53:13] CLI stdout: Plotting symbol '10pF_0402' unit 1 to 'C:\Users\larsk\AppData\Local\Temp\pl_capacitor_multifamily_stage_6sm9ivsu\preinstall_cli\svg_12_10pF_0402\10pF_0402_unit1.svg'
[2026-08-19T09:53:13] CLI command: "C:\Program Files\KiCad\10.0\bin\kicad-cli.exe" sym export svg --output C:\Users\larsk\AppData\Local\Temp\pl_capacitor_multifamily_stage_6sm9ivsu\preinstall_cli\svg_13_180nF_0603 --symbol 180nF_0603 "C:\Users\larsk\AppData\Local\Temp\pl_capacitor_multifamily_stage_6sm9ivsu\PL Capacitor MLCC.kicad_sym"
[2026-08-19T09:53:13] CLI exit=0
[2026-08-19T09:53:13] CLI stdout: Plotting symbol '180nF_0603' unit 1 to 'C:\Users\larsk\AppData\Local\Temp\pl_capacitor_multifamily_stage_6sm9ivsu\preinstall_cli\svg_13_180nF_0603\180nF_0603_unit1.svg'
[2026-08-19T09:53:13] CLI command: "C:\Program Files\KiCad\10.0\bin\kicad-cli.exe" sym export svg --output C:\Users\larsk\AppData\Local\Temp\pl_capacitor_multifamily_stage_6sm9ivsu\preinstall_cli\svg_14_270pF_0603 --symbol 270pF_0603 "C:\Users\larsk\AppData\Local\Temp\pl_capacitor_multifamily_stage_6sm9ivsu\PL Capacitor MLCC.kicad_sym"
[2026-08-19T09:53:13] CLI exit=0
[2026-08-19T09:53:13] CLI stdout: Plotting symbol '270pF_0603' unit 1 to 'C:\Users\larsk\AppData\Local\Temp\pl_capacitor_multifamily_stage_6sm9ivsu\preinstall_cli\svg_14_270pF_0603\270pF_0603_unit1.svg'
[2026-08-19T09:53:14] CLI command: "C:\Program Files\KiCad\10.0\bin\kicad-cli.exe" sym export svg --output C:\Users\larsk\AppData\Local\Temp\pl_capacitor_multifamily_stage_6sm9ivsu\preinstall_cli\svg_15_36pF_0402 --symbol 36pF_0402 "C:\Users\larsk\AppData\Local\Temp\pl_capacitor_multifamily_stage_6sm9ivsu\PL Capacitor MLCC.kicad_sym"
[2026-08-19T09:53:14] CLI exit=0
[2026-08-19T09:53:14] CLI stdout: Plotting symbol '36pF_0402' unit 1 to 'C:\Users\larsk\AppData\Local\Temp\pl_capacitor_multifamily_stage_6sm9ivsu\preinstall_cli\svg_15_36pF_0402\36pF_0402_unit1.svg'
[2026-08-19T09:53:14] PREINSTALL CLI validation passed symbols=100nF_0402,1.2nF_0402,1.1nF_0603,1.1nF_0805,1.2nF_1206,10nF_1210,1.2nF_0603,1.2nF_0805,1.2pF_0402,1.6nF_0402,1.8nF_0805,100pF_1206,10pF_0402,180nF_0603,270pF_0603,36pF_0402
[2026-08-19T09:53:17] BACKUP verified directory=C:\KiCad\9.0\symbols\PL Capacitor MLCC\Backups\20260819-095301 csvs=58 pdfs=13
[2026-08-19T09:53:17] MOVE category=new_capacitor_source source=C:\KiCad\9.0\symbols\PL Capacitor MLCC\LCSCSearchDownload(34).csv destination=C:\KiCad\9.0\symbols\PL Capacitor MLCC\Data\LCSC\Source\Batch_20260819-095301_non_E6\LCSCSearchDownload(34).csv sha256=1bc5e052855ee40444eabd77ba734aba8b9db6489e53e7cd5f8c293b211fa453
[2026-08-19T09:53:17] MOVE category=new_capacitor_source source=C:\KiCad\9.0\symbols\PL Capacitor MLCC\LCSCSearchDownload(35).csv destination=C:\KiCad\9.0\symbols\PL Capacitor MLCC\Data\LCSC\Source\Batch_20260819-095301_non_E6\LCSCSearchDownload(35).csv sha256=64eb746e166415e5a924a8ecc9944551ee0aa1d3a04d506b2fa565752ea73a23
[2026-08-19T09:53:17] MOVE category=new_capacitor_source source=C:\KiCad\9.0\symbols\PL Capacitor MLCC\LCSCSearchDownload(36).csv destination=C:\KiCad\9.0\symbols\PL Capacitor MLCC\Data\LCSC\Source\Batch_20260819-095301_non_E6\LCSCSearchDownload(36).csv sha256=25efbf046560514dd36d5b24618c7880d6f33fe99e6c3487d5e6c1fe33ae1b4d
[2026-08-19T09:53:17] MOVE category=new_capacitor_source source=C:\KiCad\9.0\symbols\PL Capacitor MLCC\LCSCSearchDownload(37).csv destination=C:\KiCad\9.0\symbols\PL Capacitor MLCC\Data\LCSC\Source\Batch_20260819-095301_non_E6\LCSCSearchDownload(37).csv sha256=62762deeb49933bd4d053a9df2eba918592e51abb5f93c88ef26005947c19cca
[2026-08-19T09:53:17] MOVE category=new_capacitor_source source=C:\KiCad\9.0\symbols\PL Capacitor MLCC\LCSCSearchDownload(38).csv destination=C:\KiCad\9.0\symbols\PL Capacitor MLCC\Data\LCSC\Source\Batch_20260819-095301_non_E6\LCSCSearchDownload(38).csv sha256=e907a4e79b11af9c525005e878e89e7b19acd3ec706c66cc441da40774061493
[2026-08-19T09:53:17] MOVE category=new_capacitor_source source=C:\KiCad\9.0\symbols\PL Capacitor MLCC\LCSCSearchDownload(39).csv destination=C:\KiCad\9.0\symbols\PL Capacitor MLCC\Data\LCSC\Source\Batch_20260819-095301_non_E6\LCSCSearchDownload(39).csv sha256=06b72f2574a3303907def625de6c30126a9982521da7ec92bcd504db5bdfb29a
[2026-08-19T09:53:17] MOVE category=new_capacitor_source source=C:\KiCad\9.0\symbols\PL Capacitor MLCC\LCSCSearchDownload(40).csv destination=C:\KiCad\9.0\symbols\PL Capacitor MLCC\Data\LCSC\Source\Batch_20260819-095301_non_E6\LCSCSearchDownload(40).csv sha256=b24020c2ff12dfb6bdfcb0ab33d3033a69eecfc87291b633afb8436748ddd312
[2026-08-19T09:53:17] MOVE category=new_capacitor_source source=C:\KiCad\9.0\symbols\PL Capacitor MLCC\LCSCSearchDownload(41).csv destination=C:\KiCad\9.0\symbols\PL Capacitor MLCC\Data\LCSC\Source\Batch_20260819-095301_non_E6\LCSCSearchDownload(41).csv sha256=06b72f2574a3303907def625de6c30126a9982521da7ec92bcd504db5bdfb29a
[2026-08-19T09:53:17] MOVE category=new_capacitor_source source=C:\KiCad\9.0\symbols\PL Capacitor MLCC\LCSCSearchDownload(42).csv destination=C:\KiCad\9.0\symbols\PL Capacitor MLCC\Data\LCSC\Source\Batch_20260819-095301_non_E6\LCSCSearchDownload(42).csv sha256=57dec1d511fa4e9d0660c7c5e2e5c3a24487db804c28f660ca7b5c6145b6ab56
[2026-08-19T09:53:17] MOVE category=new_capacitor_source source=C:\KiCad\9.0\symbols\PL Capacitor MLCC\LCSCSearchDownload(43).csv destination=C:\KiCad\9.0\symbols\PL Capacitor MLCC\Data\LCSC\Source\Batch_20260819-095301_non_E6\LCSCSearchDownload(43).csv sha256=092bd394967ee9e5d24db3b080900fed70dcb85af6a37ec644888a96f1b66045
[2026-08-19T09:53:17] MOVE category=new_capacitor_source source=C:\KiCad\9.0\symbols\PL Capacitor MLCC\LCSCSearchDownload(44).csv destination=C:\KiCad\9.0\symbols\PL Capacitor MLCC\Data\LCSC\Source\Batch_20260819-095301_non_E6\LCSCSearchDownload(44).csv sha256=092bd394967ee9e5d24db3b080900fed70dcb85af6a37ec644888a96f1b66045
[2026-08-19T09:53:17] MOVE category=new_capacitor_source source=C:\KiCad\9.0\symbols\PL Capacitor MLCC\LCSCSearchDownload(45).csv destination=C:\KiCad\9.0\symbols\PL Capacitor MLCC\Data\LCSC\Source\Batch_20260819-095301_non_E6\LCSCSearchDownload(45).csv sha256=fd35232108413c49becfe4811bcacf0d34cd955ebd0f971bc684e4ef0ff2e76b
[2026-08-19T09:53:17] MOVE category=new_capacitor_source source=C:\KiCad\9.0\symbols\PL Capacitor MLCC\LCSCSearchDownload(46).csv destination=C:\KiCad\9.0\symbols\PL Capacitor MLCC\Data\LCSC\Source\Batch_20260819-095301_non_E6\LCSCSearchDownload(46).csv sha256=0b7d36e249ac005f72cfde3d3221648fd54be72174b65fc49a15aa8b533fd5dc
[2026-08-19T09:53:17] MOVE category=new_capacitor_source source=C:\KiCad\9.0\symbols\PL Capacitor MLCC\LCSCSearchDownload(47).csv destination=C:\KiCad\9.0\symbols\PL Capacitor MLCC\Data\LCSC\Source\Batch_20260819-095301_non_E6\LCSCSearchDownload(47).csv sha256=7edc7b7374218f64625c436e98d33d1ce5e0ef1084769de534dee1c02ce6c105
[2026-08-19T09:53:17] MOVE category=new_capacitor_source source=C:\KiCad\9.0\symbols\PL Capacitor MLCC\LCSCSearchDownload(48)(1).csv destination=C:\KiCad\9.0\symbols\PL Capacitor MLCC\Data\LCSC\Source\Batch_20260819-095301_non_E6\LCSCSearchDownload(48)(1).csv sha256=270f7767bdd8dd9032ee15789fd85016688325185cd1b3d974146c10b582dade
[2026-08-19T09:53:17] MOVE category=new_capacitor_source source=C:\KiCad\9.0\symbols\PL Capacitor MLCC\LCSCSearchDownload(49).csv destination=C:\KiCad\9.0\symbols\PL Capacitor MLCC\Data\LCSC\Source\Batch_20260819-095301_non_E6\LCSCSearchDownload(49).csv sha256=270f7767bdd8dd9032ee15789fd85016688325185cd1b3d974146c10b582dade
[2026-08-19T09:53:17] MOVE category=new_capacitor_source source=C:\KiCad\9.0\symbols\PL Capacitor MLCC\LCSCSearchDownload(50).csv destination=C:\KiCad\9.0\symbols\PL Capacitor MLCC\Data\LCSC\Source\Batch_20260819-095301_non_E6\LCSCSearchDownload(50).csv sha256=e34f78a8796284663f08a2a3c78727e080b785d4ca0beb59f01f0d45a8a934df
[2026-08-19T09:53:17] MOVE category=new_capacitor_source source=C:\KiCad\9.0\symbols\PL Capacitor MLCC\LCSCSearchDownload(51).csv destination=C:\KiCad\9.0\symbols\PL Capacitor MLCC\Data\LCSC\Source\Batch_20260819-095301_non_E6\LCSCSearchDownload(51).csv sha256=92c8827806a9014581bec90fd47303494f5e0df42c90f8d17d0527afbe48a3b6
[2026-08-19T09:53:17] MOVE category=new_capacitor_source source=C:\KiCad\9.0\symbols\PL Capacitor MLCC\LCSCSearchDownload(52).csv destination=C:\KiCad\9.0\symbols\PL Capacitor MLCC\Data\LCSC\Source\Batch_20260819-095301_non_E6\LCSCSearchDownload(52).csv sha256=fcc13b0d3b4f2c8846347610c2323a4c053928760ec5e5e053ca86f4db0c26f3
[2026-08-19T09:53:17] MOVE category=new_capacitor_source source=C:\KiCad\9.0\symbols\PL Capacitor MLCC\LCSCSearchDownload(53).csv destination=C:\KiCad\9.0\symbols\PL Capacitor MLCC\Data\LCSC\Source\Batch_20260819-095301_non_E6\LCSCSearchDownload(53).csv sha256=1ff28205097648f9785f1758ca635d1e4f64ba16d6239d5acc19f5e73e423388
[2026-08-19T09:53:17] MOVE category=new_capacitor_source source=C:\KiCad\9.0\symbols\PL Capacitor MLCC\LCSCSearchDownload(54).csv destination=C:\KiCad\9.0\symbols\PL Capacitor MLCC\Data\LCSC\Source\Batch_20260819-095301_non_E6\LCSCSearchDownload(54).csv sha256=92caba59b2d7bb1b6e2c696b9687eb8c042b64a4d33fd836e247ecad1d88ab18
[2026-08-19T09:53:17] MOVE category=new_capacitor_source source=C:\KiCad\9.0\symbols\PL Capacitor MLCC\LCSCSearchDownload(55).csv destination=C:\KiCad\9.0\symbols\PL Capacitor MLCC\Data\LCSC\Source\Batch_20260819-095301_non_E6\LCSCSearchDownload(55).csv sha256=af4bcfda1f34c0c45a1867cead6f2648b5e1f7c4ef28052bdf3caf2e307aca08
[2026-08-19T09:53:17] MOVE category=new_capacitor_source source=C:\KiCad\9.0\symbols\PL Capacitor MLCC\LCSCSearchDownload(56).csv destination=C:\KiCad\9.0\symbols\PL Capacitor MLCC\Data\LCSC\Source\Batch_20260819-095301_non_E6\LCSCSearchDownload(56).csv sha256=2d7c8e5a06ae77b51a9cb50d9ce4e67a3c6ffd8216f423914bc49e1ab92088d9
[2026-08-19T09:53:17] MOVE category=new_capacitor_source source=C:\KiCad\9.0\symbols\PL Capacitor MLCC\LCSCSearchDownload(48).csv destination=C:\KiCad\9.0\symbols\PL Capacitor MLCC\Data\LCSC\Source\Batch_20260819-095301_non_E6\LCSCSearchDownload(48).csv sha256=e3b0c44298fc1c149afbf4c8996fb92427ae41e4649b934ca495991b7852b855
[2026-08-19T09:53:17] MOVE category=repeated_capacitor_source source=C:\KiCad\9.0\symbols\PL Capacitor MLCC\LCSCSearchDownload(22).csv destination=C:\KiCad\9.0\symbols\PL Capacitor MLCC\Data\Imported_Duplicates\20260819-095301\Capacitor\LCSCSearchDownload(22).csv sha256=7e3366cc835266ebd9897c7c56adef657f23cda2eafbe59f0ce6907efd89e7d1
[2026-08-19T09:53:17] MOVE category=repeated_capacitor_source source=C:\KiCad\9.0\symbols\PL Capacitor MLCC\LCSCSearchDownload(23).csv destination=C:\KiCad\9.0\symbols\PL Capacitor MLCC\Data\Imported_Duplicates\20260819-095301\Capacitor\LCSCSearchDownload(23).csv sha256=4c7ea16288621264c0a8302f80524f759508132057f854a68176e9d0f197f6a5
[2026-08-19T09:53:17] MOVE category=repeated_capacitor_source source=C:\KiCad\9.0\symbols\PL Capacitor MLCC\LCSCSearchDownload(24).csv destination=C:\KiCad\9.0\symbols\PL Capacitor MLCC\Data\Imported_Duplicates\20260819-095301\Capacitor\LCSCSearchDownload(24).csv sha256=4bc39ca99a351268379ab39d8b2fd000862e0b224929d469bc915d35de5c1aa5
[2026-08-19T09:53:17] MOVE category=repeated_capacitor_source source=C:\KiCad\9.0\symbols\PL Capacitor MLCC\LCSCSearchDownload(25).csv destination=C:\KiCad\9.0\symbols\PL Capacitor MLCC\Data\Imported_Duplicates\20260819-095301\Capacitor\LCSCSearchDownload(25).csv sha256=d060089dafc74ddf00577c4a542f816ded725835d60a20fe1cc877987379e916
[2026-08-19T09:53:17] MOVE category=repeated_capacitor_source source=C:\KiCad\9.0\symbols\PL Capacitor MLCC\LCSCSearchDownload(26).csv destination=C:\KiCad\9.0\symbols\PL Capacitor MLCC\Data\Imported_Duplicates\20260819-095301\Capacitor\LCSCSearchDownload(26).csv sha256=348e731fb5611a407bb90b29833009f098c5e0c223b65f0ec20aafdb4460da23
[2026-08-19T09:53:17] MOVE category=repeated_capacitor_source source=C:\KiCad\9.0\symbols\PL Capacitor MLCC\LCSCSearchDownload(27).csv destination=C:\KiCad\9.0\symbols\PL Capacitor MLCC\Data\Imported_Duplicates\20260819-095301\Capacitor\LCSCSearchDownload(27).csv sha256=348e731fb5611a407bb90b29833009f098c5e0c223b65f0ec20aafdb4460da23
[2026-08-19T09:53:17] MOVE category=repeated_capacitor_source source=C:\KiCad\9.0\symbols\PL Capacitor MLCC\LCSCSearchDownload(28).csv destination=C:\KiCad\9.0\symbols\PL Capacitor MLCC\Data\Imported_Duplicates\20260819-095301\Capacitor\LCSCSearchDownload(28).csv sha256=09fbf3ff1d25e170977764a57b5cf57731dbb989548b98196ba8e2f70f036f56
[2026-08-19T09:53:17] MOVE category=repeated_capacitor_source source=C:\KiCad\9.0\symbols\PL Capacitor MLCC\LCSCSearchDownload(29).csv destination=C:\KiCad\9.0\symbols\PL Capacitor MLCC\Data\Imported_Duplicates\20260819-095301\Capacitor\LCSCSearchDownload(29).csv sha256=4fd193c26c16b3f4938a8c7d8302f36e5a04717dfb7daf1574b2f7e1c9eecd5a
[2026-08-19T09:53:17] MOVE category=repeated_capacitor_source source=C:\KiCad\9.0\symbols\PL Capacitor MLCC\LCSCSearchDownload(30).csv destination=C:\KiCad\9.0\symbols\PL Capacitor MLCC\Data\Imported_Duplicates\20260819-095301\Capacitor\LCSCSearchDownload(30).csv sha256=9c271e8d805e37c168d57b682dd3de7859a157c3d520fb791d6dd5e32a31212d
[2026-08-19T09:53:17] MOVE category=repeated_capacitor_source source=C:\KiCad\9.0\symbols\PL Capacitor MLCC\LCSCSearchDownload(31).csv destination=C:\KiCad\9.0\symbols\PL Capacitor MLCC\Data\Imported_Duplicates\20260819-095301\Capacitor\LCSCSearchDownload(31).csv sha256=89bfb3c01cb34421b461cf9575f97cc293e8b3ff22b2d2fc19e6b07bb14cd3b0
[2026-08-19T09:53:17] MOVE category=repeated_capacitor_source source=C:\KiCad\9.0\symbols\PL Capacitor MLCC\LCSCSearchDownload(32).csv destination=C:\KiCad\9.0\symbols\PL Capacitor MLCC\Data\Imported_Duplicates\20260819-095301\Capacitor\LCSCSearchDownload(32).csv sha256=888639e36af30479ad0625f02a33ccc4acdea9ac15a7e527394b73f40f64366d
[2026-08-19T09:53:17] MOVE category=repeated_capacitor_source source=C:\KiCad\9.0\symbols\PL Capacitor MLCC\LCSCSearchDownload(33).csv destination=C:\KiCad\9.0\symbols\PL Capacitor MLCC\Data\Imported_Duplicates\20260819-095301\Capacitor\LCSCSearchDownload(33).csv sha256=83ade4541e1af7dc438e4a6622b27129d528d9e65df70cc017d05ce643d54fde
[2026-08-19T09:53:17] MOVE category=repeated_resistor_source source=C:\KiCad\9.0\symbols\PL Capacitor MLCC\LCSCSearchDownload.csv destination=C:\KiCad\9.0\symbols\PL Capacitor MLCC\Data\Imported_Duplicates\20260819-095301\Resistor\LCSCSearchDownload.csv sha256=cfb730fecaaae8b0c0df8b87da2b1558b443f623d4328942aea2902c949258a4
[2026-08-19T09:53:17] MOVE category=repeated_resistor_source source=C:\KiCad\9.0\symbols\PL Capacitor MLCC\LCSCSearchDownload(1).csv destination=C:\KiCad\9.0\symbols\PL Capacitor MLCC\Data\Imported_Duplicates\20260819-095301\Resistor\LCSCSearchDownload(1).csv sha256=adebd50e624f4ff50c17e991f73e91cc06ab83aa945f034dc2b00822b6db8638
[2026-08-19T09:53:17] MOVE category=repeated_resistor_source source=C:\KiCad\9.0\symbols\PL Capacitor MLCC\LCSCSearchDownload(2).csv destination=C:\KiCad\9.0\symbols\PL Capacitor MLCC\Data\Imported_Duplicates\20260819-095301\Resistor\LCSCSearchDownload(2).csv sha256=5b0cc1d60866d9556f302495a567bad674c665892b4fa2c1859b16b7b271561b
[2026-08-19T09:53:17] MOVE category=repeated_resistor_source source=C:\KiCad\9.0\symbols\PL Capacitor MLCC\LCSCSearchDownload(3).csv destination=C:\KiCad\9.0\symbols\PL Capacitor MLCC\Data\Imported_Duplicates\20260819-095301\Resistor\LCSCSearchDownload(3).csv sha256=71b3d0405b6dc528a01d910861360992f634a374096d805eb2b488354dd2de57
[2026-08-19T09:53:17] MOVE category=repeated_resistor_source source=C:\KiCad\9.0\symbols\PL Capacitor MLCC\LCSCSearchDownload(4).csv destination=C:\KiCad\9.0\symbols\PL Capacitor MLCC\Data\Imported_Duplicates\20260819-095301\Resistor\LCSCSearchDownload(4).csv sha256=2877c12c116f8fbe0b4b22b7fb795325e0f24f2b3ed33af9d7770f1f9c06ae15
[2026-08-19T09:53:17] MOVE category=repeated_resistor_source source=C:\KiCad\9.0\symbols\PL Capacitor MLCC\LCSCSearchDownload(5).csv destination=C:\KiCad\9.0\symbols\PL Capacitor MLCC\Data\Imported_Duplicates\20260819-095301\Resistor\LCSCSearchDownload(5).csv sha256=643729ace08560c9247f894550370d551f4140a89858f2ab52da26aea429305f
[2026-08-19T09:53:17] MOVE category=repeated_resistor_source source=C:\KiCad\9.0\symbols\PL Capacitor MLCC\LCSCSearchDownload(6).csv destination=C:\KiCad\9.0\symbols\PL Capacitor MLCC\Data\Imported_Duplicates\20260819-095301\Resistor\LCSCSearchDownload(6).csv sha256=bbe976142fdbb01f429121bdcebf3d13e9c1cd6c22b0f102e619ef428947df38
[2026-08-19T09:53:17] MOVE category=repeated_resistor_source source=C:\KiCad\9.0\symbols\PL Capacitor MLCC\LCSCSearchDownload(7).csv destination=C:\KiCad\9.0\symbols\PL Capacitor MLCC\Data\Imported_Duplicates\20260819-095301\Resistor\LCSCSearchDownload(7).csv sha256=0f5b6ddebda88a2899c8c93add3a94ed0bca47128aa3dbfad30f29a001302f3a
[2026-08-19T09:53:17] MOVE category=repeated_resistor_source source=C:\KiCad\9.0\symbols\PL Capacitor MLCC\LCSCSearchDownload(8).csv destination=C:\KiCad\9.0\symbols\PL Capacitor MLCC\Data\Imported_Duplicates\20260819-095301\Resistor\LCSCSearchDownload(8).csv sha256=38f99d473d8470520c42d5496f6f89de4c0d5e7d55c7a2f81ebb751d0b2e10a2
[2026-08-19T09:53:17] MOVE category=repeated_resistor_source source=C:\KiCad\9.0\symbols\PL Capacitor MLCC\LCSCSearchDownload(9).csv destination=C:\KiCad\9.0\symbols\PL Capacitor MLCC\Data\Imported_Duplicates\20260819-095301\Resistor\LCSCSearchDownload(9).csv sha256=67f63ac31b241559ebab0813e19b7787bb9326bfcd2975031847bb0a587da6bb
[2026-08-19T09:53:17] MOVE category=repeated_resistor_source source=C:\KiCad\9.0\symbols\PL Capacitor MLCC\LCSCSearchDownload(10).csv destination=C:\KiCad\9.0\symbols\PL Capacitor MLCC\Data\Imported_Duplicates\20260819-095301\Resistor\LCSCSearchDownload(10).csv sha256=d05458029022efd9d31ede916dad87789767260e30cbfed681f60b738f5f9f7c
[2026-08-19T09:53:17] MOVE category=repeated_resistor_source source=C:\KiCad\9.0\symbols\PL Capacitor MLCC\LCSCSearchDownload(11).csv destination=C:\KiCad\9.0\symbols\PL Capacitor MLCC\Data\Imported_Duplicates\20260819-095301\Resistor\LCSCSearchDownload(11).csv sha256=da9bc07c0934bbbb365f5f56bf77dda117537597cf86ce319eac4681d6da6af1
[2026-08-19T09:53:17] MOVE category=repeated_resistor_source source=C:\KiCad\9.0\symbols\PL Capacitor MLCC\LCSCSearchDownload(12).csv destination=C:\KiCad\9.0\symbols\PL Capacitor MLCC\Data\Imported_Duplicates\20260819-095301\Resistor\LCSCSearchDownload(12).csv sha256=9c3923c3eb6cc6dfd38123d7c272496a9287d2abd46ca0747245558193c87a45
[2026-08-19T09:53:17] MOVE category=repeated_resistor_source source=C:\KiCad\9.0\symbols\PL Capacitor MLCC\LCSCSearchDownload(13).csv destination=C:\KiCad\9.0\symbols\PL Capacitor MLCC\Data\Imported_Duplicates\20260819-095301\Resistor\LCSCSearchDownload(13).csv sha256=f1534642421f73ac112b50c2ebb7e3799d8daf344182d0f626700f2979ce4b7a
[2026-08-19T09:53:17] MOVE category=repeated_resistor_source source=C:\KiCad\9.0\symbols\PL Capacitor MLCC\LCSCSearchDownload(14).csv destination=C:\KiCad\9.0\symbols\PL Capacitor MLCC\Data\Imported_Duplicates\20260819-095301\Resistor\LCSCSearchDownload(14).csv sha256=530368539146b3c20d7461deaf7229671d2e499e2f699b9597975d37d5a893fc
[2026-08-19T09:53:17] MOVE category=repeated_resistor_source source=C:\KiCad\9.0\symbols\PL Capacitor MLCC\LCSCSearchDownload(15).csv destination=C:\KiCad\9.0\symbols\PL Capacitor MLCC\Data\Imported_Duplicates\20260819-095301\Resistor\LCSCSearchDownload(15).csv sha256=979552bb8716b422fb6c520b10aee64ffe5e7c23b83b7f3120a7490b712c0d19
[2026-08-19T09:53:17] MOVE category=repeated_resistor_source source=C:\KiCad\9.0\symbols\PL Capacitor MLCC\LCSCSearchDownload(16).csv destination=C:\KiCad\9.0\symbols\PL Capacitor MLCC\Data\Imported_Duplicates\20260819-095301\Resistor\LCSCSearchDownload(16).csv sha256=680b476abbf74d7a49c5eb606cd922f2925b2ab3363b517cea616f7c31441fe0
[2026-08-19T09:53:17] MOVE category=repeated_resistor_source source=C:\KiCad\9.0\symbols\PL Capacitor MLCC\LCSCSearchDownload(17).csv destination=C:\KiCad\9.0\symbols\PL Capacitor MLCC\Data\Imported_Duplicates\20260819-095301\Resistor\LCSCSearchDownload(17).csv sha256=2eccbe15a6761cf42d8d5d670f564fd2e38c5195bfc616310456103bb56760ca
[2026-08-19T09:53:17] MOVE category=repeated_resistor_source source=C:\KiCad\9.0\symbols\PL Capacitor MLCC\LCSCSearchDownload(18).csv destination=C:\KiCad\9.0\symbols\PL Capacitor MLCC\Data\Imported_Duplicates\20260819-095301\Resistor\LCSCSearchDownload(18).csv sha256=6cc1a94d4ab91b773271827e6035b16f7b00dce9c0cc42d5f2d0fabdbc371f36
[2026-08-19T09:53:17] MOVE category=repeated_resistor_source source=C:\KiCad\9.0\symbols\PL Capacitor MLCC\LCSCSearchDownload(19).csv destination=C:\KiCad\9.0\symbols\PL Capacitor MLCC\Data\Imported_Duplicates\20260819-095301\Resistor\LCSCSearchDownload(19).csv sha256=835a058f553c7c360b9d206530fe7e4346de58add85ebd00e7e4e11822c141cc
[2026-08-19T09:53:17] MOVE category=repeated_resistor_source source=C:\KiCad\9.0\symbols\PL Capacitor MLCC\LCSCSearchDownload(20).csv destination=C:\KiCad\9.0\symbols\PL Capacitor MLCC\Data\Imported_Duplicates\20260819-095301\Resistor\LCSCSearchDownload(20).csv sha256=770d293ca7088c7b986b1983cb49324f17422ffcb54ec2606e50ac5524848b5c
[2026-08-19T09:53:17] MOVE category=repeated_resistor_source source=C:\KiCad\9.0\symbols\PL Capacitor MLCC\LCSCSearchDownload(21).csv destination=C:\KiCad\9.0\symbols\PL Capacitor MLCC\Data\Imported_Duplicates\20260819-095301\Resistor\LCSCSearchDownload(21).csv sha256=ea4d2e7170209e5a38ab2310fc5e40a84a24394a081e175e8e2605c46b93b056
[2026-08-19T09:53:17] MOVE category=repeated_pdf source=C:\KiCad\9.0\symbols\PL Capacitor MLCC\Yageo_Capacitor.pdf destination=C:\KiCad\9.0\symbols\PL Capacitor MLCC\Data\Imported_Duplicates\20260819-095301\PDF\Yageo_Capacitor.pdf sha256=61a606825ab314ea318cfb5362848a62fdffb851efa9818d642e9a541c56a648
[2026-08-19T09:53:17] MOVE category=repeated_pdf source=C:\KiCad\9.0\symbols\PL Capacitor MLCC\Yageo_Resistor_RC_Series.pdf destination=C:\KiCad\9.0\symbols\PL Capacitor MLCC\Data\Imported_Duplicates\20260819-095301\PDF\Yageo_Resistor_RC_Series.pdf sha256=ecfb53555d332b8286ba60edb5cc7ce007b47bf7cc0efcd0aabdc0d3a5fb990b
[2026-08-19T09:53:17] MOVE category=active_datasheet source=C:\KiCad\9.0\symbols\PL Capacitor MLCC\Capacitor datasheet.pdf destination=C:\KiCad\9.0\symbols\PL Capacitor MLCC\Datasheets\Yageo_CC_NP0_General_Purpose_16V_to_250V.pdf sha256=bc1436f154f93fe3769661c0ba4e48f10c354c07dd5271e44f3032e330911f21
[2026-08-19T09:53:17] MOVE category=active_datasheet source=C:\KiCad\9.0\symbols\PL Capacitor MLCC\e147909414eb3b900a42b90481dc8914.pdf destination=C:\KiCad\9.0\symbols\PL Capacitor MLCC\Datasheets\Yageo_AC_Automotive_NP0_X7R_X7S_6.3V_to_2000V.pdf sha256=303507fc0a0343365b84537ea1a598c3a23b13eafd26e59bd8acbf66e93c6236
[2026-08-19T09:53:17] MOVE category=active_datasheet source=C:\KiCad\9.0\symbols\PL Capacitor MLCC\datasheet 2.pdf destination=C:\KiCad\9.0\symbols\PL Capacitor MLCC\Datasheets\Murata_GRM_GJM_GQM_General_MLCC_Catalog.pdf sha256=2d554af077f25fbe6649de933497e065a0ad8014ec69618b6f8eec2b66b94edd
[2026-08-19T09:53:17] MOVE category=active_datasheet source=C:\KiCad\9.0\symbols\PL Capacitor MLCC\Murata GCM.pdf destination=C:\KiCad\9.0\symbols\PL Capacitor MLCC\Datasheets\Murata_GCM_Automotive_C0G_MLCC_Reference.pdf sha256=e09d556de0605ded5a89c01e5388cc021a6f9b13ec4f3321e47f31c7066c6a1c
[2026-08-19T09:53:17] MOVE category=active_datasheet source=C:\KiCad\9.0\symbols\PL Capacitor MLCC\Datasheet kemet.pdf destination=C:\KiCad\9.0\symbols\PL Capacitor MLCC\Datasheets\KEMET_C0G_Commercial_MLCC.pdf sha256=f1c45b68ec6efa566500708d09974d340c253252008c0f463a34e8009a80d7bc
[2026-08-19T09:53:17] MOVE category=supplemental_datasheet source=C:\KiCad\9.0\symbols\PL Capacitor MLCC\26f1ead7bc608b57806ba5c637185505.pdf destination=C:\KiCad\9.0\symbols\PL Capacitor MLCC\Data\Supplied_Datasheets\Murata_GQM2195C2E150JB12_0805_C0G.pdf sha256=44df2810356133b623d7de162e3d2059353aca374bf947d243d1b92195ee859d
[2026-08-19T09:53:17] MOVE category=supplemental_datasheet source=C:\KiCad\9.0\symbols\PL Capacitor MLCC\874695ec05b64e47712b911bccd14a9c.pdf destination=C:\KiCad\9.0\symbols\PL Capacitor MLCC\Data\Supplied_Datasheets\Murata_GQM1875C2E150JB12_0603_C0G.pdf sha256=b6fe8b08bfcc22c5190436cf127ab8facbf2b8bcfd2ad7b9ddc187e27ef8b400
[2026-08-19T09:53:17] MOVE category=supplemental_datasheet source=C:\KiCad\9.0\symbols\PL Capacitor MLCC\capacitor datasheet murata.pdf destination=C:\KiCad\9.0\symbols\PL Capacitor MLCC\Data\Supplied_Datasheets\Murata_GRM1555C1H102JA01_0402_C0G.pdf sha256=fb0d33f3b9acca3ec20e682edf4071c25b3e398e39124992496bcec84f8e4415
[2026-08-19T09:53:17] MOVE category=supplemental_datasheet source=C:\KiCad\9.0\symbols\PL Capacitor MLCC\Dataasheet 1.pdf destination=C:\KiCad\9.0\symbols\PL Capacitor MLCC\Data\Supplied_Datasheets\KEMET_CBR_HiQ_C0G_RF.pdf sha256=e6a1e27fcc3051d04f326c0afbb9830ac518e73a525a00007ad3084b410cda4e
[2026-08-19T09:53:17] MOVE category=supplemental_datasheet source=C:\KiCad\9.0\symbols\PL Capacitor MLCC\Murata GJM.pdf destination=C:\KiCad\9.0\symbols\PL Capacitor MLCC\Data\Supplied_Datasheets\Murata_General_MLCC_Catalog_Alternate.pdf sha256=4b69a8363f60c68debd603db2dd167daf20a2abe23441143419277669b74955d
[2026-08-19T09:53:17] MOVE category=supplemental_datasheet source=C:\KiCad\9.0\symbols\PL Capacitor MLCC\2aafee59dab54d3907d2a47e632f9b66.pdf destination=C:\KiCad\9.0\symbols\PL Capacitor MLCC\Data\Supplied_Datasheets\Vishay_VJ_Commodity_MLCC.pdf sha256=ca26996437e874e61122df785b142f1d322b421dd759506c1405c165d044f6f8
[2026-08-19T09:53:17] INSTALL downloaded_datasheet=C:\KiCad\9.0\symbols\PL Capacitor MLCC\Datasheets\Yageo_CC_High_Voltage_NP0_X7R_500V_to_3kV.pdf sha256=cdbb0064d796c01670a079836ffcdb07a855856b26d313e6dab2bd61dabfb8c8
[2026-08-19T09:53:17] INSTALL downloaded_datasheet=C:\KiCad\9.0\symbols\PL Capacitor MLCC\Datasheets\Yageo_CQ_HiQ_NP0_16V_to_500V.pdf sha256=343c9d6bf0e96eb2b9c817ef1ba5de451304d4ac959d8b8322d9cacfff86e0bb
[2026-08-19T09:53:17] INSTALL downloaded_datasheet=C:\KiCad\9.0\symbols\PL Capacitor MLCC\Datasheets\KEMET_C0G_Automotive_MLCC.pdf sha256=b424aa531cea2de5f432fd668cab17c6d915c173439c57f932ea3eaf1c0162a1
[2026-08-19T09:53:17] INSTALL downloaded_datasheet=C:\KiCad\9.0\symbols\PL Capacitor MLCC\Datasheets\KYOCERA_AVX_Surface_Mount_Ceramic_Capacitors.pdf sha256=472c66ca70b79ea4faa4ab15bc792c1057a8fd0cf4467042d08e52845f5670c3
[2026-08-19T09:53:17] INSTALL processed_csv=C:\KiCad\9.0\symbols\PL Capacitor MLCC\Data\LCSC\Processed\LCSCSearchDownload_MLCC_All_Series_merged.csv sha256=42a8fdaf6f7b5977a67932fbc4eaf43baa70b4c1f8ec638461a0e396eb8245a8
[2026-08-19T09:53:17] INSTALL processed_csv=C:\KiCad\9.0\symbols\PL Capacitor MLCC\Data\LCSC\Processed\LCSCSearchDownload_MLCC_All_Series_selected.csv sha256=08c7cfa53c70f7f47e00e643c8bdb5c3e93cd69d75042f14f5a85b80b8334d7e
[2026-08-19T09:53:17] INSTALL processed_csv=C:\KiCad\9.0\symbols\PL Capacitor MLCC\Data\LCSC\Processed\LCSCSearchDownload_MLCC_All_Series_additions.csv sha256=a005be0813de017d52c1a23bc30128e12299ecb1c6be048ffd9a7fa87da224cf
[2026-08-19T09:53:17] INSTALL atomic_library_replace=C:\KiCad\9.0\symbols\PL Capacitor MLCC\PL Capacitor MLCC.kicad_sym
[2026-08-19T09:53:18] CLI command: "C:\Program Files\KiCad\10.0\bin\kicad-cli.exe" sym export svg --output C:\Users\larsk\AppData\Local\Temp\pl_capacitor_multifamily_stage_6sm9ivsu\postinstall_cli\svg_0_100nF_0402 --symbol 100nF_0402 "C:\KiCad\9.0\symbols\PL Capacitor MLCC\PL Capacitor MLCC.kicad_sym"
[2026-08-19T09:53:18] CLI exit=0
[2026-08-19T09:53:18] CLI stdout: Plotting symbol '100nF_0402' unit 1 to 'C:\Users\larsk\AppData\Local\Temp\pl_capacitor_multifamily_stage_6sm9ivsu\postinstall_cli\svg_0_100nF_0402\100nF_0402_unit1.svg'
[2026-08-19T09:53:18] CLI command: "C:\Program Files\KiCad\10.0\bin\kicad-cli.exe" sym export svg --output C:\Users\larsk\AppData\Local\Temp\pl_capacitor_multifamily_stage_6sm9ivsu\postinstall_cli\svg_1_1_2nF_0402 --symbol 1.2nF_0402 "C:\KiCad\9.0\symbols\PL Capacitor MLCC\PL Capacitor MLCC.kicad_sym"
[2026-08-19T09:53:18] CLI exit=0
[2026-08-19T09:53:18] CLI stdout: Plotting symbol '1.2nF_0402' unit 1 to 'C:\Users\larsk\AppData\Local\Temp\pl_capacitor_multifamily_stage_6sm9ivsu\postinstall_cli\svg_1_1_2nF_0402\1.2nF_0402_unit1.svg'
[2026-08-19T09:53:18] CLI command: "C:\Program Files\KiCad\10.0\bin\kicad-cli.exe" sym export svg --output C:\Users\larsk\AppData\Local\Temp\pl_capacitor_multifamily_stage_6sm9ivsu\postinstall_cli\svg_2_1_1nF_0603 --symbol 1.1nF_0603 "C:\KiCad\9.0\symbols\PL Capacitor MLCC\PL Capacitor MLCC.kicad_sym"
[2026-08-19T09:53:18] CLI exit=0
[2026-08-19T09:53:18] CLI stdout: Plotting symbol '1.1nF_0603' unit 1 to 'C:\Users\larsk\AppData\Local\Temp\pl_capacitor_multifamily_stage_6sm9ivsu\postinstall_cli\svg_2_1_1nF_0603\1.1nF_0603_unit1.svg'
[2026-08-19T09:53:19] CLI command: "C:\Program Files\KiCad\10.0\bin\kicad-cli.exe" sym export svg --output C:\Users\larsk\AppData\Local\Temp\pl_capacitor_multifamily_stage_6sm9ivsu\postinstall_cli\svg_3_1_1nF_0805 --symbol 1.1nF_0805 "C:\KiCad\9.0\symbols\PL Capacitor MLCC\PL Capacitor MLCC.kicad_sym"
[2026-08-19T09:53:19] CLI exit=0
[2026-08-19T09:53:19] CLI stdout: Plotting symbol '1.1nF_0805' unit 1 to 'C:\Users\larsk\AppData\Local\Temp\pl_capacitor_multifamily_stage_6sm9ivsu\postinstall_cli\svg_3_1_1nF_0805\1.1nF_0805_unit1.svg'
[2026-08-19T09:53:19] CLI command: "C:\Program Files\KiCad\10.0\bin\kicad-cli.exe" sym export svg --output C:\Users\larsk\AppData\Local\Temp\pl_capacitor_multifamily_stage_6sm9ivsu\postinstall_cli\svg_4_1_2nF_1206 --symbol 1.2nF_1206 "C:\KiCad\9.0\symbols\PL Capacitor MLCC\PL Capacitor MLCC.kicad_sym"
[2026-08-19T09:53:19] CLI exit=0
[2026-08-19T09:53:19] CLI stdout: Plotting symbol '1.2nF_1206' unit 1 to 'C:\Users\larsk\AppData\Local\Temp\pl_capacitor_multifamily_stage_6sm9ivsu\postinstall_cli\svg_4_1_2nF_1206\1.2nF_1206_unit1.svg'
[2026-08-19T09:53:19] CLI command: "C:\Program Files\KiCad\10.0\bin\kicad-cli.exe" sym export svg --output C:\Users\larsk\AppData\Local\Temp\pl_capacitor_multifamily_stage_6sm9ivsu\postinstall_cli\svg_5_10nF_1210 --symbol 10nF_1210 "C:\KiCad\9.0\symbols\PL Capacitor MLCC\PL Capacitor MLCC.kicad_sym"
[2026-08-19T09:53:19] CLI exit=0
[2026-08-19T09:53:19] CLI stdout: Plotting symbol '10nF_1210' unit 1 to 'C:\Users\larsk\AppData\Local\Temp\pl_capacitor_multifamily_stage_6sm9ivsu\postinstall_cli\svg_5_10nF_1210\10nF_1210_unit1.svg'
[2026-08-19T09:53:20] CLI command: "C:\Program Files\KiCad\10.0\bin\kicad-cli.exe" sym export svg --output C:\Users\larsk\AppData\Local\Temp\pl_capacitor_multifamily_stage_6sm9ivsu\postinstall_cli\svg_6_1_2nF_0603 --symbol 1.2nF_0603 "C:\KiCad\9.0\symbols\PL Capacitor MLCC\PL Capacitor MLCC.kicad_sym"
[2026-08-19T09:53:20] CLI exit=0
[2026-08-19T09:53:20] CLI stdout: Plotting symbol '1.2nF_0603' unit 1 to 'C:\Users\larsk\AppData\Local\Temp\pl_capacitor_multifamily_stage_6sm9ivsu\postinstall_cli\svg_6_1_2nF_0603\1.2nF_0603_unit1.svg'
[2026-08-19T09:53:20] CLI command: "C:\Program Files\KiCad\10.0\bin\kicad-cli.exe" sym export svg --output C:\Users\larsk\AppData\Local\Temp\pl_capacitor_multifamily_stage_6sm9ivsu\postinstall_cli\svg_7_1_2nF_0805 --symbol 1.2nF_0805 "C:\KiCad\9.0\symbols\PL Capacitor MLCC\PL Capacitor MLCC.kicad_sym"
[2026-08-19T09:53:20] CLI exit=0
[2026-08-19T09:53:20] CLI stdout: Plotting symbol '1.2nF_0805' unit 1 to 'C:\Users\larsk\AppData\Local\Temp\pl_capacitor_multifamily_stage_6sm9ivsu\postinstall_cli\svg_7_1_2nF_0805\1.2nF_0805_unit1.svg'
[2026-08-19T09:53:20] CLI command: "C:\Program Files\KiCad\10.0\bin\kicad-cli.exe" sym export svg --output C:\Users\larsk\AppData\Local\Temp\pl_capacitor_multifamily_stage_6sm9ivsu\postinstall_cli\svg_8_1_2pF_0402 --symbol 1.2pF_0402 "C:\KiCad\9.0\symbols\PL Capacitor MLCC\PL Capacitor MLCC.kicad_sym"
[2026-08-19T09:53:20] CLI exit=0
[2026-08-19T09:53:20] CLI stdout: Plotting symbol '1.2pF_0402' unit 1 to 'C:\Users\larsk\AppData\Local\Temp\pl_capacitor_multifamily_stage_6sm9ivsu\postinstall_cli\svg_8_1_2pF_0402\1.2pF_0402_unit1.svg'
[2026-08-19T09:53:21] CLI command: "C:\Program Files\KiCad\10.0\bin\kicad-cli.exe" sym export svg --output C:\Users\larsk\AppData\Local\Temp\pl_capacitor_multifamily_stage_6sm9ivsu\postinstall_cli\svg_9_1_6nF_0402 --symbol 1.6nF_0402 "C:\KiCad\9.0\symbols\PL Capacitor MLCC\PL Capacitor MLCC.kicad_sym"
[2026-08-19T09:53:21] CLI exit=0
[2026-08-19T09:53:21] CLI stdout: Plotting symbol '1.6nF_0402' unit 1 to 'C:\Users\larsk\AppData\Local\Temp\pl_capacitor_multifamily_stage_6sm9ivsu\postinstall_cli\svg_9_1_6nF_0402\1.6nF_0402_unit1.svg'
[2026-08-19T09:53:21] CLI command: "C:\Program Files\KiCad\10.0\bin\kicad-cli.exe" sym export svg --output C:\Users\larsk\AppData\Local\Temp\pl_capacitor_multifamily_stage_6sm9ivsu\postinstall_cli\svg_10_1_8nF_0805 --symbol 1.8nF_0805 "C:\KiCad\9.0\symbols\PL Capacitor MLCC\PL Capacitor MLCC.kicad_sym"
[2026-08-19T09:53:21] CLI exit=0
[2026-08-19T09:53:21] CLI stdout: Plotting symbol '1.8nF_0805' unit 1 to 'C:\Users\larsk\AppData\Local\Temp\pl_capacitor_multifamily_stage_6sm9ivsu\postinstall_cli\svg_10_1_8nF_0805\1.8nF_0805_unit1.svg'
[2026-08-19T09:53:22] CLI command: "C:\Program Files\KiCad\10.0\bin\kicad-cli.exe" sym export svg --output C:\Users\larsk\AppData\Local\Temp\pl_capacitor_multifamily_stage_6sm9ivsu\postinstall_cli\svg_11_100pF_1206 --symbol 100pF_1206 "C:\KiCad\9.0\symbols\PL Capacitor MLCC\PL Capacitor MLCC.kicad_sym"
[2026-08-19T09:53:22] CLI exit=0
[2026-08-19T09:53:22] CLI stdout: Plotting symbol '100pF_1206' unit 1 to 'C:\Users\larsk\AppData\Local\Temp\pl_capacitor_multifamily_stage_6sm9ivsu\postinstall_cli\svg_11_100pF_1206\100pF_1206_unit1.svg'
[2026-08-19T09:53:22] CLI command: "C:\Program Files\KiCad\10.0\bin\kicad-cli.exe" sym export svg --output C:\Users\larsk\AppData\Local\Temp\pl_capacitor_multifamily_stage_6sm9ivsu\postinstall_cli\svg_12_10pF_0402 --symbol 10pF_0402 "C:\KiCad\9.0\symbols\PL Capacitor MLCC\PL Capacitor MLCC.kicad_sym"
[2026-08-19T09:53:22] CLI exit=0
[2026-08-19T09:53:22] CLI stdout: Plotting symbol '10pF_0402' unit 1 to 'C:\Users\larsk\AppData\Local\Temp\pl_capacitor_multifamily_stage_6sm9ivsu\postinstall_cli\svg_12_10pF_0402\10pF_0402_unit1.svg'
[2026-08-19T09:53:22] CLI command: "C:\Program Files\KiCad\10.0\bin\kicad-cli.exe" sym export svg --output C:\Users\larsk\AppData\Local\Temp\pl_capacitor_multifamily_stage_6sm9ivsu\postinstall_cli\svg_13_180nF_0603 --symbol 180nF_0603 "C:\KiCad\9.0\symbols\PL Capacitor MLCC\PL Capacitor MLCC.kicad_sym"
[2026-08-19T09:53:22] CLI exit=0
[2026-08-19T09:53:22] CLI stdout: Plotting symbol '180nF_0603' unit 1 to 'C:\Users\larsk\AppData\Local\Temp\pl_capacitor_multifamily_stage_6sm9ivsu\postinstall_cli\svg_13_180nF_0603\180nF_0603_unit1.svg'
[2026-08-19T09:53:23] CLI command: "C:\Program Files\KiCad\10.0\bin\kicad-cli.exe" sym export svg --output C:\Users\larsk\AppData\Local\Temp\pl_capacitor_multifamily_stage_6sm9ivsu\postinstall_cli\svg_14_270pF_0603 --symbol 270pF_0603 "C:\KiCad\9.0\symbols\PL Capacitor MLCC\PL Capacitor MLCC.kicad_sym"
[2026-08-19T09:53:23] CLI exit=0
[2026-08-19T09:53:23] CLI stdout: Plotting symbol '270pF_0603' unit 1 to 'C:\Users\larsk\AppData\Local\Temp\pl_capacitor_multifamily_stage_6sm9ivsu\postinstall_cli\svg_14_270pF_0603\270pF_0603_unit1.svg'
[2026-08-19T09:53:23] CLI command: "C:\Program Files\KiCad\10.0\bin\kicad-cli.exe" sym export svg --output C:\Users\larsk\AppData\Local\Temp\pl_capacitor_multifamily_stage_6sm9ivsu\postinstall_cli\svg_15_36pF_0402 --symbol 36pF_0402 "C:\KiCad\9.0\symbols\PL Capacitor MLCC\PL Capacitor MLCC.kicad_sym"
[2026-08-19T09:53:23] CLI exit=0
[2026-08-19T09:53:23] CLI stdout: Plotting symbol '36pF_0402' unit 1 to 'C:\Users\larsk\AppData\Local\Temp\pl_capacitor_multifamily_stage_6sm9ivsu\postinstall_cli\svg_15_36pF_0402\36pF_0402_unit1.svg'
[2026-08-19T09:53:23] FINAL library=C:\KiCad\9.0\symbols\PL Capacitor MLCC\PL Capacitor MLCC.kicad_sym bytes=1619525 sha256=11fbbae1c4a4fac5a3d393212e5405cf16dfa84c39d8c35cc26f75a7e3c0fa6a
[2026-08-19T09:53:23] FINAL counts prior_symbols=130 additions=251 skips=121 symbols=381
[2026-08-19T09:53:23] SUCCESS update completed; rollback not required
