"LCSC Part#","MPN","Manufacturer","Availability","Minimum","Multiples","Product Detail","Package","Packaging","Diode Configuration","Pd - Power Dissipation","Zener Voltage(Nom)","Reverse Leakage Current (Ir)","Zener Voltage(Range)","Operating Junction Temperature Range","Impedance(Zzt)","Impedance(Zzk)","Tolerance"
"C2124","MMSZ5235B","JSCJ","640","20","20","https://www.lcsc.com/product-detail/C2124.html","SOD-123","Tape & Reel (TR)","1 Independent","350mW","6.8V","3uA","6.46V~7.14V","-65℃~+150℃","5Ω","750Ω","-"
"C2125","MMSZ5238B","JSCJ","1380","20","20","https://www.lcsc.com/product-detail/C2125.html","SOD-123","Tape & Reel (TR)","1 Independent","350mW","8.7V","3uA","8.27V~9.14V","-65℃~+150℃","8Ω","600Ω","-"
"C2126","MMSZ5245B","JSCJ","112840","20","20","https://www.lcsc.com/product-detail/C2126.html","SOD-123","Tape & Reel (TR)","1 Independent","350mW","15V","100nA","14.25V~15.75V","-65℃~+150℃","16Ω","600Ω","-"
"C2127","MMSZ5248B","JSCJ","36880","20","20","https://www.lcsc.com/product-detail/C2127.html","SOD-123","Tape & Reel (TR)","1 Independent","350mW","18V","100nA@14V","17.1V~18.9V","-","21Ω","600Ω","-"
"C2130","MMSZ5248BS","JSCJ","1220","20","20","https://www.lcsc.com/product-detail/C2130.html","SOD-323","Tape & Reel (TR)","1 Independent","200mW","18V","100nA","17.1V~18.9V","-65℃~+150℃","21Ω","600Ω",""
"C2131","MMSZ5250BS","JSCJ","2020","20","20","https://www.lcsc.com/product-detail/C2131.html","SOD-323","Tape & Reel (TR)","1 Independent","200mW","20V","100nA","19V~21V","-65℃~+150℃","25Ω","600Ω","-"
"C12725","LBZX84C3V9LT1G","LRC","8050","50","50","https://www.lcsc.com/product-detail/C12725.html","SOT-23","Tape & Reel (TR)","1 Independent","300mW","3.9V","3uA","3.7V~4.1V","-55℃~+150℃","90Ω","110Ω","-"
"C12726","LBZX84C4V3LT1G","LRC","850","50","50","https://www.lcsc.com/product-detail/C12726.html","SOT-23","Tape & Reel (TR)","1 Independent","300mW","4.3V","3uA","4V~4.6V","-55℃~+150℃","90Ω","480Ω","-"
"C12727","LBZX84C4V7LT1G","LRC","17220","20","20","https://www.lcsc.com/product-detail/C12727.html","SOT-23","Tape & Reel (TR)","1 Independent","300mW","4.7V","3uA","4.4V~5V","-55℃~+150℃","80Ω","600Ω","-"
"C12728","LBZX84C5V6LT1G","LRC","3300","20","20","https://www.lcsc.com/product-detail/C12728.html","SOT-23","Tape & Reel (TR)","1 Independent","300mW","5.6V","1uA","5.2V~6V","-55℃~+150℃","40Ω","170Ω","-"
"C12729","LBZX84C7V5LT1G","LRC","2300","50","50","https://www.lcsc.com/product-detail/C12729.html","SOT-23","Tape & Reel (TR)","1 Independent","300mW","7.5V","1uA","7V~7.9V","-55℃~+150℃","15Ω","600Ω","-"
"C12730","LBZX84C8V2LT1G","LRC","240","20","20","https://www.lcsc.com/product-detail/C12730.html","SOT-23","Tape & Reel (TR)","1 Independent","300mW","8.2V","5uA@3V","7.7V~8.7V","-55℃~+150℃","15Ω","1.6kΩ","±5%"
"C12731","LBZX84C9V1LT1G","LRC","2950","50","50","https://www.lcsc.com/product-detail/C12731.html","SOT-23","Tape & Reel (TR)","1 Independent","300mW","9.1V","500nA","8.5V~9.6V","-55℃~+150℃","15Ω","100Ω","-"
"C12745","LBZX84C3V3LT1G","LRC","1350","50","50","https://www.lcsc.com/product-detail/C12745.html","SOT-23","Tape & Reel (TR)","1 Independent","300mW","3.3V","5uA","3.1V~3.5V","-55℃~+150℃","95Ω","250Ω","-"
"C12746","LBZX84C6V8LT1G","LRC","29560","20","20","https://www.lcsc.com/product-detail/C12746.html","SOT-23","Tape & Reel (TR)","1 Independent","300mW","6.8V","5uA@2V","6.4V~7.2V","-55℃~+150℃","15Ω","1.6kΩ","±5%"
"C12762","LBZX84C11LT1G","LRC","560","20","20","https://www.lcsc.com/product-detail/C12762.html","SOT-23","Tape & Reel (TR)","1 Independent","300mW","11V","100nA","10.4V~11.6V","-55℃~+150℃","20Ω","50Ω","-"
"C12763","LBZX84C13LT1G","LRC","1300","50","50","https://www.lcsc.com/product-detail/C12763.html","SOT-23","Tape & Reel (TR)","1 Independent","300mW","13V","100nA","12.4V~14.1V","-55℃~+150℃","30Ω","600Ω","-"
"C12764","LBZX84C15LT1G","LRC","2750","50","50","https://www.lcsc.com/product-detail/C12764.html","SOT-23","Tape & Reel (TR)","1 Independent","300mW","15V","50nA","13.8V~15.6V","-55℃~+150℃","30Ω","600Ω","±5%"
"C12772","LBZX84C10LT1G","LRC","17400","50","50","https://www.lcsc.com/product-detail/C12772.html","SOT-23","Tape & Reel (TR)","1 Independent","225mW","10V","200nA","9.4V~10.6V","-55℃~+150℃","20Ω","-","-"
"C12773","LBZX84C12LT1G","LRC","16450","50","50","https://www.lcsc.com/product-detail/C12773.html","SOT-23","Tape & Reel (TR)","1 Independent","300mW","12V","100nA","11.4V~12.7V","-55℃~+150℃","25Ω","1kΩ","±5%"
"C12774","LBZX84C3V6LT1G","LRC","350","50","50","https://www.lcsc.com/product-detail/C12774.html","SOT-23","Tape & Reel (TR)","1 Independent","300mW","3.6V","5uA","3.4V~3.8V","-55℃~+150℃","90Ω","600Ω","-"
"C12785","LBZX84C6V2LT1G","LRC","6000","20","20","https://www.lcsc.com/product-detail/C12785.html","SOT-23","Tape & Reel (TR)","1 Independent","300mW","6.2V","100nA@13V","5.8V~6.6V","-55℃~+150℃","10Ω","170Ω","-"
"C14199","LBZX84C62LT1G","LRC","20","20","20","https://www.lcsc.com/product-detail/C14199.html","SOT-23","Tape & Reel (TR)","1 Independent","300mW","62V","50nA","58V~66V","-55℃~+150℃","215Ω","600Ω","-"
"C14279","LBZX84C36LT1G","LRC","2250","50","50","https://www.lcsc.com/product-detail/C14279.html","SOT-23","Tape & Reel (TR)","1 Independent","300mW","36V","50nA","34V~38V","-55℃~+150℃","90Ω","600Ω","-"
"C14548","MMSZ5241BT1G","onsemi","5620","10","10","https://www.lcsc.com/product-detail/C14548.html","SOD-123","Tape & Reel (TR)","1 Independent","500mW","11V","2uA@8.4V","10.45V~11.55V","-55℃~+150℃","22Ω","600Ω","±5%"
"C21536","MMSZ5251B","JSCJ","1620","20","20","https://www.lcsc.com/product-detail/C21536.html","SOD-123","Tape & Reel (TR)","1 Independent","350mW","22V","100nA","20.9V~23.1V","-65℃~+150℃","29Ω","600Ω","-"
"C21537","MMSZ5252B","JSCJ","14000","20","20","https://www.lcsc.com/product-detail/C21537.html","SOD-123","Tape & Reel (TR)","1 Independent","350mW","24V","100nA","22.8V~25.2V","-65℃~+150℃","33Ω","600Ω","-"
"C21538","MMSZ5254B","JSCJ","2360","20","20","https://www.lcsc.com/product-detail/C21538.html","SOD-123","Tape & Reel (TR)","1 Independent","350mW","27V","100nA@21V","25.65V~28.35V","-65℃~+150℃","41Ω","600Ω","-"
"C21539","MMSZ5256B","JSCJ","30720","20","20","https://www.lcsc.com/product-detail/C21539.html","SOD-123","Tape & Reel (TR)","1 Independent","350mW","30V","100nA","28.5V~31.5V","-65℃~+150℃","49Ω","600Ω","-"
"C21540","MMSZ5257B","JSCJ","660","20","20","https://www.lcsc.com/product-detail/C21540.html","SOD-123","Tape & Reel (TR)","1 Independent","350mW","33V","100nA","31.35V~34.65V","-65℃~+150℃","58Ω","700Ω","-"
"C21541","MMSZ5258B","JSCJ","1500","20","20","https://www.lcsc.com/product-detail/C21541.html","SOD-123","Tape & Reel (TR)","1 Independent","350mW","36V","100nA@27V","34.2V~37.8V","-65℃~+150℃","70Ω","700Ω","-"
"C21544","MMSZ5246B","JSCJ","2300","20","20","https://www.lcsc.com/product-detail/C21544.html","SOD-123","Tape & Reel (TR)","1 Independent","350mW","16V","100nA@12V","15.2V~16.8V","-65℃~+150℃","17Ω","600Ω","-"
"C21545","MMSZ5236B","JSCJ","2960","20","20","https://www.lcsc.com/product-detail/C21545.html","SOD-123","Tape & Reel (TR)","1 Independent","350mW","7.5V","3uA","7.13V~7.88V","-65℃~+150℃","6Ω","500Ω","-"
"C21546","MMSZ5239B","JSCJ","14080","20","20","https://www.lcsc.com/product-detail/C21546.html","SOD-123","Tape & Reel (TR)","1 Independent","350mW","9.1V","3uA@7V","8.65V~9.56V","-65℃~+150℃","10Ω","600Ω","-"
"C21547","MMSZ5243B","JSCJ","6140","20","20","https://www.lcsc.com/product-detail/C21547.html","SOD-123","Tape & Reel (TR)","1 Independent","350mW","13V","500nA","12.35V~13.65V","-65℃~+150℃","13Ω","600Ω","-"
"C21548","MMSZ5225B","JSCJ","1640","20","20","https://www.lcsc.com/product-detail/C21548.html","SOD-123","Tape & Reel (TR)","1 Independent","350mW","3V","50uA","2.85V~3.15V","-65℃~+150℃","30Ω","1.6kΩ","-"
"C21549","MMSZ5226B","JSCJ","1500","20","20","https://www.lcsc.com/product-detail/C21549.html","SOD-123","Tape & Reel (TR)","1 Independent","350mW","3.3V","25uA","3.14V~3.47V","-65℃~+150℃","28Ω","1.6kΩ","-"
"C21550","MMSZ5227B","JSCJ","8560","20","20","https://www.lcsc.com/product-detail/C21550.html","SOD-123","Tape & Reel (TR)","1 Independent","350mW","3.6V","15uA@1V","3.42V~3.78V","-65℃~+150℃","24Ω","1.7kΩ","-"
"C21551","MMSZ5228B","JSCJ","3420","20","20","https://www.lcsc.com/product-detail/C21551.html","SOD-123","Tape & Reel (TR)","1 Independent","350mW","3.9V","10uA@1V","3.71V~4.1V","-65℃~+150℃","23Ω","1.9kΩ","-"
"C21552","MMSZ5229B","JSCJ","1920","20","20","https://www.lcsc.com/product-detail/C21552.html","SOD-123","Tape & Reel (TR)","1 Independent","350mW","4.3V","5uA","4.09V~4.52V","-65℃~+150℃","22Ω","2kΩ","-"
"C21554","MMSZ5232B","JSCJ","49820","20","20","https://www.lcsc.com/product-detail/C21554.html","SOD-123","Tape & Reel (TR)","1 Independent","350mW","5.6V","5uA@3V","5.32V~5.88V","-65℃~+150℃","11Ω","1.6kΩ","-"
"C21556","MMSZ5234B","JSCJ","2440","20","20","https://www.lcsc.com/product-detail/C21556.html","SOD-123","Tape & Reel (TR)","1 Independent","350mW","6.2V","5uA","5.89V~6.51V","-65℃~+150℃","7Ω","1kΩ","-"
"C21563","MMSZ5231B","JSCJ","4680","20","20","https://www.lcsc.com/product-detail/C21563.html","SOD-123","Tape & Reel (TR)","1 Independent","500mW","5.1V","5uA@2V","4.85V~5.36V","-55℃~+150℃","17Ω","1.6kΩ","-"
"C21564","MMSZ5240B","JSCJ","14520","20","20","https://www.lcsc.com/product-detail/C21564.html","SOD-123","Tape & Reel (TR)","1 Independent","350mW","10V","3uA","9.5V~10.5V","-65℃~+150℃","17Ω","600Ω","-"
"C21567","MMSZ5242B","JSCJ","37400","20","20","https://www.lcsc.com/product-detail/C21567.html","SOD-123","Tape & Reel (TR)","1 Independent","350mW","12V","1uA","11.4V~12.6V","-65℃~+150℃","30Ω","600Ω","-"
"C27131","BZX84C5V1","JSCJ","11660","20","20","https://www.lcsc.com/product-detail/C27131.html","SOT-23","Tape & Reel (TR)","1 Independent","300mW","5.1V","2uA@2V","4.8V~5.4V","-","60Ω","480Ω","-"
"C31775","BZX84C33LT1G","onsemi","7780","20","20","https://www.lcsc.com/product-detail/C31775.html","SOT-23","Tape & Reel (TR)","1 Independent","225mW","33V","50nA@23.1V","31V~35V","-65℃~+150℃","80Ω","-","-"
"C35678","LBZX84C18LT1G","LRC","11900","50","50","https://www.lcsc.com/product-detail/C35678.html","SOT-23","Tape & Reel (TR)","1 Independent","300mW","18V","50nA","16.8V~19.1V","-55℃~+150℃","45Ω","-","-"
"C38408","BZX84C27LT1G","onsemi","1600","10","10","https://www.lcsc.com/product-detail/C38408.html","SOT-23","Tape & Reel (TR)","1 Independent","225mW","27V","50nA@18.9V","25.1V~28.9V","-65℃~+150℃","80Ω","-","-"
"C38656","MMSZ5250B","JSCJ","2080","20","20","https://www.lcsc.com/product-detail/C38656.html","SOD-123","Tape & Reel (TR)","1 Independent","350mW","20V","100nA@15V","19V~21V","-65℃~+150℃","25Ω","600Ω","-"
"C38670","LBZX84C5V1LT1G","LRC","5100","50","50","https://www.lcsc.com/product-detail/C38670.html","SOT-23","Tape & Reel (TR)","1 Independent","300mW","5.1V","2uA","4.8V~5.4V","-55℃~+150℃","60Ω","-","-"
"C39212","MMSZ5244B","JSCJ","3920","20","20","https://www.lcsc.com/product-detail/C39212.html","SOD-123","Tape & Reel (TR)","1 Independent","350mW","14V","100nA","13.3V~14.7V","-55℃~+150℃","15Ω","600Ω","-"
"C40515","MMSZ5262BT1G","onsemi","2940","10","10","https://www.lcsc.com/product-detail/C40515.html","SOD-123","Tape & Reel (TR)","1 Independent","500mW","51V","100nA@39V","48.45V~53.55V","-55℃~+150℃","125Ω","1.1kΩ","±5%"
"C43728","BZX84C24LT1G","onsemi","3820","20","20","https://www.lcsc.com/product-detail/C43728.html","SOT-23","Tape & Reel (TR)","1 Independent","250mW","24V","50nA@16.8V","22.8V~25.6V","-65℃~+150℃","70Ω","-","-"
"C44457","BZX84C16LT1G","onsemi","11540","20","20","https://www.lcsc.com/product-detail/C44457.html","SOT-23","Tape & Reel (TR)","1 Independent","250mW","16V","50nA","15.3V~17.1V","-65℃~+150℃","40Ω","-","-"
"C47073","BZX84C2V4LT1G","onsemi","16190","10","10","https://www.lcsc.com/product-detail/C47073.html","SOT-23","Tape & Reel (TR)","1 Independent","250mW","2.4V","50uA@1V","2.2V~2.6V","-65℃~+150℃","100Ω","-","-"
"C47075","BZX84C5V1LT1G","onsemi","42460","10","10","https://www.lcsc.com/product-detail/C47075.html","SOT-23","Tape & Reel (TR)","1 Independent","250mW","5.1V","2uA@2V","4.8V~5.4V","-65℃~+150℃","60Ω","-","-"
"C49504","LBZX84C20LT1G","LRC","1800","50","50","https://www.lcsc.com/product-detail/C49504.html","SOT-23","Tape & Reel (TR)","1 Independent","300mW","20V","50nA","18.8V~21.2V","-55℃~+150℃","55Ω","600Ω","-"
"C52809","MMSZ5246BT1G","onsemi","12120","10","10","https://www.lcsc.com/product-detail/C52809.html","SOD-123","Tape & Reel (TR)","1 Independent","500mW","16V","100nA@12V","15.2V~16.8V","-55℃~+150℃","17Ω","600Ω",""
"C65078","MMSZ5237B","JSCJ","900","20","20","https://www.lcsc.com/product-detail/C65078.html","SOD-123","Tape & Reel (TR)","1 Independent","350mW","8.2V","3uA@6.5V","7.79V~8.61V","-","8Ω","500Ω","-"
"C66198","MMSZ5231BT1G","onsemi","124440","20","20","https://www.lcsc.com/product-detail/C66198.html","SOD-123","Tape & Reel (TR)","1 Independent","500mW","5.1V","5uA","4.85V~5.36V","-55℃~+150℃","17Ω","1.6kΩ",""
"C66199","MMSZ5235BT1G","onsemi","8810","10","10","https://www.lcsc.com/product-detail/C66199.html","SOD-123","Tape & Reel (TR)","1 Independent","500mW","6.8V","3uA@5V","6.46V~7.14V","-55℃~+150℃","5Ω","750Ω",""
"C67528","MMSZ5240BS-7-F","DIODES","2505","5","5","https://www.lcsc.com/product-detail/C67528.html","SOD-323","Tape & Reel (TR)","1 Independent","200mW","10V","3uA@8V","9.5V~10.5V","-65℃~+150℃","17Ω","600Ω",""
"C72743","MMSZ5232BT1G","onsemi","11040","20","20","https://www.lcsc.com/product-detail/C72743.html","SOD-123","Tape & Reel (TR)","1 Independent","500mW","5.6V","5uA@3V","5.32V~5.88V","-55℃~+150℃","11Ω","1.6kΩ",""
"C80160","MMSZ5267BT1G","onsemi","1570","10","10","https://www.lcsc.com/product-detail/C80160.html","SOD-123","Tape & Reel (TR)","1 Independent","500mW","75V","100nA@56V","71.25V~78.75V","-55℃~+150℃","270Ω","1.7kΩ",""
"C80857","BZX84C15LT1G","onsemi","43420","20","20","https://www.lcsc.com/product-detail/C80857.html","SOT-23","Tape & Reel (TR)","1 Independent","250mW","15V","50nA@10.5V","13.8V~15.6V","-65℃~+150℃","30Ω","",""
"C82050","MMSZ5242BT1G","onsemi","1840","20","20","https://www.lcsc.com/product-detail/C82050.html","SOD-123","Tape & Reel (TR)","1 Independent","500mW","12V","1uA@9.1V","11.4V~12.6V","-55℃~+150℃","30Ω","600Ω",""
"C82084","MMSZ5240BT1G","onsemi","12920","20","20","https://www.lcsc.com/product-detail/C82084.html","SOD-123","Tape & Reel (TR)","1 Independent","500mW","10V","3uA@8V","9.5V~10.5V","-55℃~+150℃","17Ω","600Ω",""
"C82088","MMSZ5248BT1G","onsemi","2570","10","10","https://www.lcsc.com/product-detail/C82088.html","SOD-123","Tape & Reel (TR)","1 Independent","500mW","18V","100nA@14V","17.1V~18.9V","-55℃~+150℃","21Ω","600Ω",""
"C82324","MMSZ5236BT1G","onsemi","27060","10","10","https://www.lcsc.com/product-detail/C82324.html","SOD-123","Tape & Reel (TR)","1 Independent","500mW","7.5V","3uA","7.13V~7.88V","-55℃~+150℃","6Ω","500Ω","±5%"
"C82468","BZX84C9V1LT1G","onsemi","3820","20","20","https://www.lcsc.com/product-detail/C82468.html","SOT-23","Tape & Reel (TR)","1 Independent","250mW","9.1V","500nA@6V","8.5V~9.6V","-65℃~+150℃","15Ω","",""
"C82469","BZX84C8V2LT1G","onsemi","18920","10","10","https://www.lcsc.com/product-detail/C82469.html","SOT-23","Tape & Reel (TR)","1 Independent","250mW","8.2V","700nA@5V","7.7V~8.7V","-65℃~+150℃","15Ω","",""
"C82470","BZX84C6V2LT1G","onsemi","24440","10","10","https://www.lcsc.com/product-detail/C82470.html","SOT-23","Tape & Reel (TR)","1 Independent","250mW","6.2V","3uA","5.8V~6.6V","-65℃~+150℃","10Ω","",""
"C82471","BZX84C5V6LT1G","onsemi","9170","10","10","https://www.lcsc.com/product-detail/C82471.html","SOT-23","Tape & Reel (TR)","1 Independent","250mW","5.6V","1uA@2V","5.2V~6V","-65℃~+150℃","40Ω","",""
"C82472","BZX84C4V7LT1G","onsemi","10220","20","20","https://www.lcsc.com/product-detail/C82472.html","SOT-23","Tape & Reel (TR)","1 Independent","250mW","4.7V","3uA@2V","4.4V~5V","-65℃~+150℃","80Ω","",""
"C82473","BZX84C3V3LT1G","onsemi","35900","20","20","https://www.lcsc.com/product-detail/C82473.html","SOT-23","Tape & Reel (TR)","1 Independent","250mW","3.3V","5uA@1V","3.1V~3.5V","-65℃~+150℃","95Ω","",""
"C82474","BZX84C18LT1G","onsemi","33020","10","10","https://www.lcsc.com/product-detail/C82474.html","SOT-23","Tape & Reel (TR)","1 Independent","250mW","18V","50nA@12.6V","16.8V~19.1V","-65℃~+150℃","45Ω","",""
"C82475","BZX84C12LT1G","onsemi","20680","10","10","https://www.lcsc.com/product-detail/C82475.html","SOT-23","Tape & Reel (TR)","1 Independent","250mW","12V","100nA@8V","11.4V~12.7V","-65℃~+150℃","25Ω","",""
"C82476","BZX84C10LT1G","onsemi","18140","20","20","https://www.lcsc.com/product-detail/C82476.html","SOT-23","Tape & Reel (TR)","1 Independent","250mW","10V","200nA@6V","9.4V~10.6V","-65℃~+150℃","20Ω","",""
"C85181","MMSZ5231B-7-F","DIODES","64560","10","10","https://www.lcsc.com/product-detail/C85181.html","SOD-123","Tape & Reel (TR)","1 Independent","370mW","5.1V","5uA@2V","4.85V~5.36V","-65℃~+150℃","17Ω","1.6kΩ",""
"C85185","BZX84C5V6-7-F","DIODES","60","20","20","https://www.lcsc.com/product-detail/C85185.html","SOT-23","Tape & Reel (TR)","1 Independent","350mW","5.6V","100nA","5.2V~6V","-65℃~+150℃","40Ω","400Ω","-"
"C85186","BZX84C12-7-F","DIODES","470","10","10","https://www.lcsc.com/product-detail/C85186.html","SOT-23","Tape & Reel (TR)","1 Independent","350mW","12V","100nA@8V","11.4V~12.7V","-65℃~+150℃","25Ω","150Ω","-"
"C86645","BZX84C22","JSCJ","820","20","20","https://www.lcsc.com/product-detail/C86645.html","SOT-23","Tape & Reel (TR)","1 Independent","300mW","22V","100nA","20.8V~23.3V","-","55Ω","250Ω","-"
"C89693","MMSZ5231B-TP","MCC","2000","20","20","https://www.lcsc.com/product-detail/C89693.html","SOD-123","Tape & Reel (TR)","1 Independent","500mW","5.1V","5uA","-","-55℃~+150℃","17Ω","1.6kΩ","±5%"
"C90848","BZX84C6V8LT1G","onsemi","10180","10","10","https://www.lcsc.com/product-detail/C90848.html","SOT-23","Tape & Reel (TR)","1 Independent","250mW","6.8V","2uA@4V","6.4V~7.2V","-65℃~+150℃","15Ω","",""
"C94386","MMSZ5250BT1G","onsemi","24750","10","10","https://www.lcsc.com/product-detail/C94386.html","SOD-123","Tape & Reel (TR)","1 Independent","500mW","20V","100nA@15V","19V~21V","-55℃~+150℃","25Ω","600Ω",""
"C94406","MMSZ5221BT1G","onsemi","6020","10","10","https://www.lcsc.com/product-detail/C94406.html","SOD-123","Tape & Reel (TR)","1 Independent","500mW","2.4V","100uA@1V","2.28V~2.52V","-55℃~+150℃","30Ω","1.2kΩ",""
"C94413","BZX84C3V6LT1G","onsemi","5200","10","10","https://www.lcsc.com/product-detail/C94413.html","SOT-23","Tape & Reel (TR)","1 Independent","250mW","3.6V","5uA@1V","3.4V~3.8V","-65℃~+150℃","90Ω","-",""
"C94414","BZX84C3V9LT1G","onsemi","8580","10","10","https://www.lcsc.com/product-detail/C94414.html","SOT-23","Tape & Reel (TR)","1 Independent","250mW","3.9V","3uA","3.7V~4.1V","-65℃~+150℃","90Ω","",""
"C96084","LBZX84C39LT1G","LRC","18850","50","50","https://www.lcsc.com/product-detail/C96084.html","SOT-23","Tape & Reel (TR)","1 Independent","300mW","39V","50nA","37V~41V","-55℃~+150℃","130Ω","550Ω","-"
"C107442","MMSZ5245B-E3-08","VISHAY","1000","5","5","https://www.lcsc.com/product-detail/C107442.html","SOD-123","Tape & Reel (TR)","1 Independent","500mW","15V","100nA@11V","-","-55℃~+150℃","16Ω","600Ω","±5%"
"C118561","BZX84C2V7","ST(Semtech)","1820","20","20","https://www.lcsc.com/product-detail/C118561.html","TO-236","Tape & Reel (TR)","1 Independent","350mW","2.7V","20uA@1V","2.5V~2.9V","-65℃~+150℃","100Ω","-","-"
"C118563","BZX84C3V3","ST(Semtech)","14100","20","20","https://www.lcsc.com/product-detail/C118563.html","TO-236","Tape & Reel (TR)","1 Independent","350mW","3.3V","5uA@1V","3.1V~3.5V","-65℃~+150℃","95Ω","-","-"
"C118567","BZX84C4V7","ST(Semtech)","3250","50","50","https://www.lcsc.com/product-detail/C118567.html","TO-236","Tape & Reel (TR)","1 Independent","350mW","4.7V","3uA@2V","4.4V~5V","-65℃~+150℃","80Ω","-","-"
"C118568","BZX84C5V1","ST(Semtech)","1750","50","50","https://www.lcsc.com/product-detail/C118568.html","TO-236","Tape & Reel (TR)","1 Independent","350mW","5.1V","2uA@2V","4.8V~5.4V","-65℃~+150℃","60Ω","-","-"
"C118569","BZX84C5V6","ST(Semtech)","1650","50","50","https://www.lcsc.com/product-detail/C118569.html","TO-236","Tape & Reel (TR)","1 Independent","350mW","5.6V","1uA@2V","5.2V~6V","-65℃~+150℃","40Ω","-","-"
"C118570","BZX84C6V2","ST(Semtech)","3080","20","20","https://www.lcsc.com/product-detail/C118570.html","TO-236","Tape & Reel (TR)","1 Independent","350mW","6.2V","3uA@4V","5.8V~6.6V","-65℃~+150℃","10Ω","-","-"
"C118571","BZX84C6V8","ST(Semtech)","200","50","50","https://www.lcsc.com/product-detail/C118571.html","TO-236","Tape & Reel (TR)","1 Independent","350mW","6.8V","2uA@4V","6.4V~7.2V","-65℃~+150℃","15Ω","-","-"
"C118572","BZX84C7V5","ST(Semtech)","2700","50","50","https://www.lcsc.com/product-detail/C118572.html","TO-236","Tape & Reel (TR)","1 Independent","350mW","7.5V","1uA@5V","7V~7.9V","-65℃~+150℃","15Ω","-","-"
"C118574","BZX84C9V1","ST(Semtech)","2000","50","50","https://www.lcsc.com/product-detail/C118574.html","TO-236","Tape & Reel (TR)","1 Independent","350mW","9.1V","500nA@6V","8.5V~9.6V","-65℃~+150℃","15Ω","-","-"
"C118575","BZX84C10","ST(Semtech)","2450","50","50","https://www.lcsc.com/product-detail/C118575.html","TO-236","Tape & Reel (TR)","1 Independent","350mW","10V","200nA@7V","9.4V~10.6V","-65℃~+150℃","20Ω","-","-"
"C118578","BZX84C13","ST(Semtech)","700","20","20","https://www.lcsc.com/product-detail/C118578.html","TO-236","Tape & Reel (TR)","1 Independent","350mW","13V","100nA@8V","12.4V~14.1V","-65℃~+150℃","30Ω","-","-"
"C118579","BZX84C15","ST(Semtech)","1200","50","50","https://www.lcsc.com/product-detail/C118579.html","TO-236","Tape & Reel (TR)","1 Independent","350mW","15V","50nA@10.5V","13.8V~15.6V","-65℃~+150℃","30Ω","-","-"
"C118580","BZX84C16","ST(Semtech)","2350","50","50","https://www.lcsc.com/product-detail/C118580.html","TO-236","Tape & Reel (TR)","1 Independent","350mW","16V","50nA@11.2V","15.3V~17.1V","-65℃~+150℃","40Ω","-","-"
"C118581","BZX84C18","ST(Semtech)","1400","50","50","https://www.lcsc.com/product-detail/C118581.html","TO-236","Tape & Reel (TR)","1 Independent","350mW","18V","50nA@12.6V","16.8V~19.1V","-65℃~+150℃","45Ω","-","-"
"C118582","BZX84C20","ST(Semtech)","2350","50","50","https://www.lcsc.com/product-detail/C118582.html","TO-236","Tape & Reel (TR)","1 Independent","350mW","20V","50nA","18.8V~21.2V","-65℃~+150℃","55Ω","-","-"
"C118584","BZX84C24","ST(Semtech)","40","20","20","https://www.lcsc.com/product-detail/C118584.html","TO-236","Tape & Reel (TR)","1 Independent","350mW","24V","50nA@16.8V","22.8V~25.6V","-65℃~+150℃","70Ω","-","-"
"C118586","BZX84C30","ST(Semtech)","40","20","20","https://www.lcsc.com/product-detail/C118586.html","TO-236","Tape & Reel (TR)","1 Independent","350mW","30V","50nA@21V","28V~32V","-65℃~+150℃","80Ω","-","-"
"C118587","BZX84C33","ST(Semtech)","1240","20","20","https://www.lcsc.com/product-detail/C118587.html","TO-236","Tape & Reel (TR)","1 Independent","350mW","33V","50nA","31V~35V","-65℃~+150℃","80Ω","-","-"
"C118588","BZX84C36","ST(Semtech)","200","50","50","https://www.lcsc.com/product-detail/C118588.html","TO-236","Tape & Reel (TR)","1 Independent","350mW","36V","50nA@25.2V","34V~38V","-65℃~+150℃","90Ω","-","-"
"C118589","BZX84C39","ST(Semtech)","180","20","20","https://www.lcsc.com/product-detail/C118589.html","TO-236","Tape & Reel (TR)","1 Independent","350mW","39V","50nA@27.3V","37V~41V","-65℃~+150℃","130Ω","-","-"
"C118590","BZX84C43","ST(Semtech)","1240","20","20","https://www.lcsc.com/product-detail/C118590.html","TO-236","Tape & Reel (TR)","1 Independent","350mW","43V","50nA@30.1V","40V~46V","-65℃~+150℃","150Ω","-","-"
"C118591","BZX84C47","ST(Semtech)","1280","20","20","https://www.lcsc.com/product-detail/C118591.html","TO-236","Tape & Reel (TR)","1 Independent","350mW","47V","50nA@32.9V","44V~50V","-65℃~+150℃","170Ω","-","-"
"C118592","BZX84C51","ST(Semtech)","1800","10","10","https://www.lcsc.com/product-detail/C118592.html","TO-236","Tape & Reel (TR)","1 Independent","350mW","51V","50nA@35.7V","48V~54V","-65℃~+150℃","180Ω","-","-"
"C118593","BZX84C56","ST(Semtech)","500","20","20","https://www.lcsc.com/product-detail/C118593.html","TO-236","Tape & Reel (TR)","1 Independent","350mW","56V","50nA@39.2V","52V~60V","-65℃~+150℃","200Ω","-","-"
"C118596","BZX84C75","ST(Semtech)","1520","10","10","https://www.lcsc.com/product-detail/C118596.html","TO-236","Tape & Reel (TR)","1 Independent","350mW","75V","50nA@52.5V","70V~79V","-65℃~+150℃","255Ω","-","-"
"C129730","MMSZ5245BT1G","onsemi","44500","20","20","https://www.lcsc.com/product-detail/C129730.html","SOD-123","Tape & Reel (TR)","1 Independent","500mW","15V","100nA@11V","14.25V~15.75V","-55℃~+150℃","16Ω","600Ω",""
"C130241","BZX84C30","JSCJ","2560","20","20","https://www.lcsc.com/product-detail/C130241.html","SOT-23","Tape & Reel (TR)","1 Independent","300mW","30V","100nA@21V","28V~32V","-","80Ω","300Ω","-"
"C130244","BZX84C4V3","JSCJ","1760","20","20","https://www.lcsc.com/product-detail/C130244.html","SOT-23","Tape & Reel (TR)","1 Independent","300mW","4.3V","3uA@1V","4V~4.6V","-","90Ω","600Ω","-"
"C130247","BZX84C3V3","JSCJ","100","20","20","https://www.lcsc.com/product-detail/C130247.html","SOT-23","Tape & Reel (TR)","1 Independent","300mW","3.3V","5uA@1V","3.1V~3.5V","-","95Ω","600Ω","-"
"C130255","BZX84C16","JSCJ","2060","20","20","https://www.lcsc.com/product-detail/C130255.html","SOT-23","Tape & Reel (TR)","1 Independent","300mW","16V","100nA@11.2V","15.3V~17.1V","-","40Ω","200Ω","-"
"C131829","LBZX84C3V0LT1G","LRC","2780","20","20","https://www.lcsc.com/product-detail/C131829.html","SOT-23","Tape & Reel (TR)","1 Independent","300mW","3V","10uA","2.8V~3.2V","-55℃~+150℃","95Ω","500Ω","-"
"C131830","LBZX84C30LT1G","LRC","4550","50","50","https://www.lcsc.com/product-detail/C131830.html","SOT-23","Tape & Reel (TR)","1 Independent","300mW","30V","50nA","28V~32V","-55℃~+150℃","80Ω","50Ω","-"
"C131831","LBZX84C2V7LT1G","LRC","3020","20","20","https://www.lcsc.com/product-detail/C131831.html","SOT-23","Tape & Reel (TR)","1 Independent","300mW","2.7V","20uA","2.5V~2.9V","-55℃~+150℃","100Ω","600Ω","-"
"C131832","LBZX84C2V4LT1G","LRC","1970","10","10","https://www.lcsc.com/product-detail/C131832.html","SOT-23","Tape & Reel (TR)","1 Independent","300mW","2.4V","50nA","2.2V~2.6V","-55℃~+150℃","100Ω","50Ω","-"
"C131833","LBZX84C27LT1G","LRC","50","50","50","https://www.lcsc.com/product-detail/C131833.html","SOT-23","Tape & Reel (TR)","1 Independent","300mW","27V","50nA","25.1V~28.9V","-55℃~+150℃","80Ω","150Ω","-"
"C131834","LBZX84C24LT1G","LRC","100","50","50","https://www.lcsc.com/product-detail/C131834.html","SOT-23","Tape & Reel (TR)","1 Independent","300mW","24V","100nA@1V","22.8V~25.6V","-55℃~+150℃","70Ω","450Ω","-"
"C131835","LBZX84C22LT1G","LRC","2800","50","50","https://www.lcsc.com/product-detail/C131835.html","SOT-23","Tape & Reel (TR)","1 Independent","300mW","22V","100nA@2V","20.8V~23.3V","-55℃~+150℃","55Ω","200Ω","-"
"C142579","MMSZ5245C-E3-08","VISHAY","4805","5","5","https://www.lcsc.com/product-detail/C142579.html","SOD-123","Tape & Reel (TR)","1 Independent","500mW","15V","100nA","","-55℃~+150℃","16Ω","",""
"C143755","BZX84C5V1-E3-08","VISHAY","2675","5","5","https://www.lcsc.com/product-detail/C143755.html","SOT-23","Tape & Reel (TR)","1 Independent","300mW","5.1V","2uA@2V","4.85V~5.36V","","60Ω","480Ω",""
"C145097","MMSZ5226BS-7-F","DIODES","3500","20","20","https://www.lcsc.com/product-detail/C145097.html","SOD-323","Tape & Reel (TR)","1 Independent","200mW","3.3V","25uA@1V","3.14V~3.47V","-65℃~+150℃","28Ω","1.6kΩ",""
"C145506","MMSZ5233BT1G","onsemi","7920","10","10","https://www.lcsc.com/product-detail/C145506.html","SOD-123","Tape & Reel (TR)","1 Independent","500mW","6V","5uA@3.5V","5.7V~6.3V","-55℃~+150℃","7Ω","1.6kΩ",""
"C145554","SZBZX84C16LT1G","onsemi","60","5","5","https://www.lcsc.com/product-detail/C145554.html","SOT-23","Tape & Reel (TR)","1 Independent","250mW","16V","50nA@11.2V","15.3V~17.1V","-65℃~+150℃","40Ω","",""
"C148101","BZX84C5V6","JSCJ","16420","20","20","https://www.lcsc.com/product-detail/C148101.html","SOT-23","Tape & Reel (TR)","1 Independent","300mW","5.6V","1uA","5.2V~6V","-","40Ω","400Ω","-"
"C148110","BZX84C8V2","JSCJ","10020","20","20","https://www.lcsc.com/product-detail/C148110.html","SOT-23","Tape & Reel (TR)","1 Independent","300mW","8.2V","700nA","7.7V~8.7V","-","15Ω","80Ω","-"
"C150078","MMSZ5222BT1G","onsemi","1690","10","10","https://www.lcsc.com/product-detail/C150078.html","SOD-123","Tape & Reel (TR)","1 Independent","500mW","2.5V","100uA@1V","2.38V~2.63V","-55℃~+150℃","30Ω","1.25kΩ","±5%"
"C150760","MMSZ5236B-7-F","DIODES","83760","10","10","https://www.lcsc.com/product-detail/C150760.html","SOD-123","Tape & Reel (TR)","1 Independent","370mW","7.5V","3uA@6V","7.13V~7.88V","-65℃~+150℃","6Ω","500Ω",""
"C151000","MMSZ5223BS-7-F","DIODES","240","20","20","https://www.lcsc.com/product-detail/C151000.html","SOD-323","Tape & Reel (TR)","1 Independent","200mW","2.7V","75uA@1V","2.57V~2.84V","-65℃~+150℃","30Ω","1.3kΩ",""
"C151048","BZX84C6V8-7-F","DIODES","54","2","2","https://www.lcsc.com/product-detail/C151048.html","SOT-23","Tape & Reel (TR)","1 Independent","350mW","6.8V","2uA@4V","6.4V~7.2V","-65℃~+150℃","15Ω","80Ω","-"
"C151060","MMSZ5240B-7-F","DIODES","40900","20","20","https://www.lcsc.com/product-detail/C151060.html","SOD-123","Tape & Reel (TR)","1 Independent","370mW","10V","3uA@8V","9.5V~10.5V","-65℃~+150℃","17Ω","600Ω",""
"C151381","MMSZ5233B-7-F","DIODES","400","10","10","https://www.lcsc.com/product-detail/C151381.html","SOD-123","Tape & Reel (TR)","1 Independent","370mW","6V","5uA@3.5V","5.7V~6.3V","-65℃~+150℃","7Ω","1.6kΩ",""
"C151433","MMSZ5257B-7-F","DIODES","240","20","20","https://www.lcsc.com/product-detail/C151433.html","SOD-123","Tape & Reel (TR)","1 Independent","370mW","33V","100nA@25V","31.35V~34.65V","-65℃~+150℃","58Ω","700Ω",""
"C151434","MMSZ5256B-7-F","DIODES","2660","20","20","https://www.lcsc.com/product-detail/C151434.html","SOD-123","Tape & Reel (TR)","1 Independent","370mW","30V","100nA","28.5V~31.5V","-65℃~+150℃","49Ω","600Ω",""
"C151435","MMSZ5230B-7-F","DIODES","3300","50","50","https://www.lcsc.com/product-detail/C151435.html","SOD-123","Tape & Reel (TR)","1 Independent","370mW","4.7V","5uA","4.47V~4.91V","-65℃~+150℃","19Ω","1.9kΩ",""
"C151457","MMSZ5242BS-7-F","DIODES","1260","20","20","https://www.lcsc.com/product-detail/C151457.html","SOD-323","Tape & Reel (TR)","1 Independent","200mW","12V","1uA@9.1V","11.4V~12.6V","","30Ω","600Ω",""
"C151590","BZX84C18-7-F","DIODES","3360","20","20","https://www.lcsc.com/product-detail/C151590.html","SOT-23","Tape & Reel (TR)","1 Independent","350mW","18V","100nA","16.8V~19.1V","-65℃~+150℃","45Ω","225Ω","-"
"C151632","BZX84C30-7-F","DIODES","20","20","20","https://www.lcsc.com/product-detail/C151632.html","SOT-23","Tape & Reel (TR)","1 Independent","350mW","30V","100nA@21V","28V~32V","-65℃~+150℃","80Ω","300Ω","-"
"C151819","MMSZ5246BS-7-F","DIODES","27200","10","10","https://www.lcsc.com/product-detail/C151819.html","SOD-323","Tape & Reel (TR)","1 Independent","200mW","16V","100nA","15.2V~16.8V","-65℃~+150℃","17Ω","600Ω",""
"C152532","BZX84C4V3LT1G","onsemi","4690","10","10","https://www.lcsc.com/product-detail/C152532.html","SOT-23","Tape & Reel (TR)","1 Independent","250mW","4.3V","3uA@1V","4V~4.6V","-65℃~+150℃","90Ω","",""
"C154772","BZX84C47LT1G","onsemi","1740","20","20","https://www.lcsc.com/product-detail/C154772.html","SOT-23","Tape & Reel (TR)","1 Independent","250mW","47V","50nA@32.9V","44V~50V","-65℃~+150℃","170Ω","",""
"C154784","BZX84C5V1LT3G","onsemi","100","5","5","https://www.lcsc.com/product-detail/C154784.html","SOT-23","Tape & Reel (TR)","1 Independent","250mW","5.1V","2uA@2V","4.8V~5.4V","-65℃~+150℃","60Ω","",""
"C154803","MMSZ5227BT1G","onsemi","1940","10","10","https://www.lcsc.com/product-detail/C154803.html","SOD-123","Tape & Reel (TR)","1 Independent","500mW","3.6V","15uA@1V","3.42V~3.78V","-55℃~+150℃","24Ω","1.7kΩ",""
"C155250","MMSZ5226B-7-F","DIODES","26970","10","10","https://www.lcsc.com/product-detail/C155250.html","SOD-123","Tape & Reel (TR)","1 Independent","370mW","3.3V","50uA@1V","3.14V~3.47V","-65℃~+150℃","28Ω","1.6kΩ",""
"C156265","MMSZ5232B-7-F","DIODES","430","10","10","https://www.lcsc.com/product-detail/C156265.html","SOD-123","Tape & Reel (TR)","1 Independent","370mW","5.6V","5uA@3V","5.32V~5.83V","-65℃~+150℃","11Ω","1.6kΩ",""
"C165614","BZX84C39LT1G","onsemi","189440","20","20","https://www.lcsc.com/product-detail/C165614.html","SOT-23","Tape & Reel (TR)","1 Independent","250mW","39V","50nA","37V~41V","-65℃~+150℃","130Ω","",""
"C177019","BZX84C3V3-7-F","DIODES","1050","10","10","https://www.lcsc.com/product-detail/C177019.html","SOT-23","Tape & Reel (TR)","1 Independent","350mW","3.3V","5uA","3.1V~3.5V","-65℃~+150℃","95Ω","600Ω","-"
"C177050","MMSZ5245B-7-F","DIODES","14200","10","10","https://www.lcsc.com/product-detail/C177050.html","SOD-123","Tape & Reel (TR)","1 Independent","370mW","15V","100nA@11V","14.25V~15.75V","-65℃~+150℃","16Ω","",""
"C177051","MMSZ5248B-7-F","DIODES","26140","20","20","https://www.lcsc.com/product-detail/C177051.html","SOD-123","Tape & Reel (TR)","1 Independent","370mW","18V","100nA@14V","17.1V~18.9V","-65℃~+150℃","21Ω","600Ω",""
"C179516","BZX84C47","Suzhou Good-Ark Elec","60","20","20","https://www.lcsc.com/product-detail/C179516.html","SOT-23","Tape & Reel (TR)","1 Independent","300mW","-","100nA@35V","44V~50V","-","100Ω","750Ω","-"
"C179517","BZX84C4V3","Suzhou Good-Ark Elec","100","20","20","https://www.lcsc.com/product-detail/C179517.html","SOT-23","Tape & Reel (TR)","1 Independent","300mW","4.3V","3uA@1V","4V~4.6V","-","90Ω","600Ω","-"
"C179521","BZX84C5V6","Suzhou Good-Ark Elec","40","20","20","https://www.lcsc.com/product-detail/C179521.html","SOT-23","Tape & Reel (TR)","1 Independent","350mW","5.6V","1uA@2V","5.2V~6V","-65℃~+150℃","40Ω","400Ω","-"
"C179586","MMSZ5270BT1G","onsemi","1810","10","10","https://www.lcsc.com/product-detail/C179586.html","SOD-123","Tape & Reel (TR)","1 Independent","500mW","91V","100nA@69V","86.45V~95.55V","-55℃~+150℃","400Ω","2.3kΩ","-"
"C185550","SZBZX84C15LT1G","onsemi","690","10","10","https://www.lcsc.com/product-detail/C185550.html","SOT-23","Tape & Reel (TR)","1 Independent","250mW","15V","50nA@10.5V","13.8V~15.6V","-65℃~+150℃","30Ω","",""
"C188411","MMSZ5243BT1G","onsemi","6620","10","10","https://www.lcsc.com/product-detail/C188411.html","SOD-123","Tape & Reel (TR)","1 Independent","500mW","13V","500nA@9.9V","12.35V~13.65V","-55℃~+150℃","13Ω","600Ω",""
"C188532","MMSZ5228B_R1_00001","PANJIT","4640","20","20","https://www.lcsc.com/product-detail/C188532.html","SOD-123","Tape & Reel (TR)","1 Independent","500mW","3.9V","10uA@1V","3.71V~4.1V","-55℃~+150℃","23Ω","1.9kΩ","-"
"C188536","MMSZ5256A_R1_00001","PANJIT","1180","20","20","https://www.lcsc.com/product-detail/C188536.html","SOD-123","Tape & Reel (TR)","1 Independent","500mW","30V","100nA@23V","29.4V~30.6V","-50℃~+150℃","49Ω","600Ω","-"
"C191363","MMSZ5226BS","JSCJ","3580","20","20","https://www.lcsc.com/product-detail/C191363.html","SOD-323","Tape & Reel (TR)","1 Independent","200mW","3.3V","25uA@1V","3.14V~3.47V","-","28Ω","1.6kΩ","-"
"C191364","MMSZ5242BS","JSCJ","2980","20","20","https://www.lcsc.com/product-detail/C191364.html","SOD-323","Tape & Reel (TR)","1 Independent","200mW","12V","1uA@9.1V","11.4V~12.6V","-","30Ω","600Ω","-"
"C191365","MMSZ5245BS","JSCJ","460","20","20","https://www.lcsc.com/product-detail/C191365.html","SOD-323","Tape & Reel (TR)","1 Independent","200mW","15V","100nA@11V","14.25V~15.75V","-","16Ω","600Ω","-"
"C191366","MMSZ5231BS","JSCJ","2900","20","20","https://www.lcsc.com/product-detail/C191366.html","SOD-323","Tape & Reel (TR)","1 Independent","200mW","5.1V","5uA","4.85V~5.36V","-","17Ω","1.6kΩ","-"
"C191367","MMSZ5232BS","JSCJ","4020","20","20","https://www.lcsc.com/product-detail/C191367.html","SOD-323","Tape & Reel (TR)","1 Independent","200mW","5.6V","5uA@3V","5.32V~5.88V","-","11Ω","1.6kΩ","-"
"C191368","MMSZ5234BS","JSCJ","440","20","20","https://www.lcsc.com/product-detail/C191368.html","SOD-323","Tape & Reel (TR)","1 Independent","200mW","6.2V","5uA","5.89V~6.51V","-","7Ω","1kΩ","-"
"C191369","MMSZ5236BS","JSCJ","740","20","20","https://www.lcsc.com/product-detail/C191369.html","SOD-323","Tape & Reel (TR)","1 Independent","200mW","7.5V","3uA","7.13V~7.88V","-55℃~+150℃","6Ω","500Ω","-"
"C191371","MMSZ5251BS","JSCJ","2940","20","20","https://www.lcsc.com/product-detail/C191371.html","SOD-323","Tape & Reel (TR)","1 Independent","200mW","22V","100nA@17V","20.9V~23.1V","-","29Ω","600Ω","-"
"C191372","MMSZ5254BS","JSCJ","340","20","20","https://www.lcsc.com/product-detail/C191372.html","SOD-323","Tape & Reel (TR)","1 Independent","200mW","27V","100nA@21V","25.65V~28.35V","-","41Ω","600Ω","-"
"C193869","MMSZ5258BT1G","onsemi","15530","10","10","https://www.lcsc.com/product-detail/C193869.html","SOD-123","Tape & Reel (TR)","1 Independent","500mW","36V","100nA@27V","34.2V~37.8V","-55℃~+150℃","70Ω","700Ω","±5%"
"C194181","MMSZ5234BT1G","onsemi","3510","10","10","https://www.lcsc.com/product-detail/C194181.html","SOD-123","Tape & Reel (TR)","1 Independent","500mW","6.2V","5uA@4V","5.89V~6.51V","-55℃~+150℃","7Ω","1kΩ","±5%"
"C212599","MMSZ5250B-7-F","DIODES","8470","10","10","https://www.lcsc.com/product-detail/C212599.html","SOD-123","Tape & Reel (TR)","1 Independent","370mW","20V","100nA","19V~21V","-65℃~+150℃","25Ω","600Ω",""
"C212829","BZX84C8V2","DIOTEC","20","20","20","https://www.lcsc.com/product-detail/C212829.html","SOT-23(TO-236)","","1 Independent","300mW","-","700nA@5V","7.7V~8.7V","-50℃~+150℃","15Ω","-","-"
"C213357","BZX84C6V8","FMS(Formosa Microsemi)","120","20","20","https://www.lcsc.com/product-detail/C213357.html","SOT-23","Tape & Reel (TR)","1 Independent","300mW","6.8V","2uA","6.46V~7.14V","-55℃~+150℃","15Ω","80Ω","±5%"
"C213379","BZX84C47","FMS(Formosa Microsemi)","60","20","20","https://www.lcsc.com/product-detail/C213379.html","SOT-23","Tape & Reel (TR)","1 Independent","300mW","47V","100nA","44.65V~49.55V","-55℃~+150℃","170Ω","375Ω","±5%"
"C213380","BZX84C51","FMS(Formosa Microsemi)","1300","20","20","https://www.lcsc.com/product-detail/C213380.html","SOT-23","Tape & Reel (TR)","1 Independent","300mW","51V","100nA","48.45V~53.55V","-55℃~+150℃","180Ω","400Ω","-"
"C231290","SZMMSZ5231BT1G","onsemi","9035","5","5","https://www.lcsc.com/product-detail/C231290.html","SOD-123","Tape & Reel (TR)","1 Independent","500mW","5.1V","5uA@2V","4.85V~5.36V","-55℃~+150℃","17Ω","1.6kΩ",""
"C231291","SZMMSZ5226BT1G","onsemi","1605","5","5","https://www.lcsc.com/product-detail/C231291.html","SOD-123","Tape & Reel (TR)","1 Independent","500mW","3.3V","25uA","3.14V~3.47V","-55℃~+150℃","28Ω","1.6kΩ","±5%"
"C235742","BZX84C9V1","JSCJ","200","20","20","https://www.lcsc.com/product-detail/C235742.html","SOT-23","Tape & Reel (TR)","1 Independent","300mW","9.1V","500nA@6V","8.5V~9.6V","-","15Ω","100Ω","-"
"C235743","BZX84C7V5","JSCJ","2620","20","20","https://www.lcsc.com/product-detail/C235743.html","SOT-23","Tape & Reel (TR)","1 Independent","300mW","7.5V","1uA","7V~7.9V","-","15Ω","80Ω","-"
"C235745","BZX84C4V7","JSCJ","2740","20","20","https://www.lcsc.com/product-detail/C235745.html","SOT-23","Tape & Reel (TR)","1 Independent","300mW","4.7V","3uA@2V","4.4V~5V","-","80Ω","500Ω","-"
"C235746","BZX84C3V9","JSCJ","2960","20","20","https://www.lcsc.com/product-detail/C235746.html","SOT-23","Tape & Reel (TR)","1 Independent","300mW","3.9V","3uA@1V","3.7V~4.1V","-","90Ω","600Ω","-"
"C235747","BZX84C33","JSCJ","620","20","20","https://www.lcsc.com/product-detail/C235747.html","SOT-23","Tape & Reel (TR)","1 Independent","300mW","33V","100nA","31V~35V","-","80Ω","325Ω","-"
"C235748","BZX84C2V4","JSCJ","2220","20","20","https://www.lcsc.com/product-detail/C235748.html","SOT-23","Tape & Reel (TR)","1 Independent","300mW","2.4V","50uA@1V","2.2V~2.6V","-","100Ω","600Ω","-"
"C235750","BZX84C13","JSCJ","2640","20","20","https://www.lcsc.com/product-detail/C235750.html","SOT-23","Tape & Reel (TR)","1 Independent","300mW","13V","100nA","12.4V~14.1V","-","30Ω","170Ω","-"
"C235767","BZX84C11LT1G","onsemi","6060","20","20","https://www.lcsc.com/product-detail/C235767.html","SOT-23","Tape & Reel (TR)","1 Independent","250mW","11V","100nA@8V","10.4V~11.6V","-65℃~+150℃","20Ω","-","-"
"C235768","BZX84C13LT1G","onsemi","5980","20","20","https://www.lcsc.com/product-detail/C235768.html","SOT-23","Tape & Reel (TR)","1 Independent","250mW","13V","100nA@8V","12.4V~14.1V","-65℃~+150℃","30Ω","-","-"
"C235771","MMSZ5226BT1G","onsemi","41820","20","20","https://www.lcsc.com/product-detail/C235771.html","SOD-123","Tape & Reel (TR)","1 Independent","500mW","3.3V","25uA@1V","3.14V~3.47V","-55℃~+150℃","28Ω","1.6kΩ","±5%"
"C235772","MMSZ5254BT1G","onsemi","5560","10","10","https://www.lcsc.com/product-detail/C235772.html","SOD-123","Tape & Reel (TR)","1 Independent","500mW","27V","100nA@21V","25.65V~28.85V","-55℃~+150℃","41Ω","600Ω","±5%"
"C235773","MMSZ5256BT1G","onsemi","9260","20","20","https://www.lcsc.com/product-detail/C235773.html","SOD-123","Tape & Reel (TR)","1 Independent","500mW","30V","100nA@23V","28.5V~31.5V","-55℃~+150℃","49Ω","600Ω","±5%"
"C235982","BZX84C36LT1G","onsemi","1860","20","20","https://www.lcsc.com/product-detail/C235982.html","SOT-23","Tape & Reel (TR)","1 Independent","250mW","36V","50nA@25V","34V~38V","-65℃~+150℃","90Ω","-","-"
"C235986","MMSZ5252BT1G","onsemi","13830","10","10","https://www.lcsc.com/product-detail/C235986.html","SOD-123","Tape & Reel (TR)","1 Independent","500mW","24V","100nA","22.8V~25.2V","-55℃~+150℃","33Ω","600Ω","±5%"
"C235987","MMSZ5259BT1G","onsemi","4500","10","10","https://www.lcsc.com/product-detail/C235987.html","SOD-123","Tape & Reel (TR)","1 Independent","500mW","39V","100nA@30V","37.05V~40.95V","-55℃~+150℃","80Ω","800Ω","±5%"
"C236089","MMSZ5247BT1G","onsemi","2740","10","10","https://www.lcsc.com/product-detail/C236089.html","SOD-123","Tape & Reel (TR)","1 Independent","500mW","17V","100nA@13V","16.15V~17.35V","-55℃~+150℃","19Ω","600Ω","-"
"C236103","MMSZ5237BT1G","onsemi","63350","10","10","https://www.lcsc.com/product-detail/C236103.html","SOD-123","Tape & Reel (TR)","1 Independent","500mW","8.2V","3uA@6.5V","7.79V~8.61V","-55℃~+150℃","8Ω","500Ω","-"
"C236104","MMSZ5260BT1G","onsemi","1060","10","10","https://www.lcsc.com/product-detail/C236104.html","SOD-123","Tape & Reel (TR)","1 Independent","500mW","43V","100nA@33V","40.85V~45.15V","-55℃~+150℃","93Ω","900Ω","-"
"C236174","BZX84C2V7LT1G","onsemi","14140","20","20","https://www.lcsc.com/product-detail/C236174.html","SOT-23","Tape & Reel (TR)","1 Independent","250mW","2.7V","20uA@1V","2.5V~2.9V","-65℃~+150℃","100Ω","-","-"
"C236175","BZX84C3V0LT1G","onsemi","4730","10","10","https://www.lcsc.com/product-detail/C236175.html","SOT-23","Tape & Reel (TR)","1 Independent","250mW","3V","10uA@1V","2.8V~3.2V","-65℃~+150℃","95Ω","-","-"
"C236189","MMSZ5225BT1G","onsemi","2120","20","20","https://www.lcsc.com/product-detail/C236189.html","SOD-123","Tape & Reel (TR)","1 Independent","500mW","3V","50uA@1V","2.85V~3.15V","-55℃~+150℃","29Ω","1.6kΩ",""
"C236190","MMSZ5228BT1G","onsemi","4200","10","10","https://www.lcsc.com/product-detail/C236190.html","SOD-123","Tape & Reel (TR)","1 Independent","500mW","3.9V","100nA@1V","3.71V~4.1V","-55℃~+150℃","23Ω","1.9kΩ","±5%"
"C236191","MMSZ5230BT1G","onsemi","8820","10","10","https://www.lcsc.com/product-detail/C236191.html","SOD-123","Tape & Reel (TR)","1 Independent","500mW","4.7V","5uA","4.47V~4.94V","-55℃~+150℃","19Ω","1.9kΩ","-"
"C236192","MMSZ5257BT1G","onsemi","290","10","10","https://www.lcsc.com/product-detail/C236192.html","SOD-123","Tape & Reel (TR)","1 Independent","500mW","33V","100nA@25V","31.35V~34.65V","-55℃~+150℃","58Ω","700Ω","-"
"C236193","MMSZ5261BT1G","onsemi","3310","10","10","https://www.lcsc.com/product-detail/C236193.html","SOD-123","Tape & Reel (TR)","1 Independent","500mW","47V","100nA@36V","44.65V~49.35V","-55℃~+150℃","105Ω","1kΩ","±5%"
"C236194","MMSZ5268BT1G","onsemi","6495","5","5","https://www.lcsc.com/product-detail/C236194.html","SOD-123","Tape & Reel (TR)","1 Independent","500mW","82V","100nA@62V","77.9V~86.1V","-55℃~+150℃","330Ω","2kΩ","-"
"C236195","SZBZX84C4V7LT1G","onsemi","2585","5","5","https://www.lcsc.com/product-detail/C236195.html","SOT-23","Tape & Reel (TR)","1 Independent","250mW","4.7V","3uA@2V","4.4V~5V","-65℃~+150℃","80Ω","-","-"
"C236201","BZX84C7V5LT1G","onsemi","3060","10","10","https://www.lcsc.com/product-detail/C236201.html","SOT-23","Tape & Reel (TR)","1 Independent","250mW","7.5V","1uA@5V","7V~7.9V","-65℃~+150℃","15Ω","",""
"C236214","MMSZ5251BT1G","onsemi","565","5","5","https://www.lcsc.com/product-detail/C236214.html","SOD-123","Tape & Reel (TR)","1 Independent","500mW","22V","100nA@17V","20.9V~23.1V","-55℃~+150℃","29Ω","600Ω","-"
"C236219","SZBZX84C10LT1G","onsemi","490","5","5","https://www.lcsc.com/product-detail/C236219.html","SOT-23","Tape & Reel (TR)","1 Independent","250mW","10V","200nA@6V","9.4V~10.6V","-65℃~+150℃","20Ω","-","-"
"C236220","SZBZX84C2V4LT1G","onsemi","10","5","5","https://www.lcsc.com/product-detail/C236220.html","SOT-23","Tape & Reel (TR)","1 Independent","250mW","2.4V","50uA@1V","2.2V~2.6V","-65℃~+150℃","100Ω","-","-"
"C236221","SZBZX84C8V2LT1G","onsemi","10","10","10","https://www.lcsc.com/product-detail/C236221.html","SOT-23","Tape & Reel (TR)","1 Independent","250mW","8.2V","700nA@5V","7.7V~8.7V","-65℃~+150℃","15Ω","-","-"
"C241894","MMSZ5231B-E3-18","VISHAY","225","5","5","https://www.lcsc.com/product-detail/C241894.html","SOD-123","Tape & Reel (TR)","1 Independent","500mW","5.1V","5uA","-","-55℃~+150℃","17Ω","1.6kΩ","±5%"
"C241953","MMSZ5254C-E3-08","VISHAY","2520","5","5","https://www.lcsc.com/product-detail/C241953.html","SOD-123","Tape & Reel (TR)","1 Independent","500mW","27V","100nA@21V","-","-","41Ω","600Ω","±2%"
"C242261","MMSZ5229BT1G","onsemi","5970","10","10","https://www.lcsc.com/product-detail/C242261.html","SOD-123","Tape & Reel (TR)","1 Independent","500mW","4.3V","5uA","4.09V~4.52V","-55℃~+150℃","22Ω","2kΩ","±5%"
"C242284","MMSZ5255BT1G","onsemi","6060","10","10","https://www.lcsc.com/product-detail/C242284.html","SOD-123","Tape & Reel (TR)","1 Independent","500mW","28V","100nA@21V","26.6V~29.4V","-55℃~+150℃","44Ω","600Ω","±5%"
"C242286","MMSZ5244BT1G","onsemi","23210","10","10","https://www.lcsc.com/product-detail/C242286.html","SOD-123","Tape & Reel (TR)","1 Independent","500mW","14V","100nA@10V","13.3V~14.7V","-55℃~+150℃","15Ω","600Ω","±5%"
"C242416","MMSZ5266BT1G","onsemi","1620","10","10","https://www.lcsc.com/product-detail/C242416.html","SOD-123","Tape & Reel (TR)","1 Independent","500mW","68V","100nA@52V","64.6V~71.4V","-55℃~+150℃","230Ω","1.6kΩ","±5%"
"C253188","BZX84C10VLT116","ROHM","1540","20","20","https://www.lcsc.com/product-detail/C253188.html","SOT-23","Tape & Reel (TR)","1 Independent","250mW","10V","200nA@7V","9.4V~10.6V","-","20Ω","-","-"
"C253204","BZX84C6V2LT116","ROHM","40","10","10","https://www.lcsc.com/product-detail/C253204.html","SOT-23","Tape & Reel (TR)","1 Independent","250mW","6.2V","3uA@4V","5.8V~6.6V","-","10Ω","-","-"
"C253208","BZX84C9V1LT116","ROHM","40","20","20","https://www.lcsc.com/product-detail/C253208.html","SOT-23","Tape & Reel (TR)","1 Independent","250mW","9.1V","500nA@6V","8.5V~9.6V","-","15Ω","-","-"
"C263321","MMSZ5230B_R1_00001","PANJIT","2900","20","20","https://www.lcsc.com/product-detail/C263321.html","SOD-123","Tape & Reel (TR)","1 Independent","500mW","4.7V","5uA@2V","4.47V~4.94V","-55℃~+150℃","19Ω","1.9kΩ","-"
"C263323","MMSZ5239BS","PANJIT","880","20","20","https://www.lcsc.com/product-detail/C263323.html","SOD-323","","1 Independent","200mW","9.1V","3uA@6.5V","8.65V~9.56V","-55℃~+150℃","10Ω","600Ω","-"
"C263324","MMSZ5244B_R1_00001","PANJIT","2940","20","20","https://www.lcsc.com/product-detail/C263324.html","SOD-123","Tape & Reel (TR)","1 Independent","500mW","14V","100nA@10.5V","13.3V~14.7V","-55℃~+150℃","15Ω","600Ω","-"
"C263325","MMSZ5247A_R1_00001","PANJIT","3230","10","10","https://www.lcsc.com/product-detail/C263325.html","SOD-123","Tape & Reel (TR)","1 Independent","500mW","17V","100nA@13V","16.66V~17.34V","-50℃~+150℃","19Ω","600Ω","-"
"C263326","MMSZ5255B_R1_00001","PANJIT","680","20","20","https://www.lcsc.com/product-detail/C263326.html","SOD-123","Tape & Reel (TR)","1 Independent","500mW","28V","100nA@21V","26.6V~29.4V","-55℃~+150℃","44Ω","600Ω","-"
"C263327","MMSZ5259B_R1_00001","PANJIT","3800","10","10","https://www.lcsc.com/product-detail/C263327.html","SOD-123","Tape & Reel (TR)","1 Independent","500mW","39V","100nA@30V","37.05V~40.95V","-55℃~+150℃","80Ω","800Ω","-"
"C263329","MMSZ5262B_R1_00001","PANJIT","3500","20","20","https://www.lcsc.com/product-detail/C263329.html","SOD-123","Tape & Reel (TR)","1 Independent","500mW","51V","100nA@39V","48.45V~53.55V","-55℃~+150℃","125Ω","1.1kΩ","-"
"C263330","MMSZ5265B_R1_00001","PANJIT","2780","20","20","https://www.lcsc.com/product-detail/C263330.html","SOD-123","Tape & Reel (TR)","1 Independent","500mW","62V","100nA@47V","58.9V~65.1V","-50℃~+150℃","185Ω","1.5kΩ",""
"C266792","SZBZX84C6V2LT1G","onsemi","1750","5","5","https://www.lcsc.com/product-detail/C266792.html","SOT-23","Tape & Reel (TR)","1 Independent","250mW","6.2V","3uA@4V","5.8V~6.6V","-65℃~+150℃","10Ω","",""
"C266795","SZMMSZ5267BT1G","onsemi","360","5","5","https://www.lcsc.com/product-detail/C266795.html","SOD-123","Tape & Reel (TR)","1 Independent","500mW","75V","100nA@56V","71.25V~78.75V","-55℃~+150℃","270Ω","1.7kΩ","±5%"
"C268493","BZX84C10_R1_00001","PANJIT","1620","20","20","https://www.lcsc.com/product-detail/C268493.html","SOT-23","Tape & Reel (TR)","1 Independent","410mW","10V","200nA@7V","9.5V~10.5V","-55℃~+150℃","20Ω","150Ω","-"
"C268495","BZX84C3V3_R1_00001","PANJIT","2340","20","20","https://www.lcsc.com/product-detail/C268495.html","SOT-23","Tape & Reel (TR)","1 Independent","410mW","3.3V","5uA@1V","3.14V~3.47V","-55℃~+150℃","95Ω","600Ω",""
"C268496","BZX84C5V6_R1_00001","PANJIT","3460","20","20","https://www.lcsc.com/product-detail/C268496.html","SOT-23","Tape & Reel (TR)","1 Independent","410mW","5.6V","1uA","5.32V~5.88V","-55℃~+150℃","40Ω","400Ω","-"
"C268588","MMSZ5221B_R1_00001","PANJIT","3400","20","20","https://www.lcsc.com/product-detail/C268588.html","SOD-123","Tape & Reel (TR)","1 Independent","500mW","2.4V","100uA@1V","2.28V~2.52V","-55℃~+150℃","30Ω","1.2kΩ","-"
"C268589","MMSZ5227B_R1_00001","PANJIT","3660","10","10","https://www.lcsc.com/product-detail/C268589.html","SOD-123","Tape & Reel (TR)","1 Independent","500mW","3.6V","15uA@1V","3.42V~3.78V","-55℃~+150℃","24Ω","1.7kΩ",""
"C268590","MMSZ5231A_R1_00001","PANJIT","13980","20","20","https://www.lcsc.com/product-detail/C268590.html","SOD-123","Tape & Reel (TR)","1 Independent","500mW","5.1V","5uA@2V","5V~5.2V","-50℃~+150℃","17Ω","1.6kΩ","-"
"C268592","MMSZ5232A_R1_00001","PANJIT","1660","20","20","https://www.lcsc.com/product-detail/C268592.html","SOD-123","Tape & Reel (TR)","1 Independent","500mW","5.6V","5uA@3V","5.49V~5.71V","-50℃~+150℃","11Ω","1.6kΩ","-"
"C268594","MMSZ5234A_R1_00001","PANJIT","2660","20","20","https://www.lcsc.com/product-detail/C268594.html","SOD-123","Tape & Reel (TR)","1 Independent","500mW","6.2V","4uA@5V","6.08V~6.32V","-50℃~+150℃","7Ω","1kΩ","-"
"C268595","MMSZ5235A","PANJIT","2020","20","20","https://www.lcsc.com/product-detail/C268595.html","SOD-123","Tape & Reel (TR)","1 Independent","500mW","6.8V","3uA@5V","6.66V~6.94V","-50℃~+150℃","5Ω","750Ω","-"
"C268596","MMSZ5235B_R1_00001","PANJIT","2960","20","20","https://www.lcsc.com/product-detail/C268596.html","SOD-123","Tape & Reel (TR)","1 Independent","500mW","6.8V","3uA@5V","6.46V~7.14V","-55℃~+150℃","5Ω","750Ω","-"
"C268598","MMSZ5238B_R1_00001","PANJIT","9200","20","20","https://www.lcsc.com/product-detail/C268598.html","SOD-123","Tape & Reel (TR)","1 Independent","500mW","8.7V","3uA@6.5V","8.27V~9.14V","-55℃~+150℃","8Ω","600Ω","-"
"C268599","MMSZ5239A_R1_00001","PANJIT","4640","20","20","https://www.lcsc.com/product-detail/C268599.html","SOD-123","Tape & Reel (TR)","1 Independent","500mW","9.1V","3uA@6.5V","8.92V~9.28V","-55℃~+150℃","10Ω","-","-"
"C268600","MMSZ5239B_R1_00001","PANJIT","3000","20","20","https://www.lcsc.com/product-detail/C268600.html","SOD-123","Tape & Reel (TR)","1 Independent","500mW","9.1V","3uA@6.5V","8.65V~9.56V","-55℃~+150℃","10Ω","600Ω","-"
"C268602","MMSZ5240B","PANJIT","3260","10","10","https://www.lcsc.com/product-detail/C268602.html","SOD-123","Tape & Reel (TR)","1 Independent","500mW","10V","3uA@8V","9.5V~10.5V","-55℃~+150℃","17Ω","600Ω","-"
"C268603","MMSZ5241A_R1_00001","PANJIT","4580","20","20","https://www.lcsc.com/product-detail/C268603.html","SOD-123","Tape & Reel (TR)","1 Independent","500mW","11V","3uA@8.4V","10.78V~11.22V","-50℃~+150℃","22Ω","600Ω","-"
"C268605","MMSZ5242A_R1_00001","PANJIT","7720","20","20","https://www.lcsc.com/product-detail/C268605.html","SOD-123","Tape & Reel (TR)","1 Independent","500mW","12V","2uA@9.1V","11.76V~12.24V","-50℃~+150℃","30Ω","600Ω",""
"C268606","MMSZ5242B_R1_00001","PANJIT","3280","20","20","https://www.lcsc.com/product-detail/C268606.html","SOD-123","Tape & Reel (TR)","1 Independent","500mW","12V","1uA@9.1V","11.4V~12.6V","-55℃~+150℃","30Ω","600Ω","-"
"C268607","MMSZ5243A_R1_00001","PANJIT","4160","20","20","https://www.lcsc.com/product-detail/C268607.html","SOD-123","Tape & Reel (TR)","1 Independent","500mW","13V","1uA@9.9V","12.74V~13.26V","-50℃~+150℃","13Ω","600Ω","-"
"C268609","MMSZ5244A","PANJIT","2760","20","20","https://www.lcsc.com/product-detail/C268609.html","SOD-123","Tape & Reel (TR)","1 Independent","500mW","14V","500nA","13.72V~14.28V","-50℃~+150℃","15Ω","600Ω","-"
"C268610","MMSZ5245A_R1_00001","PANJIT","5740","20","20","https://www.lcsc.com/product-detail/C268610.html","SOD-123","Tape & Reel (TR)","1 Independent","500mW","15V","500nA@11V","14.7V~15.3V","-50℃~+150℃","16Ω","600Ω","-"
"C268614","MMSZ5248A_R1_00001","PANJIT","2720","20","20","https://www.lcsc.com/product-detail/C268614.html","SOD-123","Tape & Reel (TR)","1 Independent","500mW","18V","100nA@14V","17.64V~18.36V","-50℃~+150℃","21Ω","600Ω","-"
"C268616","MMSZ5250A_R1_00001","PANJIT","4440","20","20","https://www.lcsc.com/product-detail/C268616.html","SOD-123","Tape & Reel (TR)","1 Independent","500mW","20V","100nA@15V","19.6V~20.4V","-50℃~+150℃","25Ω","600Ω","-"
"C268619","MMSZ5251A_R1_00001","PANJIT","5600","20","20","https://www.lcsc.com/product-detail/C268619.html","SOD-123","Tape & Reel (TR)","1 Independent","500mW","22V","100nA@17V","21.56V~22.44V","-50℃~+150℃","29Ω","600Ω","-"
"C268621","MMSZ5252A","PANJIT","2340","20","20","https://www.lcsc.com/product-detail/C268621.html","SOD-123","Tape & Reel (TR)","1 Independent","500mW","24V","100nA@18V","23.52V~24.48V","-50℃~+150℃","33Ω","600Ω","-"
"C268622","MMSZ5252B_R1_00001","PANJIT","3260","20","20","https://www.lcsc.com/product-detail/C268622.html","SOD-123","Tape & Reel (TR)","1 Independent","500mW","24V","100nA@18V","22.8V~25.2V","-55℃~+150℃","33Ω","600Ω","-"
"C268623","MMSZ5254A_R1_00001","PANJIT","2980","20","20","https://www.lcsc.com/product-detail/C268623.html","SOD-123","Tape & Reel (TR)","1 Independent","500mW","27V","100nA","26.46V~27.54V","-50℃~+150℃","41Ω","600Ω","-"
"C268624","MMSZ5254B_R1_00001","PANJIT","4760","20","20","https://www.lcsc.com/product-detail/C268624.html","SOD-123","Tape & Reel (TR)","1 Independent","500mW","27V","100nA@21V","25.65V~28.35V","-55℃~+150℃","41Ω","600Ω","-"
"C268625","MMSZ5256B_R1_ 00001","PANJIT","680","20","20","https://www.lcsc.com/product-detail/C268625.html","SOD-123","Tape & Reel (TR)","1 Independent","500mW","30V","100nA@23V","28.5V~31.5V","-55℃~+150℃","49Ω","",""
"C268626","MMSZ5257B_R1_00001","PANJIT","1860","20","20","https://www.lcsc.com/product-detail/C268626.html","SOD-123","Tape & Reel (TR)","1 Independent","500mW","33V","100nA@25V","31.35V~34.65V","-55℃~+150℃","58Ω","700Ω","-"
"C268627","MMSZ5258B_R1_00001","PANJIT","5040","20","20","https://www.lcsc.com/product-detail/C268627.html","SOD-123","Tape & Reel (TR)","1 Independent","500mW","36V","100nA@27V","34.2V~37.8V","-55℃~+150℃","70Ω","700Ω","-"
"C268628","MMSZ5260B_R1_00001","PANJIT","11520","20","20","https://www.lcsc.com/product-detail/C268628.html","SOD-123","Tape & Reel (TR)","1 Independent","500mW","43V","100nA@33V","40.85V~45.15V","-55℃~+150℃","93Ω","900Ω","-"
"C268629","MMSZ5261B_R1_00001","PANJIT","1260","20","20","https://www.lcsc.com/product-detail/C268629.html","SOD-123","Tape & Reel (TR)","1 Independent","500mW","47V","100nA@36V","44.65V~49.35V","-55℃~+150℃","105Ω","1kΩ",""
"C282311","MMSZ5226B_R1_00001","PANJIT","2020","20","20","https://www.lcsc.com/product-detail/C282311.html","SOD-123","Tape & Reel (TR)","1 Independent","500mW","3.3V","25uA@1V","3.14V~3.47V","-55℃~+150℃","28Ω","1.6kΩ","-"
"C282312","MMSZ5231B_R1_00001","PANJIT","2940","20","20","https://www.lcsc.com/product-detail/C282312.html","SOD-123","Tape & Reel (TR)","1 Independent","500mW","5.1V","5uA@2V","4.85V~5.36V","-55℃~+150℃","17Ω","1.6kΩ","-"
"C282313","MMSZ5232B_R1_00001","PANJIT","5920","20","20","https://www.lcsc.com/product-detail/C282313.html","SOD-123","Tape & Reel (TR)","1 Independent","500mW","5.6V","5uA@3V","5.32V~5.88V","-55℃~+150℃","11Ω","1.6kΩ","-"
"C282314","MMSZ5241B_R1_00001","PANJIT","3980","20","20","https://www.lcsc.com/product-detail/C282314.html","SOD-123","Tape & Reel (TR)","1 Independent","500mW","11V","2uA","10.45V~11.55V","-55℃~+150℃","22Ω","600Ω","-"
"C282315","MMSZ5243B_R1_00001","PANJIT","2800","20","20","https://www.lcsc.com/product-detail/C282315.html","SOD-123","Tape & Reel (TR)","1 Independent","500mW","13V","500nA@9.9V","12.35V~13.65V","-55℃~+150℃","13Ω","600Ω","-"
"C282316","MMSZ5245B_R1_00001","PANJIT","3440","20","20","https://www.lcsc.com/product-detail/C282316.html","SOD-123","Tape & Reel (TR)","1 Independent","500mW","15V","100nA@11V","14.25V~15.75V","-55℃~+150℃","16Ω","600Ω","-"
"C282317","MMSZ5246B_R1_00001","PANJIT","5640","20","20","https://www.lcsc.com/product-detail/C282317.html","SOD-123","Tape & Reel (TR)","1 Independent","500mW","16V","100nA@12V","15.2V~16.8V","-55℃~+150℃","17Ω","600Ω","-"
"C282318","MMSZ5248B_R1_00001","PANJIT","5000","20","20","https://www.lcsc.com/product-detail/C282318.html","SOD-123","Tape & Reel (TR)","1 Independent","500mW","18V","100nA@14V","17.1V~18.9V","-55℃~+150℃","21Ω","600Ω","-"
"C282319","MMSZ5250B_R1_00001","PANJIT","2900","20","20","https://www.lcsc.com/product-detail/C282319.html","SOD-123","Tape & Reel (TR)","1 Independent","500mW","20V","100nA@15V","19V~21V","-55℃~+150℃","25Ω","600Ω","-"
"C282320","MMSZ5251B_R1_00001","PANJIT","3840","20","20","https://www.lcsc.com/product-detail/C282320.html","SOD-123","Tape & Reel (TR)","1 Independent","500mW","22V","100nA@17V","20.9V~23.1V","-55℃~+150℃","29Ω","600Ω","-"
"C304413","MMSZ5236B_R1_00001","PANJIT","2260","20","20","https://www.lcsc.com/product-detail/C304413.html","SOD-123","Tape & Reel (TR)","1 Independent","500mW","7.5V","3uA@6V","7.13V~7.88V","-55℃~+150℃","6Ω","500Ω","-"
"C313460","MMSZ5237B_R1_00001","PANJIT","3560","20","20","https://www.lcsc.com/product-detail/C313460.html","SOD-123","Tape & Reel (TR)","1 Independent","500mW","8.2V","3uA@6V","7.79V~8.61V","-55℃~+150℃","8Ω","500Ω","-"
"C326518","MMSZ5245BQ-7-F","DIODES","700","20","20","https://www.lcsc.com/product-detail/C326518.html","SOD-123","Tape & Reel (TR)","1 Independent","370mW","15V","100nA@11V","14.25V~15.75V","-65℃~+150℃","16Ω","600Ω",""
"C328579","BZX84C15","BLUE ROCKET","350","50","50","https://www.lcsc.com/product-detail/C328579.html","SOT-23","Tape & Reel (TR)","1 Independent","300mW","15V","100nA@10.5V","13.8V~15.6V","-65℃~+150℃","30Ω","200Ω","-"
"C328580","BZX84C18","BLUE ROCKET","250","50","50","https://www.lcsc.com/product-detail/C328580.html","SOT-23","Tape & Reel (TR)","1 Independent","300mW","18V","100nA","16.8V~19.1V","-65℃~+150℃","45Ω","225Ω","-"
"C328582","BZX84C27","BLUE ROCKET","3000","50","50","https://www.lcsc.com/product-detail/C328582.html","SOT-23","Tape & Reel (TR)","1 Independent","300mW","27V","100nA@18.9V","25.1V~28.9V","-65℃~+150℃","80Ω","300Ω","-"
"C358482","MMSZ5234B","BLUE ROCKET","200","50","50","https://www.lcsc.com/product-detail/C358482.html","SOD-123","Tape & Reel (TR)","1 Independent","500mW","6.2V","5uA","5.89V~6.51V","-55℃~+150℃","7Ω","1kΩ","-"
"C358484","BRMMSZ5228B","BLUE ROCKET","2550","50","50","https://www.lcsc.com/product-detail/C358484.html","SOD-123","Tape & Reel (TR)","1 Independent","500mW","3.9V","10uA@1V","3.71V~4.1V","","23Ω","",""
"C383294","S-LBZX84C5V6LT1G","LRC","60","20","20","https://www.lcsc.com/product-detail/C383294.html","SOT-23","Tape & Reel (TR)","1 Independent","300mW","5.6V","1uA","5.2V~6V","-55℃~+150℃","10Ω","-","-"
"C384560","BZX84C4V7-7-F","DIODES","1860","20","20","https://www.lcsc.com/product-detail/C384560.html","SOT-23","Tape & Reel (TR)","1 Independent","350mW","4.7V","3uA@2V","4.4V~5V","-65℃~+150℃","80Ω","500Ω","-"
"C391457","BZX84C15_R1_00001","PANJIT","380","20","20","https://www.lcsc.com/product-detail/C391457.html","SOT-23","Tape & Reel (TR)","1 Independent","410mW","15V","100nA@10.5V","14.25V~15.75V","-55℃~+150℃","30Ω","200Ω",""
"C391458","BZX84C18_R1_00001","PANJIT","2760","20","20","https://www.lcsc.com/product-detail/C391458.html","SOT-23","Tape & Reel (TR)","1 Independent","410mW","18V","100nA","17.1V~18.9V","-55℃~+150℃","45Ω","225Ω",""
"C391459","BZX84C22_R1_00001","PANJIT","540","20","20","https://www.lcsc.com/product-detail/C391459.html","SOT-23","Tape & Reel (TR)","1 Independent","410mW","22V","100nA@15.4V","20.9V~23.1V","-55℃~+150℃","55Ω","250Ω",""
"C391460","BZX84C33_R1_00001","PANJIT","380","20","20","https://www.lcsc.com/product-detail/C391460.html","SOT-23","Tape & Reel (TR)","1 Independent","410mW","33V","100nA@23.1V","31.35V~34.65V","-55℃~+150℃","80Ω","325Ω",""
"C391462","BZX84C4V7_R1_00001","PANJIT","190","5","5","https://www.lcsc.com/product-detail/C391462.html","SOT-23","Tape & Reel (TR)","1 Independent","410mW","4.7V","3uA@2V","4.47V~4.94V","-55℃~+150℃","80Ω","500Ω","-"
"C391463","BZX84C5V1_R1_00001","PANJIT","2720","20","20","https://www.lcsc.com/product-detail/C391463.html","SOT-23","Tape & Reel (TR)","1 Independent","410mW","5.1V","2uA@2V","4.85V~5.36V","-55℃~+150℃","60Ω","480Ω",""
"C391464","BZX84C6V2_R1_00001","PANJIT","2980","20","20","https://www.lcsc.com/product-detail/C391464.html","SOT-23","Tape & Reel (TR)","1 Independent","410mW","6.2V","3uA@4V","5.89V~6.51V","","10Ω","",""
"C391550","MMSZ5230A_R1_00001","PANJIT","3440","20","20","https://www.lcsc.com/product-detail/C391550.html","SOD-123","Tape & Reel (TR)","1 Independent","500mW","4.7V","5uA@2V","4.61V~4.79V","-50℃~+150℃","19Ω","1.9kΩ","-"
"C391552","MMSZ5236A_R1_00001","PANJIT","5100","20","20","https://www.lcsc.com/product-detail/C391552.html","SOD-123","Tape & Reel (TR)","1 Independent","500mW","7.5V","3uA@6V","7.35V~7.65V","-50℃~+150℃","6Ω","500Ω","-"
"C391553","MMSZ5240A_R1_00001","PANJIT","2340","20","20","https://www.lcsc.com/product-detail/C391553.html","SOD-123","Tape & Reel (TR)","1 Independent","500mW","10V","3uA@8V","9.8V~10.2V","-50℃~+150℃","17Ω","600Ω","-"
"C391554","MMSZ5258A_R1_00001","PANJIT","2600","20","20","https://www.lcsc.com/product-detail/C391554.html","SOD-123","Tape & Reel (TR)","1 Independent","500mW","36V","100nA@27V","35.28V~36.72V","-50℃~+150℃","70Ω","700Ω","-"
"C393426","BZX84C3V9_R1_00001","PANJIT","40","20","20","https://www.lcsc.com/product-detail/C393426.html","SOT-23","Tape & Reel (TR)","1 Independent","410mW","3.9V","3uA@1V","3.71V~4.1V","-55℃~+150℃","90Ω","600Ω","-"
"C393442","MMSZ5234B_R1_00001","PANJIT","900","20","20","https://www.lcsc.com/product-detail/C393442.html","SOD-123","Tape & Reel (TR)","1 Independent","500mW","6.2V","5uA@4V","5.89V~6.51V","-55℃~+150℃","7Ω","1kΩ","-"
"C393443","MMSZ5259A_R1_00001","PANJIT","2380","20","20","https://www.lcsc.com/product-detail/C393443.html","SOD-123","Tape & Reel (TR)","1 Independent","500mW","39V","100nA@30V","38.22V~39.78V","-50℃~+150℃","80Ω","800Ω","-"
"C397933","BZX84C16-7-F","DIODES","190","10","10","https://www.lcsc.com/product-detail/C397933.html","SOT-23","Tape & Reel (TR)","1 Independent","350mW","16V","100nA@11.2V","15.3V~17.1V","-65℃~+150℃","40Ω","200Ω","-"
"C403851","SZMMSZ5232BT1G","onsemi","645","5","5","https://www.lcsc.com/product-detail/C403851.html","SOD-123","Tape & Reel (TR)","1 Independent","500mW","5.6V","5uA@3V","5.32V~5.88V","-55℃~+150℃","11Ω","1.6kΩ","-"
"C410853","BZX84C7V5 RFG","Taiwan Semiconductor","240","20","20","https://www.lcsc.com/product-detail/C410853.html","SOT-23","Tape & Reel (TR)","1 Independent","300mW","7.5V","1uA@5V","7V~7.9V","-65℃~+150℃","15Ω","80Ω","-"
"C411195","LBZX84C33LT1G","LRC","250","50","50","https://www.lcsc.com/product-detail/C411195.html","SOT-23","Tape & Reel (TR)","1 Independent","300mW","33V","50nA","31V~35V","-55℃~+150℃","80Ω","80Ω","-"
"C411213","BZX84C22LT1G","onsemi","90","5","5","https://www.lcsc.com/product-detail/C411213.html","SOT-23","Tape & Reel (TR)","1 Independent","250mW","22V","50nA@15.4V","20.8V~23.3V","-65℃~+150℃","55Ω","",""
"C435914","MMSZ5231BS-7-F","DIODES","3480","20","20","https://www.lcsc.com/product-detail/C435914.html","SOD-323","Tape & Reel (TR)","1 Independent","200mW","5.1V","5uA@2V","4.85V~5.36V","-65℃~+150℃","17Ω","1.6kΩ",""
"C459546","MMSZ5239B-7-F","DIODES","2983","1","1","https://www.lcsc.com/product-detail/C459546.html","SOD-123","Tape & Reel (TR)","1 Independent","370mW","9.1V","3uA@7V","8.65V~9.56V","-65℃~+150℃","10Ω","600Ω",""
"C460240","MMSZ5226BQ-7-F","DIODES","2400","10","10","https://www.lcsc.com/product-detail/C460240.html","SOD-123","Tape & Reel (TR)","1 Independent","370mW","3.3V","25uA@1V","3.14V~3.47V","-65℃~+150℃","28Ω","1.6kΩ",""
"C460814","BZX84C12W-7-F","DIODES","10","10","10","https://www.lcsc.com/product-detail/C460814.html","SOT-323","Tape & Reel (TR)","1 Independent","200mW","12V","100nA@8V","11.4V~12.7V","-65℃~+125℃","25Ω","150Ω","-"
"C460817","BZX84C20Q-7-F","DIODES","110","10","10","https://www.lcsc.com/product-detail/C460817.html","SOT-23","Tape & Reel (TR)","1 Independent","350mW","20V","100nA@14V","18.8V~21.2V","-65℃~+150℃","55Ω","225Ω","-"
"C460818","BZX84C24-7-F","DIODES","480","20","20","https://www.lcsc.com/product-detail/C460818.html","SOT-23","Tape & Reel (TR)","1 Independent","350mW","24V","100nA","22.8V~25.6V","-65℃~+150℃","70Ω","250Ω","-"
"C460819","BZX84C27Q-7-F","DIODES","30","10","10","https://www.lcsc.com/product-detail/C460819.html","SOT-23","Tape & Reel (TR)","1 Independent","350mW","27V","100nA@18.9V","25.1V~28.9V","-65℃~+150℃","80Ω","300Ω","-"
"C460820","BZX84C2V4W-7-F","DIODES","10","5","5","https://www.lcsc.com/product-detail/C460820.html","SOT-323","Tape & Reel (TR)","1 Independent","200mW","2.4V","50uA@1V","2.2V~2.6V","-65℃~+125℃","100Ω","600Ω","-"
"C460821","BZX84C36-7-F","DIODES","1060","20","20","https://www.lcsc.com/product-detail/C460821.html","SOT-23","Tape & Reel (TR)","1 Independent","350mW","36V","100nA@25.2V","34V~38V","-65℃~+150℃","90Ω","350Ω","-"
"C460823","BZX84C3V3W-7-F","DIODES","240","10","10","https://www.lcsc.com/product-detail/C460823.html","SOT-323","Tape & Reel (TR)","1 Independent","200mW","3.3V","5uA@1V","3.1V~3.5V","-65℃~+125℃","95Ω","600Ω","-"
"C460824","BZX84C3V6W-7-F","DIODES","220","5","5","https://www.lcsc.com/product-detail/C460824.html","SOT-323","Tape & Reel (TR)","1 Independent","200mW","3.6V","5uA@1V","3.4V~3.8V","-65℃~+125℃","95Ω","600Ω","-"
"C460827","BZX84C5V1W-7-F","DIODES","80","10","10","https://www.lcsc.com/product-detail/C460827.html","SOT-323","Tape & Reel (TR)","1 Independent","200mW","5.1V","2uA@2V","4.8V~5.4V","-65℃~+125℃","60Ω","500Ω","-"
"C460915","MMSZ5227BS-7-F","DIODES","140","20","20","https://www.lcsc.com/product-detail/C460915.html","SOD-323","Tape & Reel (TR)","1 Independent","200mW","3.6V","15uA@1V","3.42V~3.78V","-65℃~+150℃","24Ω","1.7kΩ",""
"C460920","MMSZ5252B-7-F","DIODES","3100","20","20","https://www.lcsc.com/product-detail/C460920.html","SOD-123","Tape & Reel (TR)","1 Independent","370mW","24V","100nA@18V","22.8V~25.2V","-65℃~+150℃","33Ω","600Ω",""
"C460921","MMSZ5255BS-7-F","DIODES","420","10","10","https://www.lcsc.com/product-detail/C460921.html","SOD-323","Tape & Reel (TR)","1 Independent","200mW","28V","100nA@21V","26.6V~29.4V","","44Ω","600Ω",""
"C461751","MMSZ5244B","PANJIT","3440","20","20","https://www.lcsc.com/product-detail/C461751.html","SOD-123","Tape & Reel (TR)","1 Independent","500mW","14V","100nA@10.5V","13.3V~14.7V","-55℃~+150℃","15Ω","600Ω","-"
"C462714","BZX84C68LT1G","onsemi","1355","5","5","https://www.lcsc.com/product-detail/C462714.html","SOT-23-3","Tape & Reel (TR)","1 Independent","250mW","68V","50nA@47.6V","64V~72V","-65℃~+150℃","240Ω","",""
"C462969","SZMMSZ5242BT1G","onsemi","475","5","5","https://www.lcsc.com/product-detail/C462969.html","SOD-123","Tape & Reel (TR)","1 Independent","500mW","12V","1uA@9.1V","11.4V~12.6V","-55℃~+150℃","30Ω","600Ω","-"
"C463424","SZBZX84C12ET1G","onsemi","2480","10","10","https://www.lcsc.com/product-detail/C463424.html","SOT-23-3","Tape & Reel (TR)","1 Independent","250mW","12V","100nA@8V","11.4V~12.7V","-65℃~+150℃","25Ω","-","-"
"C463425","SZBZX84C36LT1G","onsemi","10","10","10","https://www.lcsc.com/product-detail/C463425.html","SOT-23","Tape & Reel (TR)","1 Independent","250mW","36V","50nA@25.2V","34V~38V","-65℃~+150℃","90Ω","",""
"C463555","MMSZ5253BT1G","onsemi","12020","10","10","https://www.lcsc.com/product-detail/C463555.html","SOD-123","Tape & Reel (TR)","1 Independent","500mW","25V","100nA@19V","23.75V~26.25V","","35Ω","",""
"C463664","SZBZX84C4V7ET1G","onsemi","400","20","20","https://www.lcsc.com/product-detail/C463664.html","SOT-23-3","Tape & Reel (TR)","1 Independent","250mW","4.7V","15uA","4.4V~5V","-65℃~+150℃","80Ω","-","-"
"C464123","SZBZX84C3V0LT1G","onsemi","935","5","5","https://www.lcsc.com/product-detail/C464123.html","SOT-23-3","Tape & Reel (TR)","1 Independent","225mW","3V","10uA@1V","2.8V~3.2V","-65℃~+150℃","95Ω","-","-"
"C464124","SZBZX84C5V6LT1G","onsemi","10","10","10","https://www.lcsc.com/product-detail/C464124.html","SOT-23","Tape & Reel (TR)","1 Independent","250mW","5.6V","1uA@2V","5.2V~6V","-65℃~+150℃","40Ω","-","-"
"C464125","SZBZX84C9V1LT1G","onsemi","83980","20","20","https://www.lcsc.com/product-detail/C464125.html","SOT-23","Tape & Reel (TR)","1 Independent","250mW","9.1V","500nA@6V","8.5V~9.6V","-65℃~+150℃","15Ω","",""
"C464134","SZMMSZ5259BT1G","onsemi","2955","5","5","https://www.lcsc.com/product-detail/C464134.html","SOD-123","Tape & Reel (TR)","1 Independent","500mW","39V","100nA@30V","37.05V~40.95V","-55℃~+150℃","80Ω","800Ω","±5%"
"C464268","SZBZX84C27LT1G","onsemi","10","10","10","https://www.lcsc.com/product-detail/C464268.html","SOT-23","Tape & Reel (TR)","1 Independent","250mW","27V","50nA","25.1V~28.9V","-65℃~+150℃","80Ω","-","-"
"C486157","BZX84C18 RFG","Taiwan Semiconductor","120","20","20","https://www.lcsc.com/product-detail/C486157.html","SOT-23","Tape & Reel (TR)","1 Independent","300mW","18V","100nA","16.8V~19.1V","-65℃~+150℃","45Ω","",""
"C486161","BZX84C9V1 RFG","Taiwan Semiconductor","20","20","20","https://www.lcsc.com/product-detail/C486161.html","SOT-23","Tape & Reel (TR)","1 Independent","300mW","9.1V","500nA@6V","8.5V~9.6V","-65℃~+150℃","15Ω","100Ω","-"
"C493206","BZX84C3V3","SMC","1640","20","20","https://www.lcsc.com/product-detail/C493206.html","SOT-23","Tape & Reel (TR)","1 Independent","350mW","3.3V","5uA","3.1V~3.5V","-55℃~+150℃","95Ω","600Ω","-"
"C499772","MMSZ5254B","SMC","3280","20","20","https://www.lcsc.com/product-detail/C499772.html","SOD-123","Tape & Reel (TR)","1 Independent","500mW","27V","100nA","25.65V~28.35V","-55℃~+150℃","41Ω","600Ω","-"
"C499773","MMSZ5248B","SMC","2020","20","20","https://www.lcsc.com/product-detail/C499773.html","SOD-123","Tape & Reel (TR)","1 Independent","500mW","18V","100nA@14V","17.1V~18.9V","-55℃~+150℃","21Ω","600Ω","-"
"C499783","BZX84C9V1","SMC","120","20","20","https://www.lcsc.com/product-detail/C499783.html","SOT-23","Tape & Reel (TR)","1 Independent","350mW","9.1V","500nA@6V","8.5V~9.6V","-55℃~+150℃","15Ω","100Ω","-"
"C499785","BZX84C4V7","SMC","2820","20","20","https://www.lcsc.com/product-detail/C499785.html","SOT-23","Tape & Reel (TR)","1 Independent","350mW","4.7V","3uA@2V","4.4V~5V","-55℃~+150℃","80Ω","500Ω","-"
"C499787","BZX84C2V4","SMC","2040","20","20","https://www.lcsc.com/product-detail/C499787.html","SOT-23","Tape & Reel (TR)","1 Independent","350mW","2.4V","50uA","2.28V~2.52V","-55℃~+150℃","100Ω","600Ω","-"
"C499788","BZX84C24","SMC","40","20","20","https://www.lcsc.com/product-detail/C499788.html","SOT-23","Tape & Reel (TR)","1 Independent","350mW","24V","100nA","22.8V~25.6V","-55℃~+150℃","70Ω","250Ω","-"
"C499789","BZX84C22","SMC","2180","20","20","https://www.lcsc.com/product-detail/C499789.html","SOT-23","Tape & Reel (TR)","1 Independent","350mW","22V","100nA@15.4V","20.8V~23.3V","-55℃~+150℃","55Ω","250Ω","-"
"C499790","BZX84C20","SMC","36","1","1","https://www.lcsc.com/product-detail/C499790.html","SOT-23","Tape & Reel (TR)","1 Independent","350mW","20V","100nA@1V","18.8V~21.2V","-55℃~+150℃","55Ω","225Ω","-"
"C499791","BZX84C18","SMC","40","1","1","https://www.lcsc.com/product-detail/C499791.html","SOT-23","Tape & Reel (TR)","1 Independent","350mW","18V","100nA@1V","16.8V~19.1V","-55℃~+150℃","45Ω","225Ω","-"
"C499792","BZX84C15","SMC","1771","1","1","https://www.lcsc.com/product-detail/C499792.html","SOT-23","Tape & Reel (TR)","1 Independent","350mW","15V","100nA","13.8V~15.6V","-55℃~+150℃","30Ω","200Ω","-"
"C499794","BZX84C12","SMC","160","20","20","https://www.lcsc.com/product-detail/C499794.html","SOT-23","Tape & Reel (TR)","1 Independent","350mW","12V","100nA","11.4V~12.7V","-55℃~+150℃","25Ω","150Ω","-"
"C500776","MMSZ5242B-7-F","DIODES","117020","10","10","https://www.lcsc.com/product-detail/C500776.html","SOD-123","Tape & Reel (TR)","1 Independent","370mW","12V","1uA@9.1V","11.4V~12.6V","-65℃~+150℃","30Ω","600Ω",""
"C500786","MMSZ5235B-7-F","DIODES","1840","10","10","https://www.lcsc.com/product-detail/C500786.html","SOD-123","Tape & Reel (TR)","1 Independent","370mW","6.8V","3uA@5V","6.46V~7.14V","-65℃~+150℃","5Ω","750Ω",""
"C500789","BZX84C15-7-F","DIODES","6600","20","20","https://www.lcsc.com/product-detail/C500789.html","SOT-23","Tape & Reel (TR)","1 Independent","350mW","15V","100nA@10.5V","13.8V~15.6V","-65℃~+150℃","30Ω","200Ω","-"
"C500793","BZX84C10-7-F","DIODES","40","20","20","https://www.lcsc.com/product-detail/C500793.html","SOT-23","Tape & Reel (TR)","1 Independent","350mW","10V","200nA@1V","9.4V~10.6V","-65℃~+150℃","20Ω","150Ω","-"
"C506594","MMSZ5227C-E3-08","VISHAY","194","1","1","https://www.lcsc.com/product-detail/C506594.html","SOD-123","Tape & Reel (TR)","1 Independent","500mW","3.6V","15uA@1V","","-55℃~+150℃","24Ω","",""
"C507917","BZX84C22W-7-F","DIODES","2980","20","20","https://www.lcsc.com/product-detail/C507917.html","SOT-323","Tape & Reel (TR)","1 Independent","200mW","22V","100nA@15.4V","20.8V~23.3V","-65℃~+125℃","55Ω","225Ω","-"
"C507920","BZX84C39-7-F","DIODES","1140","20","20","https://www.lcsc.com/product-detail/C507920.html","SOT-23","Tape & Reel (TR)","1 Independent","350mW","39V","100nA","37V~41V","-65℃~+150℃","130Ω","350Ω","-"
"C508229","MMSZ5232BS-7-F","DIODES","10305","5","5","https://www.lcsc.com/product-detail/C508229.html","SOD-323","Tape & Reel (TR)","1 Independent","200mW","5.6V","5uA","5.32V~5.88V","-65℃~+150℃","11Ω","1.6kΩ",""
"C508232","MMSZ5241BS-7-F","DIODES","140","20","20","https://www.lcsc.com/product-detail/C508232.html","SOD-323","Tape & Reel (TR)","1 Independent","200mW","11V","2uA@8.4V","10.45V~11.55V","-65℃~+150℃","22Ω","600Ω",""
"C508234","MMSZ5251BS-7-F","DIODES","200","20","20","https://www.lcsc.com/product-detail/C508234.html","SOD-323","Tape & Reel (TR)","1 Independent","200mW","22V","100nA@17V","20.9V~23.1V","-65℃~+150℃","29Ω","600Ω",""
"C509853","BZX84C5V1LFHT116","ROHM","990","10","10","https://www.lcsc.com/product-detail/C509853.html","SOT-23","Tape & Reel (TR)","1 Independent","250mW","5.1V","2uA@2V","4.8V~5.4V","-","60Ω","60Ω","-"
"C511373","BZX84C16-HE3-08","VISHAY","1","1","1","https://www.lcsc.com/product-detail/C511373.html","SOT-23","Tape & Reel (TR)","1 Independent","500mW","16V","50nA","15.3V~16.8V","","40Ω","200Ω",""
"C513072","SZMMSZ5227BT1G","onsemi","2120","5","5","https://www.lcsc.com/product-detail/C513072.html","SOD-123","Tape & Reel (TR)","1 Independent","500mW","3.6V","15uA","3.42V~3.78V","-55℃~+150℃","24Ω","1.7kΩ","-"
"C513075","SZMMSZ5246BT1G","onsemi","3215","5","5","https://www.lcsc.com/product-detail/C513075.html","SOD-123","Tape & Reel (TR)","1 Independent","500mW","16V","100nA@12V","15.2V~16.8V","-55℃~+150℃","17Ω","600Ω","-"
"C513123","MMSZ5246BQ-7-F","DIODES","1850","10","10","https://www.lcsc.com/product-detail/C513123.html","SOD-123","Tape & Reel (TR)","1 Independent","370mW","16V","100nA@12V","15.2V~16.8V","-65℃~+150℃","17Ω","600Ω",""
"C513125","MMSZ5228B-7-F","DIODES","2185","5","5","https://www.lcsc.com/product-detail/C513125.html","SOD-123","Tape & Reel (TR)","1 Independent","370mW","3.9V","10uA","3.71V~4.1V","-65℃~+150℃","23Ω","1.9kΩ",""
"C516600","BZX84C3V6-7-F","DIODES","80","20","20","https://www.lcsc.com/product-detail/C516600.html","SOT-23","Tape & Reel (TR)","1 Independent","350mW","3.6V","5uA@1V","3.4V~3.8V","-65℃~+150℃","90Ω","600Ω","-"
"C516601","BZX84C22-7-F","DIODES","120","10","10","https://www.lcsc.com/product-detail/C516601.html","SOT-23","Tape & Reel (TR)","1 Independent","350mW","22V","100nA","20.8V~23.3V","-65℃~+150℃","55Ω","250Ω","-"
"C525051","BZX84C5V1","PANJIT","1380","20","20","https://www.lcsc.com/product-detail/C525051.html","SOT-23","Tape & Reel (TR)","1 Independent","410mW","5.1V","2uA@2V","4.85V~5.36V","-55℃~+150℃","60Ω","480Ω",""
"C525412","LBZX84C47LT1G","LRC","260","20","20","https://www.lcsc.com/product-detail/C525412.html","SOT-23","Tape & Reel (TR)","1 Independent","300mW","47V","50nA","44V~50V","-55℃~+150℃","170Ω","-","-"
"C545312","BZX84C3V3","LGE","1520","20","20","https://www.lcsc.com/product-detail/C545312.html","SOT-23","Tape & Reel (TR)","1 Independent","350mW","3.3V","5uA","3.1V~3.5V","-65℃~+150℃","95Ω","600Ω","-"
"C545313","BZX84C5V1","LGE","3120","20","20","https://www.lcsc.com/product-detail/C545313.html","SOT-23","Tape & Reel (TR)","1 Independent","350mW","5.1V","2uA@2V","4.8V~5.4V","-65℃~+150℃","60Ω","480Ω","-"
"C560269","BZX84C27-7-F","DIODES","270","10","10","https://www.lcsc.com/product-detail/C560269.html","SOT-23","Tape & Reel (TR)","1 Independent","350mW","27V","100nA@18.9V","25.1V~28.9V","-65℃~+150℃","80Ω","300Ω","-"
"C560274","MMSZ5227B-7-F","DIODES","2820","10","10","https://www.lcsc.com/product-detail/C560274.html","SOD-123","Tape & Reel (TR)","1 Independent","370mW","3.6V","15uA@1V","3.42V~3.78V","-65℃~+150℃","24Ω","1.7kΩ",""
"C604758","SZBZX84C18ET1G","onsemi","5","5","5","https://www.lcsc.com/product-detail/C604758.html","SOT-23","Tape & Reel (TR)","1 Independent","250mW","18V","20uA","16.8V~19.1V","-65℃~+150℃","45Ω","-","-"
"C604759","SZBZX84C24LT1G","onsemi","1460","5","5","https://www.lcsc.com/product-detail/C604759.html","SOT-23","Tape & Reel (TR)","1 Independent","225mW","24V","50nA@16.8V","22.8V~25.6V","-65℃~+150℃","70Ω","-","-"
"C604811","SZMMSZ5240BT1G","onsemi","2250","5","5","https://www.lcsc.com/product-detail/C604811.html","SOD-123","Tape & Reel (TR)","1 Independent","500mW","10V","3uA@8V","9.5V~10.5V","-55℃~+150℃","17Ω","600Ω","±2%"
"C604812","SZMMSZ5248BT1G","onsemi","2060","5","5","https://www.lcsc.com/product-detail/C604812.html","SOD-123","Tape & Reel (TR)","1 Independent","500mW","18V","100nA@14V","17.1V~18.9V","-55℃~+150℃","21Ω","600Ω","±2%"
"C668904","BZX84C24-TP","MCC","1660","20","20","https://www.lcsc.com/product-detail/C668904.html","SOT-23","Tape & Reel (TR)","1 Independent","350mW","24V","100nA@16.8V","22.8V~25.6V","-55℃~+150℃","70Ω","250Ω","±5%"
"C668974","MMSZ5232B-TP","MCC","2080","20","20","https://www.lcsc.com/product-detail/C668974.html","SOD-123","Tape & Reel (TR)","1 Independent","500mW","5.6V","5uA@3V","","-65℃~+150℃","11Ω","1.6kΩ",""
"C668978","MMSZ5242B-TP","MCC","1820","20","20","https://www.lcsc.com/product-detail/C668978.html","SOD-123","Tape & Reel (TR)","1 Independent","500mW","12V","1uA","","-65℃~+150℃","30Ω","600Ω",""
"C668979","MMSZ5248B-TP","MCC","2180","20","20","https://www.lcsc.com/product-detail/C668979.html","SOD-123","Tape & Reel (TR)","1 Independent","500mW","18V","100nA@14V","","-65℃~+150℃","21Ω","600Ω",""
"C672232","BZX84C5V1Q-7-F","DIODES","3020","10","10","https://www.lcsc.com/product-detail/C672232.html","SOT-23","Tape & Reel (TR)","1 Independent","350mW","5.1V","2uA@1V","4.8V~5.4V","-65℃~+150℃","60Ω","480Ω","-"
"C674401","MMSZ5252BS-7-F","DIODES","1910","10","10","https://www.lcsc.com/product-detail/C674401.html","SOD-323","Tape & Reel (TR)","1 Independent","200mW","24V","100nA@18V","22.8V~25.2V","-65℃~+150℃","33Ω","600Ω",""
"C674413","BZX84C7V5-7-F","DIODES","100","20","20","https://www.lcsc.com/product-detail/C674413.html","SOT-23-3","Tape & Reel (TR)","1 Independent","350mW","7.5V","1uA@5V","7V~7.9V","-65℃~+150℃","15Ω","80Ω","-"
"C692854","BZX84C18","HT(Shenzhen Jinyu Semicon)","2950","50","50","https://www.lcsc.com/product-detail/C692854.html","SOT-23","Tape & Reel (TR)","1 Independent","350mW","18V","50nA@12.6V","14.25V~15.75V","-65℃~+150℃","45Ω","150Ω","±5%"
"C705320","BZX84C15Q-7-F","DIODES","2500","10","10","https://www.lcsc.com/product-detail/C705320.html","SOT-23","Tape & Reel (TR)","1 Independent","350mW","15V","100nA@10.5V","13.8V~15.6V","-65℃~+150℃","30Ω","200Ω","-"
"C707157","MMSZ5223B","Slkor","640","20","20","https://www.lcsc.com/product-detail/C707157.html","SOD-123","Tape & Reel (TR)","1 Independent","500mW","2.7V","75uA","2.57V~2.84V","-55℃~+150℃","30Ω","1.3kΩ","-"
"C707158","MMSZ5226B","Slkor","160","20","20","https://www.lcsc.com/product-detail/C707158.html","SOD-123","Tape & Reel (TR)","1 Independent","500mW","3.3V","25uA@1V","3.14V~3.47V","-55℃~+150℃","28Ω","1.6kΩ","-"
"C707159","MMSZ5227B","Slkor","1060","20","20","https://www.lcsc.com/product-detail/C707159.html","SOD-123","Tape & Reel (TR)","1 Independent","500mW","3.5V","15uA@1V","3.42V~3.78V","-55℃~+150℃","24Ω","1.7kΩ","-"
"C707160","MMSZ5228B","Slkor","3340","20","20","https://www.lcsc.com/product-detail/C707160.html","SOD-123","Tape & Reel (TR)","1 Independent","500mW","3.9V","10uA@1V","3.71V~4.1V","-55℃~+150℃","23Ω","1.9kΩ","±5%"
"C707161","MMSZ5229B","Slkor","600","20","20","https://www.lcsc.com/product-detail/C707161.html","SOD-123","Tape & Reel (TR)","1 Independent","500mW","4.3V","5uA@1V","4.09V~4.52V","-55℃~+150℃","22Ω","2kΩ","-"
"C707163","MMSZ5231B","Slkor","300","20","20","https://www.lcsc.com/product-detail/C707163.html","SOD-123","Tape & Reel (TR)","1 Independent","500mW","5.1V","5uA@2V","4.85V~5.36V","-55℃~+150℃","17Ω","1.6kΩ","±5%"
"C707164","MMSZ5232B","Slkor","200","20","20","https://www.lcsc.com/product-detail/C707164.html","SOD-123","Tape & Reel (TR)","1 Independent","500mW","5.5V","5uA@3V","5.32V~5.88V","-55℃~+150℃","11Ω","1.6kΩ","-"
"C707167","MMSZ5236B","Slkor","2880","20","20","https://www.lcsc.com/product-detail/C707167.html","SOD-123","Tape & Reel (TR)","1 Independent","500mW","7.5V","3uA@6V","7.13V~7.88V","-55℃~+150℃","6Ω","500Ω","-"
"C707168","MMSZ5237B","Slkor","2480","20","20","https://www.lcsc.com/product-detail/C707168.html","SOD-123","Tape & Reel (TR)","1 Independent","500mW","8.2V","3uA@6V","7.79V~8.61V","-55℃~+150℃","8Ω","500Ω","±5%"
"C707170","MMSZ5240B","Slkor","620","20","20","https://www.lcsc.com/product-detail/C707170.html","SOD-123","Tape & Reel (TR)","1 Independent","500mW","10V","3uA@8V","9.5V~10.5V","-55℃~+150℃","17Ω","600Ω","-"
"C707172","MMSZ5242B","Slkor","5300","20","20","https://www.lcsc.com/product-detail/C707172.html","SOD-123","Tape & Reel (TR)","1 Independent","500mW","13V","2uA@9.1V","11.4V~12.6V","-55℃~+150℃","30Ω","600Ω","±5%"
"C707173","MMSZ5243B","Slkor","2900","20","20","https://www.lcsc.com/product-detail/C707173.html","SOD-123","Tape & Reel (TR)","1 Independent","500mW","13V","1uA@9.9V","12.35V~13.65V","-55℃~+150℃","13Ω","600Ω","-"
"C707174","MMSZ5245B","Slkor","21260","20","20","https://www.lcsc.com/product-detail/C707174.html","SOD-123","Tape & Reel (TR)","1 Independent","500mW","15V","500nA@11V","14.25V~15.75V","-55℃~+150℃","16Ω","600Ω","-"
"C707175","MMSZ5246B","Slkor","2920","20","20","https://www.lcsc.com/product-detail/C707175.html","SOD-123","Tape & Reel (TR)","1 Independent","500mW","16V","100nA@12V","15.2V~16.8V","-55℃~+150℃","17Ω","600Ω","-"
"C707176","MMSZ5248B","Slkor","2260","20","20","https://www.lcsc.com/product-detail/C707176.html","SOD-123","Tape & Reel (TR)","1 Independent","500mW","18V","100nA@14V","17.1V~18.9V","-55℃~+150℃","21Ω","600Ω","±5%"
"C707177","MMSZ5250B","Slkor","2280","20","20","https://www.lcsc.com/product-detail/C707177.html","SOD-123","Tape & Reel (TR)","1 Independent","500mW","20V","100nA@15V","19V~21V","-55℃~+150℃","25Ω","600Ω","±5%"
"C707179","MMSZ5252B","Slkor","3000","20","20","https://www.lcsc.com/product-detail/C707179.html","SOD-123","Tape & Reel (TR)","1 Independent","500mW","24V","100nA@18V","22.8V~25.2V","-55℃~+150℃","33Ω","600Ω","-"
"C721430","BZX84C16-TP","MCC","1260","20","20","https://www.lcsc.com/product-detail/C721430.html","SOT-23","Tape & Reel (TR)","1 Independent","350mW","16V","100nA@11.2V","15.3V~17.1V","-55℃~+150℃","40Ω","200Ω","±5%"
"C730379","SZBZX84C18LT1G","onsemi","4920","20","20","https://www.lcsc.com/product-detail/C730379.html","SOT-23","Tape & Reel (TR)","1 Independent","250mW","18V","50nA@12.6V","16.8V~19.1V","-65℃~+150℃","45Ω","-","-"
"C780796","BZX84C15W-7-F","DIODES","650","10","10","https://www.lcsc.com/product-detail/C780796.html","SOT-323","Tape & Reel (TR)","1 Independent","200mW","15V","100nA@10.5V","13.8V~15.6V","-65℃~+125℃","30Ω","170Ω","-"
"C780865","MMSZ5221B-7-F","DIODES","1560","20","20","https://www.lcsc.com/product-detail/C780865.html","SOD-123","Tape & Reel (TR)","1 Independent","370mW","2.4V","100uA@1V","2.28V~2.52V","-65℃~+150℃","30Ω","1.2kΩ",""
"C781890","MMSZ5231BQ-7-F","DIODES","1290","10","10","https://www.lcsc.com/product-detail/C781890.html","SOD-123","Tape & Reel (TR)","1 Independent","370mW","5.1V","5uA@2V","4.85V~5.36V","-65℃~+150℃","17Ω","1.6kΩ",""
"C841151","BZX84C12","LGE","500","50","50","https://www.lcsc.com/product-detail/C841151.html","SOT-23","Tape & Reel (TR)","1 Independent","350mW","12V","100nA","11.4V~12.7V","-65℃~+150℃","25Ω","150Ω","-"
"C841152","BZX84C24","LGE","2900","50","50","https://www.lcsc.com/product-detail/C841152.html","SOT-23","Tape & Reel (TR)","1 Independent","350mW","24V","100nA@16.8V","22.8V~25.6V","-65℃~+150℃","70Ω","250Ω","-"
"C841153","BZX84C30","LGE","1300","50","50","https://www.lcsc.com/product-detail/C841153.html","SOT-23","Tape & Reel (TR)","1 Independent","350mW","30V","100nA","28V~32V","-65℃~+150℃","80Ω","300Ω","-"
"C841154","BZX84C33","LGE","350","50","50","https://www.lcsc.com/product-detail/C841154.html","SOT-23","Tape & Reel (TR)","1 Independent","350mW","33V","100nA","31V~35V","-65℃~+150℃","80Ω","325Ω","-"
"C841156","BZX84C3V6","LGE","15250","50","50","https://www.lcsc.com/product-detail/C841156.html","SOT-23","Tape & Reel (TR)","1 Independent","350mW","3.6V","5uA","3.4V~3.8V","-65℃~+150℃","90Ω","600Ω","-"
"C841157","BZX84C4V3","LGE","2550","50","50","https://www.lcsc.com/product-detail/C841157.html","SOT-23","Tape & Reel (TR)","1 Independent","350mW","4.3V","3uA@1V","4V~4.6V","-65℃~+150℃","90Ω","600Ω","-"
"C841158","BZX84C4V7","LGE","2560","20","20","https://www.lcsc.com/product-detail/C841158.html","SOT-23","Tape & Reel (TR)","1 Independent","350mW","4.7V","3uA@2V","4.4V~5V","-65℃~+150℃","80Ω","500Ω","-"
"C841159","BZX84C5V6","LGE","1940","20","20","https://www.lcsc.com/product-detail/C841159.html","SOT-23","Tape & Reel (TR)","1 Independent","350mW","5.6V","1uA@2V","5.2V~6V","-65℃~+150℃","40Ω","400Ω","-"
"C841160","BZX84C6V2","LGE","12880","20","20","https://www.lcsc.com/product-detail/C841160.html","SOT-23","Tape & Reel (TR)","1 Independent","350mW","6.2V","3uA","5.8V~6.6V","-65℃~+150℃","10Ω","150Ω","-"
"C841161","BZX84C6V8","LGE","3350","50","50","https://www.lcsc.com/product-detail/C841161.html","SOT-23","Tape & Reel (TR)","1 Independent","350mW","6.8V","2uA@4V","6.4V~7.2V","-65℃~+150℃","15Ω","80Ω","-"
"C841162","BZX84C8V2","LGE","800","50","50","https://www.lcsc.com/product-detail/C841162.html","SOT-23","Tape & Reel (TR)","1 Independent","350mW","8.2V","700nA@5V","7.7V~8.7V","-65℃~+150℃","15Ω","80Ω","-"
"C841163","BZX84C9V1","LGE","1800","50","50","https://www.lcsc.com/product-detail/C841163.html","SOT-23","Tape & Reel (TR)","1 Independent","350mW","9.1V","500nA@6V","8.5V~9.6V","-65℃~+150℃","15Ω","100Ω","-"
"C841164","BZX84C15","LGE","3040","20","20","https://www.lcsc.com/product-detail/C841164.html","SOT-23","Tape & Reel (TR)","1 Independent","350mW","15V","100nA","13.8V~15.6V","-65℃~+150℃","30Ω","200Ω","-"
"C841165","BZX84C16","LGE","1350","50","50","https://www.lcsc.com/product-detail/C841165.html","SOT-23","Tape & Reel (TR)","1 Independent","350mW","16V","100nA@11.2V","15.3V~17.1V","-65℃~+150℃","40Ω","200Ω","-"
"C841168","BZX84C22","LGE","640","20","20","https://www.lcsc.com/product-detail/C841168.html","SOT-23","Tape & Reel (TR)","1 Independent","350mW","22V","100nA@15.4V","20.8V~23.3V","-65℃~+150℃","55Ω","250Ω","-"
"C841169","BZX84C36","LGE","50","50","50","https://www.lcsc.com/product-detail/C841169.html","SOT-23","Tape & Reel (TR)","1 Independent","350mW","36V","100nA@25.2V","34V~38V","-65℃~+150℃","90Ω","350Ω","-"
"C841172","BZX84C51","LGE","180","10","10","https://www.lcsc.com/product-detail/C841172.html","SOT-23","Tape & Reel (TR)","1 Independent","350mW","51V","100nA","48V~54V","-65℃~+150℃","180Ω","400Ω","-"
"C841183","BZX84C7V5","LGE","2150","50","50","https://www.lcsc.com/product-detail/C841183.html","SOT-23","Tape & Reel (TR)","1 Independent","350mW","7.5V","1uA","7V~7.9V","-65℃~+150℃","15Ω","80Ω","-"
"C841184","BZX84C11","LGE","2450","50","50","https://www.lcsc.com/product-detail/C841184.html","SOT-23","Tape & Reel (TR)","1 Independent","350mW","11V","100nA","10.4V~11.6V","-65℃~+150℃","20Ω","150Ω","-"
"C890275","BZX84C51LT1G","onsemi","2680","10","10","https://www.lcsc.com/product-detail/C890275.html","SOT-23","Tape & Reel (TR)","1 Independent","250mW","51V","50nA@35.7V","48V~54V","-65℃~+150℃","180Ω","-","-"
"C891723","MMSZ5223BT1G","onsemi","650","10","10","https://www.lcsc.com/product-detail/C891723.html","SOD-123","Tape & Reel (TR)","1 Independent","500mW","2.7V","75uA@1V","2.57V~2.84V","-55℃~+150℃","30Ω","1.3kΩ","±5%"
"C891724","MMSZ5231CT1G","onsemi","205","5","5","https://www.lcsc.com/product-detail/C891724.html","SOD-123","Tape & Reel (TR)","1 Independent","500mW","5.1V","5uA@2V","4.998V~5.202V","-55℃~+150℃","17Ω","1.6kΩ","±2%"
"C891726","MMSZ5235ET1G","onsemi","424","1","1","https://www.lcsc.com/product-detail/C891726.html","SOD-123","Tape & Reel (TR)","1 Independent","500mW","6.8V","3uA@5V","6.46V~7.14V","-55℃~+150℃","5Ω","750Ω","±5%"
"C891728","MMSZ5239BT1G","onsemi","36150","10","10","https://www.lcsc.com/product-detail/C891728.html","SOD-123","Tape & Reel (TR)","1 Independent","500mW","9.1V","3uA@7V","8.65V~9.56V","-55℃~+150℃","10Ω","600Ω",""
"C891737","MMSZ5258CT1G","onsemi","245","5","5","https://www.lcsc.com/product-detail/C891737.html","SOD-123","Tape & Reel (TR)","1 Independent","500mW","36V","100nA@27V","35.28V~36.72V","-55℃~+150℃","70Ω","700Ω","±2%"
"C894459","SZBZX84C15ET1G","onsemi","255","5","5","https://www.lcsc.com/product-detail/C894459.html","SOT-23","Tape & Reel (TR)","1 Independent","250mW","15V","50nA","13.8V~15.6V","-65℃~+150℃","30Ω","-","-"
"C894462","SZBZX84C20LT1G","onsemi","10","5","5","https://www.lcsc.com/product-detail/C894462.html","SOT-23","Tape & Reel (TR)","1 Independent","250mW","20V","50nA@14V","18.8V~21.2V","-65℃~+150℃","55Ω","-","-"
"C894463","SZBZX84C22ET1G","onsemi","100","10","10","https://www.lcsc.com/product-detail/C894463.html","SOT-23-3","Tape & Reel (TR)","1 Independent","250mW","22V","25uA","20.8V~23.3V","-65℃~+150℃","25Ω","-","-"
"C894464","SZBZX84C22LT1G","onsemi","1790","10","10","https://www.lcsc.com/product-detail/C894464.html","SOT-23","Tape & Reel (TR)","1 Independent","250mW","22V","50nA@15.4V","20.8V~23.3V","-65℃~+150℃","55Ω","-","-"
"C894467","SZBZX84C2V4ET1G","onsemi","810","10","10","https://www.lcsc.com/product-detail/C894467.html","SOT-23-3","Tape & Reel (TR)","1 Independent","250mW","2.4V","50uA@1V","2.2V~2.6V","-65℃~+150℃","100Ω","-","-"
"C894469","SZBZX84C2V7LT1G","onsemi","20","10","10","https://www.lcsc.com/product-detail/C894469.html","SOT-23","Tape & Reel (TR)","1 Independent","250mW","2.7V","20uA@1V","2.5V~2.9V","-65℃~+150℃","100Ω","-","-"
"C894473","SZBZX84C33LT1G","onsemi","115","5","5","https://www.lcsc.com/product-detail/C894473.html","SOT-23","Tape & Reel (TR)","1 Independent","250mW","33V","50nA@23.1V","31V~35V","-65℃~+150℃","80Ω","-","-"
"C894476","SZBZX84C3V0ET1G","onsemi","940","5","5","https://www.lcsc.com/product-detail/C894476.html","SOT-23","Tape & Reel (TR)","1 Independent","225mW","3V","10uA@1V","2.8V~3.2V","-65℃~+150℃","95Ω","-","-"
"C894479","SZBZX84C3V6LT1G","onsemi","140","10","10","https://www.lcsc.com/product-detail/C894479.html","SOT-23","Tape & Reel (TR)","1 Independent","250mW","3.6V","5uA@1V","3.4V~3.8V","-65℃~+150℃","90Ω","-","-"
"C894487","SZBZX84C51ET1G","onsemi","920","5","5","https://www.lcsc.com/product-detail/C894487.html","SOT-23-3","Tape & Reel (TR)","1 Independent","225mW","51V","50nA@35.7V","48V~54V","-65℃~+150℃","180Ω","-","-"
"C894496","SZBZX84C6V2ET1G","onsemi","925","5","5","https://www.lcsc.com/product-detail/C894496.html","SOT-23","Tape & Reel (TR)","1 Independent","250mW","6.2V","3uA@4V","5.8V~6.6V","-65℃~+150℃","10Ω","",""
"C894501","SZBZX84C9V1ET1G","onsemi","1000","5","5","https://www.lcsc.com/product-detail/C894501.html","SOT-23","Tape & Reel (TR)","1 Independent","250mW","9.1V","500nA@6V","8.5V~9.6V","-65℃~+150℃","15Ω","-","-"
"C894672","SZMMSZ5233BT1G","onsemi","545","5","5","https://www.lcsc.com/product-detail/C894672.html","SOD-123","Tape & Reel (TR)","1 Independent","500mW","6V","5uA","5.7V~6.3V","-55℃~+150℃","7Ω","1.6kΩ","±5%"
"C894677","SZMMSZ5239BT1G","onsemi","340","5","5","https://www.lcsc.com/product-detail/C894677.html","SOD-123","Tape & Reel (TR)","1 Independent","500mW","9.1V","3uA@7V","8.65V~9.56V","-55℃~+150℃","10Ω","600Ω","±5%"
"C894678","SZMMSZ5241BT1G","onsemi","565","5","5","https://www.lcsc.com/product-detail/C894678.html","SOD-123","Tape & Reel (TR)","1 Independent","500mW","11V","2uA@8.4V","10.45V~11.55V","-55℃~+150℃","22Ω","600Ω","±5%"
"C894682","SZMMSZ5245ET1G","onsemi","1385","5","5","https://www.lcsc.com/product-detail/C894682.html","SOD-123","Tape & Reel (TR)","1 Independent","500mW","15V","100nA@11V","14.25V~15.75V","-55℃~+150℃","16Ω","600Ω","±5%"
"C894686","SZMMSZ5251BT1G","onsemi","560","5","5","https://www.lcsc.com/product-detail/C894686.html","SOD-123","Tape & Reel (TR)","1 Independent","500mW","22V","100nA@17V","20.9V~23.1V","-55℃~+150℃","29Ω","600Ω","±5%"
"C894703","SZMMSZ5268BT1G","onsemi","770","5","5","https://www.lcsc.com/product-detail/C894703.html","SOD-123","Tape & Reel (TR)","1 Independent","500mW","82V","100nA@62V","77.9V~86.1V","-55℃~+150℃","330Ω","2kΩ","±5%"
"C894704","SZMMSZ5270BT1G","onsemi","2680","5","5","https://www.lcsc.com/product-detail/C894704.html","SOD-123","Tape & Reel (TR)","1 Independent","500mW","91V","100nA@69V","86.45V~95.55V","-55℃~+150℃","400Ω","2.3kΩ","±5%"
"C896688","BZX84C18LT3G","onsemi","55","5","5","https://www.lcsc.com/product-detail/C896688.html","SOT-23","Tape & Reel (TR)","1 Independent","250mW","18V","50nA@20V","16.8V~19.1V","-65℃~+150℃","45Ω","-","±2%"
"C896691","BZX84C4V7LT3G","onsemi","5700","20","20","https://www.lcsc.com/product-detail/C896691.html","SOT-23","Tape & Reel (TR)","1 Independent","250mW","4.7V","3uA@2V","4.4V~5V","-55℃~+150℃","80Ω","-","-"
"C896693","BZX84C5V6LT3G","onsemi","80","20","20","https://www.lcsc.com/product-detail/C896693.html","SOT-23","Tape & Reel (TR)","1 Independent","250mW","5.6V","1uA@2V","5.2V~6V","-65℃~+150℃","40Ω","500Ω","-"
"C896695","BZX84C6V8LT3G","onsemi","500","5","5","https://www.lcsc.com/product-detail/C896695.html","SOT-23","Tape & Reel (TR)","1 Independent","250mW","6.8V","2uA@4V","6.4V~7.2V","-65℃~+150℃","15Ω","400Ω","-"
"C896696","BZX84C9V1LT3G","onsemi","200","5","5","https://www.lcsc.com/product-detail/C896696.html","SOT-23","Tape & Reel (TR)","1 Independent","250mW","9.1V","500nA@6V","8.5V~9.6V","-65℃~+150℃","15Ω","75Ω","±2%"
"C896932","SZBZX84C12LT3G","onsemi","1155","5","5","https://www.lcsc.com/product-detail/C896932.html","SOT-23","Tape & Reel (TR)","1 Independent","250mW","12V","100nA@8V","11.4V~12.7V","-65℃~+150℃","25Ω","-","-"
"C896933","SZBZX84C13LT3G","onsemi","70","10","10","https://www.lcsc.com/product-detail/C896933.html","SOT-23","Tape & Reel (TR)","1 Independent","250mW","13V","100nA@8V","12.4V~14.1V","-65℃~+150℃","30Ω","-","-"
"C896935","SZBZX84C15LT3G","onsemi","6500","10","10","https://www.lcsc.com/product-detail/C896935.html","SOT-23","Tape & Reel (TR)","1 Independent","250mW","15V","50nA@10.5V","13.8V~15.6V","-65℃~+150℃","20Ω","-","-"
"C896938","SZBZX84C18LT3G","onsemi","35","5","5","https://www.lcsc.com/product-detail/C896938.html","SOT-23","Tape & Reel (TR)","1 Independent","250mW","18V","50nA@12.6V","16.8V~19.1V","-65℃~+150℃","45Ω","-","-"
"C896944","SZBZX84C39LT3G","onsemi","215","5","5","https://www.lcsc.com/product-detail/C896944.html","SOT-23","Tape & Reel (TR)","1 Independent","225mW","39V","50nA@27.3V","37V~41V","-65℃~+150℃","130Ω","-","-"
"C896950","SZBZX84C4V7LT3G","onsemi","40","5","5","https://www.lcsc.com/product-detail/C896950.html","SOT-23","Tape & Reel (TR)","1 Independent","250mW","4.7V","3uA@2V","4.4V~5V","-65℃~+150℃","80Ω","-","-"
"C896954","SZBZX84C5V6LT3G","onsemi","90","5","5","https://www.lcsc.com/product-detail/C896954.html","SOT-23","Tape & Reel (TR)","1 Independent","250mW","5.6V","1uA@2V","5.2V~6V","-65℃~+150℃","40Ω","-","-"
"C896958","SZBZX84C7V5LT3G","onsemi","100","5","5","https://www.lcsc.com/product-detail/C896958.html","SOT-23","Tape & Reel (TR)","1 Independent","225mW","7.5V","1uA@5V","-","-65℃~+150℃","15Ω","-","-"
"C896959","SZBZX84C8V2ET3G","onsemi","300","5","5","https://www.lcsc.com/product-detail/C896959.html","SOT-23","Tape & Reel (TR)","1 Independent","250mW","8.2V","700nA@5V","7.7V~8.7V","-65℃~+150℃","15Ω","-","-"
"C896960","SZBZX84C8V2LT3G","onsemi","1610","5","5","https://www.lcsc.com/product-detail/C896960.html","SOT-23","Tape & Reel (TR)","1 Independent","225mW","8.2V","700nA@5V","7.7V~8.7V","-65℃~+150℃","15Ω","-","-"
"C896962","SZBZX84C9V1LT3G","onsemi","100","5","5","https://www.lcsc.com/product-detail/C896962.html","SOT-23","Tape & Reel (TR)","1 Independent","250mW","9.1V","500nA@6V","8.5V~9.6V","-65℃~+150℃","15Ω","-","-"
"C917506","BZX84C12-E3-08","VISHAY","10","10","10","https://www.lcsc.com/product-detail/C917506.html","SOT-23","Tape & Reel (TR)","1 Independent","500mW","12V","100nA","11.4V~12.6V","","25Ω","150Ω",""
"C962733","BZX84C5V1","Shikues","140","20","20","https://www.lcsc.com/product-detail/C962733.html","SOT-23","Tape & Reel (TR)","1 Independent","225mW","5.1V","2uA@2V","4.8V~5.4V","-55℃~+150℃","60Ω","-","-"
"C968237","BZX84C10","YANGJIE","3000","20","20","https://www.lcsc.com/product-detail/C968237.html","SOT-23","Tape & Reel (TR)","1 Independent","350mW","10V","200nA@7V","9.4V~10.6V","-55℃~+150℃","20Ω","150Ω","-"
"C968238","BZX84C10W","YANGJIE","920","20","20","https://www.lcsc.com/product-detail/C968238.html","SOT-323(SC-70)","Tape & Reel (TR)","1 Independent","200mW","10V","200nA@7V","9.4V~10.6V","-55℃~+150℃","20Ω","150Ω","-"
"C968239","BZX84C11","YANGJIE","2180","20","20","https://www.lcsc.com/product-detail/C968239.html","SOT-23","Tape & Reel (TR)","1 Independent","350mW","11V","100nA@8V","10.4V~11.6V","-55℃~+150℃","20Ω","150Ω","-"
"C968241","BZX84C12","YANGJIE","260","20","20","https://www.lcsc.com/product-detail/C968241.html","SOT-23","Tape & Reel (TR)","1 Independent","350mW","12V","100nA@8V","11.4V~12.7V","-55℃~+150℃","25Ω","150Ω","-"
"C968242","BZX84C12W","YANGJIE","2440","20","20","https://www.lcsc.com/product-detail/C968242.html","SOT-323(SC-70)","Tape & Reel (TR)","1 Independent","200mW","12V","100nA@8V","11.4V~12.7V","-55℃~+150℃","25Ω","150Ω","-"
"C968243","BZX84C13","YANGJIE","40","20","20","https://www.lcsc.com/product-detail/C968243.html","SOT-23","Tape & Reel (TR)","1 Independent","350mW","13V","100nA@8V","12.4V~14.1V","-55℃~+150℃","30Ω","170Ω","-"
"C968244","BZX84C13W","YANGJIE","2580","20","20","https://www.lcsc.com/product-detail/C968244.html","SOT-323(SC-70)","Tape & Reel (TR)","1 Independent","200mW","13V","100nA@8V","12.4V~14.1V","-55℃~+150℃","30Ω","170Ω","-"
"C968246","BZX84C15W","YANGJIE","2980","20","20","https://www.lcsc.com/product-detail/C968246.html","SOT-323(SC-70)","Tape & Reel (TR)","1 Independent","200mW","15V","100nA@10.5V","13.8V~15.6V","-55℃~+150℃","30Ω","200Ω","-"
"C968247","BZX84C16","YANGJIE","1400","20","20","https://www.lcsc.com/product-detail/C968247.html","SOT-23","Tape & Reel (TR)","1 Independent","350mW","16V","100nA@11.2V","15.3V~17.1V","-55℃~+150℃","40Ω","200Ω","-"
"C968248","BZX84C16W","YANGJIE","2300","20","20","https://www.lcsc.com/product-detail/C968248.html","SOT-323(SC-70)","Tape & Reel (TR)","1 Independent","200mW","16V","100nA@11.2V","15.3V~17.1V","-55℃~+150℃","40Ω","200Ω","-"
"C968252","BZX84C20W","YANGJIE","2400","20","20","https://www.lcsc.com/product-detail/C968252.html","SOT-323(SC-70)","Tape & Reel (TR)","1 Independent","200mW","20V","100nA@14V","18.8V~21.2V","-55℃~+150℃","55Ω","225Ω","-"
"C968253","BZX84C22","YANGJIE","1860","20","20","https://www.lcsc.com/product-detail/C968253.html","SOT-23","Tape & Reel (TR)","1 Independent","350mW","22V","100nA@15.4V","20.8V~23.3V","-55℃~+150℃","55Ω","250Ω","-"
"C968255","BZX84C24","YANGJIE","480","20","20","https://www.lcsc.com/product-detail/C968255.html","SOT-23","Tape & Reel (TR)","1 Independent","350mW","24V","100nA@16.8V","22.8V~25.6V","-55℃~+150℃","70Ω","250Ω","-"
"C968256","BZX84C24W","YANGJIE","2780","20","20","https://www.lcsc.com/product-detail/C968256.html","SOT-323(SC-70)","Tape & Reel (TR)","1 Independent","200mW","24V","100nA@16.8V","22.8V~25.6V","-55℃~+150℃","70Ω","250Ω","-"
"C968257","BZX84C27","YANGJIE","720","20","20","https://www.lcsc.com/product-detail/C968257.html","SOT-23","Tape & Reel (TR)","1 Independent","350mW","27V","100nA@18.9V","25.1V~28.9V","-55℃~+150℃","80Ω","300Ω","-"
"C968260","BZX84C2V4W","YANGJIE","780","20","20","https://www.lcsc.com/product-detail/C968260.html","SOT-323(SC-70)","Tape & Reel (TR)","1 Independent","200mW","2.4V","50uA@1V","2.28V~2.52V","-55℃~+150℃","100Ω","600Ω","-"
"C968261","BZX84C2V7","YANGJIE","20","20","20","https://www.lcsc.com/product-detail/C968261.html","SOT-23","Tape & Reel (TR)","1 Independent","350mW","2.7V","20uA@1V","2.5V~2.9V","-55℃~+150℃","100Ω","600Ω","-"
"C968263","BZX84C30","YANGJIE","820","20","20","https://www.lcsc.com/product-detail/C968263.html","SOT-23","Tape & Reel (TR)","1 Independent","350mW","30V","100nA@21V","28V~32V","-55℃~+150℃","80Ω","300Ω","-"
"C968268","BZX84C36W","YANGJIE","1340","20","20","https://www.lcsc.com/product-detail/C968268.html","SOT-323(SC-70)","Tape & Reel (TR)","1 Independent","200mW","36V","100nA@25.2V","34V~38V","-55℃~+150℃","90Ω","350Ω","-"
"C968269","BZX84C39","YANGJIE","2820","20","20","https://www.lcsc.com/product-detail/C968269.html","SOT-23","Tape & Reel (TR)","1 Independent","350mW","39V","100nA@27.3V","37V~41V","-55℃~+150℃","130Ω","350Ω","-"
"C968272","BZX84C3V0W","YANGJIE","2500","20","20","https://www.lcsc.com/product-detail/C968272.html","SOT-323(SC-70)","Tape & Reel (TR)","1 Independent","200mW","3V","10uA@1V","2.8V~3.2V","-55℃~+150℃","95Ω","600Ω","-"
"C968273","BZX84C3V3","YANGJIE","20","20","20","https://www.lcsc.com/product-detail/C968273.html","SOT-23","Tape & Reel (TR)","1 Independent","350mW","3.3V","5uA@1V","3.1V~3.5V","-55℃~+150℃","95Ω","600Ω","-"
"C968274","BZX84C3V3W","YANGJIE","480","20","20","https://www.lcsc.com/product-detail/C968274.html","SOT-323(SC-70)","Tape & Reel (TR)","1 Independent","200mW","3.3V","5uA@1V","3.1V~3.5V","-55℃~+150℃","95Ω","600Ω","-"
"C968275","BZX84C3V6","YANGJIE","3000","20","20","https://www.lcsc.com/product-detail/C968275.html","SOT-23","Tape & Reel (TR)","1 Independent","350mW","3.6V","5uA@1V","3.4V~3.8V","-55℃~+150℃","90Ω","600Ω","-"
"C968276","BZX84C3V6W","YANGJIE","1560","20","20","https://www.lcsc.com/product-detail/C968276.html","SOT-323(SC-70)","Tape & Reel (TR)","1 Independent","200mW","3.6V","5uA@1V","3.4V~3.8V","-55℃~+150℃","90Ω","600Ω","-"
"C968278","BZX84C3V9W","YANGJIE","1940","20","20","https://www.lcsc.com/product-detail/C968278.html","SOT-323(SC-70)","Tape & Reel (TR)","1 Independent","200mW","3.9V","3uA","3.7V~4.1V","-55℃~+150℃","90Ω","600Ω","-"
"C968279","BZX84C43","YANGJIE","2460","20","20","https://www.lcsc.com/product-detail/C968279.html","SOT-23(TO-236)","Tape & Reel (TR)","1 Independent","350mW","43V","100nA@30.1V","40.85V~45.15V","-55℃~+150℃","150Ω","375Ω","-"
"C968280","BZX84C47","YANGJIE","880","20","20","https://www.lcsc.com/product-detail/C968280.html","SOT-23","Tape & Reel (TR)","1 Independent","350mW","47V","100nA@32.9V","44.65V~49.35V","-55℃~+150℃","170Ω","375Ω","-"
"C968281","BZX84C4V3","YANGJIE","20","20","20","https://www.lcsc.com/product-detail/C968281.html","SOT-23","Tape & Reel (TR)","1 Independent","350mW","4.3V","3uA@1V","4V~4.6V","-55℃~+150℃","90Ω","600Ω","-"
"C968282","BZX84C4V3W","YANGJIE","200","20","20","https://www.lcsc.com/product-detail/C968282.html","SOT-323(SC-70)","Tape & Reel (TR)","1 Independent","200mW","4.3V","3uA@1V","4V~4.6V","-55℃~+150℃","90Ω","600Ω","-"
"C968283","BZX84C4V7","YANGJIE","20","20","20","https://www.lcsc.com/product-detail/C968283.html","SOT-23","Tape & Reel (TR)","1 Independent","350mW","4.7V","3uA@2V","4.4V~5V","-55℃~+150℃","80Ω","500Ω","-"
"C968284","BZX84C4V7W","YANGJIE","1480","20","20","https://www.lcsc.com/product-detail/C968284.html","SOT-323(SC-70)","Tape & Reel (TR)","1 Independent","200mW","4.7V","3uA@2V","4.4V~5V","-55℃~+150℃","80Ω","500Ω","-"
"C968286","BZX84C56","YANGJIE","2500","20","20","https://www.lcsc.com/product-detail/C968286.html","SOT-23","Tape & Reel (TR)","1 Independent","350mW","56V","50nA","53V~59V","-55℃~+150℃","200Ω","425Ω","-"
"C968287","BZX84C5V1","YANGJIE","1640","20","20","https://www.lcsc.com/product-detail/C968287.html","SOT-23","Tape & Reel (TR)","1 Independent","350mW","5.1V","2uA","4.8V~5.4V","-55℃~+150℃","60Ω","480Ω","-"
"C968290","BZX84C5V6W","YANGJIE","3000","20","20","https://www.lcsc.com/product-detail/C968290.html","SOT-323(SC-70)","Tape & Reel (TR)","1 Independent","200mW","5.6V","1uA@2V","5.2V~6V","-55℃~+150℃","40Ω","400Ω","-"
"C968294","BZX84C6V2W","YANGJIE","1480","20","20","https://www.lcsc.com/product-detail/C968294.html","SOT-323(SC-70)","Tape & Reel (TR)","1 Independent","200mW","6.2V","3uA@4V","5.8V~6.6V","-55℃~+150℃","10Ω","150Ω","-"
"C968296","BZX84C6V8W","YANGJIE","40","20","20","https://www.lcsc.com/product-detail/C968296.html","SOT-323(SC-70)","Tape & Reel (TR)","1 Independent","200mW","6.8V","2uA@4V","6.4V~7.2V","-55℃~+150℃","15Ω","80Ω","-"
"C968297","BZX84C75","YANGJIE","1580","20","20","https://www.lcsc.com/product-detail/C968297.html","SOT-23","Tape & Reel (TR)","1 Independent","350mW","75V","50nA","70V~79V","-55℃~+150℃","255Ω","500Ω","-"
"C968298","BZX84C7V5","YANGJIE","2980","20","20","https://www.lcsc.com/product-detail/C968298.html","SOT-23","Tape & Reel (TR)","1 Independent","350mW","7.5V","1uA@5V","7V~7.9V","-55℃~+150℃","15Ω","80Ω","-"
"C968299","BZX84C7V5W","YANGJIE","2200","20","20","https://www.lcsc.com/product-detail/C968299.html","SOT-323(SC-70)","Tape & Reel (TR)","1 Independent","200mW","7.5V","1uA@5V","7V~7.9V","-55℃~+150℃","15Ω","80Ω","-"
"C968300","BZX84C8V2","YANGJIE","20","20","20","https://www.lcsc.com/product-detail/C968300.html","SOT-23","Tape & Reel (TR)","1 Independent","350mW","8.2V","700nA","7.7V~8.7V","-55℃~+150℃","15Ω","80Ω","-"
"C970337","BZX84C3V0","LGE","7400","50","50","https://www.lcsc.com/product-detail/C970337.html","SOT-23","Tape & Reel (TR)","1 Independent","350mW","3V","10uA@1V","2.8V~3.2V","-65℃~+150℃","95Ω","600Ω","-"
"C970340","BZX84C39","LGE","150","50","50","https://www.lcsc.com/product-detail/C970340.html","SOT-23","Tape & Reel (TR)","1 Independent","350mW","39V","100nA","37V~41V","-65℃~+150℃","130Ω","350Ω","-"
"C2760558","BZX84C3V3Q-7-F","DIODES","340","10","10","https://www.lcsc.com/product-detail/C2760558.html","SOT-23","Tape & Reel (TR)","1 Independent","350mW","3.3V","5uA","3.1V~3.5V","-65℃~+150℃","95Ω","600Ω","-"
"C2760561","BZX84C16Q-7-F","DIODES","390","10","10","https://www.lcsc.com/product-detail/C2760561.html","SOT-23","Tape & Reel (TR)","1 Independent","350mW","16V","100nA@11.2V","15.3V~17.1V","-65℃~+150℃","40Ω","200Ω","-"
"C2760562","BZX84C4V7Q-7-F","DIODES","140","10","10","https://www.lcsc.com/product-detail/C2760562.html","SOT-23","Tape & Reel (TR)","1 Independent","350mW","4.7V","3uA","4.4V~5V","-65℃~+150℃","80Ω","500Ω","-"
"C2760563","BZX84C2V4Q-7-F","DIODES","200","10","10","https://www.lcsc.com/product-detail/C2760563.html","SOT-23-3","Tape & Reel (TR)","1 Independent","300mW","2.4V","50uA@1V","2.2V~2.6V","-65℃~+150℃","100Ω","600Ω","-"
"C2760640","BZX84C2V4T-7-F","DIODES","2410","10","10","https://www.lcsc.com/product-detail/C2760640.html","SOT-523","Tape & Reel (TR)","1 Independent","150mW","2.4V","50uA@1V","2.2V~2.6V","-65℃~+150℃","100Ω","600Ω",""
"C2832544","BZX84C3V9","CBI","900","50","50","https://www.lcsc.com/product-detail/C2832544.html","SOT-23","Tape & Reel (TR)","1 Independent","350mW","3.9V","3uA@1V","3.7V~4.1V","-65℃~+150℃","90Ω","-","-"
"C2832545","BZX84C4V3","CBI","850","50","50","https://www.lcsc.com/product-detail/C2832545.html","SOT-23","Tape & Reel (TR)","1 Independent","350mW","4.3V","3uA@1V","4V~4.6V","-65℃~+150℃","90Ω","-","-"
"C2832546","BZX84C4V7","CBI","450","50","50","https://www.lcsc.com/product-detail/C2832546.html","SOT-23","Tape & Reel (TR)","1 Independent","350mW","4.7V","3uA@2V","4.4V~5V","-65℃~+150℃","80Ω","-","-"
"C2832547","BZX84C5V1","CBI","2360","20","20","https://www.lcsc.com/product-detail/C2832547.html","SOT-23","Tape & Reel (TR)","1 Independent","350mW","5.1V","2uA@2V","4.8V~5.4V","-65℃~+150℃","60Ω","-","-"
"C2832548","BZX84C5V6","CBI","1550","50","50","https://www.lcsc.com/product-detail/C2832548.html","SOT-23","Tape & Reel (TR)","1 Independent","350mW","5.6V","1uA@2V","5.2V~6V","-65℃~+150℃","40Ω","-","-"
"C2832549","BZX84C6V2","CBI","4400","50","50","https://www.lcsc.com/product-detail/C2832549.html","SOT-23","Tape & Reel (TR)","1 Independent","350mW","6.2V","3uA@4V","5.8V~6.6V","-65℃~+150℃","10Ω","-","-"
"C2832550","BZX84C6V8","CBI","150","50","50","https://www.lcsc.com/product-detail/C2832550.html","SOT-23","Tape & Reel (TR)","1 Independent","350mW","6.8V","2uA","6.4V~7.2V","-65℃~+150℃","15Ω","-","-"
"C2832551","BZX84C7V5","CBI","2500","50","50","https://www.lcsc.com/product-detail/C2832551.html","SOT-23","Tape & Reel (TR)","1 Independent","350mW","7.5V","1uA@5V","7V~7.9V","-65℃~+150℃","15Ω","-","-"
"C2832552","BZX84C8V2","CBI","3050","50","50","https://www.lcsc.com/product-detail/C2832552.html","SOT-23","Tape & Reel (TR)","1 Independent","350mW","8.2V","700nA@5V","7.7V~8.7V","-65℃~+150℃","15Ω","-","-"
"C2832554","BZX84C10","CBI","2800","50","50","https://www.lcsc.com/product-detail/C2832554.html","SOT-23","Tape & Reel (TR)","1 Independent","350mW","10V","200nA@7V","9.4V~10.6V","-65℃~+150℃","20Ω","-","-"
"C2832555","BZX84C11","CBI","2950","50","50","https://www.lcsc.com/product-detail/C2832555.html","SOT-23","Tape & Reel (TR)","1 Independent","350mW","11V","100nA@8V","10.4V~11.6V","-65℃~+150℃","20Ω","-","-"
"C2832556","BZX84C12","CBI","2150","50","50","https://www.lcsc.com/product-detail/C2832556.html","SOT-23","Tape & Reel (TR)","1 Independent","350mW","12V","100nA","11.4V~12.7V","-65℃~+150℃","25Ω","-","-"
"C2832557","BZX84C13","CBI","150","50","50","https://www.lcsc.com/product-detail/C2832557.html","SOT-23","Tape & Reel (TR)","1 Independent","350mW","13V","100nA@8V","12.4V~14.1V","-65℃~+150℃","30Ω","-","-"
"C2832559","BZX84C16","CBI","250","50","50","https://www.lcsc.com/product-detail/C2832559.html","SOT-23","Tape & Reel (TR)","1 Independent","350mW","16V","50nA@11.2V","15.3V~17.1V","-65℃~+150℃","40Ω","-","-"
"C2832560","BZX84C18","CBI","3000","50","50","https://www.lcsc.com/product-detail/C2832560.html","SOT-23","Tape & Reel (TR)","1 Independent","350mW","18V","50nA@12.6V","16.8V~19.1V","-65℃~+150℃","45Ω","-","-"
"C2832561","BZX84C20","CBI","2000","50","50","https://www.lcsc.com/product-detail/C2832561.html","SOT-23","Tape & Reel (TR)","1 Independent","350mW","20V","50nA@14V","18.8V~21.2V","-65℃~+150℃","55Ω","-","-"
"C2832562","BZX84C22","CBI","2100","50","50","https://www.lcsc.com/product-detail/C2832562.html","SOT-23","Tape & Reel (TR)","1 Independent","350mW","22V","50nA@15.4V","20.8V~23.3V","-65℃~+150℃","55Ω","-","-"
"C2832563","BZX84C24","CBI","150","50","50","https://www.lcsc.com/product-detail/C2832563.html","SOT-23","Tape & Reel (TR)","1 Independent","350mW","24V","50nA@16.8V","22.8V~25.6V","-65℃~+150℃","70Ω","-","-"
"C2832565","BZX84C30","CBI","700","50","50","https://www.lcsc.com/product-detail/C2832565.html","SOT-23","Tape & Reel (TR)","1 Independent","350mW","30V","50nA@21V","28V~32V","-65℃~+150℃","80Ω","-","-"
"C2832567","BZX84C36","CBI","450","50","50","https://www.lcsc.com/product-detail/C2832567.html","SOT-23","Tape & Reel (TR)","1 Independent","350mW","36V","50nA@25.2V","34V~38V","-65℃~+150℃","90Ω","-","-"
"C2832568","BZX84C39","CBI","300","50","50","https://www.lcsc.com/product-detail/C2832568.html","SOT-23","Tape & Reel (TR)","1 Independent","350mW","39V","50nA","37V~41V","-65℃~+150℃","130Ω","-","-"
"C2843307","BZX84C5V6","Slkor","2550","50","50","https://www.lcsc.com/product-detail/C2843307.html","SOT-23","Tape & Reel (TR)","1 Independent","300mW","5.6V","1uA","5.2V~6V","-","40Ω","400Ω","-"
"C2843308","BZX84C6V2","Slkor","2900","50","50","https://www.lcsc.com/product-detail/C2843308.html","SOT-23-3","Tape & Reel (TR)","1 Independent","300mW","6.2V","3uA@4V","5.8V~6.6V","-","10Ω","150Ω","-"
"C2843309","BZX84C12","Slkor","50","50","50","https://www.lcsc.com/product-detail/C2843309.html","SOT-23","Tape & Reel (TR)","1 Independent","300mW","12V","100nA@8V","11.4V~12.7V","-55℃~+150℃","25Ω","150Ω","-"
"C2846995","LBZX84C51LT1G","LRC","2980","20","20","https://www.lcsc.com/product-detail/C2846995.html","SOT-23","Tape & Reel (TR)","1 Independent","300mW","51V","50nA","48V~54V","-55℃~+150℃","180Ω","-","-"
"C2848292","BZX84C2V4","LGE","1500","20","20","https://www.lcsc.com/product-detail/C2848292.html","SOT-23","Tape & Reel (TR)","1 Independent","350mW","2.4V","50uA@1V","2.2V~2.6V","-65℃~+150℃","100Ω","600Ω","-"
"C2858518","BZX84C5V1","MDD(Microdiode Semiconductor)","8670","10","10","https://www.lcsc.com/product-detail/C2858518.html","SOT-23","Tape & Reel (TR)","1 Independent","300mW","5.1V","2uA@2V","4.8V~5.4V","-55℃~+150℃","60Ω","480Ω","-"
"C2858523","MMSZ5230B","MDD(Microdiode Semiconductor)","2870","10","10","https://www.lcsc.com/product-detail/C2858523.html","SOD-123","Tape & Reel (TR)","1 Independent","500mW","4.7V","5uA@2V","4.47V~4.94V","-","19Ω","1.9kΩ","±5%"
"C2859151","BZX84C4V3CC","ST(Semtech)","1550","10","10","https://www.lcsc.com/product-detail/C2859151.html","TO-236","Tape & Reel (TR)","1 Pair Common Cathode","350mW","4.3V","3uA@1V","4V~4.6V","-65℃~+150℃","90Ω","-","-"
"C2875433","MMSZ5244BS","JSCJ","2920","20","20","https://www.lcsc.com/product-detail/C2875433.html","SOD-323","Tape & Reel (TR)","1 Independent","200mW","14V","100nA","13.3V~14.7V","-55℃~+150℃","15Ω","600Ω","-"
"C2889155","MMSZ5261B","YANGJIE","3000","50","50","https://www.lcsc.com/product-detail/C2889155.html","SOD-123","Tape & Reel (TR)","1 Independent","500mW","47V","100nA@36V","44.65V~49.35V","-55℃~+150℃","29Ω","1kΩ","-"
"C2892232","MMSZ5225B_R1_00001","PANJIT","2480","20","20","https://www.lcsc.com/product-detail/C2892232.html","SOD-123","Tape & Reel (TR)","1 Independent","500mW","3V","50uA@1V","2.85V~3.15V","-55℃~+150℃","30Ω","1.6kΩ",""
"C2895358","MMSZ5228BS-7-F","DIODES","2600","10","10","https://www.lcsc.com/product-detail/C2895358.html","SOD-323","Tape & Reel (TR)","1 Independent","200mW","3.9V","10uA@1V","3.71V~4.1V","-65℃~+150℃","23Ω","1.9kΩ",""
"C2902536","MMSZ5222B_R1_00001","PANJIT","4020","20","20","https://www.lcsc.com/product-detail/C2902536.html","SOD-123","Tape & Reel (TR)","1 Independent","500mW","2.5V","100uA@1V","2.38V~2.63V","-55℃~+150℃","30Ω","1.25kΩ","-"
"C2902537","MMSZ5223B_R1_00001","PANJIT","1360","20","20","https://www.lcsc.com/product-detail/C2902537.html","SOD-123","Tape & Reel (TR)","1 Independent","500mW","2.7V","75uA@1V","2.57V~2.84V","-55℃~+150℃","30Ω","1.3kΩ","-"
"C2902539","MMSZ5229B_R1_00001","PANJIT","1800","20","20","https://www.lcsc.com/product-detail/C2902539.html","SOD-123","Tape & Reel (TR)","1 Independent","500mW","4.3V","5uA@1V","4.09V~4.52V","-55℃~+150℃","22Ω","2kΩ","-"
"C2902540","MMSZ5233B_R1_00001","PANJIT","3580","20","20","https://www.lcsc.com/product-detail/C2902540.html","SOD-123","Tape & Reel (TR)","1 Independent","500mW","6V","5uA@3.5V","5.7V~6.3V","-55℃~+150℃","7Ω","1.6kΩ","-"
"C2902541","MMSZ5241BS_R1_00001","PANJIT","4480","20","20","https://www.lcsc.com/product-detail/C2902541.html","SOD-323","Tape & Reel (TR)","1 Independent","200mW","11V","2uA@8.4V","10.45V~11.55V","-55℃~+150℃","22Ω","600Ω","-"
"C2902542","MMSZ5249B_R1_00001","PANJIT","2540","20","20","https://www.lcsc.com/product-detail/C2902542.html","SOD-123","Tape & Reel (TR)","1 Independent","500mW","19V","100nA@14V","18.05V~19.89V","-55℃~+150℃","23Ω","600Ω","-"
"C2902543","MMSZ5255A_R1_00001","PANJIT","2720","20","20","https://www.lcsc.com/product-detail/C2902543.html","SOD-123","Tape & Reel (TR)","1 Independent","500mW","28V","100nA@21V","27.44V~28.56V","-50℃~+150℃","44Ω","600Ω","-"
"C2902544","MMSZ5263B_R1_00001","PANJIT","660","20","20","https://www.lcsc.com/product-detail/C2902544.html","SOD-123","Tape & Reel (TR)","1 Independent","500mW","56V","100nA@43V","53.2V~58.8V","-50℃~+150℃","150Ω","1.3kΩ","-"
"C2902545","MMSZ5239BS_R1_00001","PANJIT","4900","20","20","https://www.lcsc.com/product-detail/C2902545.html","SOD-323","Tape & Reel (TR)","1 Independent","200mW","9.1V","3uA","8.65V~9.56V","-55℃~+150℃","10Ω","600Ω","-"
"C2903814","MMSZ5240B","LGE","2220","10","10","https://www.lcsc.com/product-detail/C2903814.html","SOD-123","Tape & Reel (TR)","1 Independent","500mW","10V","3uA@8V","9.5V~10.5V","-","17Ω","600Ω","-"
"C2903815","MMSZ5231B","LGE","2750","50","50","https://www.lcsc.com/product-detail/C2903815.html","SOD-123","Tape & Reel (TR)","1 Independent","500mW","5.1V","5uA@2V","4.85V~5.36V","-","17Ω","1.6kΩ","-"
"C2903816","MMSZ5248B","LGE","2350","50","50","https://www.lcsc.com/product-detail/C2903816.html","SOD-123","Tape & Reel (TR)","1 Independent","500mW","18V","100nA@14V","17.1V~18.9V","-","21Ω","600Ω","-"
"C2903817","MMSZ5252B","LGE","4200","50","50","https://www.lcsc.com/product-detail/C2903817.html","SOD-123","Tape & Reel (TR)","1 Independent","500mW","24V","100nA@18V","22.8V~25.2V","-","33Ω","600Ω","-"
"C2903818","MMSZ5234B","LGE","1720","20","20","https://www.lcsc.com/product-detail/C2903818.html","SOD-123","Tape & Reel (TR)","1 Independent","500mW","6.2V","5uA@4V","5.89V~6.51V","-","7Ω","1kΩ","-"
"C2903819","MMSZ5232B","LGE","710","10","10","https://www.lcsc.com/product-detail/C2903819.html","SOD-123","Tape & Reel (TR)","1 Independent","500mW","5.6V","5uA@3V","5.32V~5.88V","-","11Ω","1.6kΩ","-"
"C2903820","MMSZ5227B","LGE","3780","20","20","https://www.lcsc.com/product-detail/C2903820.html","SOD-123","Tape & Reel (TR)","1 Independent","500mW","3.6V","15uA@1V","3.42V~3.78V","-","24Ω","1.7kΩ","-"
"C2903821","MMSZ5228B","LGE","160","20","20","https://www.lcsc.com/product-detail/C2903821.html","SOD-123","Tape & Reel (TR)","1 Independent","500mW","3.9V","10uA@1V","3.71V~4.1V","-","23Ω","1.9kΩ","-"
"C2903822","MMSZ5236B","LGE","480","20","20","https://www.lcsc.com/product-detail/C2903822.html","SOD-123","Tape & Reel (TR)","1 Independent","500mW","7.5V","3uA@6V","7.13V~7.88V","-","6Ω","500Ω","-"
"C2903823","MMSZ5245B","LGE","3880","20","20","https://www.lcsc.com/product-detail/C2903823.html","SOD-123","Tape & Reel (TR)","1 Independent","500mW","15V","100nA@11V","14.25V~15.75V","-","16Ω","600Ω","-"
"C2910067","MMSZ5245C","JSCJ","2960","20","20","https://www.lcsc.com/product-detail/C2910067.html","SOD-123","Tape & Reel (TR)","1 Independent","350mW","15V","100nA","14.7V~15.3V","-55℃~+150℃","16Ω","600Ω","-"
"C2910073","MMSZ5247B","JSCJ","2480","20","20","https://www.lcsc.com/product-detail/C2910073.html","SOD-123","Tape & Reel (TR)","1 Independent","350mW","17V","100nA@13V","16.15V~17.85V","-55℃~+150℃","19Ω","600Ω","±5%"
"C2910092","MMSZ5255BS","JSCJ","2840","20","20","https://www.lcsc.com/product-detail/C2910092.html","SOD-323","Tape & Reel (TR)","1 Independent","200mW","28V","100nA","26.6V~29.4V","-65℃~+175℃","44Ω","600Ω","-"
"C2910094","MMSZ5239BS","JSCJ","3000","20","20","https://www.lcsc.com/product-detail/C2910094.html","SOD-323","Tape & Reel (TR)","1 Independent","200mW","9.1V","3uA","8.65V~9.56V","-55℃~+150℃","10Ω","600Ω","-"
"C2910108","MMSZ5253BS","JSCJ","2180","20","20","https://www.lcsc.com/product-detail/C2910108.html","SOD-323","Tape & Reel (TR)","1 Independent","200mW","25V","100nA","23.75V~26.25V","-55℃~+150℃","35Ω","600Ω","-"
"C2910146","BZX84C24","JSCJ","40","20","20","https://www.lcsc.com/product-detail/C2910146.html","SOT-23","Tape & Reel (TR)","1 Independent","300mW","24V","100nA@16.8V","22.8V~25.6V","-55℃~+150℃","70Ω","250Ω","-"
"C2910188","BZX84C6V2","JSCJ","2000","20","20","https://www.lcsc.com/product-detail/C2910188.html","SOT-23","Tape & Reel (TR)","1 Independent","300mW","6.2V","3uA@4V","5.8V~6.6V","-55℃~+150℃","10Ω","150Ω","-"
"C2910204","BZX84C2V7","JSCJ","1160","20","20","https://www.lcsc.com/product-detail/C2910204.html","SOT-23","Tape & Reel (TR)","1 Independent","300mW","2.7V","20uA@1V","2.5V~2.9V","-55℃~+150℃","100Ω","600Ω","-"
"C2910209","BZX84C36","JSCJ","1740","20","20","https://www.lcsc.com/product-detail/C2910209.html","SOT-23","Tape & Reel (TR)","1 Independent","300mW","36V","100nA@25.2V","34V~38V","-55℃~+150℃","90Ω","350Ω","-"
"C2919034","MMSZ5244A_R1_00001","PANJIT","3000","20","20","https://www.lcsc.com/product-detail/C2919034.html","SOD-123","Tape & Reel (TR)","1 Independent","500mW","14V","500nA@10.5V","13.72V~14.28V","-50℃~+150℃","15Ω","600Ω","±5%"
"C2919036","MMSZ5252A_R1_00001","PANJIT","3600","20","20","https://www.lcsc.com/product-detail/C2919036.html","SOD-123","Tape & Reel (TR)","1 Independent","500mW","24V","100nA@18V","23.52V~24.48V","-50℃~+150℃","33Ω","600Ω","-"
"C2926222","BZX84C2V4","FOSAN","2950","50","50","https://www.lcsc.com/product-detail/C2926222.html","SOT-23","Tape & Reel (TR)","","","","","","","","",""
"C2926223","BZX84C2V7","FOSAN","12150","50","50","https://www.lcsc.com/product-detail/C2926223.html","SOT-23","Tape & Reel (TR)","1 Independent","300mW","2.7V","20uA@1V","2.5V~2.9V","-55℃~+125℃","80Ω","600Ω","-"
"C2926225","BZX84C3V3","FOSAN","19700","50","50","https://www.lcsc.com/product-detail/C2926225.html","SOT-23","Tape & Reel (TR)","1 Independent","300mW","3.3V","5uA@1V","3.1V~3.5V","-55℃~+125℃","85Ω","600Ω","-"
"C2926226","BZX84C3V6","FOSAN","2500","50","50","https://www.lcsc.com/product-detail/C2926226.html","SOT-23","Tape & Reel (TR)","1 Independent","300mW","3.6V","5uA@1V","3.4V~3.8V","-55℃~+125℃","85Ω","600Ω","-"
"C2926227","BZX84C3V9","FOSAN","3100","50","50","https://www.lcsc.com/product-detail/C2926227.html","SOT-23","Tape & Reel (TR)","1 Independent","300mW","3.9V","3uA@1V","3.7V~4.1V","-55℃~+125℃","85Ω","600Ω","-"
"C2926228","BZX84C4V3","FOSAN","6500","50","50","https://www.lcsc.com/product-detail/C2926228.html","SOT-23","Tape & Reel (TR)","1 Independent","300mW","4.3V","3uA@1V","4V~4.6V","-55℃~+125℃","85Ω","600Ω","-"
"C2926229","BZX84C4V7","FOSAN","42350","50","50","https://www.lcsc.com/product-detail/C2926229.html","SOT-23","Tape & Reel (TR)","1 Independent","300mW","4.7V","3uA@2V","4.4V~5V","-55℃~+125℃","80Ω","500Ω","-"
"C2926230","BZX84C5V1","FOSAN","2950","50","50","https://www.lcsc.com/product-detail/C2926230.html","SOT-23","Tape & Reel (TR)","","","","","","","","",""
"C2926233","BZX84C6V8","FOSAN","3450","50","50","https://www.lcsc.com/product-detail/C2926233.html","SOT-23","Tape & Reel (TR)","1 Independent","300mW","6.8V","2uA@4V","6.4V~7.2V","-55℃~+125℃","6Ω","80Ω","-"
"C2926234","BZX84C7V5","FOSAN","4850","50","50","https://www.lcsc.com/product-detail/C2926234.html","SOT-23","Tape & Reel (TR)","1 Independent","300mW","7.5V","1uA@5V","7V~7.9V","-55℃~+125℃","6Ω","80Ω","-"
"C2926235","BZX84C8V2","FOSAN","5750","50","50","https://www.lcsc.com/product-detail/C2926235.html","SOT-23","Tape & Reel (TR)","1 Independent","300mW","8.2V","700nA@5V","7.7V~8.7V","-55℃~+125℃","6Ω","80Ω","-"
"C2926236","BZX84C9V1","FOSAN","1750","50","50","https://www.lcsc.com/product-detail/C2926236.html","SOT-23","Tape & Reel (TR)","1 Independent","300mW","9.1V","500nA@6V","8.5V~9.6V","-55℃~+125℃","6Ω","100Ω","-"
"C2932885","S-LBZX84C2V4LT1G","LRC","2660","20","20","https://www.lcsc.com/product-detail/C2932885.html","SOT-23","Tape & Reel (TR)","1 Independent","300mW","2.4V","50nA","2.2V~2.6V","-55℃~+150℃","100Ω","-","-"
"C2932888","S-LBZX84C5V1LT1G","LRC","2910","10","10","https://www.lcsc.com/product-detail/C2932888.html","SOT-23","Tape & Reel (TR)","1 Independent","300mW","5.1V","2uA@1V","4.8V~5.4V","-55℃~+150℃","60Ω","-","-"
"C2932890","S-LBZX84C9V1LT1G","LRC","220","20","20","https://www.lcsc.com/product-detail/C2932890.html","SOT-23","Tape & Reel (TR)","1 Independent","300mW","9.1V","8uA","8.5V~9.6V","-55℃~+150℃","15Ω","-","-"
"C2940153","MMSZ5239B","LGE","2760","20","20","https://www.lcsc.com/product-detail/C2940153.html","SOD-123","Tape & Reel (TR)","1 Independent","500mW","9.1V","3uA@7V","8.65V~9.56V","-","10Ω","600Ω","-"
"C2942363","BZX84C5V6W-7-F","DIODES","2620","5","5","https://www.lcsc.com/product-detail/C2942363.html","SOT-323","Tape & Reel (TR)","1 Independent","200mW","5.6V","1uA@2V","5.2V~6V","-65℃~+125℃","40Ω","480Ω","-"
"C2942540","BZX84C10Q","YANGJIE","2560","20","20","https://www.lcsc.com/product-detail/C2942540.html","SOT-23","Tape & Reel (TR)","1 Independent","350mW","10V","200nA@7V","9.4V~10.6V","-55℃~+150℃","20Ω","150Ω","-"
"C2942541","BZX84C12Q","YANGJIE","3040","20","20","https://www.lcsc.com/product-detail/C2942541.html","SOT-23","Tape & Reel (TR)","1 Independent","350mW","12V","100nA@8V","11.4V~12.7V","-55℃~+150℃","25Ω","150Ω","±5%"
"C2942542","BZX84C13Q","YANGJIE","2640","20","20","https://www.lcsc.com/product-detail/C2942542.html","SOT-23","Tape & Reel (TR)","1 Independent","350mW","13V","100nA@8V","12.4V~14.1V","-55℃~+150℃","30Ω","170Ω","-"
"C2942543","BZX84C15Q","YANGJIE","2960","20","20","https://www.lcsc.com/product-detail/C2942543.html","SOT-23","Tape & Reel (TR)","1 Independent","350mW","15V","100nA@10.5V","13.8V~15.6V","-55℃~+150℃","30Ω","200Ω","-"
"C2942544","BZX84C16Q","YANGJIE","2340","20","20","https://www.lcsc.com/product-detail/C2942544.html","SOT-23","Tape & Reel (TR)","1 Independent","350mW","16V","100nA@11.2V","15.3V~17.1V","-55℃~+150℃","40Ω","200Ω","-"
"C2942545","BZX84C18Q","YANGJIE","1120","20","20","https://www.lcsc.com/product-detail/C2942545.html","SOT-23(TO-236)","Tape & Reel (TR)","1 Independent","350mW","18V","100nA@12.6V","16.8V~19.1V","-55℃~+150℃","45Ω","225Ω","±5%"
"C2942547","BZX84C2V4Q","YANGJIE","620","20","20","https://www.lcsc.com/product-detail/C2942547.html","SOT-23","Tape & Reel (TR)","1 Independent","350mW","2.4V","50uA@1V","2.28V~2.56V","-55℃~+150℃","5Ω","600Ω","-"
"C2942548","BZX84C39Q","YANGJIE","2460","20","20","https://www.lcsc.com/product-detail/C2942548.html","SOT-23","Tape & Reel (TR)","1 Independent","350mW","39V","100nA","37V~41V","-55℃~+150℃","130Ω","350Ω","-"
"C2942550","BZX84C3V3Q","YANGJIE","2220","20","20","https://www.lcsc.com/product-detail/C2942550.html","SOT-23","Tape & Reel (TR)","1 Independent","350mW","3.3V","5uA@1V","3.1V~3.5V","-55℃~+150℃","5Ω","600Ω","-"
"C2942551","BZX84C4V7Q","YANGJIE","2720","20","20","https://www.lcsc.com/product-detail/C2942551.html","SOT-23","Tape & Reel (TR)","1 Independent","350mW","4.7V","3uA@2V","4.4V~5V","-55℃~+150℃","80Ω","500Ω",""
"C2942552","BZX84C5V1Q","YANGJIE","340","20","20","https://www.lcsc.com/product-detail/C2942552.html","SOT-23","Tape & Reel (TR)","1 Independent","350mW","5.1V","2uA@2V","4.8V~5.4V","-55℃~+150℃","60Ω","480Ω","-"
"C2942553","BZX84C5V6Q","YANGJIE","1380","20","20","https://www.lcsc.com/product-detail/C2942553.html","SOT-23","Tape & Reel (TR)","1 Independent","350mW","5.6V","1uA@2V","5.2V~6V","-55℃~+150℃","40Ω","400Ω","-"
"C2942554","BZX84C6V8Q","YANGJIE","280","20","20","https://www.lcsc.com/product-detail/C2942554.html","SOT-23","Tape & Reel (TR)","1 Independent","350mW","6.8V","2uA","6.4V~7.2V","-55℃~+150℃","5Ω","80Ω","-"
"C2942590","MMSZ5230BQ","YANGJIE","140","20","20","https://www.lcsc.com/product-detail/C2942590.html","SOD-123","Tape & Reel (TR)","1 Independent","500mW","4.7V","5uA@2V","4.47V~4.94V","-55℃~+150℃","19Ω","1.9kΩ","±5%"
"C2942592","MMSZ5232BQ","YANGJIE","1060","20","20","https://www.lcsc.com/product-detail/C2942592.html","SOD-123","Tape & Reel (TR)","1 Independent","500mW","5.6V","5uA@3V","5.32V~5.88V","-55℃~+150℃","11Ω","1.6kΩ","±5%"
"C2942595","MMSZ5245BQ","YANGJIE","800","20","20","https://www.lcsc.com/product-detail/C2942595.html","SOD-123","Tape & Reel (TR)","1 Independent","500mW","15V","100nA@11V","14.25V~15.75V","-55℃~+150℃","16Ω","600Ω","±5%"
"C2961207","BZX84C3V0","JSCJ","2860","20","20","https://www.lcsc.com/product-detail/C2961207.html","SOT-23","Tape & Reel (TR)","1 Independent","300mW","3V","10uA@1V","2.8V~3.2V","-55℃~+150℃","95Ω","600Ω","-"
"C2961220","MMSZ5246BS","JSCJ","2620","20","20","https://www.lcsc.com/product-detail/C2961220.html","SOD-323","Tape & Reel (TR)","1 Independent","200mW","16V","100nA","15.2V~16.8V","-65℃~+175℃","17Ω","-","-"
"C2974710","BZX84C75","FOSAN","200","50","50","https://www.lcsc.com/product-detail/C2974710.html","SOT-23","Tape & Reel (TR)","1 Independent","300mW","75V","50nA","70V~79V","-55℃~+125℃","150Ω","500Ω","-"
"C2975460","MMSZ5246B-TP","MCC","2620","20","20","https://www.lcsc.com/product-detail/C2975460.html","SOD-123","Tape & Reel (TR)","1 Independent","500mW","16V","100nA","-","-65℃~+150℃","17Ω","600Ω","±5%"
"C2975498","MMSZ5223B-TP","MCC","420","20","20","https://www.lcsc.com/product-detail/C2975498.html","SOD-123","Tape & Reel (TR)","1 Independent","500mW","2.7V","75uA@1V","-","-65℃~+150℃","30Ω","1.3kΩ","±5%"
"C2975584","AD-MMSZ5235B","JSCJ","940","20","20","https://www.lcsc.com/product-detail/C2975584.html","SOD-123","Tape & Reel (TR)","1 Independent","350mW","6.8V","3uA@5V","6.46V~7.14V","-55℃~+150℃","5Ω","750Ω","-"
"C2975607","AD-MMSZ5242BS","JSCJ","3040","20","20","https://www.lcsc.com/product-detail/C2975607.html","SOD-323","Tape & Reel (TR)","1 Independent","200mW","12V","1uA@9.1V","11.4V~12.6V","-55℃~+150℃","30Ω","600Ω","-"
"C2975643","AD-BZX84C24","JSCJ","600","20","20","https://www.lcsc.com/product-detail/C2975643.html","SOT-23","Tape & Reel (TR)","1 Independent","300mW","24V","100nA","22.8V~25.6V","-55℃~+150℃","70Ω","250Ω",""
"C2975658","AD-MMSZ5234BS","JSCJ","3340","20","20","https://www.lcsc.com/product-detail/C2975658.html","SOD-323","Tape & Reel (TR)","1 Independent","200mW","6.2V","5uA@4V","5.89V~6.51V","-55℃~+150℃","7Ω","1kΩ","-"
"C2975662","AD-MMSZ5232B","JSCJ","2980","20","20","https://www.lcsc.com/product-detail/C2975662.html","SOD-123","Tape & Reel (TR)","1 Independent","350mW","5.6V","5uA","5.32V~5.88V","-55℃~+150℃","11Ω","1.6kΩ","-"
"C2975677","AD-MMSZ5254B","JSCJ","880","20","20","https://www.lcsc.com/product-detail/C2975677.html","SOD-123","Tape & Reel (TR)","1 Independent","350mW","27V","100nA","25.65V~28.35V","-55℃~+150℃","41Ω","600Ω","-"
"C2975759","AD-MMSZ5229BS","JSCJ","2940","20","20","https://www.lcsc.com/product-detail/C2975759.html","SOD-323","Tape & Reel (TR)","1 Independent","200mW","4.3V","5uA@1V","4.09V~4.52V","-55℃~+150℃","22Ω","2kΩ","-"
"C2975761","AD-MMSZ5238B","JSCJ","580","20","20","https://www.lcsc.com/product-detail/C2975761.html","SOD-123","Tape & Reel (TR)","1 Independent","350mW","8.7V","3uA@6.5V","8.27V~9.14V","-55℃~+150℃","8Ω","600Ω","-"
"C2975762","AD-MMSZ5242B","JSCJ","360","20","20","https://www.lcsc.com/product-detail/C2975762.html","SOD-123","Tape & Reel (TR)","1 Independent","350mW","12V","1uA@9.1V","11.4V~12.6V","-55℃~+150℃","30Ω","600Ω","-"
"C2975763","AD-MMSZ5246B","JSCJ","240","20","20","https://www.lcsc.com/product-detail/C2975763.html","SOD-123","Tape & Reel (TR)","1 Independent","350mW","16V","100nA@12V","15.2V~16.8V","-55℃~+150℃","17Ω","600Ω","-"
"C2975764","AD-MMSZ5252BS","JSCJ","780","20","20","https://www.lcsc.com/product-detail/C2975764.html","SOD-323","Tape & Reel (TR)","1 Independent","200mW","24V","100nA@18V","22.8V~25.2V","-55℃~+150℃","33Ω","600Ω","-"
"C2975766","AD-MMSZ5254BS","JSCJ","2600","20","20","https://www.lcsc.com/product-detail/C2975766.html","SOD-323","Tape & Reel (TR)","1 Independent","200mW","27V","100nA@21V","25.65V~28.35V","-55℃~+150℃","41Ω","600Ω","-"
"C2975767","AD-MMSZ5259B","JSCJ","180","20","20","https://www.lcsc.com/product-detail/C2975767.html","SOD-123","Tape & Reel (TR)","1 Independent","350mW","39V","100nA","37.05V~40.95V","-55℃~+150℃","80Ω","800Ω","-"
"C2975768","AD-MMSZ5259BS","JSCJ","720","20","20","https://www.lcsc.com/product-detail/C2975768.html","SOD-323","Tape & Reel (TR)","1 Independent","200mW","39V","100nA","37.05V~40.95V","-55℃~+150℃","80Ω","800Ω","-"
"C2975802","AD-BZX84C27","JSCJ","2880","20","20","https://www.lcsc.com/product-detail/C2975802.html","SOT-23","Tape & Reel (TR)","1 Independent","300mW","27V","100nA@18.9V","25.1V~28.9V","-55℃~+150℃","80Ω","300Ω","-"
"C2975807","AD-BZX84C4V7","JSCJ","460","20","20","https://www.lcsc.com/product-detail/C2975807.html","SOT-23","Tape & Reel (TR)","1 Independent","300mW","4.7V","3uA@2V","4.4V~5V","-55℃~+150℃","80Ω","500Ω","-"
"C2975811","AD-BZX84C9V1","JSCJ","80","20","20","https://www.lcsc.com/product-detail/C2975811.html","SOT-23","Tape & Reel (TR)","1 Independent","300mW","9.1V","500nA@6V","8.5V~9.6V","-55℃~+150℃","15Ω","100Ω","-"
"C2978920","BZX84C4V7W-7-F","DIODES","320","10","10","https://www.lcsc.com/product-detail/C2978920.html","SOT-323","Tape & Reel (TR)","1 Independent","200mW","4.7V","3uA@2V","4.4V~5V","-65℃~+125℃","80Ω","600Ω","-"
"C2983234","MMSZ5242B","LGE","400","50","50","https://www.lcsc.com/product-detail/C2983234.html","SOD-123","Tape & Reel (TR)","1 Independent","500mW","12V","1uA@9.1V","11.4V~12.6V","-","30Ω","600Ω","-"
"C2983235","MMSZ5254B","LGE","880","20","20","https://www.lcsc.com/product-detail/C2983235.html","SOD-123","Tape & Reel (TR)","1 Independent","500mW","27V","100nA@21V","25.65V~28.35V","-","41Ω","600Ω","-"
"C2986569","BZX84C6V2-HAF","ST(Semtech)","2800","20","20","https://www.lcsc.com/product-detail/C2986569.html","TO-236","Tape & Reel (TR)","1 Independent","350mW","6.2V","3uA@4V","5.8V~6.6V","-65℃~+150℃","10Ω","-","-"
"C2987012","MMSZ5223B-7-F","DIODES","740","10","10","https://www.lcsc.com/product-detail/C2987012.html","SOD-123","Tape & Reel (TR)","1 Independent","370mW","2.7V","75uA@1V","2.57V~2.84V","-65℃~+150℃","30Ω","1.3kΩ",""
"C2988403","BZX84C10T-7-F","DIODES","100","10","10","https://www.lcsc.com/product-detail/C2988403.html","SOT-523","Tape & Reel (TR)","1 Independent","150mW","10V","200nA@7V","9.4V~10.6V","","20Ω","100Ω",""
"C2991941","MMSZ5253B","JSCJ","440","20","20","https://www.lcsc.com/product-detail/C2991941.html","SOD-123","Tape & Reel (TR)","1 Independent","500mW","25V","100nA","23.75V~26.25V","-55℃~+150℃","35Ω","600Ω","-"
"C2991989","BZX84C3V6","JSCJ","1660","20","20","https://www.lcsc.com/product-detail/C2991989.html","SOT-23","Tape & Reel (TR)","1 Independent","300mW","3.6V","5uA@1V","3.4V~3.8V","-55℃~+150℃","90Ω","600Ω","-"
"C2992438","BZX84C18","PANJIT","40","20","20","https://www.lcsc.com/product-detail/C2992438.html","SOT-23","Tape & Reel (TR)","1 Independent","410mW","18V","100nA@12.6V","17.1V~18.9V","-55℃~+150℃","45Ω","225Ω",""
"C2992443","MMSZ5239B","PANJIT","370","10","10","https://www.lcsc.com/product-detail/C2992443.html","SOD-123","Tape & Reel (TR)","1 Independent","500mW","9.1V","3uA@6.5V","8.65V~9.56V","-55℃~+150℃","10Ω","600Ω",""
"C2992444","BZX84C22","PANJIT","90","10","10","https://www.lcsc.com/product-detail/C2992444.html","SOT-23","Tape & Reel (TR)","1 Independent","410mW","22V","100nA@15.4V","20.9V~23.1V","-55℃~+150℃","55Ω","250Ω",""
"C2992468","BZX84C3V3","PANJIT","420","20","20","https://www.lcsc.com/product-detail/C2992468.html","SOT-23","Tape & Reel (TR)","1 Independent","410mW","3.3V","5uA@1V","3.14V~3.47V","-55℃~+150℃","95Ω","600Ω",""
"C2993093","BZX84C12","MDD(Microdiode Semiconductor)","2800","50","50","https://www.lcsc.com/product-detail/C2993093.html","SOT-23","Tape & Reel (TR)","1 Independent","300mW","11.4V","100nA@8V","12V~12.7V","-55℃~+150℃","25Ω","150Ω","-"
"C2993099","BZX84C22","MDD(Microdiode Semiconductor)","2950","50","50","https://www.lcsc.com/product-detail/C2993099.html","SOT-23","Tape & Reel (TR)","1 Independent","300mW","20.8V","100nA@15.4V","22V~23.3V","-55℃~+150℃","55Ω","250Ω","-"
"C2993101","BZX84C27","MDD(Microdiode Semiconductor)","2750","50","50","https://www.lcsc.com/product-detail/C2993101.html","SOT-23","Tape & Reel (TR)","1 Independent","300mW","25.1V","100nA@18.9V","25.1V~28.9V","-55℃~+150℃","80Ω","300Ω","-"
"C2993106","BZX84C36","MDD(Microdiode Semiconductor)","2000","50","50","https://www.lcsc.com/product-detail/C2993106.html","SOT-23","Tape & Reel (TR)","1 Independent","300mW","36V","100nA@25.2V","36V~38V","-55℃~+150℃","90Ω","350Ω","-"
"C2993107","BZX84C39","MDD(Microdiode Semiconductor)","2500","50","50","https://www.lcsc.com/product-detail/C2993107.html","SOT-23","Tape & Reel (TR)","1 Independent","300mW","37V","100nA@27.3V","39V~41V","-55℃~+150℃","130Ω","350Ω","-"
"C2993109","BZX84C3V3","MDD(Microdiode Semiconductor)","1250","50","50","https://www.lcsc.com/product-detail/C2993109.html","SOT-23","Tape & Reel (TR)","1 Independent","300mW","3.1V","5uA@1V","3.3V~3.5V","-55℃~+150℃","95Ω","-","-"
"C2993110","BZX84C3V6","MDD(Microdiode Semiconductor)","2650","50","50","https://www.lcsc.com/product-detail/C2993110.html","SOT-23","Tape & Reel (TR)","1 Independent","300mW","3.4V","5uA@1V","3.6V~3.8V","-55℃~+150℃","90Ω","-","-"
"C2993119","BZX84C9V1","MDD(Microdiode Semiconductor)","1850","50","50","https://www.lcsc.com/product-detail/C2993119.html","SOT-23","Tape & Reel (TR)","1 Independent","300mW","8.5V","500nA@6V","9.1V~9.6V","-55℃~+150℃","15Ω","100Ω","-"
"C2993558","MMSZ5221B","MDD(Microdiode Semiconductor)","2850","50","50","https://www.lcsc.com/product-detail/C2993558.html","SOD-123","Tape & Reel (TR)","1 Independent","500mW","2.4V","100uA@1V","2.28V~2.52V","-","30Ω","1.2kΩ","±5%"
"C2993574","MMSZ5240B","MDD(Microdiode Semiconductor)","200","10","10","https://www.lcsc.com/product-detail/C2993574.html","SOD-123","Tape & Reel (TR)","1 Independent","500mW","10V","3uA@8V","9.5V~10.5V","-","17Ω","600Ω","±5%"
"C2993576","MMSZ5242B","MDD(Microdiode Semiconductor)","3900","50","50","https://www.lcsc.com/product-detail/C2993576.html","SOD-123","Tape & Reel (TR)","1 Independent","500mW","12V","1uA@9.1V","11.4V~12.6V","-","30Ω","600Ω","-"
"C2993577","MMSZ5243B","MDD(Microdiode Semiconductor)","3900","50","50","https://www.lcsc.com/product-detail/C2993577.html","SOD-123","Tape & Reel (TR)","1 Independent","500mW","13V","500nA","12.35V~13.65V","-","13Ω","600Ω","±5%"
"C2993578","MMSZ5245B","MDD(Microdiode Semiconductor)","2920","20","20","https://www.lcsc.com/product-detail/C2993578.html","SOD-123","Tape & Reel (TR)","1 Independent","500mW","14.25V","100nA@11V","15V~15.75V","-","16Ω","600Ω","±5%"
"C2999076","MMSZ5240B_R1_00001","PANJIT","1940","20","20","https://www.lcsc.com/product-detail/C2999076.html","SOD-123","Tape & Reel (TR)","1 Independent","500mW","10V","3uA@8V","9.5V~10.5V","-55℃~+150℃","17Ω","600Ω",""
"C3000822","BZX84C2V4-E3-08","VISHAY","2310","10","10","https://www.lcsc.com/product-detail/C3000822.html","SOT-23","Tape & Reel (TR)","1 Independent","500mW","2.4V","50uA@1V","2.28V~2.52V","","100Ω","600Ω",""
"C3008945","BZX84C3V9-E3-08","VISHAY","2420","10","10","https://www.lcsc.com/product-detail/C3008945.html","SOT-23","Tape & Reel (TR)","1 Independent","300mW","3.9V","3uA@1V","3.71V~4.1V","-55℃~+150℃","90Ω","600Ω",""
"C3009003","BZX84C10-E3-08","VISHAY","235","5","5","https://www.lcsc.com/product-detail/C3009003.html","SOT-23","Tape & Reel (TR)","1 Independent","300mW","10V","200nA@7V","9.5V~10.5V","","20Ω","150Ω",""
"C3009020","BZX84C6V8-E3-08","VISHAY","2890","10","10","https://www.lcsc.com/product-detail/C3009020.html","SOT-23","Tape & Reel (TR)","1 Independent","500mW","6.8V","2uA@1V","6.46V~7.14V","","15Ω","80Ω",""
"C3009033","MMSZ5247C-HE3-08","VISHAY","995","5","5","https://www.lcsc.com/product-detail/C3009033.html","SOD-123","Tape & Reel (TR)","1 Independent","500mW","17V","100nA@13V","-","-55℃~+150℃","19Ω","600Ω","±2%"
"C3018517","MMSZ5231B","FUXINSEMI","8850","50","50","https://www.lcsc.com/product-detail/C3018517.html","SOD-123","Tape & Reel (TR)","1 Independent","500mW","5.1V","5uA","4.85V~5.36V","-55℃~+150℃","17Ω","1.6kΩ","-"
"C3018518","MMSZ5240B","FUXINSEMI","2650","50","50","https://www.lcsc.com/product-detail/C3018518.html","SOD-123","Tape & Reel (TR)","1 Independent","500mW","10V","3uA@8V","9.5V~10.5V","-55℃~+150℃","17Ω","600Ω","-"
"C3018519","MMSZ5242B","FUXINSEMI","2900","50","50","https://www.lcsc.com/product-detail/C3018519.html","SOD-123","Tape & Reel (TR)","1 Independent","500mW","12V","1uA","11.4V~12.6V","-55℃~+150℃","30Ω","600Ω","-"
"C3018520","MMSZ5245B","FUXINSEMI","2300","50","50","https://www.lcsc.com/product-detail/C3018520.html","SOD-123","Tape & Reel (TR)","1 Independent","500mW","15V","100nA@11V","14.25V~15.75V","-55℃~+150℃","16Ω","600Ω","-"
"C3028996","MMSZ5237B","DIOTEC","280","10","10","https://www.lcsc.com/product-detail/C3028996.html","SOD-123F","Tape & Reel (TR)","1 Independent","500mW","8.2V","3uA@6.5V","7.8V~8.61V","-50℃~+150℃","8Ω","-","±5%"
"C3028997","MMSZ5250B","DIOTEC","2030","10","10","https://www.lcsc.com/product-detail/C3028997.html","SOD-123F","Tape & Reel (TR)","1 Independent","500mW","20V","15uA","19V~21V","-50℃~+150℃","25Ω","-","-"
"C3028998","MMSZ5260B","DIOTEC","2780","10","10","https://www.lcsc.com/product-detail/C3028998.html","SOD-123F","Tape & Reel (TR)","1 Independent","500mW","43V","100nA@33V","40.8V~45.2V","-50℃~+150℃","93Ω","-","-"
"C3031841","MMSZ5233B","JSCJ","10420","20","20","https://www.lcsc.com/product-detail/C3031841.html","SOD-123","Tape & Reel (TR)","1 Independent","500mW","6V","5uA@3.5V","5.7V~6.3V","-55℃~+150℃","7Ω","1.6kΩ","-"
"C3031842","MMSZ5240BS","JSCJ","36820","20","20","https://www.lcsc.com/product-detail/C3031842.html","SOD-323","Tape & Reel (TR)","1 Independent","200mW","10V","3uA","9.5V~10.5V","-55℃~+150℃","17Ω","600Ω","-"
"C3031843","MMSZ5255B","JSCJ","3020","20","20","https://www.lcsc.com/product-detail/C3031843.html","SOD-123","Tape & Reel (TR)","1 Independent","500mW","28V","100nA@21V","26.6V~29.4V","-55℃~+150℃","44Ω","600Ω","-"
"C3031852","MMSZ5256BS","JSCJ","1320","20","20","https://www.lcsc.com/product-detail/C3031852.html","SOD-323","Tape & Reel (TR)","1 Independent","200mW","30V","250nA@23V","28.5V~31.5V","-55℃~+150℃","49Ω","600Ω","-"
"C3031853","MMSZ5243BS","JSCJ","320","20","20","https://www.lcsc.com/product-detail/C3031853.html","SOD-323","Tape & Reel (TR)","1 Independent","200mW","13V","500nA@9.9V","12.35V~13.65V","-55℃~+150℃","13Ω","600Ω","-"
"C3031855","MMSZ5225BS","JSCJ","1940","20","20","https://www.lcsc.com/product-detail/C3031855.html","SOD-323","Tape & Reel (TR)","1 Independent","200mW","3V","50uA@1V","2.85V~3.15V","-55℃~+150℃","30Ω","1.6kΩ","-"
"C3031861","MMSZ5235BS","JSCJ","920","20","20","https://www.lcsc.com/product-detail/C3031861.html","SOD-323","Tape & Reel (TR)","1 Independent","200mW","6.8V","3uA@5V","6.46V~7.14V","-65℃~+175℃","5Ω","750Ω","-"
"C3031864","MMSZ5229BS","JSCJ","5760","20","20","https://www.lcsc.com/product-detail/C3031864.html","SOD-323","Tape & Reel (TR)","1 Independent","200mW","4.3V","5uA@1V","4.09V~4.52V","-65℃~+175℃","22Ω","2kΩ","-"
"C3040449","BZX84C5V1","FUXINSEMI","2250","50","50","https://www.lcsc.com/product-detail/C3040449.html","SOT-23(TO-236)","Tape & Reel (TR)","1 Independent","300mW","5.1V","2uA","4.85V~5.36V","-55℃~+150℃","60Ω","480Ω","±5%"
"C3151644","MMSZ5231B-E3-08","VISHAY","2860","10","10","https://www.lcsc.com/product-detail/C3151644.html","SOD-123","Tape & Reel (TR)","1 Independent","500mW","5.1V","5uA","-","-55℃~+150℃","17Ω","1.6kΩ","±5%"
"C3728849","BZX84C5V1LYFHT116","ROHM","1360","10","10","https://www.lcsc.com/product-detail/C3728849.html","SOT-23","Tape & Reel (TR)","1 Independent","250mW","5.1V","2uA","4.8V~5.4V","-","60Ω","-","-"
"C3729116","MMSZ5226B-HE3-08","VISHAY","2855","5","5","https://www.lcsc.com/product-detail/C3729116.html","SOD-123","Tape & Reel (TR)","1 Independent","300mW","3.3V","25uA@1V","-","-55℃~+150℃","28Ω","1.6kΩ","±5%"
"C3729647","MMSZ5258B-E3-08","VISHAY","360","5","5","https://www.lcsc.com/product-detail/C3729647.html","SOD-123","Tape & Reel (TR)","1 Independent","300mW","36V","100nA@27V","-","-55℃~+150℃","70Ω","700Ω","±5%"
"C3730033","BZX84C5V6-TP","MCC","2160","20","20","https://www.lcsc.com/product-detail/C3730033.html","SOT-23","Tape & Reel (TR)","1 Independent","350mW","5.6V","1uA@2V","5.2V~6V","-55℃~+150℃","40Ω","400Ω","±5%"
"C3730176","BZX84C5V6","DIOTEC","100","10","10","https://www.lcsc.com/product-detail/C3730176.html","SOT-23(TO-236)","Bag-packed","1 Independent","300mW","5.6V","1uA@2V","5.2V~6V","-50℃~+150℃","-","-","±5%"
"C3731426","MMSZ5230B","DIOTEC","450","5","5","https://www.lcsc.com/product-detail/C3731426.html","SOD-123F","Bag-packed","1 Independent","500mW","4.7V","5uA@2V","4.47V~4.94V","-50℃~+150℃","19Ω","-","-"
"C3731681","MMSZ5226B-E3-08","VISHAY","2650","10","10","https://www.lcsc.com/product-detail/C3731681.html","SOD-123","Tape & Reel (TR)","1 Independent","300mW","3.3V","25uA@1V","-","-55℃~+150℃","28Ω","1.6kΩ","±5%"
"C3732668","BZX84C12VLYT116","ROHM","30","5","5","https://www.lcsc.com/product-detail/C3732668.html","SOT-23","Tape & Reel (TR)","1 Independent","250mW","12V","100nA@8V","11.4V~12.7V","-","-","-","-"
"C3733128","BZX84C3V0W-7-F","DIODES","2640","10","10","https://www.lcsc.com/product-detail/C3733128.html","SOT-323","Tape & Reel (TR)","1 Independent","200mW","3V","20uA@1V","2.8V~3.2V","-65℃~+125℃","95Ω","600Ω","-"
"C3734320","BZX84C15-G3-08","VISHAY","865","5","5","https://www.lcsc.com/product-detail/C3734320.html","SOT-23","Tape & Reel (TR)","1 Independent","300mW","15V","50nA","14.25V~15.6V","-55℃~+150℃","30Ω","200Ω","±5%"
"C3734457","BZX84C3V9LYFHT116","ROHM","100","5","5","https://www.lcsc.com/product-detail/C3734457.html","SOT-23","Tape & Reel (TR)","1 Independent","250mW","3.9V","3uA@1V","3.7V~4.1V","-","-","-","-"
"C3734655","MMSZ5225BS-7-F","DIODES","3055","5","5","https://www.lcsc.com/product-detail/C3734655.html","SOD-323","Tape & Reel (TR)","1 Independent","200mW","3V","50uA@1V","2.85V~3.15V","-65℃~+150℃","30Ω","1.6kΩ",""
"C3734704","BZX84C3V6-TP","MCC","1580","20","20","https://www.lcsc.com/product-detail/C3734704.html","SOT-23","Tape & Reel (TR)","1 Independent","350mW","3.6V","5uA@1V","3.4V~3.8V","-55℃~+150℃","90Ω","600Ω","±5%"
"C3734722","MMSZ5256C-E3-08","VISHAY","2470","5","5","https://www.lcsc.com/product-detail/C3734722.html","SOD-123","Tape & Reel (TR)","1 Independent","300mW","30V","100nA@23V","-","-55℃~+150℃","49Ω","600Ω","±2%"
"C3735049","BZX84C10W-7-F","DIODES","2430","5","5","https://www.lcsc.com/product-detail/C3735049.html","SOT-323","Tape & Reel (TR)","1 Independent","200mW","10V","200nA@7V","9.4V~10.6V","-65℃~+125℃","20Ω","100Ω","-"
"C3735531","BZX84C5V1","DIOTEC","30","5","5","https://www.lcsc.com/product-detail/C3735531.html","SOT-23(TO-236)","Bag-packed","1 Independent","300mW","5.1V","2uA@2V","4.8V~5.4V","-50℃~+150℃","-","-","±5%"
"C3735877","MMSZ5257B-E3-08","VISHAY","3000","10","10","https://www.lcsc.com/product-detail/C3735877.html","SOD-123","Tape & Reel (TR)","1 Independent","500mW","33V","100nA@25V","-","-55℃~+150℃","58Ω","700Ω","±5%"
"C3735949","MMSZ5246B-E3-08","VISHAY","2610","10","10","https://www.lcsc.com/product-detail/C3735949.html","SOD-123","Tape & Reel (TR)","1 Independent","300mW","16V","100nA@12V","-","-55℃~+150℃","17Ω","600Ω","±5%"
"C3737540","MMSZ5232B","DIOTEC","2710","10","10","https://www.lcsc.com/product-detail/C3737540.html","SOD-123F","Tape & Reel (TR)","1 Independent","500mW","5.6V","5uA@3V","5.32V~5.88V","-50℃~+150℃","11Ω","1.6kΩ","-"
"C3737658","BZX84C5V6-E3-08","VISHAY","290","10","10","https://www.lcsc.com/product-detail/C3737658.html","SOT-23","Tape & Reel (TR)","1 Independent","300mW","5.6V","1uA","5.32V~5.88V","-55℃~+150℃","40Ω","400Ω",""
"C3738204","MMSZ5227B-E3-08","VISHAY","3000","10","10","https://www.lcsc.com/product-detail/C3738204.html","SOD-123","Tape & Reel (TR)","1 Independent","300mW","3.6V","15uA@1V","-","-55℃~+150℃","24Ω","1.7kΩ","±5%"
"C3741520","BZX84C15VLYFHT116","ROHM","25","5","5","https://www.lcsc.com/product-detail/C3741520.html","SOT-23","Tape & Reel (TR)","","-","15V","100nA@10V","","","-","",""
"C3741646","BZX84C36-E3-08","VISHAY","2380","5","5","https://www.lcsc.com/product-detail/C3741646.html","SOT-23","Tape & Reel (TR)","1 Independent","300mW","36V","50nA@25.2V","34.2V~37.8V","-55℃~+150℃","90Ω","350Ω","±5%"
"C3742224","MMSZ5239B","DIOTEC","2820","10","10","https://www.lcsc.com/product-detail/C3742224.html","SOD-123F","Tape & Reel (TR)","1 Independent","500mW","9.1V","100nA@7V","8.65V~9.56V","-50℃~+150℃","10Ω","-","-"
"C3764126","MMSZ5244B","onsemi","311","311","311","https://www.lcsc.com/product-detail/C3764126.html","SOD-123","Bag-packed","1 Independent","500mW","14V","100nA@10V","13.3V~14.7V","-","15Ω","600Ω","±5%"
"C3765016","MMSZ5225B-E3-08","VISHAY","1250","5","5","https://www.lcsc.com/product-detail/C3765016.html","SOD-123","Tape & Reel (TR)","1 Independent","300mW","3V","50uA@1V","-","-55℃~+150℃","30Ω","1.6kΩ","±5%"
"C3765444","MMSZ5234C-E3-08","VISHAY","3000","5","5","https://www.lcsc.com/product-detail/C3765444.html","SOD-123","Tape & Reel (TR)","1 Independent","300mW","6.2V","5uA@4V","-","-55℃~+150℃","7Ω","1kΩ","±2%"
"C3765490","MMSZ5228B-E3-08","VISHAY","2990","5","5","https://www.lcsc.com/product-detail/C3765490.html","SOD-123","Tape & Reel (TR)","1 Independent","300mW","3.9V","10uA@1V","-","-55℃~+150℃","23Ω","1.9kΩ","±5%"
"C4402956","MMSZ5237BS_R1_00001","PANJIT","3980","20","20","https://www.lcsc.com/product-detail/C4402956.html","SOD-323","Tape & Reel (TR)","1 Independent","200mW","8.2V","3uA@6V","7.79V~8.61V","-55℃~+150℃","8Ω","500Ω","-"
"C4402958","MMSZ5258BS_R1_00001","PANJIT","380","20","20","https://www.lcsc.com/product-detail/C4402958.html","SOD-323","Tape & Reel (TR)","1 Independent","200mW","36V","100nA@27V","34.2V~37.8V","-55℃~+150℃","70Ω","700Ω","-"
"C4402959","MMSZ5259BS_R1_00001","PANJIT","3600","20","20","https://www.lcsc.com/product-detail/C4402959.html","SOD-323","Tape & Reel (TR)","1 Independent","200mW","39V","100nA@30V","37.05V~40.95V","-55℃~+150℃","80Ω","800Ω","-"
"C4749028","BZX84C11A","Jingdao Microelectronics","2000","50","50","https://www.lcsc.com/product-detail/C4749028.html","SOT-23","Tape & Reel (TR)","1 Independent","350mW","11V","100nA","10.4V~11.6V","-55℃~+150℃","30Ω","",""
"C5122800","BZX84C3V3-E3-08","VISHAY","3630","10","10","https://www.lcsc.com/product-detail/C5122800.html","SOT-23","Tape & Reel (TR)","1 Independent","300mW","3.3V","5uA@1V","3.14V~3.47V","","95Ω","600Ω",""
"C5137741","BZX84C10W-7-F","DIODES","2670","5","5","https://www.lcsc.com/product-detail/C5137741.html","SOT-323","Tape & Reel (TR)","1 Independent","200mW","10V","200nA@7V","9.4V~10.6V","-65℃~+125℃","20Ω","100Ω","-"
"C5139754","MMSZ5242B","DIOTEC","3240","10","10","https://www.lcsc.com/product-detail/C5139754.html","SOD-123F","Tape & Reel (TR)","1 Independent","500mW","12V","1uA@9.1V","11.4V~12.6V","-50℃~+150℃","30Ω","-","±5%"
"C5155254","BZX84C9V1A","Jingdao Microelectronics","750","50","50","https://www.lcsc.com/product-detail/C5155254.html","SOT-23","Tape & Reel (TR)","1 Independent","350mW","9.1V","500nA@6V","8.5V~9.6V","-55℃~+150℃","30Ω","-","±5%"
"C5155255","BZX84C8V2A","Jingdao Microelectronics","1400","50","50","https://www.lcsc.com/product-detail/C5155255.html","SOT-23","Tape & Reel (TR)","1 Independent","350mW","8.2V","500nA","7.7V~8.7V","-55℃~+150℃","30Ω","",""
"C5155256","BZX84C7V5A","Jingdao Microelectronics","3000","50","50","https://www.lcsc.com/product-detail/C5155256.html","SOT-23","Tape & Reel (TR)","1 Independent","350mW","7.5V","500nA","7V~7.9V","-55℃~+150℃","30Ω","",""
"C5155257","BZX84C6V8A","Jingdao Microelectronics","5050","50","50","https://www.lcsc.com/product-detail/C5155257.html","SOT-23","Tape & Reel (TR)","1 Independent","350mW","6.8V","500nA@3.5V","6.4V~7.2V","-55℃~+150℃","30Ω","",""
"C5155258","BZX84C6V2A","Jingdao Microelectronics","250","50","50","https://www.lcsc.com/product-detail/C5155258.html","SOT-23","Tape & Reel (TR)","1 Independent","350mW","6.2V","1uA@3V","5.8V~6.6V","-55℃~+150℃","50Ω","",""
"C5155259","BZX84C5V6A","Jingdao Microelectronics","350","50","50","https://www.lcsc.com/product-detail/C5155259.html","SOT-23","Tape & Reel (TR)","1 Independent","350mW","5.6V","1uA","5.2V~6V","-55℃~+150℃","80Ω","",""
"C5155260","BZX84C5V1A","Jingdao Microelectronics","550","50","50","https://www.lcsc.com/product-detail/C5155260.html","SOT-23","Tape & Reel (TR)","1 Independent","350mW","5.1V","2uA@1.5V","4.8V~5.4V","-55℃~+150℃","130Ω","-","±5%"
"C5155261","BZX84C4V7A","Jingdao Microelectronics","1950","50","50","https://www.lcsc.com/product-detail/C5155261.html","SOT-23","Tape & Reel (TR)","1 Independent","350mW","4.7V","2uA@1V","4.4V~5V","-55℃~+150℃","130Ω","",""
"C5155262","BZX84C4V3A","Jingdao Microelectronics","2450","50","50","https://www.lcsc.com/product-detail/C5155262.html","SOT-23","Tape & Reel (TR)","1 Independent","350mW","4.3V","5uA@1V","4V~4.6V","-55℃~+150℃","130Ω","",""
"C5155263","BZX84C3V9A","Jingdao Microelectronics","2150","50","50","https://www.lcsc.com/product-detail/C5155263.html","SOT-23","Tape & Reel (TR)","1 Independent","350mW","3.9V","5uA@1V","3.7V~4.1V","-55℃~+150℃","130Ω","",""
"C5155264","BZX84C3V6A","Jingdao Microelectronics","2000","50","50","https://www.lcsc.com/product-detail/C5155264.html","SOT-23","Tape & Reel (TR)","1 Independent","350mW","3.6V","10uA","3.4V~3.8V","-55℃~+150℃","130Ω","",""
"C5155265","BZX84C3V3A","Jingdao Microelectronics","750","50","50","https://www.lcsc.com/product-detail/C5155265.html","SOT-23","Tape & Reel (TR)","1 Independent","350mW","3.3V","20uA@1V","3.1V~3.5V","-55℃~+150℃","130Ω","",""
"C5155267","BZX84C30A","Jingdao Microelectronics","3000","50","50","https://www.lcsc.com/product-detail/C5155267.html","SOT-23","Tape & Reel (TR)","1 Independent","350mW","30V","100nA@23V","28V~32V","-55℃~+150℃","80Ω","",""
"C5155268","BZX84C2V7A","Jingdao Microelectronics","1650","50","50","https://www.lcsc.com/product-detail/C5155268.html","SOT-23","Tape & Reel (TR)","1 Independent","350mW","2.7V","120uA","2.5V~2.9V","-55℃~+150℃","110Ω","",""
"C5155269","BZX84C2V4A","Jingdao Microelectronics","2600","50","50","https://www.lcsc.com/product-detail/C5155269.html","SOT-23","Tape & Reel (TR)","1 Independent","350mW","2.4V","120uA@1V","2.28V~2.56V","-55℃~+150℃","100Ω","",""
"C5155270","BZX84C27A","Jingdao Microelectronics","3050","50","50","https://www.lcsc.com/product-detail/C5155270.html","SOT-23","Tape & Reel (TR)","1 Independent","350mW","27V","100nA@21V","25.1V~28.9V","-55℃~+150℃","70Ω","-","±5%"
"C5155271","BZX84C24A","Jingdao Microelectronics","2900","50","50","https://www.lcsc.com/product-detail/C5155271.html","SOT-23","Tape & Reel (TR)","1 Independent","350mW","24V","100nA@19V","22.8V~25.6V","-55℃~+150℃","60Ω","600Ω","±5%"
"C5155272","BZX84C22A","Jingdao Microelectronics","2800","50","50","https://www.lcsc.com/product-detail/C5155272.html","SOT-23","Tape & Reel (TR)","1 Independent","350mW","22V","100nA@17V","20.8V~23.3V","-55℃~+150℃","55Ω","",""
"C5155273","BZX84C20A","Jingdao Microelectronics","2550","50","50","https://www.lcsc.com/product-detail/C5155273.html","SOT-23","Tape & Reel (TR)","1 Independent","350mW","20V","100nA@15V","18.8V~21.2V","-55℃~+150℃","50Ω","",""
"C5155274","BZX84C18A","Jingdao Microelectronics","2850","50","50","https://www.lcsc.com/product-detail/C5155274.html","SOT-23","Tape & Reel (TR)","1 Independent","350mW","18V","100nA@13V","16.8V~19.1V","-55℃~+150℃","45Ω","-","±5%"
"C5155275","BZX84C16A","Jingdao Microelectronics","2550","50","50","https://www.lcsc.com/product-detail/C5155275.html","SOT-23","Tape & Reel (TR)","1 Independent","350mW","16V","100nA@12V","15.3V~17.1V","-55℃~+150℃","40Ω","400Ω","-"
"C5155276","BZX84C13A","Jingdao Microelectronics","400","50","50","https://www.lcsc.com/product-detail/C5155276.html","SOT-23","Tape & Reel (TR)","1 Independent","350mW","13V","100nA@10V","12.4V~14.1V","-55℃~+150℃","35Ω","-","±5%"
"C5155277","BZX84C12A","Jingdao Microelectronics","650","50","50","https://www.lcsc.com/product-detail/C5155277.html","SOT-23","Tape & Reel (TR)","1 Independent","350mW","12V","100nA@9V","11.4V~12.7V","-55℃~+150℃","35Ω","-","±5%"
"C5155278","BZX84C10A","Jingdao Microelectronics","1450","50","50","https://www.lcsc.com/product-detail/C5155278.html","SOT-23","Tape & Reel (TR)","1 Independent","350mW","10V","100nA@7V","9.4V~10.6V","-55℃~+150℃","30Ω","",""
"C5155441","BZX84C15","Slkor","1700","50","50","https://www.lcsc.com/product-detail/C5155441.html","SOT-23","Tape & Reel (TR)","1 Independent","300mW","15V","100nA","13.8V~15.6V","","30Ω","200Ω",""
"C5155442","BZX84C5V1","Slkor","100","50","50","https://www.lcsc.com/product-detail/C5155442.html","SOT-23","Tape & Reel (TR)","1 Independent","300mW","5.1V","2uA@2V","4.8V~5.4V","-","60Ω","480Ω","-"
"C5155443","BZX84C18","Slkor","100","50","50","https://www.lcsc.com/product-detail/C5155443.html","SOT-23","Tape & Reel (TR)","1 Independent","300mW","18V","100nA@12.6V","16.8V~19.1V","-","45Ω","225Ω","-"
"C5184403","BZX84C5V1","HXY MOSFET","133880","20","20","https://www.lcsc.com/product-detail/C5184403.html","SOT-23","Tape & Reel (TR)","1 Independent","300mW","5.1V","2uA@2V","4.8V~5.4V","-40℃~+125℃","60Ω","480Ω","-"
"C5190185","BZX84C2V4","Guangdong Hottech","350","50","50","https://www.lcsc.com/product-detail/C5190185.html","SOT-23","Tape & Reel (TR)","1 Independent","350mW","2.4V","50uA","2.2V~2.6V","-65℃~+150℃","100Ω","600Ω","-"
"C5190188","BZX84C3V3","Guangdong Hottech","350","50","50","https://www.lcsc.com/product-detail/C5190188.html","SOT-23","Tape & Reel (TR)","1 Independent","350mW","3.3V","5uA","3.1V~3.5V","-65℃~+150℃","20Ω","600Ω","-"
"C5190189","BZX84C3V6","Guangdong Hottech","6650","50","50","https://www.lcsc.com/product-detail/C5190189.html","SOT-23","Tape & Reel (TR)","1 Independent","350mW","3.6V","5uA@1V","3.4V~3.8V","-65℃~+150℃","90Ω","600Ω","-"
"C5190190","BZX84C3V9","Guangdong Hottech","1900","50","50","https://www.lcsc.com/product-detail/C5190190.html","SOT-23","Tape & Reel (TR)","1 Independent","350mW","3.9V","3uA","3.7V~4.1V","-65℃~+150℃","20Ω","600Ω","-"
"C5190191","BZX84C4V3","Guangdong Hottech","650","50","50","https://www.lcsc.com/product-detail/C5190191.html","SOT-23","Tape & Reel (TR)","1 Independent","350mW","4.3V","3uA@1V","4V~4.6V","-65℃~+150℃","20Ω","90Ω","-"
"C5190192","BZX84C4V7","Guangdong Hottech","750","50","50","https://www.lcsc.com/product-detail/C5190192.html","SOT-23","Tape & Reel (TR)","1 Independent","350mW","4.7V","3uA@2V","4.4V~5V","-65℃~+150℃","20Ω","500Ω","-"
"C5190193","BZX84C5V1","Guangdong Hottech","4450","50","50","https://www.lcsc.com/product-detail/C5190193.html","SOT-23","Tape & Reel (TR)","1 Independent","350mW","5.1V","20uA@2V","4.8V~5.4V","-65℃~+150℃","60Ω","480Ω","-"
"C5190194","BZX84C5V6","Guangdong Hottech","6600","50","50","https://www.lcsc.com/product-detail/C5190194.html","SOT-23","Tape & Reel (TR)","1 Independent","350mW","5.6V","20uA","5.2V~6V","-65℃~+150℃","20Ω","400Ω","-"
"C5190195","BZX84C6V2","Guangdong Hottech","10700","50","50","https://www.lcsc.com/product-detail/C5190195.html","SOT-23","Tape & Reel (TR)","1 Independent","350mW","6.2V","3uA","5.8V~6.6V","-65℃~+150℃","20Ω","150Ω","-"
"C5190196","BZX84C6V8","Guangdong Hottech","1550","50","50","https://www.lcsc.com/product-detail/C5190196.html","SOT-23","Tape & Reel (TR)","1 Independent","350mW","6.8V","20uA","6.4V~7.2V","-65℃~+150℃","15Ω","80Ω","-"
"C5190197","BZX84C7V5","Guangdong Hottech","150","50","50","https://www.lcsc.com/product-detail/C5190197.html","SOT-23","Tape & Reel (TR)","1 Independent","350mW","7.5V","5uA","7V~7.9V","-65℃~+150℃","15Ω","80Ω","-"
"C5190198","BZX84C8V2","Guangdong Hottech","3150","50","50","https://www.lcsc.com/product-detail/C5190198.html","SOT-23","Tape & Reel (TR)","1 Independent","350mW","8.2V","700nA","7.7V~8.7V","-65℃~+150℃","15Ω","80Ω","-"
"C5190199","BZX84C9V1","Guangdong Hottech","253700","50","50","https://www.lcsc.com/product-detail/C5190199.html","SOT-23","Tape & Reel (TR)","1 Independent","350mW","9.1V","500nA@20V","8.5V~9.6V","-65℃~+150℃","15Ω","100Ω","-"
"C5190202","BZX84C13","Guangdong Hottech","200","50","50","https://www.lcsc.com/product-detail/C5190202.html","SOT-23","Tape & Reel (TR)","1 Independent","350mW","13V","100nA","12.4V~14.1V","-65℃~+150℃","20Ω","170Ω","-"
"C5197492","MMSZ5257BQ-7-F","DIODES","2710","10","10","https://www.lcsc.com/product-detail/C5197492.html","SOD-123","Tape & Reel (TR)","1 Independent","370mW","33V","100nA@25V","31.35V~34.65V","-65℃~+150℃","58Ω","700Ω",""
"C5197494","MMSZ5235BS-7-F","DIODES","2700","10","10","https://www.lcsc.com/product-detail/C5197494.html","SOD-323","Tape & Reel (TR)","1 Independent","200mW","6.8V","3uA@5V","6.46V~7.14V","-65℃~+150℃","5Ω","750Ω",""
"C5201704","S-LBZX84C33LT1G","LRC","800","20","20","https://www.lcsc.com/product-detail/C5201704.html","SOT-23","Tape & Reel (TR)","1 Independent","300mW","33V","50nA","31V~35V","-55℃~+150℃","80Ω","-","-"
"C5240371","MMSZ5231B","TWGMC","7950","50","50","https://www.lcsc.com/product-detail/C5240371.html","SOD-123","Tape & Reel (TR)","1 Independent","500mW","5.1V","2uA","4.8V~5.4V","-55℃~+150℃","130Ω","-","±5%"
"C5244761","BZX84C10","DIODES","5","5","5","https://www.lcsc.com/product-detail/C5244761.html","SOT-23","Bag-packed","1 Independent","350mW","10V","200nA@7V","9.4V~10.6V","-65℃~+150℃","20Ω","150Ω","-"
"C5244770","BZX84C16","DIODES","15","5","5","https://www.lcsc.com/product-detail/C5244770.html","SOT-23","Tape & Reel (TR)","1 Independent","350mW","16V","100nA@11.2V","15.3V~17.1V","-65℃~+150℃","40Ω","200Ω","-"
"C5244774","BZX84C18Q-13-F","DIODES","100","5","5","https://www.lcsc.com/product-detail/C5244774.html","SOT-23","Tape & Reel (TR)","1 Independent","350mW","18V","100nA@12.6V","16.8V~19.1V","-65℃~+150℃","45Ω","225Ω","-"
"C5244777","BZX84C2V7","DIODES","50","5","5","https://www.lcsc.com/product-detail/C5244777.html","SOT-23","Tape & Reel (TR)","1 Independent","350mW","2.7V","20uA","2.5V~2.9V","-65℃~+150℃","100Ω","600Ω","-"
"C5244778","BZX84C33","DIODES","10","5","5","https://www.lcsc.com/product-detail/C5244778.html","SOT-23","Tape & Reel (TR)","1 Independent","350mW","33V","100nA@1V","31V~35V","-65℃~+150℃","80Ω","325Ω","-"
"C5244780","BZX84C3V0","DIODES","45","5","5","https://www.lcsc.com/product-detail/C5244780.html","SOT-23","Tape & Reel (TR)","1 Independent","350mW","3V","10uA@1V","2.8V~3.2V","-65℃~+150℃","95Ω","600Ω","-"
"C5244782","BZX84C3V9","DIODES","105","5","5","https://www.lcsc.com/product-detail/C5244782.html","SOT-23","Tape & Reel (TR)","1 Independent","350mW","3.9V","3uA@1V","3.7V~4.1V","-65℃~+150℃","90Ω","600Ω","-"
"C5244783","BZX84C3V9Q-7-F","DIODES","100","5","5","https://www.lcsc.com/product-detail/C5244783.html","SOT-23","Tape & Reel (TR)","1 Independent","350mW","3.9V","3uA@1V","3.7V~4.1V","-65℃~+150℃","90Ω","600Ω","-"
"C5244786","BZX84C4V3Q-7-F","DIODES","5","5","5","https://www.lcsc.com/product-detail/C5244786.html","SOT-23","Tape & Reel (TR)","1 Independent","350mW","4.3V","3uA@1V","4V~4.6V","-65℃~+150℃","90Ω","600Ω","-"
"C5244791","BZX84C4V7Q-13-F","DIODES","1590","10","10","https://www.lcsc.com/product-detail/C5244791.html","SOT-23","Tape & Reel (TR)","1 Independent","350mW","4.7V","3uA","4.4V~5V","-65℃~+150℃","80Ω","500Ω","-"
"C5244792","BZX84C5V6","DIODES","5","5","5","https://www.lcsc.com/product-detail/C5244792.html","SOT-23","Tape & Reel (TR)","1 Independent","350mW","5.6V","1uA","5.2V~6V","-65℃~+150℃","40Ω","400Ω","-"
"C5244795","BZX84C6V2-7-01-F","DIODES","90","10","10","https://www.lcsc.com/product-detail/C5244795.html","SOT-23","Tape & Reel (TR)","1 Independent","350mW","6.2V","3uA@1V","5.8V~6.6V","-65℃~+150℃","10Ω","150Ω","-"
"C5244796","BZX84C6V8","DIODES","15","5","5","https://www.lcsc.com/product-detail/C5244796.html","SOT-23","Bag-packed","1 Independent","350mW","6.8V","2uA@4V","6.4V~7.2V","-65℃~+150℃","15Ω","80Ω","-"
"C5244798","BZX84C8V2","DIODES","40","5","5","https://www.lcsc.com/product-detail/C5244798.html","SOT-23","Tape & Reel (TR)","1 Independent","350mW","8.2V","700nA","7.7V~8.7V","-65℃~+150℃","15Ω","80Ω","-"
"C5244800","BZX84C9V1","DIODES","55","5","5","https://www.lcsc.com/product-detail/C5244800.html","SOT-23","Bag-packed","1 Independent","330mW","9.1V","-","-","-55℃~+150℃","15Ω","-","±5%"
"C5244949","MMSZ5233B","DIODES","255","5","5","https://www.lcsc.com/product-detail/C5244949.html","SOD-123","Bag-packed","1 Independent","370mW","6V","5uA@3.5V","5.7V~6.3V","-65℃~+150℃","7Ω","1.6kΩ",""
"C5244960","MMSZ5252B","DIODES","250","5","5","https://www.lcsc.com/product-detail/C5244960.html","SOD-123","Bag-packed","1 Independent","370mW","24V","100nA@18V","22.8V~25.2V","-65℃~+150℃","33Ω","600Ω",""
"C5248699","BZX84C16W-7-F","DIODES","130","10","10","https://www.lcsc.com/product-detail/C5248699.html","SOT-323","Tape & Reel (TR)","1 Independent","200mW","16V","100nA@11.2V","15.3V~17.1V","-65℃~+125℃","40Ω","200Ω","-"
"C5248702","BZX84C20W-7-F","DIODES","10","10","10","https://www.lcsc.com/product-detail/C5248702.html","SOT-323","Tape & Reel (TR)","1 Independent","200mW","20V","100nA@14V","18.8V~21.2V","-65℃~+125℃","55Ω","225Ω","-"
"C5248711","BZX84C2V7T-7-F","DIODES","40","5","5","https://www.lcsc.com/product-detail/C5248711.html","SOT-523","Tape & Reel (TR)","1 Independent","150mW","2.7V","20uA@1V","2.5V~2.9V","-65℃~+150℃","100Ω","600Ω",""
"C5248714","BZX84C2V7W-7-F","DIODES","15","5","5","https://www.lcsc.com/product-detail/C5248714.html","SOT-323","Tape & Reel (TR)","1 Independent","200mW","2.7V","20uA@1V","2.5V~2.9V","-65℃~+125℃","100Ω","600Ω","-"
"C5248716","BZX84C30W-7-F","DIODES","150","10","10","https://www.lcsc.com/product-detail/C5248716.html","SOT-323","Tape & Reel (TR)","1 Independent","200mW","30V","100nA@21V","28V~32V","-65℃~+125℃","80Ω","300Ω","-"
"C5248724","BZX84C39W-7-F","DIODES","130","10","10","https://www.lcsc.com/product-detail/C5248724.html","SOT-323","Tape & Reel (TR)","1 Independent","200mW","39V","100nA","37V~41V","-65℃~+125℃","130Ω","350Ω","-"
"C5248732","BZX84C3V9W-7-F","DIODES","130","10","10","https://www.lcsc.com/product-detail/C5248732.html","SOT-323","Tape & Reel (TR)","1 Independent","200mW","3.9V","3uA@1V","3.7V~4.1V","-65℃~+125℃","90Ω","600Ω","-"
"C5248735","BZX84C4V3W-7-F","DIODES","1680","10","10","https://www.lcsc.com/product-detail/C5248735.html","SOT-323","Bag-packed","1 Independent","200mW","4.3V","3uA@1V","4V~4.6V","-65℃~+125℃","90Ω","600Ω","-"
"C5248739","BZX84C5V6T-7-F","DIODES","50","5","5","https://www.lcsc.com/product-detail/C5248739.html","SOT-523","Tape & Reel (TR)","1 Independent","150mW","5.6V","1uA@2V","5.2V~6V","-65℃~+150℃","40Ω","480Ω",""
"C5248743","BZX84C6V2W-7-F","DIODES","2120","10","10","https://www.lcsc.com/product-detail/C5248743.html","SOT-323","Tape & Reel (TR)","1 Independent","200mW","6.2V","3uA","5.8V~6.6V","-65℃~+125℃","10Ω","400Ω","-"
"C5248746","BZX84C6V8W-7-F","DIODES","40","5","5","https://www.lcsc.com/product-detail/C5248746.html","SOT-323","Tape & Reel (TR)","1 Independent","200mW","6.8V","2uA@4V","6.4V~7.2V","-65℃~+125℃","15Ω","150Ω","-"
"C5249130","MMSZ5243BS-7-F","DIODES","500","20","20","https://www.lcsc.com/product-detail/C5249130.html","SOD-323","Tape & Reel (TR)","1 Independent","200mW","13V","500nA@9.9V","12.35V~13.65V","-65℃~+150℃","13Ω","600Ω",""
"C5249647","MMSZ5240B","ElecSuper","150","5","5","https://www.lcsc.com/product-detail/C5249647.html","SOD-123","Tape & Reel (TR)","1 Independent","500mW","10V","3uA","9.5V~10.5V","","17Ω","600Ω",""
"C5249648","MMSZ5242B","ElecSuper","650","50","50","https://www.lcsc.com/product-detail/C5249648.html","SOD-123","Tape & Reel (TR)","1 Independent","500mW","12V","1uA@9.1V","11.4V~12.6V","","30Ω","600Ω",""
"C5249649","MMSZ5245B","ElecSuper","605","5","5","https://www.lcsc.com/product-detail/C5249649.html","SOD-123","Tape & Reel (TR)","1 Independent","500mW","15V","100nA@11V","14.25V~15.75V","","16Ω","600Ω",""
"C5249651","MMSZ5248B","ElecSuper","165","5","5","https://www.lcsc.com/product-detail/C5249651.html","SOD-123","Tape & Reel (TR)","1 Independent","500mW","18V","100nA@14V","17.1V~18.9V","","21Ω","600Ω",""
"C5249656","BZX84C5V1","ElecSuper","2800","50","50","https://www.lcsc.com/product-detail/C5249656.html","SOT-23","Tape & Reel (TR)","1 Independent","300mW","5.1V","2uA@2V","4.8V~5.4V","","60Ω","480Ω",""
"C5253440","MMSZ5250B","MDD(Microdiode Semiconductor)","3250","50","50","https://www.lcsc.com/product-detail/C5253440.html","SOD-123","Tape & Reel (TR)","1 Independent","500mW","20V","100nA@15V","19V~21V","-","25Ω","600Ω","±5%"
"C5253442","MMSZ5252B","MDD(Microdiode Semiconductor)","2150","50","50","https://www.lcsc.com/product-detail/C5253442.html","SOD-123","Tape & Reel (TR)","1 Independent","500mW","24V","100nA@18V","22.8V~25.2V","-","33Ω","600Ω","±5%"
"C5267249","LBZX84C68LT1G","LRC","20","20","20","https://www.lcsc.com/product-detail/C5267249.html","SOT-23","Tape & Reel (TR)","1 Independent","300mW","68V","50nA@35V","64V~72V","-55℃~+150℃","240Ω","-","-"
"C5267250","LBZX84C75LT1G","LRC","1600","20","20","https://www.lcsc.com/product-detail/C5267250.html","SOT-23","Tape & Reel (TR)","1 Independent","300mW","75V","50nA","70V~79V","-55℃~+150℃","255Ω","-","-"
"C5277975","MMSZ5230BS","MSKSEMI","4720","20","20","https://www.lcsc.com/product-detail/C5277975.html","SOD-323","Tape & Reel (TR)","1 Independent","200mW","4.7V","5uA@2V","4.47V~4.94V","-65℃~+150℃","19Ω","1.9kΩ","-"
"C5277976","MMSZ5231BS","MSKSEMI","2740","20","20","https://www.lcsc.com/product-detail/C5277976.html","SOD-323","Tape & Reel (TR)","1 Independent","200mW","5.1V","5uA@2V","4.85V~5.36V","-65℃~+150℃","17Ω","1.6kΩ","-"
"C5277977","MMSZ5232BS","MSKSEMI","2720","20","20","https://www.lcsc.com/product-detail/C5277977.html","SOD-323","Tape & Reel (TR)","1 Independent","200mW","5.6V","5uA@3V","5.32V~5.88V","-55℃~+150℃","11Ω","1.6kΩ","-"
"C5277978","MMSZ5235BS","MSKSEMI","1060","20","20","https://www.lcsc.com/product-detail/C5277978.html","SOD-323","Tape & Reel (TR)","1 Independent","200mW","6.8V","3uA","6.46V~7.14V","-65℃~+150℃","5Ω","750Ω","-"
"C5277979","MMSZ5246BS","MSKSEMI","140","20","20","https://www.lcsc.com/product-detail/C5277979.html","SOD-323","Tape & Reel (TR)","1 Independent","200mW","16V","100nA@12V","15.2V~16.8V","-65℃~+150℃","17Ω","600Ω","-"
"C5277980","MMSZ5256BS","MSKSEMI","5120","20","20","https://www.lcsc.com/product-detail/C5277980.html","SOD-323","Tape & Reel (TR)","1 Independent","200mW","30V","100nA@23V","28.5V~31.5V","-65℃~+150℃","49Ω","600Ω","-"
"C5277981","MMSZ5240B","MSKSEMI","140","20","20","https://www.lcsc.com/product-detail/C5277981.html","SOD-123","Tape & Reel (TR)","1 Independent","500mW","10V","3uA@8V","9.5V~10.5V","-55℃~+150℃","17Ω","600Ω","-"
"C5277982","MMSZ5242B","MSKSEMI","2040","20","20","https://www.lcsc.com/product-detail/C5277982.html","SOD-123","Tape & Reel (TR)","1 Independent","500mW","12V","1uA","11.4V~12.6V","-55℃~+150℃","30Ω","600Ω","-"
"C5277983","MMSZ5243B","MSKSEMI","2420","20","20","https://www.lcsc.com/product-detail/C5277983.html","SOD-123","Tape & Reel (TR)","1 Independent","500mW","13V","500nA@9.9V","12.35V~13.65V","-55℃~+150℃","13Ω","600Ω","-"
"C5277984","MMSZ5244B","MSKSEMI","5620","20","20","https://www.lcsc.com/product-detail/C5277984.html","SOD-123","Tape & Reel (TR)","1 Independent","500mW","14V","100nA","13.3V~14.7V","-55℃~+150℃","15Ω","600Ω","-"
"C5277985","MMSZ5245B","MSKSEMI","2660","20","20","https://www.lcsc.com/product-detail/C5277985.html","SOD-123","Tape & Reel (TR)","1 Independent","500mW","15V","100nA@11V","14.25V~15.75V","-55℃~+150℃","16Ω","600Ω","-"
"C5277986","MMSZ5248B","MSKSEMI","1340","20","20","https://www.lcsc.com/product-detail/C5277986.html","SOD-123","Tape & Reel (TR)","1 Independent","500mW","18V","100nA@14V","17.1V~18.9V","-55℃~+150℃","21Ω","600Ω","-"
"C5277987","MMSZ5250B","MSKSEMI","780","20","20","https://www.lcsc.com/product-detail/C5277987.html","SOD-123","Tape & Reel (TR)","1 Independent","500mW","20V","100nA@15V","19V~21V","-55℃~+150℃","25Ω","600Ω","-"
"C5277988","MMSZ5251B","MSKSEMI","1980","20","20","https://www.lcsc.com/product-detail/C5277988.html","SOD-123","Tape & Reel (TR)","1 Independent","500mW","22V","100nA@17V","20.9V~23.1V","-55℃~+150℃","29Ω","600Ω","-"
"C5277989","MMSZ5252B","MSKSEMI","300","20","20","https://www.lcsc.com/product-detail/C5277989.html","SOD-123","Tape & Reel (TR)","1 Independent","500mW","24V","100nA@18V","22.8V~25.2V","-55℃~+150℃","33Ω","600Ω","-"
"C5277990","MMSZ5254B","MSKSEMI","940","20","20","https://www.lcsc.com/product-detail/C5277990.html","SOD-123","Tape & Reel (TR)","1 Independent","500mW","27V","100nA","25.65V~28.35V","-55℃~+150℃","41Ω","600Ω","-"
"C5277992","MMSZ5256B","MSKSEMI","360","20","20","https://www.lcsc.com/product-detail/C5277992.html","SOD-123","Tape & Reel (TR)","1 Independent","500mW","30V","100nA@23V","28.5V~31.5V","-55℃~+150℃","49Ω","600Ω","-"
"C5277993","MMSZ5257B","MSKSEMI","1320","20","20","https://www.lcsc.com/product-detail/C5277993.html","SOD-123","Tape & Reel (TR)","1 Independent","500mW","33V","100nA@25V","31.35V~34.65V","-55℃~+150℃","58Ω","700Ω","-"
"C5277994","MMSZ5258B","MSKSEMI","2520","20","20","https://www.lcsc.com/product-detail/C5277994.html","SOD-123","Tape & Reel (TR)","1 Independent","500mW","36V","100nA@27V","34.2V~37.8V","-55℃~+150℃","70Ω","700Ω","-"
"C5293056","MMSZ5243C","JSCJ","480","20","20","https://www.lcsc.com/product-detail/C5293056.html","SOD-123","Tape & Reel (TR)","1 Independent","500mW","13V","500nA","12.74V~13.26V","-55℃~+150℃","13Ω","600Ω","-"
"C5293063","MMSZ5240C","JSCJ","3000","20","20","https://www.lcsc.com/product-detail/C5293063.html","SOD-123","Tape & Reel (TR)","1 Independent","500mW","10V","3uA@8V","9.8V~10.2V","-55℃~+150℃","17Ω","600Ω","-"
"C5293100","BZX84C15W","JSCJ","2220","20","20","https://www.lcsc.com/product-detail/C5293100.html","SOT-323","Tape & Reel (TR)","1 Independent","200mW","15V","100nA","13.8V~15.6V","-55℃~+150℃","30Ω","170Ω","-"
"C5300002","BZX84C5V6-RTK/P","KEC","500","20","20","https://www.lcsc.com/product-detail/C5300002.html","SOT-23","Tape & Reel (TR)","1 Independent","300mW","-","1uA@2.5V","5.43V~5.81V","-55℃~+150℃","40Ω","900Ω","-"
"C5331081","MMSZ5266B","MSKSEMI","1460","20","20","https://www.lcsc.com/product-detail/C5331081.html","SOD-123","Tape & Reel (TR)","1 Independent","500mW","68V","100nA@52V","64.6V~71.4V","-55℃~+150℃","230Ω","1.6kΩ","-"
"C5334043","MMSZ5226B","ElecSuper","800","50","50","https://www.lcsc.com/product-detail/C5334043.html","SOD-123","Tape & Reel (TR)","1 Independent","500mW","3.3V","25uA","3.14V~3.47V","-","28Ω","1.6kΩ","-"
"C5334046","MMSZ5243B","ElecSuper","4550","50","50","https://www.lcsc.com/product-detail/C5334046.html","SOD-123","Tape & Reel (TR)","1 Independent","500mW","13V","500nA@9.9V","12.35V~13.65V","","13Ω","600Ω",""
"C5334053","BZX84C12","ElecSuper","1200","50","50","https://www.lcsc.com/product-detail/C5334053.html","SOT-23","Tape & Reel (TR)","1 Independent","300mW","12V","100nA@8V","11.4V~12.7V","","25Ω","150Ω",""
"C5336146","S-LBZX84C18LT1G","LRC","80","20","20","https://www.lcsc.com/product-detail/C5336146.html","SOT-23","Tape & Reel (TR)","1 Independent","300mW","18V","-","16.8V~19.1V","-55℃~+150℃","45Ω","-","-"
"C5336513","BZX84C3V0LT116","ROHM","100","5","5","https://www.lcsc.com/product-detail/C5336513.html","SOT-23","Tape & Reel (TR)","1 Independent","250mW","3V","10uA@1V","2.8V~3.2V","-","95Ω","-","-"
"C5336615","BZX84C33VLFHT116","ROHM","5","5","5","https://www.lcsc.com/product-detail/C5336615.html","SOT-23","Tape & Reel (TR)","1 Independent","250mW","33V","100nA@23V","31V~35V","-","80Ω","-","-"
"C5336668","BZX84C6V2LFHT116","ROHM","80","5","5","https://www.lcsc.com/product-detail/C5336668.html","SOT-23","Tape & Reel (TR)","1 Independent","250mW","6.2V","3uA@4V","5.8V~6.6V","-","10Ω","-","-"
"C5339883","MMSZ5245B","YANGJIE","1060","20","20","https://www.lcsc.com/product-detail/C5339883.html","SOD-123","Tape & Reel (TR)","1 Independent","500mW","15V","100nA@11V","14.25V~15.75V","-55℃~+150℃","16Ω","600Ω","-"
"C5339884","MMSZ5232B","YANGJIE","1340","20","20","https://www.lcsc.com/product-detail/C5339884.html","SOD-123","Tape & Reel (TR)","1 Independent","500mW","5.6V","5uA@3V","5.32V~5.88V","-55℃~+150℃","11Ω","1.6kΩ","-"
"C5342836","MMSZ5231B","XCH","2850","50","50","https://www.lcsc.com/product-detail/C5342836.html","SOD-123","Tape & Reel (TR)","1 Independent","500mW","-","5uA@2V","4.85V~5.36V","-","17Ω","1.6kΩ","-"
"C5342837","MMSZ5232B","XCH","2050","50","50","https://www.lcsc.com/product-detail/C5342837.html","SOD-123","Tape & Reel (TR)","1 Independent","500mW","-","5uA@3V","5.32V~5.88V","-","11Ω","1.6kΩ","-"
"C5342838","MMSZ5240B","XCH","850","50","50","https://www.lcsc.com/product-detail/C5342838.html","SOD-123","Tape & Reel (TR)","1 Independent","500mW","-","3uA@8V","9.5V~10.5V","-","17Ω","600Ω","-"
"C5342839","MMSZ5242B","XCH","300","50","50","https://www.lcsc.com/product-detail/C5342839.html","SOD-123","Tape & Reel (TR)","1 Independent","500mW","-","1uA@9.1V","11.4V~12.6V","-","30Ω","600Ω","-"
"C5342840","MMSZ5246B","XCH","2550","50","50","https://www.lcsc.com/product-detail/C5342840.html","SOD-123","Tape & Reel (TR)","1 Independent","500mW","-","100nA@12V","15.2V~16.8V","-","17Ω","600Ω","-"
"C5342841","MMSZ5248B","XCH","2200","50","50","https://www.lcsc.com/product-detail/C5342841.html","SOD-123","Tape & Reel (TR)","1 Independent","500mW","-","100nA@14V","17.1V~18.9V","-","21Ω","600Ω","-"
"C5342843","MMSZ5259B","XCH","350","50","50","https://www.lcsc.com/product-detail/C5342843.html","SOD-123","Tape & Reel (TR)","1 Independent","500mW","-","100nA@30V","37.05V~40.95V","-","80Ω","800Ω","-"
"C5342870","MMSZ5231BS","XCH","2250","50","50","https://www.lcsc.com/product-detail/C5342870.html","SOD-323","Tape & Reel (TR)","1 Independent","200mW","5.1V","5uA","4.85V~5.36V","-","17Ω","1.6kΩ","-"
"C5342871","MMSZ5246BS","XCH","900","50","50","https://www.lcsc.com/product-detail/C5342871.html","SOD-323","Tape & Reel (TR)","1 Independent","200mW","16V","100nA","15.2V~16.8V","-","17Ω","600Ω","-"
"C5356479","BZX84C7V5","Shikues","200","50","50","https://www.lcsc.com/product-detail/C5356479.html","SOT-23","Tape & Reel (TR)","1 Independent","225mW","7.5V","1uA","7V~7.9V","-","15Ω","-","-"
"C5356482","BZX84C10","Shikues","100","50","50","https://www.lcsc.com/product-detail/C5356482.html","SOT-23","Tape & Reel (TR)","1 Independent","225mW","10V","200nA","9.4V~10.6V","-","20Ω","-","-"
"C5358741","MMSZ5233C-E3-18","VISHAY","276","1","1","https://www.lcsc.com/product-detail/C5358741.html","SOD-123","Tape & Reel (TR)","1 Independent","300mW","6V","5uA@3.5V","-","-55℃~+150℃","7Ω","1.6kΩ","±2%"
"C5358813","BZX84C2V4-E3-18","VISHAY","290","10","10","https://www.lcsc.com/product-detail/C5358813.html","SOT-23","Tape & Reel (TR)","1 Independent","300mW","2.4V","50uA","2.28V~2.52V","-55℃~+150℃","100Ω","600Ω",""
"C5358836","MMSZ5243B-E3-08","VISHAY","3000","5","5","https://www.lcsc.com/product-detail/C5358836.html","SOD-123","Tape & Reel (TR)","1 Independent","500mW","13V","500nA@9.9V","-","-55℃~+150℃","13Ω","600Ω","±5%"
"C5358875","MMSZ5260C-E3-08","VISHAY","2715","5","5","https://www.lcsc.com/product-detail/C5358875.html","SOD-123","Tape & Reel (TR)","1 Independent","300mW","43V","100nA@33V","-","-55℃~+150℃","93Ω","900Ω","±2%"
"C5359570","MMSZ5243C-E3-08","VISHAY","1720","5","5","https://www.lcsc.com/product-detail/C5359570.html","SOD-123","Tape & Reel (TR)","1 Independent","500mW","13V","500nA@9.9V","-","-55℃~+150℃","13Ω","600Ω","±2%"
"C5359871","BZX84C2V7","LGE","3440","20","20","https://www.lcsc.com/product-detail/C5359871.html","SOT-23","Tape & Reel (TR)","1 Independent","350mW","2.7V","20uA@1V","2.5V~2.9V","-65℃~+150℃","100Ω","600Ω","-"
"C5359900","BZX84C2V4","MSKSEMI","720","20","20","https://www.lcsc.com/product-detail/C5359900.html","SOT-23","Tape & Reel (TR)","1 Independent","300mW","2.4V","50uA","2.2V~2.6V","-","100Ω","600Ω","-"
"C5359901","BZX84C3V3","MSKSEMI","1840","20","20","https://www.lcsc.com/product-detail/C5359901.html","SOT-23","Tape & Reel (TR)","1 Independent","300mW","3.3V","5uA@1V","3.1V~3.5V","-","95Ω","600Ω","-"
"C5359902","BZX84C3V9","MSKSEMI","1860","20","20","https://www.lcsc.com/product-detail/C5359902.html","SOT-23","Tape & Reel (TR)","1 Independent","300mW","3.9V","3uA@1V","3.7V~4.1V","-","90Ω","600Ω","-"
"C5359903","BZX84C4V7","MSKSEMI","2640","20","20","https://www.lcsc.com/product-detail/C5359903.html","SOT-23","Tape & Reel (TR)","1 Independent","300mW","4.7V","3uA@2V","4.4V~5V","-","80Ω","500Ω","-"
"C5359904","BZX84C5V1","MSKSEMI","1640","20","20","https://www.lcsc.com/product-detail/C5359904.html","SOT-23","Tape & Reel (TR)","1 Independent","300mW","5.1V","2uA","4.8V~5.4V","-","60Ω","480Ω","-"
"C5359905","BZX84C5V6","MSKSEMI","1800","20","20","https://www.lcsc.com/product-detail/C5359905.html","SOT-23","Tape & Reel (TR)","1 Independent","300mW","5.6V","1uA","5.2V~6V","-","40Ω","400Ω","-"
"C5359906","BZX84C6V2","MSKSEMI","1500","20","20","https://www.lcsc.com/product-detail/C5359906.html","SOT-23","Tape & Reel (TR)","1 Independent","300mW","6.2V","3uA@4V","5.8V~6.6V","-","10Ω","150Ω","-"
"C5359907","BZX84C6V8","MSKSEMI","80","20","20","https://www.lcsc.com/product-detail/C5359907.html","SOT-23","Tape & Reel (TR)","1 Independent","300mW","6.8V","2uA","6.4V~7.2V","-","15Ω","80Ω","-"
"C5359908","BZX84C7V5","MSKSEMI","1640","20","20","https://www.lcsc.com/product-detail/C5359908.html","SOT-23","Tape & Reel (TR)","1 Independent","300mW","7.5V","1uA","7V~7.9V","-","15Ω","80Ω","-"
"C5359909","BZX84C8V2","MSKSEMI","620","20","20","https://www.lcsc.com/product-detail/C5359909.html","SOT-23","Tape & Reel (TR)","1 Independent","300mW","8.2V","700nA","7.7V~8.7V","-","15Ω","80Ω","-"
"C5359910","BZX84C9V1","MSKSEMI","2460","20","20","https://www.lcsc.com/product-detail/C5359910.html","SOT-23","Tape & Reel (TR)","1 Independent","300mW","9.1V","500nA@6V","8.5V~9.6V","-","15Ω","100Ω","-"
"C5359912","BZX84C11","MSKSEMI","60","20","20","https://www.lcsc.com/product-detail/C5359912.html","SOT-23","Tape & Reel (TR)","1 Independent","300mW","11V","100nA@8V","10.4V~11.6V","-","20Ω","150Ω","-"
"C5359914","BZX84C13","MSKSEMI","520","20","20","https://www.lcsc.com/product-detail/C5359914.html","SOT-23","Tape & Reel (TR)","1 Independent","300mW","13V","100nA","12.4V~14.1V","-","30Ω","170Ω","-"
"C5359917","BZX84C20","MSKSEMI","200","20","20","https://www.lcsc.com/product-detail/C5359917.html","SOT-23","Tape & Reel (TR)","1 Independent","300mW","20V","100nA@14V","18.8V~21.2V","-","55Ω","225Ω","-"
"C5359918","BZX84C22","MSKSEMI","2480","20","20","https://www.lcsc.com/product-detail/C5359918.html","SOT-23","Tape & Reel (TR)","1 Independent","300mW","22V","100nA","20.8V~23.3V","-","55Ω","250Ω","-"
"C5359919","BZX84C24","MSKSEMI","180","20","20","https://www.lcsc.com/product-detail/C5359919.html","SOT-23","Tape & Reel (TR)","1 Independent","300mW","24V","100nA","22.8V~25.6V","-","70Ω","250Ω","-"
"C5362063","MMSZ5241B","CBI","2200","50","50","https://www.lcsc.com/product-detail/C5362063.html","SOD-123","Tape & Reel (TR)","1 Independent","350mW","11V","2uA","10.45V~11.55V","-65℃~+150℃","22Ω","600Ω","-"
"C5362064","MMSZ5245B","CBI","1300","50","50","https://www.lcsc.com/product-detail/C5362064.html","SOD-123","Tape & Reel (TR)","1 Independent","350mW","15V","100nA@11V","14.25V~15.75V","-65℃~+150℃","16Ω","600Ω","-"
"C5362065","MMSZ5234B","CBI","2550","50","50","https://www.lcsc.com/product-detail/C5362065.html","SOD-123","Tape & Reel (TR)","1 Independent","350mW","6.2V","5uA@4V","5.89V~6.51V","-65℃~+150℃","7Ω","1kΩ","-"
"C5362066","MMSZ5254B","CBI","1900","50","50","https://www.lcsc.com/product-detail/C5362066.html","SOD-123","Tape & Reel (TR)","1 Independent","350mW","27V","100nA","25.65V~28.35V","-65℃~+150℃","41Ω","600Ω","-"
"C5362067","MMSZ5234BS","CBI","660","20","20","https://www.lcsc.com/product-detail/C5362067.html","SOD-323","Tape & Reel (TR)","1 Independent","200mW","6.2V","5uA","5.89V~6.51V","-55℃~+150℃","7Ω","1kΩ","-"
"C5362068","MMSZ5245BS","CBI","340","20","20","https://www.lcsc.com/product-detail/C5362068.html","SOD-323","Tape & Reel (TR)","1 Independent","200mW","15V","100nA","14.25V~15.75V","-55℃~+150℃","16Ω","600Ω","-"
"C5362069","MMSZ5241BS","CBI","2560","20","20","https://www.lcsc.com/product-detail/C5362069.html","SOD-323","Tape & Reel (TR)","1 Independent","200mW","11V","2uA","10.45V~11.55V","-55℃~+150℃","22Ω","600Ω","-"
"C5365425","BZX84C22V","JUXING","1100","50","50","https://www.lcsc.com/product-detail/C5365425.html","SOT-23","Tape & Reel (TR)","1 Independent","300mW","22V","100nA","20.8V~23.3V","-","55Ω","250Ω","-"
"C5365573","BZX84C3V3","JUXING","2800","50","50","https://www.lcsc.com/product-detail/C5365573.html","SOT-23","Tape & Reel (TR)","1 Independent","300mW","3.3V","5uA@1V","3.1V~3.5V","-","95Ω","-","-"
"C5374761","MMSZ5245B_R1_00101","PANJIT","6500","20","20","https://www.lcsc.com/product-detail/C5374761.html","SOD-123","Tape & Reel (TR)","1 Independent","500mW","15V","100nA@11V","14.25V~15.75V","-55℃~+150℃","16Ω","600Ω","-"
"C5383073","S-LBZX84C2V7LT1G","LRC","820","5","5","https://www.lcsc.com/product-detail/C5383073.html","SOT-23","Tape & Reel (TR)","1 Independent","300mW","2.7V","20uA@1V","2.5V~2.9V","-55℃~+150℃","100Ω","-","-"
"C5447786","S-LBZX84C27LT1G","LRC","740","20","20","https://www.lcsc.com/product-detail/C5447786.html","SOT-23","Tape & Reel (TR)","1 Independent","225mW","27V","50nA","25.1V~28.9V","-55℃~+150℃","80Ω","-","-"
"C5449071","BZX84C56","MSKSEMI","120","20","20","https://www.lcsc.com/product-detail/C5449071.html","SOT-23","Tape & Reel (TR)","1 Independent","300mW","56V","500nA","52V~59V","-","200Ω","425Ω","-"
"C5452793","MMSZ5258B-TP","MCC","2700","20","20","https://www.lcsc.com/product-detail/C5452793.html","SOD-123","Tape & Reel (TR)","1 Independent","500mW","36V","100nA","34.2V~37.8V","-65℃~+150℃","70Ω","700Ω","±5%"
"C5566673","BZX84C30Q-13-F","DIODES","4100","10","10","https://www.lcsc.com/product-detail/C5566673.html","SOT-23","Tape & Reel (TR)","1 Independent","350mW","30V","100nA@21V","28V~32V","-65℃~+150℃","80Ω","300Ω","-"
"C5566679","BZX84C33Q-13-F","DIODES","130","10","10","https://www.lcsc.com/product-detail/C5566679.html","SOT-23","Tape & Reel (TR)","1 Independent","350mW","33V","100nA@23.1V","31V~35V","-65℃~+150℃","80Ω","325Ω","-"
"C5566686","BZX84C33T-7-F","DIODES","110","5","5","https://www.lcsc.com/product-detail/C5566686.html","SOT-523","Tape & Reel (TR)","1 Independent","150mW","33V","100nA","31V~35V","-65℃~+150℃","80Ω","300Ω",""
"C5566710","BZX84C3V0Q-13-F","DIODES","80","10","10","https://www.lcsc.com/product-detail/C5566710.html","SOT-23","Tape & Reel (TR)","1 Independent","350mW","3V","10uA@1V","2.8V~3.2V","-65℃~+150℃","95Ω","600Ω","-"
"C5566732","BZX84C5V1Q-13-F","DIODES","20","10","10","https://www.lcsc.com/product-detail/C5566732.html","SOT-23","Tape & Reel (TR)","1 Independent","350mW","5.1V","2uA","4.8V~5.4V","-65℃~+150℃","60Ω","480Ω","-"
"C5566769","BZX84C9V1-TP","MCC","2450","50","50","https://www.lcsc.com/product-detail/C5566769.html","SOT-23","Tape & Reel (TR)","1 Independent","350mW","9.1V","500nA@6V","8.5V~9.6V","-55℃~+150℃","15Ω","100Ω","±5%"
"C5584648","BZX84C11T-7-F","DIODES","90","5","5","https://www.lcsc.com/product-detail/C5584648.html","SOT-523","Tape & Reel (TR)","1 Independent","150mW","11V","100nA@8V","10.4V~11.6V","-65℃~+150℃","20Ω","150Ω",""
"C5584684","BZX84C15Q-13-F","DIODES","1955","5","5","https://www.lcsc.com/product-detail/C5584684.html","SOT-23-3","Tape & Reel (TR)","1 Independent","350mW","15V","100nA@10.5V","13.8V~15.6V","-65℃~+150℃","200Ω","200Ω","-"
"C5584693","BZX84C15T-7-F","DIODES","120","5","5","https://www.lcsc.com/product-detail/C5584693.html","SOT-523","Tape & Reel (TR)","1 Independent","150mW","15V","100nA","13.8V~15.6V","-65℃~+150℃","30Ω","170Ω",""
"C5584744","BZX84C22Q-7-F","DIODES","100","10","10","https://www.lcsc.com/product-detail/C5584744.html","SOT-23","Tape & Reel (TR)","1 Independent","350mW","22V","100nA","20.8V~23.3V","-65℃~+150℃","55Ω","250Ω","-"
"C5584882","BZX84C43Q-7-F","DIODES","150","10","10","https://www.lcsc.com/product-detail/C5584882.html","SOT-23","Tape & Reel (TR)","1 Independent","350mW","43V","100nA@30.1V","40V~46V","-65℃~+150℃","150Ω","375Ω","-"
"C5584968","BZX84C5V6Q-7-F","DIODES","220","10","10","https://www.lcsc.com/product-detail/C5584968.html","SOT-23","Tape & Reel (TR)","1 Independent","350mW","5.6V","1uA","5.2V~6V","-65℃~+150℃","40Ω","400Ω","-"
"C5585000","BZX84C6V8Q-13-F","DIODES","120","10","10","https://www.lcsc.com/product-detail/C5585000.html","SOT-23","Tape & Reel (TR)","1 Independent","350mW","6.8V","2uA@4V","6.4V~7.2V","-65℃~+150℃","15Ω","80Ω","-"
"C5605639","BZX84C13T-7-F","DIODES","130","5","5","https://www.lcsc.com/product-detail/C5605639.html","SOT-523","Tape & Reel (TR)","1 Independent","150mW","13V","100nA@8V","12.4V~14.1V","-65℃~+150℃","30Ω","150Ω",""
"C5605652","BZX84C20T-7-F","DIODES","80","5","5","https://www.lcsc.com/product-detail/C5605652.html","SOT-523","Tape & Reel (TR)","1 Independent","150mW","20V","100nA@14V","18.8V~21.2V","-65℃~+150℃","55Ω","225Ω",""
"C5605661","BZX84C30-TP","MCC","3000","20","20","https://www.lcsc.com/product-detail/C5605661.html","SOT-23","Tape & Reel (TR)","1 Independent","350mW","30V","100nA@21V","28V~32V","-55℃~+150℃","80Ω","300Ω","±5%"
"C5674367","MMSZ5232B-AU_R1_000A1","PANJIT","400","20","20","https://www.lcsc.com/product-detail/C5674367.html","SOD-123","Tape & Reel (TR)","1 Independent","500mW","5.6V","5uA@3V","5.32V~5.88V","-55℃~+150℃","11Ω","1.6kΩ","-"
"C5774818","MMSZ5234B-AU_R1_000A1","PANJIT","2960","20","20","https://www.lcsc.com/product-detail/C5774818.html","SOD-123","Tape & Reel (TR)","1 Independent","500mW","6.2V","5uA","5.89V~6.51V","-55℃~+150℃","7Ω","1kΩ","-"
"C5957016","BZX84C13VLFHT116","ROHM","100","5","5","https://www.lcsc.com/product-detail/C5957016.html","TO-236-3(SOT-23-3)","Tape & Reel (TR)","1 Independent","250mW","-","100nA@8V","12.4V~14.1V","-","-","30Ω","±5%"
"C5957067","BZX84C2V7Q-13-F","DIODES","130","10","10","https://www.lcsc.com/product-detail/C5957067.html","SOT-23","Tape & Reel (TR)","1 Independent","350mW","2.7V","20uA@1V","2.5V~2.9V","-65℃~+150℃","100Ω","600Ω","-"
"C5957071","BZX84C2V7Q-7-F","DIODES","70","10","10","https://www.lcsc.com/product-detail/C5957071.html","SOT-23","Tape & Reel (TR)","1 Independent","350mW","2.7V","20uA@1V","2.5V~2.9V","-65℃~+150℃","100Ω","600Ω","-"
"C6069548","MMSZ5244BS","YFW","220","20","20","https://www.lcsc.com/product-detail/C6069548.html","SOD-323","Tape & Reel (TR)","1 Independent","500mW","14V","100nA@10V","13.3V~14.7V","-55℃~+150℃","15Ω","600Ω","-"
"C6133161","BZX84C16Q-13-F","DIODES","130","10","10","https://www.lcsc.com/product-detail/C6133161.html","SOT-23","Tape & Reel (TR)","1 Independent","350mW","16V","100nA@11.2V","15.3V~17.1V","-65℃~+150℃","40Ω","200Ω","-"
"C6133200","BZX84C7V5Q-13-F","DIODES","110","10","10","https://www.lcsc.com/product-detail/C6133200.html","SOT-23","Tape & Reel (TR)","1 Independent","350mW","7.5V","1uA@5V","7V~7.9V","-65℃~+150℃","15Ω","80Ω","-"
"C6136705","BZX84C30Q-7-F","DIODES","360","10","10","https://www.lcsc.com/product-detail/C6136705.html","SOT-23","Tape & Reel (TR)","1 Independent","350mW","30V","100nA@21V","28V~32V","-65℃~+150℃","80Ω","300Ω","-"
"C6136746","BZX84C8V2Q-13-F","DIODES","20","10","10","https://www.lcsc.com/product-detail/C6136746.html","SOT-23","Tape & Reel (TR)","1 Independent","350mW","8.2V","700nA@5V","7.7V~8.7V","-65℃~+150℃","15Ω","80Ω","-"
"C6227265","MMSZ5239C-E3-08","VISHAY","410","5","5","https://www.lcsc.com/product-detail/C6227265.html","SOD-123","Tape & Reel (TR)","1 Independent","300mW","9.1V","3uA@7V","-","-55℃~+150℃","10Ω","600Ω","±2%"
"C6306514","MMSZ5237B-TP","MCC","1920","20","20","https://www.lcsc.com/product-detail/C6306514.html","SOD-123","Tape & Reel (TR)","1 Independent","500mW","8.2V","3uA","-","-65℃~+150℃","8Ω","500Ω","±5%"
"C6475256","BZX84C3V9T-7-F","DIODES","130","5","5","https://www.lcsc.com/product-detail/C6475256.html","SOT-523","Tape & Reel (TR)","1 Independent","150mW","3.9V","3uA@1V","3.7V~4.1V","-65℃~+150℃","90Ω","600Ω",""
"C6475280","BZX84C4V7T-7-F","DIODES","130","5","5","https://www.lcsc.com/product-detail/C6475280.html","SOT-523","Tape & Reel (TR)","1 Independent","150mW","4.7V","3uA@2V","4.4V~5V","-65℃~+150℃","80Ω","600Ω",""
"C6475334","BZX84C9V1Q-13-F","DIODES","20","10","10","https://www.lcsc.com/product-detail/C6475334.html","SOT-23","Tape & Reel (TR)","1 Independent","350mW","9.1V","500nA@6V","8.5V~9.6V","-65℃~+150℃","15Ω","100Ω","-"
"C6522967","BZX84C39T-7-F","DIODES","130","5","5","https://www.lcsc.com/product-detail/C6522967.html","SOT-523","Tape & Reel (TR)","1 Independent","150mW","39V","100nA@27.3V","37V~41V","-65℃~+150℃","130Ω","350Ω",""
"C6522971","BZX84C3V0T-7-F","DIODES","80","10","10","https://www.lcsc.com/product-detail/C6522971.html","SOT-523","Tape & Reel (TR)","1 Independent","150mW","3V","20uA@1V","2.8V~3.2V","-65℃~+150℃","95Ω","600Ω",""
"C6522973","BZX84C3V6Q-7-F","DIODES","410","10","10","https://www.lcsc.com/product-detail/C6522973.html","SOT-23","Tape & Reel (TR)","1 Independent","350mW","3.6V","5uA@1V","3.4V~3.8V","-65℃~+150℃","90Ω","600Ω","-"
"C6595452","MMSZ5230B-TP","MCC","3480","20","20","https://www.lcsc.com/product-detail/C6595452.html","SOD-123","Tape & Reel (TR)","1 Independent","500mW","4.7V","5uA@2V","-","-65℃~+150℃","19Ω","1.9kΩ","±5%"
"C6595501","MMSZ5237B-E3-08","VISHAY","3000","5","5","https://www.lcsc.com/product-detail/C6595501.html","SOD-123","Tape & Reel (TR)","1 Independent","300mW","8.2V","3uA@6.5V","-","-55℃~+150℃","8Ω","500Ω","-"
"C6595618","MMSZ5262B-E3-08","VISHAY","3000","5","5","https://www.lcsc.com/product-detail/C6595618.html","SOD-123","Tape & Reel (TR)","1 Independent","500mW","51V","100nA@39V","-","-55℃~+150℃","125Ω","1.1kΩ","±5%"
"C6674070","MMSZ5235A_R1_00001","PANJIT","6020","20","20","https://www.lcsc.com/product-detail/C6674070.html","SOD-123","Tape & Reel (TR)","1 Independent","500mW","6.8V","3uA@5V","6.66V~6.94V","-50℃~+150℃","5Ω","750Ω","-"
"C6756362","BZX84C36T-7-F","DIODES","120","10","10","https://www.lcsc.com/product-detail/C6756362.html","SOT-523","Tape & Reel (TR)","1 Independent","150mW","36V","100nA@25.2V","34V~38V","-65℃~+150℃","90Ω","325Ω",""
"C6756405","BZX84C8V2T-7-F","DIODES","55","5","5","https://www.lcsc.com/product-detail/C6756405.html","SOT-523","Tape & Reel (TR)","1 Independent","150mW","8.2V","700nA","7.7V~8.7V","-65℃~+150℃","15Ω","80Ω",""
"C6771846","BZX84C2V4","MOT","2400","50","50","https://www.lcsc.com/product-detail/C6771846.html","SOT-23","Tape & Reel (TR)","1 Independent","225mW","2.4V","50uA@1V","2.28V~2.6V","-","600Ω","-","±5%"
"C6771847","BZX84C2V7","MOT","450","50","50","https://www.lcsc.com/product-detail/C6771847.html","SOT-23","Tape & Reel (TR)","1 Independent","225mW","2.7V","20uA@1V","2.57V~2.9V","-","600Ω","-","±5%"
"C6771849","BZX84C3V3","MOT","300","50","50","https://www.lcsc.com/product-detail/C6771849.html","SOT-23","Tape & Reel (TR)","1 Independent","225mW","3.3V","5uA@1V","3.14V~3.47V","-","600Ω","-","±5%"
"C6771851","BZX84C3V9","MOT","3000","50","50","https://www.lcsc.com/product-detail/C6771851.html","SOT-23","Tape & Reel (TR)","1 Independent","225mW","3.9V","500nA@1V","3.71V~4.09V","-","600Ω","-","±5%"
"C6771852","BZX84C4V3","MOT","2850","50","50","https://www.lcsc.com/product-detail/C6771852.html","SOT-23","Tape & Reel (TR)","1 Independent","225mW","4.3V","500nA@1V","4.09V~4.52V","-","600Ω","-","±5%"
"C6771853","BZX84C4V7","MOT","2250","50","50","https://www.lcsc.com/product-detail/C6771853.html","SOT-23","Tape & Reel (TR)","1 Independent","225mW","4.7V","3uA@2V","4.47V~4.94V","-","500Ω","-","±5%"
"C6771854","BZX84C5V1","MOT","3000","50","50","https://www.lcsc.com/product-detail/C6771854.html","SOT-23","Tape & Reel (TR)","1 Independent","225mW","5.1V","2uA@2V","4.85V~5.36V","-","480Ω","-","±5%"
"C6771855","BZX84C5V6","MOT","700","50","50","https://www.lcsc.com/product-detail/C6771855.html","SOT-23","Tape & Reel (TR)","1 Independent","225mW","5.6V","1uA@2V","5.32V~5.88V","-","400Ω","-","±5%"
"C6771856","BZX84C6V2","MOT","1500","50","50","https://www.lcsc.com/product-detail/C6771856.html","SOT-23","Tape & Reel (TR)","1 Independent","225mW","6.2V","2.4uA@4V","5.89V~6.51V","-","150Ω","-","±5%"
"C6771857","BZX84C6V8","MOT","800","50","50","https://www.lcsc.com/product-detail/C6771857.html","SOT-23","Tape & Reel (TR)","1 Independent","225mW","6.8V","1.6uA@4V","6.46V~7.14V","-","76Ω","-","±5%"
"C6771858","BZX84C7V5","MOT","2550","50","50","https://www.lcsc.com/product-detail/C6771858.html","SOT-23","Tape & Reel (TR)","1 Independent","225mW","7.5V","800nA@5V","7.13V~7.88V","-","76Ω","-","±5%"
"C6771859","BZX84C8V2","MOT","2800","50","50","https://www.lcsc.com/product-detail/C6771859.html","SOT-23","Tape & Reel (TR)","1 Independent","225mW","8.2V","560nA@5V","7.79V~8.61V","-","76Ω","-","±5%"
"C6771860","BZX84C9V1","MOT","1950","50","50","https://www.lcsc.com/product-detail/C6771860.html","SOT-23","Tape & Reel (TR)","1 Independent","225mW","9.1V","400nA@7V","8.65V~9.56V","-","95Ω","-","±5%"
"C6771861","BZX84C10","MOT","2150","50","50","https://www.lcsc.com/product-detail/C6771861.html","SOT-23","Tape & Reel (TR)","1 Independent","225mW","10V","100nA","9.5V~10.5V","-","142.5Ω","-","±5%"
"C6771862","BZX84C11","MOT","2350","50","50","https://www.lcsc.com/product-detail/C6771862.html","SOT-23","Tape & Reel (TR)","1 Independent","225mW","11V","100nA@8V","10.45V~11.55V","-","142.5Ω","-","±5%"
"C6771867","BZX84C18","MOT","100","50","50","https://www.lcsc.com/product-detail/C6771867.html","SOT-23","Tape & Reel (TR)","1 Independent","225mW","18V","100nA@13V","17.1V~18.9V","-","213Ω","-","±5%"
"C6771875","BZX84C39","MOT","150","50","50","https://www.lcsc.com/product-detail/C6771875.html","SOT-23","Tape & Reel (TR)","1 Independent","225mW","39V","40nA@27V","37.05V~40.95V","-","345Ω","-","±5%"
"C6870226","BZX84C24Q-13-F","DIODES","20","10","10","https://www.lcsc.com/product-detail/C6870226.html","SOT-23","Tape & Reel (TR)","1 Independent","350mW","24V","100nA@16.8V","22.8V~25.6V","-65℃~+150℃","70Ω","250Ω","-"
"C6870228","BZX84C24T-7-F","DIODES","115","5","5","https://www.lcsc.com/product-detail/C6870228.html","SOT-523","Tape & Reel (TR)","1 Independent","150mW","24V","100nA","22.8V~25.6V","-65℃~+150℃","70Ω","250Ω",""
"C6870254","BZX84C3V9HE3-TP","MCC","2280","20","20","https://www.lcsc.com/product-detail/C6870254.html","SOT-23","Tape & Reel (TR)","1 Independent","350mW","3.9V","3uA@1V","3.7V~4.1V","-55℃~+150℃","90Ω","600Ω","±5%"
"C6870275","BZX84C6V8Q-7-F","DIODES","14990","10","10","https://www.lcsc.com/product-detail/C6870275.html","SOT-23","Tape & Reel (TR)","1 Independent","350mW","6.8V","2uA@4V","6.4V~7.2V","-65℃~+150℃","15Ω","80Ω","-"
"C6909561","MMSZ5227B-E3-18","VISHAY","3000","5","5","https://www.lcsc.com/product-detail/C6909561.html","SOD-123","Tape & Reel (TR)","1 Independent","500mW","3.6V","15uA@1V","-","-55℃~+150℃","24Ω","1.7kΩ","±5%"
"C6909633","MMSZ5254BQ-7-F","DIODES","2550","10","10","https://www.lcsc.com/product-detail/C6909633.html","SOD-123","Tape & Reel (TR)","1 Independent","370mW","27V","100nA@21V","25.65V~28.35V","-65℃~+150℃","41Ω","600Ω","-"
"C6909653","MMSZ5260A_R1_00001","PANJIT","5960","20","20","https://www.lcsc.com/product-detail/C6909653.html","SOD-123","Tape & Reel (TR)","1 Independent","500mW","43V","100nA@33V","42.14V~43.86V","-50℃~+150℃","93Ω","900Ω","-"
"C6991424","MMSZ5242B-AU_R1_000A1","PANJIT","1900","20","20","https://www.lcsc.com/product-detail/C6991424.html","SOD-123","Tape & Reel (TR)","1 Independent","500mW","12V","1uA@9.1V","11.4V~12.6V","-55℃~+150℃","30Ω","600Ω","-"
"C6991438","MMSZ5245B-HE3-08","VISHAY","200","5","5","https://www.lcsc.com/product-detail/C6991438.html","SOD-123","Tape & Reel (TR)","1 Independent","500mW","15V","100nA@11V","-","-55℃~+150℃","16Ω","600Ω","±5%"
"C7093878","BZX84C13Q-13-F","DIODES","100","10","10","https://www.lcsc.com/product-detail/C7093878.html","SOT-23","Tape & Reel (TR)","1 Independent","350mW","13V","100nA@8V","12.4V~14.1V","-65℃~+150℃","30Ω","170Ω","-"
"C7093886","BZX84C20Q-13-F","DIODES","120","10","10","https://www.lcsc.com/product-detail/C7093886.html","SOT-23","Tape & Reel (TR)","1 Independent","350mW","20V","100nA@14V","18.8V~21.2V","-65℃~+150℃","55Ω","225Ω","-"
"C7093892","BZX84C27T-7-F","DIODES","50","5","5","https://www.lcsc.com/product-detail/C7093892.html","SOT-523","Tape & Reel (TR)","1 Independent","150mW","27V","100nA@18.9V","25.1V~28.9V","-65℃~+150℃","80Ω","250Ω",""
"C7093894","BZX84C30T-7-F","DIODES","150","10","10","https://www.lcsc.com/product-detail/C7093894.html","SOT-523","Tape & Reel (TR)","1 Independent","150mW","30V","100nA","28V~32V","-65℃~+150℃","80Ω","300Ω",""
"C7093912","BZX84C3V6Q-13-F","DIODES","140","10","10","https://www.lcsc.com/product-detail/C7093912.html","SOT-23","Tape & Reel (TR)","1 Independent","350mW","3.6V","5uA@1V","3.4V~3.8V","-65℃~+150℃","90Ω","600Ω","-"
"C7093915","BZX84C3V9Q-13-F","DIODES","120","10","10","https://www.lcsc.com/product-detail/C7093915.html","SOT-23","Tape & Reel (TR)","1 Independent","350mW","3.9V","3uA@1V","3.7V~4.1V","-65℃~+150℃","90Ω","600Ω","-"
"C7093918","BZX84C43Q-13-F","DIODES","80","10","10","https://www.lcsc.com/product-detail/C7093918.html","SOT-23","Tape & Reel (TR)","1 Independent","300mW","43V","100nA","40V~46V","-65℃~+150℃","150Ω","375Ω","-"
"C7093926","BZX84C5V1HE3-TP","MCC","2200","20","20","https://www.lcsc.com/product-detail/C7093926.html","SOT-23","Tape & Reel (TR)","1 Independent","350mW","5.1V","2uA@2V","4.8V~5.4V","-55℃~+150℃","60Ω","480Ω","-"
"C7093941","BZX84C7V5Q-7-F","DIODES","5","5","5","https://www.lcsc.com/product-detail/C7093941.html","SOT-23","Tape & Reel (TR)","1 Independent","350mW","7.5V","1uA","7V~7.9V","-65℃~+150℃","15Ω","80Ω","-"
"C7224152","BZX84C36Q-7-F","DIODES","3070","10","10","https://www.lcsc.com/product-detail/C7224152.html","SOT-23","Tape & Reel (TR)","1 Independent","350mW","36V","100nA@25V","34V~38V","-65℃~+150℃","90Ω","350Ω","-"
"C7224155","BZX84C39Q-7-F","DIODES","100","10","10","https://www.lcsc.com/product-detail/C7224155.html","SOT-23","Tape & Reel (TR)","1 Independent","350mW","39V","100nA@27.3V","37V~41V","-65℃~+150℃","130Ω","350Ω","-"
"C7224171","BZX84C3V6T-7-F","DIODES","120","5","5","https://www.lcsc.com/product-detail/C7224171.html","SOT-523","Tape & Reel (TR)","1 Independent","150mW","3.6V","5uA@1V","3.4V~3.9V","-65℃~+150℃","90Ω","600Ω",""
"C7224202","BZX84C6V2T-7-F","DIODES","60","5","5","https://www.lcsc.com/product-detail/C7224202.html","SOT-523","Tape & Reel (TR)","1 Independent","150mW","6.2V","3uA@4V","5.8V~6.6V","-65℃~+150℃","10Ω","400Ω",""
"C7231182","MMSZ5250B-E3-08","VISHAY","1790","10","10","https://www.lcsc.com/product-detail/C7231182.html","SOD-123","Tape & Reel (TR)","1 Independent","300mW","20V","100nA@15V","-","-55℃~+150℃","25Ω","600Ω","±5%"
"C7303575","MMSZ5267B-E3-08","VISHAY","2950","10","10","https://www.lcsc.com/product-detail/C7303575.html","SOD-123","Tape & Reel (TR)","1 Independent","500mW","75V","100nA@56V","-","-55℃~+150℃","270Ω","1.7kΩ","±5%"
"C7421029","BZX84C9V1","AnBon","3000","50","50","https://www.lcsc.com/product-detail/C7421029.html","SOT-23","Tape & Reel (TR)","1 Independent","300mW","9.1V","500nA","8.5V~9.6V","-55℃~+150℃","15Ω","100Ω","-"
"C7435625","BZX84C8V2-13-F","DIODES","140","10","10","https://www.lcsc.com/product-detail/C7435625.html","SOT23","Tape & Reel (TR)","","","","","","","","",""
"C7440420","BZX84C18","XCH","100","50","50","https://www.lcsc.com/product-detail/C7440420.html","SOT-23","Tape & Reel (TR)","","-","18V","100nA","16.8V~19.1V","","45Ω","",""
"C7471754","BZX84C3V9","LGE","1300","50","50","https://www.lcsc.com/product-detail/C7471754.html","SOT-23","Tape & Reel (TR)","1 Independent","350mW","3.9V","3uA","3.7V~4.1V","-65℃~+150℃","90Ω","600Ω","-"
"C7471755","MMSZ5226B","LGE","2060","20","20","https://www.lcsc.com/product-detail/C7471755.html","SOD-123","Tape & Reel (TR)","1 Independent","500mW","3.3V","25uA","3.14V~3.47V","-","28Ω","1.6kΩ","-"
"C7471760","MMSZ5235B","LGE","2150","50","50","https://www.lcsc.com/product-detail/C7471760.html","SOD-123","Tape & Reel (TR)","1 Independent","500mW","6.8V","3uA@5V","6.46V~7.14V","-","5Ω","750Ω","-"
"C7471761","MMSZ5237B","LGE","1700","20","20","https://www.lcsc.com/product-detail/C7471761.html","SOD-123","Tape & Reel (TR)","1 Independent","500mW","8.2V","3uA@6.5V","7.79V~8.61V","-","8Ω","500Ω","-"
"C7471763","MMSZ5232BS","LGE","5750","50","50","https://www.lcsc.com/product-detail/C7471763.html","SOD-323","Tape & Reel (TR)","1 Independent","200mW","5.6V","5uA@3V","5.32V~5.88V","-65℃~+150℃","11Ω","1.6kΩ","-"
"C7528194","BZX84C15A","Jingdao Microelectronics","750","50","50","https://www.lcsc.com/product-detail/C7528194.html","SOT-23","Tape & Reel (TR)","1 Independent","350mW","15V","100nA","13.8V~15.6V","-55℃~+150℃","40Ω","",""
"C7528217","BZX84C36A","Jingdao Microelectronics","2600","50","50","https://www.lcsc.com/product-detail/C7528217.html","SOT-23","Tape & Reel (TR)","1 Independent","350mW","36V","100nA@27V","34V~38V","-55℃~+150℃","90Ω","",""
"C7528218","BZX84C33A","Jingdao Microelectronics","2500","50","50","https://www.lcsc.com/product-detail/C7528218.html","SOT-23","Tape & Reel (TR)","1 Independent","350mW","33V","100nA","31V~35V","-55℃~+150℃","80Ω","",""
"C7528224","MMSZ5240BW","Jingdao Microelectronics","800","50","50","https://www.lcsc.com/product-detail/C7528224.html","SOD-123W","Tape & Reel (TR)","1 Independent","500mW","10V","3uA@8V","9.5V~10.5V","-55℃~+150℃","17Ω","600Ω","±5%"
"C7528226","MMSZ5242BW","Jingdao Microelectronics","1700","50","50","https://www.lcsc.com/product-detail/C7528226.html","SOD-123W","Tape & Reel (TR)","1 Independent","500mW","12V","2uA","11.4V~12.6V","-55℃~+150℃","30Ω","600Ω","±5%"
"C7528227","MMSZ5250BW","Jingdao Microelectronics","3000","50","50","https://www.lcsc.com/product-detail/C7528227.html","SOD-123W","Tape & Reel (TR)","1 Independent","500mW","20V","100nA@15V","19V~21V","-55℃~+150℃","25Ω","600Ω","±5%"
"C7528228","MMSZ5254BW","Jingdao Microelectronics","1200","50","50","https://www.lcsc.com/product-detail/C7528228.html","SOD-123W","Tape & Reel (TR)","1 Independent","500mW","27V","100nA@21V","25.65V~28.35V","-55℃~+150℃","41Ω","600Ω","±5%"
"C7528229","MMSZ5228BW","Jingdao Microelectronics","4350","50","50","https://www.lcsc.com/product-detail/C7528229.html","SOD-123W","Tape & Reel (TR)","1 Independent","500mW","3.9V","10uA@1V","3.71V~4.1V","-55℃~+150℃","23Ω","1.9kΩ","±5%"
"C7528236","MMSZ5243BW","Jingdao Microelectronics","350","50","50","https://www.lcsc.com/product-detail/C7528236.html","SOD-123W","Tape & Reel (TR)","1 Independent","500mW","13V","1uA@9.9V","12.35V~13.65V","-55℃~+150℃","13Ω","600Ω","±5%"
"C7528242","MMSZ5221BW","Jingdao Microelectronics","2950","50","50","https://www.lcsc.com/product-detail/C7528242.html","SOD-123W","Tape & Reel (TR)","1 Independent","500mW","2.4V","100uA@1V","2.28V~2.52V","-55℃~+150℃","30Ω","1.2kΩ","±5%"
"C7528249","BZX84C39A","Jingdao Microelectronics","3000","50","50","https://www.lcsc.com/product-detail/C7528249.html","SOT-23","Tape & Reel (TR)","","","","","","","","",""
"C7528253","MMSZ5225BW","Jingdao Microelectronics","2850","50","50","https://www.lcsc.com/product-detail/C7528253.html","SOD-123W","Tape & Reel (TR)","1 Independent","500mW","3V","50uA@1V","2.85V~3.15V","-55℃~+150℃","30Ω","1.6kΩ","±5%"
"C7528997","BZX84C10","amsem","2950","50","50","https://www.lcsc.com/product-detail/C7528997.html","SOT-23","Tape & Reel (TR)","1 Independent","350mW","10V","200nA@7V","9.4V~10.6V","-55℃~+150℃","20Ω","150Ω","-"
"C7528998","BZX84C12","amsem","2850","50","50","https://www.lcsc.com/product-detail/C7528998.html","SOT-23","Tape & Reel (TR)","1 Independent","350mW","12V","100nA@8V","11.4V~12.7V","-55℃~+150℃","25Ω","150Ω","-"
"C7528999","BZX84C15","amsem","3100","50","50","https://www.lcsc.com/product-detail/C7528999.html","SOT-23","Tape & Reel (TR)","1 Independent","350mW","15V","100nA@10.5V","13.8V~15.6V","-55℃~+150℃","30Ω","200Ω","-"
"C7529000","BZX84C18","amsem","3000","50","50","https://www.lcsc.com/product-detail/C7529000.html","SOT-23","Tape & Reel (TR)","1 Independent","350mW","18V","100nA@12.6V","16.8V~19.1V","-55℃~+150℃","45Ω","225Ω","-"
"C7529001","BZX84C3V3","amsem","2500","50","50","https://www.lcsc.com/product-detail/C7529001.html","SOT-23","Tape & Reel (TR)","1 Independent","350mW","3.3V","5uA@1V","3.1V~3.5V","-55℃~+150℃","95Ω","600Ω","-"
"C7529002","BZX84C5V1","amsem","50","50","50","https://www.lcsc.com/product-detail/C7529002.html","SOT-23","Tape & Reel (TR)","1 Independent","350mW","5.1V","2uA@2V","4.8V~5.4V","-55℃~+150℃","60Ω","480Ω","-"
"C7529003","BZX84C5V6","amsem","2900","50","50","https://www.lcsc.com/product-detail/C7529003.html","SOT-23","Tape & Reel (TR)","1 Independent","350mW","5.6V","1uA@2V","5.2V~6V","-55℃~+150℃","40Ω","400Ω","-"
"C7529004","BZX84C9V1","amsem","6000","50","50","https://www.lcsc.com/product-detail/C7529004.html","SOT-23","Tape & Reel (TR)","1 Independent","350mW","9.1V","500nA@6V","8.5V~9.6V","-55℃~+150℃","15Ω","100Ω","-"
"C7529069","MMSZ5230B","amsem","1700","50","50","https://www.lcsc.com/product-detail/C7529069.html","SOD-123","Tape & Reel (TR)","1 Independent","500mW","4.7V","5uA@2V","4.47V~4.94V","-","19Ω","1.9kΩ","-"
"C7529070","MMSZ5232B","amsem","3050","50","50","https://www.lcsc.com/product-detail/C7529070.html","SOD-123","Tape & Reel (TR)","1 Independent","500mW","5.6V","5uA","5.32V~5.88V","-","11Ω","1.6kΩ","-"
"C7529072","MMSZ5234B","amsem","2600","50","50","https://www.lcsc.com/product-detail/C7529072.html","SOD-123","Tape & Reel (TR)","1 Independent","500mW","6.2V","5uA","5.89V~6.51V","-","7Ω","1kΩ","-"
"C7529073","MMSZ5235B","amsem","2950","50","50","https://www.lcsc.com/product-detail/C7529073.html","SOD-123","Tape & Reel (TR)","1 Independent","500mW","6.8V","3uA","6.46V~7.14V","-","5Ω","750Ω","-"
"C7529074","MMSZ5236C","amsem","2900","50","50","https://www.lcsc.com/product-detail/C7529074.html","SOD-123","Tape & Reel (TR)","1 Independent","350mW","7.5V","3uA","7.35V~7.65V","-","6Ω","500Ω","-"
"C7529075","MMSZ5237C","amsem","2650","50","50","https://www.lcsc.com/product-detail/C7529075.html","SOD-123","Tape & Reel (TR)","1 Independent","350mW","8.2V","3uA","8.04V~8.36V","-","8Ω","500Ω","-"
"C7529076","MMSZ5239B","amsem","5950","50","50","https://www.lcsc.com/product-detail/C7529076.html","SOD-123","Tape & Reel (TR)","1 Independent","500mW","9.1V","3uA@7V","8.65V~9.56V","-","10Ω","600Ω","-"
"C7529077","MMSZ5240B","amsem","1750","50","50","https://www.lcsc.com/product-detail/C7529077.html","SOD-123","Tape & Reel (TR)","1 Independent","500mW","10V","3uA@8V","9.5V~10.5V","-","17Ω","600Ω","-"
"C7529078","MMSZ5241C","amsem","2850","50","50","https://www.lcsc.com/product-detail/C7529078.html","SOD-123","Tape & Reel (TR)","1 Independent","350mW","11V","2uA","10.78V~11.22V","-","22Ω","600Ω","-"
"C7529079","MMSZ5242B","amsem","6000","50","50","https://www.lcsc.com/product-detail/C7529079.html","SOD-123","Tape & Reel (TR)","1 Independent","500mW","12V","1uA","11.4V~12.6V","-","30Ω","600Ω","-"
"C7529081","MMSZ5244B","amsem","2850","50","50","https://www.lcsc.com/product-detail/C7529081.html","SOD-123","Tape & Reel (TR)","1 Independent","500mW","14V","100nA@10V","13.3V~14.7V","-","15Ω","600Ω","-"
"C7529082","MMSZ5244C","amsem","2100","50","50","https://www.lcsc.com/product-detail/C7529082.html","SOD-123","Tape & Reel (TR)","1 Independent","350mW","14V","100nA@10V","13.72V~14.28V","-","15Ω","600Ω","-"
"C7529083","MMSZ5245B","amsem","2650","50","50","https://www.lcsc.com/product-detail/C7529083.html","SOD-123","Tape & Reel (TR)","1 Independent","500mW","15V","100nA","14.25V~15.75V","-","16Ω","600Ω","-"
"C7529084","MMSZ5246B","amsem","3100","50","50","https://www.lcsc.com/product-detail/C7529084.html","SOD-123","Tape & Reel (TR)","1 Independent","500mW","16V","100nA","15.2V~16.8V","-","17Ω","600Ω","-"
"C7529085","MMSZ5246C","amsem","300","50","50","https://www.lcsc.com/product-detail/C7529085.html","SOD-123","Tape & Reel (TR)","1 Independent","350mW","16V","100nA","15.88V~16.32V","-","17Ω","600Ω","-"
"C7529086","MMSZ5248B","amsem","3000","50","50","https://www.lcsc.com/product-detail/C7529086.html","SOD-123","Tape & Reel (TR)","1 Independent","500mW","18V","100nA","17.1V~18.9V","-","21Ω","600Ω","-"
"C7529087","MMSZ5248C","amsem","2900","50","50","https://www.lcsc.com/product-detail/C7529087.html","SOD-123","Tape & Reel (TR)","1 Independent","350mW","18V","100nA","17.64V~18.36V","-","21Ω","600Ω","-"
"C7529088","MMSZ5252B","amsem","2800","50","50","https://www.lcsc.com/product-detail/C7529088.html","SOD-123","Tape & Reel (TR)","1 Independent","500mW","24V","100nA","22.8V~25.2V","-","33Ω","600Ω","-"
"C7529089","MMSZ5254C","amsem","2900","50","50","https://www.lcsc.com/product-detail/C7529089.html","SOD-123","Tape & Reel (TR)","1 Independent","350mW","27V","100nA","26.46V~27.54V","-","41Ω","600Ω","-"
"C19077422","MMSZ5231B","R+O","35450","50","50","https://www.lcsc.com/product-detail/C19077422.html","SOD-123","Tape & Reel (TR)","1 Independent","500mW","5.1V","5uA@2V","4.85V~5.36V","-55℃~+150℃","17Ω","-","-"
"C19077423","MMSZ5232B","R+O","57150","50","50","https://www.lcsc.com/product-detail/C19077423.html","SOD-123","Tape & Reel (TR)","1 Independent","500mW","5.4V","5uA@3V","5.32V~5.88V","-55℃~+150℃","11Ω","-","-"
"C19077424","MMSZ5235B","R+O","175900","50","50","https://www.lcsc.com/product-detail/C19077424.html","SOD-123","Tape & Reel (TR)","1 Independent","500mW","6.8V","3uA","6.46V~7.14V","-55℃~+150℃","5Ω","-","-"
"C19077425","MMSZ5240B","R+O","21800","50","50","https://www.lcsc.com/product-detail/C19077425.html","SOD-123","Tape & Reel (TR)","1 Independent","500mW","10V","3uA@8V","9.5V~10.5V","-55℃~+150℃","17Ω","-","-"
"C19077426","MMSZ5242B","R+O","82800","50","50","https://www.lcsc.com/product-detail/C19077426.html","SOD-123","Tape & Reel (TR)","1 Independent","500mW","12V","1uA@9.1V","11.4V~12.6V","-55℃~+150℃","30Ω","-","-"
"C19077427","MMSZ5243B","R+O","28100","50","50","https://www.lcsc.com/product-detail/C19077427.html","SOD-123","Tape & Reel (TR)","1 Independent","500mW","13V","500nA","12.35V~13.65V","-55℃~+150℃","13Ω","-","-"
"C19077428","MMSZ5245B","R+O","96740","20","20","https://www.lcsc.com/product-detail/C19077428.html","SOD-123","Tape & Reel (TR)","1 Independent","500mW","15V","100nA@11V","14.25V~15.75V","-55℃~+150℃","16Ω","-","-"
"C19077430","MMSZ5248B","R+O","26540","20","20","https://www.lcsc.com/product-detail/C19077430.html","SOD-123","Tape & Reel (TR)","1 Independent","500mW","18V","100nA@14V","17.1V~18.9V","-55℃~+150℃","21Ω","-","-"
"C19077431","MMSZ5250B","R+O","47840","20","20","https://www.lcsc.com/product-detail/C19077431.html","SOD-123","Tape & Reel (TR)","1 Independent","500mW","20V","100nA@15V","19V~21V","-55℃~+150℃","25Ω","-","-"
"C19077432","MMSZ5252B","R+O","1400","50","50","https://www.lcsc.com/product-detail/C19077432.html","SOD-123","Tape & Reel (TR)","1 Independent","500mW","24V","100nA@18V","22.8V~25.2V","-55℃~+150℃","33Ω","-","-"
"C19077433","MMSZ5256B","R+O","60200","50","50","https://www.lcsc.com/product-detail/C19077433.html","SOD-123","Tape & Reel (TR)","1 Independent","500mW","30V","100nA@25V","28.5V~31.5V","-55℃~+150℃","49Ω","-","-"
"C19077467","BZX84C3V3","R+O","106200","50","50","https://www.lcsc.com/product-detail/C19077467.html","SOT-23","Tape & Reel (TR)","1 Independent","300mW","3.3V","5uA@1V","3.1V~3.5V","-55℃~+150℃","95Ω","600Ω","-"
"C19077468","BZX84C5V1","R+O","12400","50","50","https://www.lcsc.com/product-detail/C19077468.html","SOT-23","Tape & Reel (TR)","1 Independent","300mW","5.1V","2uA","4.8V~5.4V","-55℃~+150℃","60Ω","480Ω","-"
"C19077469","BZX84C5V6","R+O","53050","50","50","https://www.lcsc.com/product-detail/C19077469.html","SOT-23","Tape & Reel (TR)","1 Independent","300mW","5.6V","1uA","5.2V~6V","-55℃~+150℃","40Ω","400Ω","-"
"C19189990","BZX84C5V1","BLUE ROCKET","2900","50","50","https://www.lcsc.com/product-detail/C19189990.html","SOT-23","Tape & Reel (TR)","1 Independent","300mW","5.1V","2uA","4.8V~5.4V","-65℃~+150℃","60Ω","480Ω","-"
"C19196922","BZX84C20","AnBon","1900","100","100","https://www.lcsc.com/product-detail/C19196922.html","SOT-23","Tape & Reel (TR)","1 Independent","300mW","20V","100nA@14V","18.8V~21.2V","-55℃~+150℃","55Ω","225Ω","-"
"C19988405","MMSZ5231BHE3-TP","MCC","2770","10","10","https://www.lcsc.com/product-detail/C19988405.html","SOD-123","Tape & Reel (TR)","1 Independent","500mW","5.1V","5uA@2V","-","-55℃~+150℃","17Ω","1.6kΩ","±5%"
"C20167752","BZX84C15WQ","YANGJIE","2750","10","10","https://www.lcsc.com/product-detail/C20167752.html","SOT-323(SC-70)","Tape & Reel (TR)","1 Independent","200mW","15V","100nA@10.5V","13.8V~15.6V","-55℃~+150℃","30Ω","200Ω","±5%"
"C20167773","BZX84C3V6WQ","YANGJIE","2990","10","10","https://www.lcsc.com/product-detail/C20167773.html","SOT-323(SC-70)","Tape & Reel (TR)","1 Independent","200mW","3.6V","5uA@1V","3.4V~3.8V","-55℃~+150℃","90Ω","600Ω","±5%"
"C20168715","MMSZ5237BQ","YANGJIE","2280","20","20","https://www.lcsc.com/product-detail/C20168715.html","SOD-123","Tape & Reel (TR)","1 Independent","500mW","8.2V","3uA@6.5V","7.79V~8.61V","-55℃~+150℃","8Ω","500Ω","±5%"
"C20567727","BZX84C2V4-HE3_A-08","VISHAY","1","1","1","https://www.lcsc.com/product-detail/C20567727.html","SOT-23(TO-236)","Tape & Reel (TR)","1 Independent","300mW","2.4V","50uA@1V","2.28V~2.52V","-55℃~+150℃","100Ω","600Ω","±5%"
"C20602064","MMSZ5229BQ","YANGJIE","1300","20","20","https://www.lcsc.com/product-detail/C20602064.html","SOD-123","Tape & Reel (TR)","1 Independent","500mW","4.3V","5uA@1V","4.09V~4.52V","-55℃~+150℃","22Ω","2kΩ","±5%"
"C20602067","MMSZ5234B","YANGJIE","4120","20","20","https://www.lcsc.com/product-detail/C20602067.html","SOD-123","Tape & Reel (TR)","1 Independent","500mW","6.2V","5uA@4V","5.89V~6.51V","-55℃~+150℃","7Ω","1kΩ","-"
"C20602074","MMSZ5237B","YANGJIE","260","20","20","https://www.lcsc.com/product-detail/C20602074.html","SOD-123","Tape & Reel (TR)","1 Independent","500mW","8.2V","3uA@6.5V","7.79V~8.61V","-55℃~+150℃","8Ω","500Ω","-"
"C20602077","MMSZ5239B","YANGJIE","2180","20","20","https://www.lcsc.com/product-detail/C20602077.html","SOD-123","Tape & Reel (TR)","1 Independent","500mW","9.1V","3uA@7V","8.65V~9.56V","-55℃~+150℃","10Ω","600Ω","-"
"C20602081","MMSZ5240BQ","YANGJIE","1380","20","20","https://www.lcsc.com/product-detail/C20602081.html","SOD-123","Tape & Reel (TR)","1 Independent","500mW","10V","3uA@8V","9.5V~10.5V","-55℃~+150℃","17Ω","600Ω","±5%"
"C20602099","MMSZ5252B","YANGJIE","5920","20","20","https://www.lcsc.com/product-detail/C20602099.html","SOD-123","Tape & Reel (TR)","1 Independent","500mW","24V","100nA@18V","22.8V~25.2V","-55℃~+150℃","33Ω","600Ω","-"
"C20602107","MMSZ5258B","YANGJIE","5620","20","20","https://www.lcsc.com/product-detail/C20602107.html","SOD-123","Tape & Reel (TR)","1 Independent","500mW","36V","100nA@27V","34.2V~37.8V","-55℃~+150℃","70Ω","700Ω","-"
"C20611966","MMSZ5242B","HXY MOSFET","150","50","50","https://www.lcsc.com/product-detail/C20611966.html","SOD-123","Tape & Reel (TR)","1 Independent","500mW","12V","1uA@9.1V","11.4V~12.6V","","19Ω","",""
"C20616326","BZX84C16","HXY MOSFET","200","50","50","https://www.lcsc.com/product-detail/C20616326.html","SOT-23","Tape & Reel (TR)","1 Independent","200mW","16V","100nA@11.2V","15.3V~17.1V","-40℃~+125℃","40Ω","200Ω","-"
"C20616327","BZX84C3V3","HXY MOSFET","250","50","50","https://www.lcsc.com/product-detail/C20616327.html","SOT-23","Tape & Reel (TR)","1 Independent","200mW","3.3V","5uA@1V","3.1V~3.5V","-40℃~+125℃","95Ω","600Ω","-"
"C20616329","BZX84C4V7","HXY MOSFET","50","50","50","https://www.lcsc.com/product-detail/C20616329.html","SOT-23","Tape & Reel (TR)","1 Independent","200mW","4.7V","3uA","4.4V~5V","-40℃~+125℃","80Ω","500Ω","-"
"C20616330","BZX84C5V6","HXY MOSFET","300","50","50","https://www.lcsc.com/product-detail/C20616330.html","SOT-23","Tape & Reel (TR)","1 Independent","200mW","5.6V","1uA","5.2V~6V","-40℃~+125℃","40Ω","400Ω","-"
"C20616336","MMSZ5226B","HXY MOSFET","500","50","50","https://www.lcsc.com/product-detail/C20616336.html","SOD-123","Tape & Reel (TR)","1 Independent","500mW","3.3V","25uA@1V","3.14V~3.47V","-","95Ω","1.6kΩ","-"
"C20616337","MMSZ5231B","HXY MOSFET","650","50","50","https://www.lcsc.com/product-detail/C20616337.html","SOD-123","Tape & Reel (TR)","1 Independent","500mW","5.1V","5uA@2V","4.85V~5.36V","-","60Ω","1.6kΩ","-"
"C20616338","MMSZ5240B","HXY MOSFET","300","50","50","https://www.lcsc.com/product-detail/C20616338.html","SOD-123","Tape & Reel (TR)","1 Independent","500mW","10V","3uA@8V","9.5V~10.5V","","19Ω","",""
"C20616340","MMSZ5248B","HXY MOSFET","280","20","20","https://www.lcsc.com/product-detail/C20616340.html","SOD-123","Tape & Reel (TR)","1 Independent","500mW","18V","100nA","17.1V~18.9V","-","42.7Ω","600Ω","-"
"C20616387","MMSZ5237B_R1_00301","PANJIT","4740","20","20","https://www.lcsc.com/product-detail/C20616387.html","SOD-123","Tape & Reel (TR)","1 Independent","500mW","8.2V","3uA@6V","7.79V~8.61V","-55℃~+150℃","8Ω","500Ω",""
"C20616391","MMSZ5252B_R1_00301","PANJIT","2980","20","20","https://www.lcsc.com/product-detail/C20616391.html","SOD-123","Tape & Reel (TR)","1 Independent","500mW","24V","100nA@18V","22.8V~25.2V","-55℃~+150℃","33Ω","600Ω",""
"C20616410","MMSZ5244A_R1_00301","PANJIT","140","20","20","https://www.lcsc.com/product-detail/C20616410.html","SOD-123","Tape & Reel (TR)","1 Independent","500mW","14V","500nA@10.5V","13.72V~14.28V","-50℃~+150℃","15Ω","600Ω","-"
"C20623294","MMSZ5225B","YFW","3000","20","20","https://www.lcsc.com/product-detail/C20623294.html","SOD-123","Tape & Reel (TR)","1 Independent","500mW","3V","50nA@1V","2.85V~3.15V","-55℃~+150℃","30Ω","1.6kΩ","-"
"C20623302","BZX84C3V0","YFW","3000","20","20","https://www.lcsc.com/product-detail/C20623302.html","SOT-23","Tape & Reel (TR)","1 Independent","350mW","3V","10uA@1V","2.8V~3.2V","-65℃~+150℃","95Ω","-","-"
"C20623303","BZX84C3V3","YFW","60","20","20","https://www.lcsc.com/product-detail/C20623303.html","SOT-23","Tape & Reel (TR)","1 Independent","350mW","3.3V","5uA@1V","3.1V~3.5V","-65℃~+150℃","95Ω","-","-"
"C20623306","BZX84C4V3","YFW","2700","50","50","https://www.lcsc.com/product-detail/C20623306.html","SOT-23","Tape & Reel (TR)","1 Independent","350mW","4.3V","3uA@1V","4V~4.6V","-65℃~+150℃","90Ω","-","-"
"C20623309","BZX84C5V6","YFW","2900","20","20","https://www.lcsc.com/product-detail/C20623309.html","SOT-23","Tape & Reel (TR)","1 Independent","350mW","5.6V","1uA@2V","5.2V~6V","-65℃~+150℃","40Ω","-","-"
"C20623315","BZX84C11","YFW","3000","20","20","https://www.lcsc.com/product-detail/C20623315.html","SOT-23","Tape & Reel (TR)","1 Independent","350mW","11V","100nA@8V","10.4V~11.6V","-65℃~+150℃","20Ω","-","-"
"C20623323","BZX84C24","YFW","250","50","50","https://www.lcsc.com/product-detail/C20623323.html","SOT-23","Tape & Reel (TR)","1 Independent","350mW","24V","50nA@16.8V","22.8V~25.6V","-65℃~+150℃","70Ω","-","-"
"C20623339","MMSZ5240B","YFW","3000","20","20","https://www.lcsc.com/product-detail/C20623339.html","SOD-123","Tape & Reel (TR)","1 Independent","500mW","10V","3nA@8.4V","9.5V~10.5V","-55℃~+150℃","17Ω","600Ω","-"
"C21547679","BZX84C3V3","DOWO","1200","50","50","https://www.lcsc.com/product-detail/C21547679.html","SOT-23","Tape & Reel (TR)","1 Independent","300mW","3.3V","5uA","3.1V~3.5V","-","95Ω","600Ω","-"
"C21547680","BZX84C5V1","DOWO","3000","50","50","https://www.lcsc.com/product-detail/C21547680.html","SOT-23","Tape & Reel (TR)","1 Independent","300mW","-","2uA@2V","4.8V~5.4V","-","60Ω","480Ω","-"
"C21547681","BZX84C6V2","DOWO","3000","50","50","https://www.lcsc.com/product-detail/C21547681.html","SOT-23","Tape & Reel (TR)","1 Independent","300mW","-","3uA","5.8V~6.6V","-","10Ω","150Ω","-"
"C21547684","BZX84C18","DOWO","2600","50","50","https://www.lcsc.com/product-detail/C21547684.html","SOT-23","Tape & Reel (TR)","1 Independent","300mW","-","100nA@12.6V","16.8V~19.1V","-","45Ω","225Ω","-"
"C21547687","MMSZ5245B","DOWO","1450","50","50","https://www.lcsc.com/product-detail/C21547687.html","SOD-123","Tape & Reel (TR)","1 Independent","500mW","15V","100nA","14.25V~15.75V","-","16Ω","600Ω","-"
"C21547688","MMSZ5231B","DOWO","4650","50","50","https://www.lcsc.com/product-detail/C21547688.html","SOD-123","Tape & Reel (TR)","1 Independent","500mW","5.1V","5uA","4.85V~5.36V","-","17Ω","1.6kΩ","-"
"C21547689","MMSZ5242B","DOWO","8500","50","50","https://www.lcsc.com/product-detail/C21547689.html","SOD-123","Tape & Reel (TR)","1 Independent","500mW","12V","1uA@9.1V","11.4V~12.6V","-","30Ω","600Ω","-"
"C21547690","MMSZ5246B","DOWO","1550","50","50","https://www.lcsc.com/product-detail/C21547690.html","SOD-123","Tape & Reel (TR)","1 Independent","500mW","16V","100nA@12V","15.2V~16.8V","-","17Ω","600Ω","-"
"C21547691","MMSZ5240B","DOWO","1150","50","50","https://www.lcsc.com/product-detail/C21547691.html","SOD-123","Tape & Reel (TR)","1 Independent","500mW","10V","3uA@8V","9.5V~10.5V","-","17Ω","600Ω","-"
"C21547692","MMSZ5226B","DOWO","2550","50","50","https://www.lcsc.com/product-detail/C21547692.html","SOD-123","Tape & Reel (TR)","1 Independent","500mW","3.3V","25uA","3.14V~3.47V","-","28Ω","1.6kΩ","-"
"C21714114","MMSZ5235B","CBI","600","50","50","https://www.lcsc.com/product-detail/C21714114.html","SOD-123","Tape & Reel (TR)","1 Independent","350mW","6.8V","3uA@5V","6.46V~7.14V","-65℃~+150℃","5Ω","750Ω","-"
"C21714197","MMSZ5231B","CBI","2800","50","50","https://www.lcsc.com/product-detail/C21714197.html","SOD-123","Tape & Reel (TR)","1 Independent","350mW","5.1V","5uA@2V","4.85V~5.36V","-65℃~+150℃","17Ω","1.6kΩ","-"
"C21714198","MMSZ5232B","CBI","4450","50","50","https://www.lcsc.com/product-detail/C21714198.html","SOD-123","Tape & Reel (TR)","1 Independent","350mW","5.6V","5uA@3V","5.32V~5.88V","-65℃~+150℃","11Ω","1.6kΩ","-"
"C21714200","MMSZ5236B","CBI","3000","50","50","https://www.lcsc.com/product-detail/C21714200.html","SOD-123","Tape & Reel (TR)","1 Independent","350mW","7.5V","3uA@6V","7.13V~7.88V","-65℃~+150℃","6Ω","500Ω","-"
"C21714201","MMSZ5237B","CBI","2950","50","50","https://www.lcsc.com/product-detail/C21714201.html","SOD-123","Tape & Reel (TR)","1 Independent","350mW","8.2V","3uA@6.5V","7.79V~8.61V","-65℃~+150℃","8Ω","500Ω","-"
"C21714203","MMSZ5239B","CBI","2600","50","50","https://www.lcsc.com/product-detail/C21714203.html","SOD-123","Tape & Reel (TR)","1 Independent","350mW","9.1V","3uA@7V","8.65V~9.56V","-65℃~+150℃","10Ω","600Ω","-"
"C21714206","MMSZ5243B","CBI","2900","50","50","https://www.lcsc.com/product-detail/C21714206.html","SOD-123","Tape & Reel (TR)","1 Independent","350mW","13V","500nA@9.9V","12.35V~13.65V","-65℃~+150℃","13Ω","600Ω","-"
"C21714207","MMSZ5244B","CBI","2750","50","50","https://www.lcsc.com/product-detail/C21714207.html","SOD-123","Tape & Reel (TR)","1 Independent","350mW","14V","100nA","13.3V~14.7V","-65℃~+150℃","15Ω","-","-"
"C21714209","MMSZ5248B","CBI","1650","50","50","https://www.lcsc.com/product-detail/C21714209.html","SOD-123","Tape & Reel (TR)","1 Independent","350mW","18V","100nA@14V","17.1V~18.9V","-65℃~+150℃","21Ω","600Ω","-"
"C21714210","MMSZ5250B","CBI","3750","50","50","https://www.lcsc.com/product-detail/C21714210.html","SOD-123","Tape & Reel (TR)","1 Independent","350mW","20V","100nA","19V~21V","-65℃~+150℃","25Ω","600Ω","-"
"C21714305","BZX84C2V7","Slkor","700","50","50","https://www.lcsc.com/product-detail/C21714305.html","SOT-23","Tape & Reel (TR)","1 Independent","300mW","2.7V","20uA@1V","2.5V~2.9V","-","100Ω","600Ω","-"
"C21714306","BZX84C3V0","Slkor","2700","50","50","https://www.lcsc.com/product-detail/C21714306.html","SOT-23","Tape & Reel (TR)","1 Independent","300mW","3V","10uA@1V","2.8V~3.2V","-","95Ω","600Ω","-"
"C21714307","BZX84C3V3","Slkor","3200","50","50","https://www.lcsc.com/product-detail/C21714307.html","SOT-23","Tape & Reel (TR)","1 Independent","300mW","3.3V","5uA@1V","3.1V~3.5V","-","95Ω","600Ω","-"
"C21714308","BZX84C3V6","Slkor","2300","50","50","https://www.lcsc.com/product-detail/C21714308.html","SOT-23","Tape & Reel (TR)","1 Independent","300mW","3.6V","5uA","3.4V~3.8V","-","90Ω","600Ω","-"
"C21714309","BZX84C3V9","Slkor","1700","50","50","https://www.lcsc.com/product-detail/C21714309.html","SOT-23","Tape & Reel (TR)","1 Independent","300mW","3.9V","3uA@1V","3.7V~4.1V","-","90Ω","600Ω","-"
"C21714312","BZX84C7V5","Slkor","5750","50","50","https://www.lcsc.com/product-detail/C21714312.html","SOT-23","Tape & Reel (TR)","1 Independent","300mW","7.5V","1uA@5V","7V~7.9V","-","15Ω","80Ω","-"
"C21714313","BZX84C8V2","Slkor","1950","50","50","https://www.lcsc.com/product-detail/C21714313.html","SOT-23","Tape & Reel (TR)","1 Independent","300mW","8.2V","700nA@5V","7.7V~8.7V","-","15Ω","80Ω","-"
"C21714314","BZX84C9V1","Slkor","2450","50","50","https://www.lcsc.com/product-detail/C21714314.html","SOT-23","Tape & Reel (TR)","1 Independent","300mW","9.1V","500nA@6V","8.5V~9.6V","-","15Ω","100Ω","-"
"C21714315","BZX84C10","Slkor","50","50","50","https://www.lcsc.com/product-detail/C21714315.html","SOT-23","Tape & Reel (TR)","1 Independent","300mW","10V","200nA@7V","9.4V~10.6V","-","20Ω","150Ω","-"
"C21714317","BZX84C13","Slkor","50","50","50","https://www.lcsc.com/product-detail/C21714317.html","SOT-23","Tape & Reel (TR)","1 Independent","300mW","13V","100nA@8V","12.4V~14.1V","-","30Ω","170Ω","-"
"C21714318","BZX84C24","Slkor","3000","20","20","https://www.lcsc.com/product-detail/C21714318.html","SOT-23","Tape & Reel (TR)","1 Independent","300mW","24V","100nA","22.8V~25.6V","-","70Ω","250Ω","-"
"C22368950","BZX84C2V4","Wild Goose","2550","50","50","https://www.lcsc.com/product-detail/C22368950.html","SOT-23","Tape & Reel (TR)","1 Independent","300mW","2.4V","50uA@1V","2.2V~2.6V","-","100Ω","600Ω","-"
"C22368951","BZX84C2V7","Wild Goose","2950","50","50","https://www.lcsc.com/product-detail/C22368951.html","SOT-23","Tape & Reel (TR)","1 Independent","300mW","2.7V","20uA@1V","2.5V~2.9V","-","100Ω","600Ω","-"
"C22368952","BZX84C3V0","Wild Goose","1500","50","50","https://www.lcsc.com/product-detail/C22368952.html","SOT-23","Tape & Reel (TR)","1 Independent","300mW","3V","10uA@1V","2.8V~3.2V","-","95Ω","600Ω","-"
"C22368953","BZX84C3V3","Wild Goose","1000","50","50","https://www.lcsc.com/product-detail/C22368953.html","SOT-23","Tape & Reel (TR)","1 Independent","300mW","3.3V","5uA@1V","3.1V~3.5V","-","95Ω","600Ω","-"
"C22368954","BZX84C3V6","Wild Goose","3650","50","50","https://www.lcsc.com/product-detail/C22368954.html","SOT-23","Tape & Reel (TR)","1 Independent","300mW","3.6V","5uA@1V","3.4V~3.8V","-","90Ω","600Ω","-"
"C22368955","BZX84C3V9","Wild Goose","2000","50","50","https://www.lcsc.com/product-detail/C22368955.html","SOT-23","Tape & Reel (TR)","1 Independent","300mW","3.9V","3uA@1V","3.7V~4.1V","-","90Ω","600Ω","-"
"C22368956","BZX84C4V3","Wild Goose","2700","50","50","https://www.lcsc.com/product-detail/C22368956.html","SOT-23","Tape & Reel (TR)","1 Independent","300mW","4.3V","3uA@1V","4V~4.6V","-","90Ω","600Ω","-"
"C22368957","BZX84C4V7","Wild Goose","300","50","50","https://www.lcsc.com/product-detail/C22368957.html","SOT-23","Tape & Reel (TR)","1 Independent","300mW","4.7V","3uA@2V","4.4V~5V","-","80Ω","500Ω","-"
"C22368958","BZX84C5V1","Wild Goose","1150","50","50","https://www.lcsc.com/product-detail/C22368958.html","SOT-23","Tape & Reel (TR)","1 Independent","300mW","5.1V","2uA@2V","4.8V~5.4V","-","60Ω","480Ω","-"
"C22368959","BZX84C5V6","Wild Goose","1850","50","50","https://www.lcsc.com/product-detail/C22368959.html","SOT-23","Tape & Reel (TR)","1 Independent","300mW","5.6V","1uA","5.2V~6V","-","40Ω","400Ω","-"
"C22368960","BZX84C6V2","Wild Goose","650","50","50","https://www.lcsc.com/product-detail/C22368960.html","SOT-23","Tape & Reel (TR)","1 Independent","300mW","6.2V","3uA@4V","5.8V~6.6V","-","10Ω","150Ω","-"
"C22368961","BZX84C6V8","Wild Goose","2850","50","50","https://www.lcsc.com/product-detail/C22368961.html","SOT-23","Tape & Reel (TR)","1 Independent","300mW","6.8V","2uA@4V","6.4V~7.2V","-","15Ω","80Ω","-"
"C22368962","BZX84C7V5","Wild Goose","2900","50","50","https://www.lcsc.com/product-detail/C22368962.html","SOT-23","Tape & Reel (TR)","1 Independent","300mW","7.5V","1uA@1V","7V~7.9V","-","15Ω","80Ω","-"
"C22368963","BZX84C10","Wild Goose","100","50","50","https://www.lcsc.com/product-detail/C22368963.html","SOT-23","Tape & Reel (TR)","1 Independent","300mW","10V","200nA@7V","9.4V~10.6V","-","20Ω","150Ω","-"
"C22368964","BZX84C11","Wild Goose","2550","50","50","https://www.lcsc.com/product-detail/C22368964.html","SOT-23","Tape & Reel (TR)","1 Independent","300mW","11V","100nA","10.4V~11.6V","-","20Ω","150Ω","-"
"C22368965","BZX84C12","Wild Goose","950","50","50","https://www.lcsc.com/product-detail/C22368965.html","SOT-23","Tape & Reel (TR)","1 Independent","300mW","12V","100nA","11.4V~12.7V","-","25Ω","150Ω","-"
"C22368966","BZX84C13","Wild Goose","650","50","50","https://www.lcsc.com/product-detail/C22368966.html","SOT-23","Tape & Reel (TR)","1 Independent","300mW","13V","100nA","12.4V~14.1V","-","30Ω","170Ω","-"
"C22368967","BZX84C15","Wild Goose","2900","50","50","https://www.lcsc.com/product-detail/C22368967.html","SOT-23","Tape & Reel (TR)","1 Independent","300mW","15V","100nA@10.5V","13.3V~15.6V","-","30Ω","200Ω","-"
"C22368968","BZX84C16","Wild Goose","2350","50","50","https://www.lcsc.com/product-detail/C22368968.html","SOT-23","Tape & Reel (TR)","1 Independent","300mW","16V","100nA@11.2V","15.3V~17.1V","-","40Ω","200Ω","-"
"C22368969","BZX84C18","Wild Goose","2950","50","50","https://www.lcsc.com/product-detail/C22368969.html","SOT-23","Tape & Reel (TR)","1 Independent","300mW","18V","100nA@12.6V","16.3V~19.1V","-","45Ω","225Ω","-"
"C22368970","BZX84C20","Wild Goose","2550","50","50","https://www.lcsc.com/product-detail/C22368970.html","SOT-23","Tape & Reel (TR)","1 Independent","300mW","20V","100nA@14V","18.9V~21.2V","-","55Ω","225Ω","-"
"C22368971","BZX84C22","Wild Goose","2600","50","50","https://www.lcsc.com/product-detail/C22368971.html","SOT-23","Tape & Reel (TR)","1 Independent","300mW","22V","100nA@15.4V","20.3V~23.3V","-","55Ω","250Ω","-"
"C22368972","BZX84C24","Wild Goose","2850","50","50","https://www.lcsc.com/product-detail/C22368972.html","SOT-23","Tape & Reel (TR)","1 Independent","300mW","24V","100nA@16.8V","22.8V~25.6V","-","70Ω","250Ω","-"
"C22368973","BZX84C27","Wild Goose","200","50","50","https://www.lcsc.com/product-detail/C22368973.html","SOT-23","Tape & Reel (TR)","1 Independent","300mW","27V","100nA@18.9V","25.1V~28.9V","-","80Ω","300Ω","-"
"C22368974","BZX84C30","Wild Goose","450","50","50","https://www.lcsc.com/product-detail/C22368974.html","SOT-23","Tape & Reel (TR)","1 Independent","300mW","30V","100nA@21V","28V~32V","-","80Ω","300Ω","-"
"C22368975","BZX84C33","Wild Goose","2150","50","50","https://www.lcsc.com/product-detail/C22368975.html","SOT-23","Tape & Reel (TR)","1 Independent","300mW","33V","100nA","31V~35V","-","80Ω","325Ω","-"
"C22368976","BZX84C36","Wild Goose","1950","50","50","https://www.lcsc.com/product-detail/C22368976.html","SOT-23","Tape & Reel (TR)","1 Independent","300mW","36V","100nA","34V~38V","-","90Ω","350Ω","-"
"C22368977","BZX84C39","Wild Goose","1900","50","50","https://www.lcsc.com/product-detail/C22368977.html","SOT-23","Tape & Reel (TR)","1 Independent","300mW","39V","100nA@27.3V","37V~41V","-","130Ω","350Ω","-"
"C22368978","BZX84C43","Wild Goose","2850","50","50","https://www.lcsc.com/product-detail/C22368978.html","SOT-23","Tape & Reel (TR)","1 Independent","300mW","43V","100nA","40V~46V","-","100Ω","700Ω","-"
"C22376107","BZX84C8V2","Wild Goose","1600","50","50","https://www.lcsc.com/product-detail/C22376107.html","SOT-23","Tape & Reel (TR)","1 Independent","300mW","8.2V","700nA","7.7V~8.7V","-","15Ω","80Ω","-"
"C22376108","BZX84C9V1","Wild Goose","2850","50","50","https://www.lcsc.com/product-detail/C22376108.html","SOT-23","Tape & Reel (TR)","1 Independent","300mW","9.1V","500nA","8.5V~9.6V","-","15Ω","100Ω","-"
"C22379470","BZX84C7V5","R+O","20450","50","50","https://www.lcsc.com/product-detail/C22379470.html","SOT-23","Tape & Reel (TR)","1 Independent","300mW","7.5V","1uA","7V~7.9V","-55℃~+150℃","15Ω","80Ω","-"
"C22379473","BZX84C6V8","R+O","57800","50","50","https://www.lcsc.com/product-detail/C22379473.html","SOT-23","Tape & Reel (TR)","1 Independent","300mW","6.8V","2uA","6.4V~7.2V","-55℃~+150℃","15Ω","80Ω","-"
"C22391929","BZX84C6V2","YFW","2950","50","50","https://www.lcsc.com/product-detail/C22391929.html","SOT-23","Tape & Reel (TR)","1 Independent","300mW","6.2V","3uA","5.9V~6.6V","-","10Ω","150Ω","-"
"C22395521","BZX84C4V7","R+O","17050","50","50","https://www.lcsc.com/product-detail/C22395521.html","SOT-23","Tape & Reel (TR)","1 Independent","300mW","4.7V","3uA","4.4V~5V","-55℃~+150℃","80Ω","500Ω","-"
"C22395522","BZX84C8V2","R+O","8750","50","50","https://www.lcsc.com/product-detail/C22395522.html","SOT-23","Tape & Reel (TR)","1 Independent","300mW","8.2V","700nA","7.7V~8.7V","-55℃~+150℃","15Ω","80Ω","-"
"C22395553","MMSZ5227B","R+O","10900","50","50","https://www.lcsc.com/product-detail/C22395553.html","SOD-123","Tape & Reel (TR)","1 Independent","500mW","3.6V","15uA@1V","3.42V~3.78V","-55℃~+150℃","24Ω","-","-"
"C22395554","MMSZ5230B","R+O","23780","20","20","https://www.lcsc.com/product-detail/C22395554.html","SOD-123","Tape & Reel (TR)","1 Independent","500mW","4.7V","5uA@2V","4.47V~4.94V","-55℃~+150℃","19Ω","-","-"
"C22395555","MMSZ5234B","R+O","2680","20","20","https://www.lcsc.com/product-detail/C22395555.html","SOD-123","Tape & Reel (TR)","1 Independent","500mW","6.2V","5uA@4V","5.89V~6.51V","-55℃~+150℃","7Ω","-","-"
"C22395556","MMSZ5236B","R+O","14350","50","50","https://www.lcsc.com/product-detail/C22395556.html","SOD-123","Tape & Reel (TR)","1 Independent","500mW","7.5V","3uA@6V","7.13V~7.88V","-55℃~+150℃","6Ω","-","-"
"C22395557","MMSZ5237B","R+O","14600","50","50","https://www.lcsc.com/product-detail/C22395557.html","SOD-123","Tape & Reel (TR)","1 Independent","500mW","8.2V","3uA@6.5V","7.79V~8.61V","-55℃~+150℃","8Ω","-","-"
"C22395558","MMSZ5239B","R+O","49000","20","20","https://www.lcsc.com/product-detail/C22395558.html","SOD-123","Tape & Reel (TR)","1 Independent","500mW","9.1V","3uA@7V","8.65V~9.56V","-55℃~+150℃","10Ω","-","-"
"C22395559","MMSZ5241B","R+O","2350","50","50","https://www.lcsc.com/product-detail/C22395559.html","SOD-123","Tape & Reel (TR)","1 Independent","500mW","11V","2uA@8.4V","10.45V~11.55V","-55℃~+150℃","22Ω","-","-"
"C22395560","MMSZ5251B","R+O","31550","50","50","https://www.lcsc.com/product-detail/C22395560.html","SOD-123","Tape & Reel (TR)","1 Independent","500mW","22V","100nA@17V","20.9V~23.1V","-55℃~+150℃","29Ω","-","-"
"C22395561","MMSZ5254B","R+O","900","50","50","https://www.lcsc.com/product-detail/C22395561.html","SOD-123","Tape & Reel (TR)","1 Independent","500mW","27V","100nA@21V","25.65V~28.35V","-55℃~+150℃","600Ω","-","-"
"C22395562","MMSZ5231BS","R+O","3660","20","20","https://www.lcsc.com/product-detail/C22395562.html","SOD-323","Tape & Reel (TR)","1 Independent","200mW","5.1V","5uA@2V","4.85V~5.36V","-55℃~+150℃","17Ω","1.6kΩ","-"
"C22395564","MMSZ5239BS","R+O","2660","10","10","https://www.lcsc.com/product-detail/C22395564.html","SOD-323","Tape & Reel (TR)","1 Independent","200mW","9.1V","3uA@7V","8.65V~9.56V","-55℃~+150℃","10Ω","600Ω","-"
"C22395565","MMSZ5246BS","R+O","339140","20","20","https://www.lcsc.com/product-detail/C22395565.html","SOD-323","Tape & Reel (TR)","1 Independent","200mW","16V","100nA@12V","15.2V~16.8V","-55℃~+150℃","17Ω","600Ω","-"
"C22395566","MMSZ5248BS","R+O","900","50","50","https://www.lcsc.com/product-detail/C22395566.html","SOD-323","Tape & Reel (TR)","1 Independent","200mW","18V","100nA@14V","17.1V~18.9V","-55℃~+150℃","21Ω","600Ω","-"
"C22395567","MMSZ5250BS","R+O","14340","20","20","https://www.lcsc.com/product-detail/C22395567.html","SOD-323","Tape & Reel (TR)","1 Independent","200mW","20V","100nA","19V~21V","-55℃~+150℃","25Ω","600Ω","-"
"C22396430","HMMSZ5242BT1G","HXY MOSFET","300","50","50","https://www.lcsc.com/product-detail/C22396430.html","SOD-123","Tape & Reel (TR)","1 Independent","500mW","12V","1uA@9.1V","11.4V~12.6V","-","30Ω","600Ω","-"
"C22399894","MMSZ5225B","R+O","16500","50","50","https://www.lcsc.com/product-detail/C22399894.html","SOD-123","Tape & Reel (TR)","1 Independent","500mW","3V","50uA@1V","2.85V~3.15V","-55℃~+150℃","30Ω","-","-"
"C22399895","MMSZ5228B","R+O","22650","50","50","https://www.lcsc.com/product-detail/C22399895.html","SOD-123","Tape & Reel (TR)","1 Independent","500mW","3.9V","10uA@1V","3.71V~4.1V","-55℃~+150℃","23Ω","-","-"
"C22399896","MMSZ5229B","R+O","32520","20","20","https://www.lcsc.com/product-detail/C22399896.html","SOD-123","Tape & Reel (TR)","1 Independent","500mW","4.3V","5uA@1V","4.09V~4.52V","-55℃~+150℃","22Ω","-","-"
"C22399897","MMSZ5238B","R+O","13420","20","20","https://www.lcsc.com/product-detail/C22399897.html","SOD-123","Tape & Reel (TR)","1 Independent","500mW","8.7V","3uA@6.5V","8.27V~9.14V","-55℃~+150℃","8Ω","-","-"
"C22399899","MMSZ5258B","R+O","850","50","50","https://www.lcsc.com/product-detail/C22399899.html","SOD-123","Tape & Reel (TR)","1 Independent","500mW","36V","100nA@27V","34.2V~37.8V","-55℃~+150℃","70Ω","-","-"
"C22399900","MMSZ5259B","R+O","22040","20","20","https://www.lcsc.com/product-detail/C22399900.html","SOD-123","Tape & Reel (TR)","1 Independent","500mW","39V","100nA@30V","37.05V~40.95V","-55℃~+150℃","80Ω","-","-"
"C22400503","BZX84C12","BLUE ROCKET","1800","50","50","https://www.lcsc.com/product-detail/C22400503.html","SOT-23","Tape & Reel (TR)","1 Independent","300mW","12V","100nA@8V","11.4V~12.7V","-65℃~+150℃","25Ω","150Ω","-"
"C22435004","BZX84C22","BLUE ROCKET","2750","50","50","https://www.lcsc.com/product-detail/C22435004.html","SOT-23","Tape & Reel (TR)","1 Independent","300mW","22V","100nA","20.8V~23.3V","-65℃~+150℃","55Ω","250Ω","-"
"C22435008","BZX84C5V6","BLUE ROCKET","2800","50","50","https://www.lcsc.com/product-detail/C22435008.html","SOT-23","Tape & Reel (TR)","1 Independent","300mW","5.6V","1uA@2V","5.2V~6V","-65℃~+150℃","40Ω","400Ω","-"
"C22435014","BZX84C7V5","BLUE ROCKET","2950","50","50","https://www.lcsc.com/product-detail/C22435014.html","SOT-23","Tape & Reel (TR)","1 Independent","300mW","7.5V","1uA@5V","7V~7.9V","-65℃~+150℃","15Ω","80Ω","-"
"C22440764","MMSZ5248B_R1_00301","PANJIT","2280","20","20","https://www.lcsc.com/product-detail/C22440764.html","SOD-123","Tape & Reel (TR)","1 Independent","500mW","18V","100nA@14V","17.1V~18.9V","-55℃~+150℃","21Ω","600Ω","-"
"C22440765","MMSZ5258B_R1_00301","PANJIT","1960","20","20","https://www.lcsc.com/product-detail/C22440765.html","SOD-123","Tape & Reel (TR)","1 Independent","500mW","36V","100nA@27V","34.2V~37.8V","-55℃~+150℃","70Ω","700Ω","-"
"C24833829","MMSZ5231B_R1_00301","PANJIT","1900","20","20","https://www.lcsc.com/product-detail/C24833829.html","SOD-123","Tape & Reel (TR)","1 Independent","500mW","5.1V","5uA@2V","4.85V~5.36V","-55℃~+150℃","17Ω","1.6kΩ","-"
"C24833830","MMSZ5232B_R1_00301","PANJIT","2800","20","20","https://www.lcsc.com/product-detail/C24833830.html","SOD-123","Tape & Reel (TR)","1 Independent","500mW","5.6V","5uA@3V","5.32V~5.88V","-55℃~+150℃","11Ω","1.6kΩ","-"
"C25721518","MMSZ5231B-HE3 A-08","VISHAY","2880","5","5","https://www.lcsc.com/product-detail/C25721518.html","SOD-123","Tape & Reel (TR)","1 Independent","500mW","5.1V","5uA@2V","-","-55℃~+150℃","17Ω","1.6kΩ","±5%"
"C28978495","BZX84C5V1","HT(Shenzhen Jinyu Semicon)","1600","50","50","https://www.lcsc.com/product-detail/C28978495.html","SOT-23","Tape & Reel (TR)","1 Independent","350mW","5.1V","2uA@2V","4.8V~5.4V","-65℃~+150℃","-","-","-"
"C37331480","MMSZ5245B","GOODWORK","6400","50","50","https://www.lcsc.com/product-detail/C37331480.html","SOD-123","Tape & Reel (TR)","1 Independent","500mW","15V","100nA@11V","14.25V~15.75V","-55℃~+150℃","16Ω","600Ω","-"
"C37635986","BZX84C5V6CA","YFW","100","20","20","https://www.lcsc.com/product-detail/C37635986.html","SOT-23","Tape & Reel (TR)","1 Independent","350mW","5.6V","1uA@2V","5.2V~6V","-65℃~+150℃","40Ω","-","-"
"C39114964","MMSZ5245B_R1_00301","PANJIT","2820","20","20","https://www.lcsc.com/product-detail/C39114964.html","SOD-123","Tape & Reel (TR)","1 Independent","500mW","15V","100nA@11V","14.25V~15.75V","-55℃~+150℃","16Ω","600Ω","-"
"C39847158","MMSZ5231B","GOODWORK","5750","50","50","https://www.lcsc.com/product-detail/C39847158.html","SOD-123","Tape & Reel (TR)","1 Independent","500mW","5.1V","5uA@2V","4.85V~5.36V","-55℃~+150℃","17Ω","1.6kΩ","-"
"C39847159","MMSZ5240B","GOODWORK","3550","50","50","https://www.lcsc.com/product-detail/C39847159.html","SOD-123","Tape & Reel (TR)","1 Independent","500mW","10V","3uA@8V","9.5V~10.5V","-55℃~+150℃","17Ω","600Ω","-"
"C39847160","MMSZ5242B","GOODWORK","450","50","50","https://www.lcsc.com/product-detail/C39847160.html","SOD-123","Tape & Reel (TR)","1 Independent","500mW","12V","1uA@9.1V","11.4V~12.6V","-55℃~+150℃","30Ω","600Ω","-"
"C39847161","MMSZ5246B","GOODWORK","1600","50","50","https://www.lcsc.com/product-detail/C39847161.html","SOD-123","Tape & Reel (TR)","1 Independent","500mW","16V","100nA@12V","15.2V~16.8V","-55℃~+150℃","17Ω","600Ω","-"
"C39847162","MMSZ5248B","GOODWORK","5860","20","20","https://www.lcsc.com/product-detail/C39847162.html","SOD-123","Tape & Reel (TR)","1 Independent","500mW","18V","100nA@14V","17.1V~18.9V","-55℃~+150℃","21Ω","600Ω","-"
"C40726480","MMSZ5256B_R1_00301","PANJIT","5780","20","20","https://www.lcsc.com/product-detail/C40726480.html","SOD-123","Tape & Reel (TR)","1 Independent","500mW","30V","100nA@23V","28.5V~31.5V","-55℃~+150℃","49Ω","600Ω","-"
"C41364472","BZX84C3V3","GOODWORK","1250","50","50","https://www.lcsc.com/product-detail/C41364472.html","SOT-23","Tape & Reel (TR)","1 Independent","300mW","3.3V","5uA@1V","3.1V~3.5V","-55℃~+150℃","95Ω","600Ω","-"
"C41366916","MMSZ5232B","YONGYUTAI","2800","50","50","https://www.lcsc.com/product-detail/C41366916.html","SOD-123","Tape & Reel (TR)","1 Independent","500mW","5.6V","5uA","5.32V~5.88V","-55℃~+125℃","11Ω","1.6kΩ","±5%"
"C41368116","BZX84C2V4","JUXING","2200","50","50","https://www.lcsc.com/product-detail/C41368116.html","SOT-23","Tape & Reel (TR)","1 Independent","300mW","2.4V","50uA@1V","2.2V~2.6V","-","100Ω","600Ω","-"
"C41368118","BZX84C3V9","JUXING","3000","50","50","https://www.lcsc.com/product-detail/C41368118.html","SOT-23","Tape & Reel (TR)","1 Independent","300mW","3.9V","3uA@1V","3.7V~4.1V","-","90Ω","600Ω","-"
"C41368119","BZX84C4V7","JUXING","1350","50","50","https://www.lcsc.com/product-detail/C41368119.html","SOT-23","Tape & Reel (TR)","1 Independent","300mW","4.7V","3uA","4.4V~5V","-","80Ω","500Ω","-"
"C41368120","BZX84C5V6","JUXING","2750","50","50","https://www.lcsc.com/product-detail/C41368120.html","SOT-23","Tape & Reel (TR)","1 Independent","300mW","5.6V","1uA@2V","5.2V~6V","-","40Ω","400Ω","-"
"C41368121","BZX84C6V2","JUXING","1900","50","50","https://www.lcsc.com/product-detail/C41368121.html","SOT-23","Tape & Reel (TR)","1 Independent","300mW","6.2V","3uA","5.8V~6.6V","-","10Ω","150Ω","-"
"C41368122","BZX84C8V2","JUXING","3000","50","50","https://www.lcsc.com/product-detail/C41368122.html","SOT-23","Tape & Reel (TR)","1 Independent","300mW","8.2V","700nA@5V","7.7V~8.7V","-","15Ω","80Ω","-"
"C41371072","BZX84C5V1","GOODWORK","6500","50","50","https://www.lcsc.com/product-detail/C41371072.html","SOT-23","Tape & Reel (TR)","1 Independent","300mW","5.1V","2uA@2V","4.8V~5.4V","-55℃~+150℃","60Ω","480Ω","-"
"C41410797","MMSZ5251BS","R+O","5680","20","20","https://www.lcsc.com/product-detail/C41410797.html","SOD-323","Tape & Reel (TR)","1 Independent","200mW","22V","100nA","20.9V~23.1V","-55℃~+150℃","29Ω","600Ω","-"
"C41410799","MMSZ5245BS","R+O","5550","50","50","https://www.lcsc.com/product-detail/C41410799.html","SOD-323","Tape & Reel (TR)","1 Independent","200mW","15V","100nA","14.25V~15.75V","-55℃~+150℃","16Ω","600Ω","-"
"C41410800","MMSZ5256BS","R+O","7340","20","20","https://www.lcsc.com/product-detail/C41410800.html","SOD-323","Tape & Reel (TR)","1 Independent","200mW","30V","100nA","28.5V~31.5V","-55℃~+150℃","49Ω","600Ω","-"
"C41410801","MMSZ5234BS","R+O","9800","20","20","https://www.lcsc.com/product-detail/C41410801.html","SOD-323","Tape & Reel (TR)","1 Independent","200mW","6.2V","5uA","5.89V~6.51V","-55℃~+150℃","7Ω","1kΩ","-"
"C41410802","MMSZ5226BS","R+O","8460","20","20","https://www.lcsc.com/product-detail/C41410802.html","SOD-323","Tape & Reel (TR)","1 Independent","200mW","3.3V","25uA@1V","3.14V~3.47V","-55℃~+150℃","28Ω","1.6kΩ","-"
"C41431804","MMSZ5254BS","TECH PUBLIC","2050","50","50","https://www.lcsc.com/product-detail/C41431804.html","SOD-323","Tape & Reel (TR)","1 Independent","200mW","27V","100nA","25.1V~28.9V","-55℃~+150℃","80Ω","300Ω","-"
"C41431808","MMSZ5241BS","TECH PUBLIC","2600","50","50","https://www.lcsc.com/product-detail/C41431808.html","SOD-323","Tape & Reel (TR)","1 Independent","200mW","11V","100nA@8V","10.4V~11.6V","-55℃~+150℃","20Ω","150Ω","-"
"C41751473","MMSZ5246B_R1_00301","PANJIT","1500","20","20","https://www.lcsc.com/product-detail/C41751473.html","SOD-123","Tape & Reel (TR)","1 Independent","500mW","16V","100nA","15.2V~16.8V","-55℃~+150℃","17Ω","600Ω","-"
"C41788722","BZX84C13W","DIOTEC","100","5","5","https://www.lcsc.com/product-detail/C41788722.html","-","Bag-packed","","","","","","","","",""
"C42263513","MMSZ5242B_R1_00301","PANJIT","5380","20","20","https://www.lcsc.com/product-detail/C42263513.html","SOD-123","Tape & Reel (TR)","1 Independent","500mW","12V","1uA","11.4V~12.6V","-55℃~+150℃","30Ω","600Ω","-"
"C42334785","MMSZ5234B_R1_00301","PANJIT","2580","20","20","https://www.lcsc.com/product-detail/C42334785.html","SOD-123","Bag-packed","1 Independent","500mW","6.2V","5uA@4V","5.89V~6.51V","-55℃~+150℃","7Ω","1kΩ","-"
"C42370503","MMSZ5228BT1G-TP","TECH PUBLIC","6800","50","50","https://www.lcsc.com/product-detail/C42370503.html","SOD-123","Tape & Reel (TR)","1 Independent","500mW","3.9V","3uA@1V","3.7V~4.1V","-55℃~+150℃","90Ω","600Ω","-"
"C42370504","MMSZ5240BS","TECH PUBLIC","3200","50","50","https://www.lcsc.com/product-detail/C42370504.html","SOD-323","Tape & Reel (TR)","1 Independent","200mW","10V","100nA@7V","9.4V~10.6V","-55℃~+150℃","20Ω","150Ω","-"
"C42371760","MMSZ5221B","R+O","2580","20","20","https://www.lcsc.com/product-detail/C42371760.html","SOD-123","Tape & Reel (TR)","-","500mW","2.4V","100uA@1V","2.28V~2.52V","-55℃~+150℃","30Ω","-","-"
"C42377634","MMSZ5231B","YONGYUTAI","6000","50","50","https://www.lcsc.com/product-detail/C42377634.html","SOD-123","Tape & Reel (TR)","-","500mW","5.1V","5uA@2V","4.85V~5.36V","-55℃~+125℃","17Ω","1.6kΩ","±5%"
"C42379445","BZX84C4V3-E3-08-CN","ChipNobo","2950","50","50","https://www.lcsc.com/product-detail/C42379445.html","SOT-23","Tape & Reel (TR)","1 Independent","300mW","4.3V","3uA","4V~4.6V","-","1Ω","600Ω","-"
"C42379446","BZX84C36-E3-08-CN","ChipNobo","3000","50","50","https://www.lcsc.com/product-detail/C42379446.html","SOT-23","Tape & Reel (TR)","1 Independent","300mW","36V","100nA","34V~38V","-","90Ω","350Ω","-"
"C42380715","BZX84C3V3","YONGYUTAI","50","50","50","https://www.lcsc.com/product-detail/C42380715.html","SOT-23","Tape & Reel (TR)","1 Independent","300mW","-","5uA@1V","3.1V~3.5V","-55℃~+125℃","350Ω","-","-"
"C42380716","BZX84C3V9","YONGYUTAI","3000","50","50","https://www.lcsc.com/product-detail/C42380716.html","SOT-23","Tape & Reel (TR)","1 Independent","300mW","-","3uA@1V","3.7V~4.1V","-55℃~+125℃","400Ω","-","-"
"C42380717","BZX84C4V3","YONGYUTAI","50","50","50","https://www.lcsc.com/product-detail/C42380717.html","SOT-23","Tape & Reel (TR)","1 Independent","300mW","-","3uA","4V~4.6V","-55℃~+125℃","400Ω","-","-"
"C42380726","BZX84C7V5","YONGYUTAI","50","50","50","https://www.lcsc.com/product-detail/C42380726.html","SOT-23","Tape & Reel (TR)","1 Independent","300mW","-","1uA@5V","7V~7.9V","-55℃~+125℃","30Ω","-","-"
"C42380727","BZX84C8V2","YONGYUTAI","50","50","50","https://www.lcsc.com/product-detail/C42380727.html","SOT-23","Tape & Reel (TR)","1 Independent","300mW","8.2V","700nA@5V","7.7V~8.7V","-55℃~+125℃","-","-","-"
"C42380728","BZX84C9V1","YONGYUTAI","50","50","50","https://www.lcsc.com/product-detail/C42380728.html","SOT-23","Tape & Reel (TR)","1 Independent","300mW","-","500nA@6V","8.5V~9.6V","-55℃~+125℃","40Ω","-","-"
"C42387386","BZX84C27","YONGYUTAI","3000","50","50","https://www.lcsc.com/product-detail/C42387386.html","SOT-23","Tape & Reel (TR)","1 Independent","300mW","-","50nA@18.9V","25.1V~28.9V","-55℃~+125℃","65Ω","-","-"
"C42387387","BZX84C33","YONGYUTAI","50","50","50","https://www.lcsc.com/product-detail/C42387387.html","SOT-23","Tape & Reel (TR)","1 Independent","300mW","-","50nA@23.1V","31V~35V","-55℃~+125℃","75Ω","-","-"
"C42387388","BZX84C36","YONGYUTAI","50","50","50","https://www.lcsc.com/product-detail/C42387388.html","SOT-23","Tape & Reel (TR)","1 Independent","300mW","-","50nA@25.2V","34V~38V","-55℃~+125℃","80Ω","-","-"
"C42387390","BZX84C51","YONGYUTAI","50","50","50","https://www.lcsc.com/product-detail/C42387390.html","SOT-23","Tape & Reel (TR)","1 Independent","300mW","-","50nA@35.7V","48V~54V","-55℃~+125℃","46.6Ω","-","-"
"C42415707","MMSZ5236A_R1_00301","PANJIT","7840","20","20","https://www.lcsc.com/product-detail/C42415707.html","SOD-123","Tape & Reel (TR)","1 Independent","500mW","7.5V","3uA@6V","7.35V~7.65V","-50℃~+150℃","6Ω","500Ω","-"
"C42419980","MMSZ5226BT1G-CN","ChipNobo","1500","50","50","https://www.lcsc.com/product-detail/C42419980.html","SOD-123","Tape & Reel (TR)","1 Independent","500mW","3.3V","25uA","3.14V~3.47V","-65℃~+150℃","28Ω","1.6kΩ","-"
"C42419981","MMSZ5231BT1G-CN","ChipNobo","2350","50","50","https://www.lcsc.com/product-detail/C42419981.html","SOD-123","Tape & Reel (TR)","1 Independent","500mW","-","5uA@2V","4.85V~5.36V","-","17Ω","1.6kΩ","-"
"C42419982","MMSZ5231B-7-F-CN","ChipNobo","4450","50","50","https://www.lcsc.com/product-detail/C42419982.html","SOD-123","Tape & Reel (TR)","1 Independent","500mW","5.1V","5uA@2V","4.85V~5.36V","-40℃~+150℃","17Ω","1.6kΩ","-"
"C42419983","MMSZ5245BT1G-CN","ChipNobo","750","50","50","https://www.lcsc.com/product-detail/C42419983.html","SOD-123","Tape & Reel (TR)","1 Independent","500mW","15V","100nA@11V","14.25V~15.75V","-65℃~+150℃","16Ω","600Ω","-"
"C42436594","BZX84C8V2","TECH PUBLIC","2650","50","50","https://www.lcsc.com/product-detail/C42436594.html","SOT-23","Tape & Reel (TR)","1 Independent","350mW","8.2V","700nA@5V","7.7V~8.7V","-55℃~+150℃","15Ω","80Ω","±5%"
"C42436613","TPBZX84C8V2LT1G","TECH PUBLIC","2950","50","50","https://www.lcsc.com/product-detail/C42436613.html","SOT-23","Tape & Reel (TR)","1 Independent","350mW","8.2V","700nA@5V","7.7V~8.7V","-55℃~+150℃","15Ω","80Ω","±5%"
"C42436820","MMSZ5232BT1G-CN","ChipNobo","1950","50","50","https://www.lcsc.com/product-detail/C42436820.html","SOD-123FL","Tape & Reel (TR)","1 Independent","500mW","5.6V","5uA@3V","5.32V~5.88V","-","11Ω","1.6kΩ","±5%"
"C42436821","MMSZ5248BT1G-CN","ChipNobo","2750","50","50","https://www.lcsc.com/product-detail/C42436821.html","SOD-123","Tape & Reel (TR)","1 Independent","500mW","18V","100nA@14V","17.1V~18.9V","-","21Ω","600Ω","±5%"
"C42456327","MMSZ5232B","GOODWORK","400","50","50","https://www.lcsc.com/product-detail/C42456327.html","SOD-123","Tape & Reel (TR)","1 Independent","500mW","5.6V","5uA@3V","5.32V~5.88V","-55℃~+150℃","11Ω","1.6kΩ","-"
"C42459008","BZX84C10LT1G-CN","ChipNobo","1300","50","50","https://www.lcsc.com/product-detail/C42459008.html","SOT-23","Tape & Reel (TR)","1 Independent","300mW","-","200nA@7V","9.4V~10.6V","-","20Ω","150Ω","-"
"C42459010","BZX84C18LT1G-CN","ChipNobo","2900","50","50","https://www.lcsc.com/product-detail/C42459010.html","SOT-23","Tape & Reel (TR)","1 Independent","300mW","-","100nA","16.8V~19.1V","-","45Ω","225Ω","-"
"C42459011","BZX84C5V1LT1G-CN","ChipNobo","1400","50","50","https://www.lcsc.com/product-detail/C42459011.html","SOT-23","Tape & Reel (TR)","1 Independent","300mW","-","2uA@2V","4.8V~5.4V","-","60Ω","480Ω","-"
"C44302089","BZX84C15VDBZR","TI","190","5","5","https://www.lcsc.com/product-detail/C44302089.html","SOT-23-3","Tape & Reel (TR)","","","","","","","","",""
"C44302097","BZX84C8V2DBZRQ1","TI","1000","5","5","https://www.lcsc.com/product-detail/C44302097.html","SOT-23-3","Tape & Reel (TR)","","","","","","","","",""
"C45369260","BZX84C33LT1G-CN","ChipNobo","2600","50","50","https://www.lcsc.com/product-detail/C45369260.html","SOT-23","Tape & Reel (TR)","1 Independent","300mW","-","100nA@23.1V","31V~35V","-","80Ω","325Ω","-"
"C46061847","MMSZ5230B","GOODWORK","3400","50","50","https://www.lcsc.com/product-detail/C46061847.html","SOD-123","Tape & Reel (TR)","1 Independent","500mW","4.7V","5uA@2V","4.47V~4.94V","-55℃~+150℃","19Ω","1.9kΩ","-"
"C46061849","MMSZ5234B","GOODWORK","1400","50","50","https://www.lcsc.com/product-detail/C46061849.html","SOD-123","Tape & Reel (TR)","1 Independent","500mW","6.2V","5uA@4V","5.89V~6.51V","-55℃~+150℃","7Ω","1kΩ","-"
"C46061850","MMSZ5235B","GOODWORK","550","50","50","https://www.lcsc.com/product-detail/C46061850.html","SOD-123","Tape & Reel (TR)","1 Independent","500mW","6.8V","3uA@5V","6.46V~7.14V","-55℃~+150℃","5Ω","750Ω","-"
"C46061851","MMSZ5243B","GOODWORK","2750","50","50","https://www.lcsc.com/product-detail/C46061851.html","SOD-123","Tape & Reel (TR)","1 Independent","500mW","13V","500nA@9.9V","12.35V~13.65V","-55℃~+150℃","13Ω","600Ω","-"
"C46061852","MMSZ5244B","GOODWORK","2150","50","50","https://www.lcsc.com/product-detail/C46061852.html","SOD-123","Tape & Reel (TR)","1 Independent","500mW","14V","100nA@10V","13.3V~14.7V","-55℃~+150℃","15Ω","600Ω","-"
"C46472827","BZX84C9V1","TECH PUBLIC","2600","50","50","https://www.lcsc.com/product-detail/C46472827.html","SOT-23","Tape & Reel (TR)","1 Independent","350mW","9.1V","500nA@6V","8.5V~9.6V","-55℃~+150℃","15Ω","100Ω","-"
"C46472828","BZX84C7V5","TECH PUBLIC","1800","50","50","https://www.lcsc.com/product-detail/C46472828.html","SOT-23","Tape & Reel (TR)","1 Independent","350mW","7.5V","1uA@5V","7V~7.9V","-55℃~+150℃","15Ω","80Ω","-"
"C46472829","BZX84C6V8","TECH PUBLIC","2200","50","50","https://www.lcsc.com/product-detail/C46472829.html","SOT-23","Tape & Reel (TR)","1 Independent","350mW","6.8V","2uA@4V","6.4V~7.2V","-55℃~+150℃","15Ω","80Ω","-"
"C46472830","BZX84C6V2","TECH PUBLIC","2450","50","50","https://www.lcsc.com/product-detail/C46472830.html","SOT-23","Tape & Reel (TR)","1 Independent","350mW","6.2V","3uA","5.8V~6.6V","-55℃~+150℃","10Ω","150Ω","-"
"C46472831","BZX84C5V6","TECH PUBLIC","1700","50","50","https://www.lcsc.com/product-detail/C46472831.html","SOT-23","Tape & Reel (TR)","1 Independent","350mW","5.6V","1uA@2V","5.2V~6V","-55℃~+150℃","40Ω","400Ω","-"
"C46472832","BZX84C5V1","TECH PUBLIC","12900","50","50","https://www.lcsc.com/product-detail/C46472832.html","SOT-23","Tape & Reel (TR)","1 Independent","350mW","5.1V","2uA@2V","4.8V~5.4V","-55℃~+150℃","60Ω","480Ω","-"
"C46472833","BZX84C4V7","TECH PUBLIC","2550","50","50","https://www.lcsc.com/product-detail/C46472833.html","SOT-23","Tape & Reel (TR)","1 Independent","350mW","4.7V","3uA@2V","4.4V~5V","-55℃~+150℃","80Ω","500Ω","-"
"C46472834","BZX84C4V3","TECH PUBLIC","2650","50","50","https://www.lcsc.com/product-detail/C46472834.html","SOT-23","Tape & Reel (TR)","1 Independent","350mW","4.3V","3uA","4V~4.6V","-55℃~+150℃","90Ω","600Ω","-"
"C46472835","BZX84C3V9","TECH PUBLIC","2650","50","50","https://www.lcsc.com/product-detail/C46472835.html","SOT-23","Tape & Reel (TR)","1 Independent","350mW","3.9V","3uA@1V","3.7V~4.1V","-55℃~+150℃","90Ω","600Ω","-"
"C46472836","BZX84C3V3","TECH PUBLIC","3250","50","50","https://www.lcsc.com/product-detail/C46472836.html","SOT-23","Tape & Reel (TR)","1 Independent","350mW","3.3V","5uA@1V","3.1V~3.5V","-55℃~+150℃","95Ω","600Ω","-"
"C46472837","BZX84C3V0","TECH PUBLIC","1450","50","50","https://www.lcsc.com/product-detail/C46472837.html","SOT-23","Tape & Reel (TR)","1 Independent","350mW","3V","10uA@1V","2.8V~3.2V","-55℃~+150℃","95Ω","600Ω","-"
"C46472838","BZX84C2V7","TECH PUBLIC","700","50","50","https://www.lcsc.com/product-detail/C46472838.html","SOT-23","Tape & Reel (TR)","1 Independent","350mW","2.7V","20uA@1V","2.5V~2.9V","-55℃~+150℃","100Ω","600Ω","-"
"C46472839","BZX84C2V4","TECH PUBLIC","4000","50","50","https://www.lcsc.com/product-detail/C46472839.html","SOT-23","Tape & Reel (TR)","1 Independent","350mW","2.4V","50uA@1V","2.28V~2.52V","-55℃~+150℃","100Ω","600Ω","-"
"C46472840","BZX84C20","TECH PUBLIC","1600","50","50","https://www.lcsc.com/product-detail/C46472840.html","SOT-23","Tape & Reel (TR)","1 Independent","350mW","20V","100nA@14V","18.8V~21.2V","-55℃~+150℃","55Ω","225Ω","-"
"C46472842","BZX84C16","TECH PUBLIC","1800","50","50","https://www.lcsc.com/product-detail/C46472842.html","SOT-23","Tape & Reel (TR)","1 Independent","350mW","16V","100nA@11.2V","15.3V~17.1V","-55℃~+150℃","40Ω","200Ω","-"
"C46472843","BZX84C12","TECH PUBLIC","1550","50","50","https://www.lcsc.com/product-detail/C46472843.html","SOT-23","Tape & Reel (TR)","1 Independent","350mW","12V","100nA@8V","11.4V~12.7V","-55℃~+150℃","25Ω","150Ω","-"
"C46472845","BZX84C13","TECH PUBLIC","1500","50","50","https://www.lcsc.com/product-detail/C46472845.html","SOT-23","Tape & Reel (TR)","1 Independent","350mW","13V","100nA","12.4V~14.1V","-55℃~+150℃","30Ω","170Ω","-"
"C46472847","BZX84C11","TECH PUBLIC","2500","50","50","https://www.lcsc.com/product-detail/C46472847.html","SOT-23","Tape & Reel (TR)","1 Independent","350mW","11V","100nA","10.4V~11.6V","-55℃~+150℃","20Ω","150Ω","-"
"C46472852","BZX84C43","TECH PUBLIC","2450","50","50","https://www.lcsc.com/product-detail/C46472852.html","SOT-23","Tape & Reel (TR)","1 Independent","350mW","43V","100nA@30.1V","40.85V~45.15V","-55℃~+150℃","150Ω","375Ω","-"
"C46472853","BZX84C27","TECH PUBLIC","2600","50","50","https://www.lcsc.com/product-detail/C46472853.html","SOT-23","Tape & Reel (TR)","1 Independent","350mW","27V","100nA","25.1V~28.9V","-55℃~+150℃","80Ω","300Ω","-"
"C46472854","BZX84C30","TECH PUBLIC","2000","50","50","https://www.lcsc.com/product-detail/C46472854.html","SOT-23","Tape & Reel (TR)","1 Independent","350mW","30V","100nA@21V","28V~32V","-55℃~+150℃","80Ω","300Ω","-"
"C46472855","BZX84C36","TECH PUBLIC","2200","50","50","https://www.lcsc.com/product-detail/C46472855.html","SOT-23","Tape & Reel (TR)","1 Independent","350mW","36V","100nA","34V~38V","-55℃~+150℃","90Ω","350Ω","-"
"C46472857","BZX84C10LT1G-TP","TECH PUBLIC","1750","50","50","https://www.lcsc.com/product-detail/C46472857.html","SOT-23","Tape & Reel (TR)","1 Independent","300mW","10V","200nA","9.4V~10.6V","-55℃~+150℃","20Ω","150Ω","-"
"C46472858","BZX84C9V1LT1G-TP","TECH PUBLIC","2750","50","50","https://www.lcsc.com/product-detail/C46472858.html","SOT-23","Tape & Reel (TR)","1 Independent","300mW","9.1V","500nA@6V","8.5V~9.6V","-55℃~+150℃","15Ω","100Ω","-"
"C46472859","BZX84C7V5LT1G-TP","TECH PUBLIC","2300","50","50","https://www.lcsc.com/product-detail/C46472859.html","SOT-23","Tape & Reel (TR)","1 Independent","300mW","7.5V","1uA","7V~7.9V","-55℃~+150℃","15Ω","80Ω","-"
"C46472860","BZX84C6V8LT1G-TP","TECH PUBLIC","4600","50","50","https://www.lcsc.com/product-detail/C46472860.html","SOT-23","Tape & Reel (TR)","1 Independent","300mW","6.8V","2uA@4V","6.4V~7.2V","-55℃~+150℃","15Ω","80Ω","-"
"C46472861","BZX84C6V2LT1G-TP","TECH PUBLIC","1550","50","50","https://www.lcsc.com/product-detail/C46472861.html","SOT-23","Tape & Reel (TR)","1 Independent","300mW","6.2V","3uA@4V","5.8V~6.6V","-55℃~+150℃","10Ω","150Ω","-"
"C46472862","BZX84C5V6LT1G-TP","TECH PUBLIC","1900","50","50","https://www.lcsc.com/product-detail/C46472862.html","SOT-23","Tape & Reel (TR)","1 Independent","300mW","5.6V","1uA","5.2V~6V","-55℃~+150℃","40Ω","400Ω","-"
"C46472863","BZX84C5V1LT1G-TP","TECH PUBLIC","10100","50","50","https://www.lcsc.com/product-detail/C46472863.html","SOT-23","Tape & Reel (TR)","1 Independent","300mW","5.1V","2uA@2V","4.8V~5.4V","-55℃~+150℃","60Ω","480Ω","-"
"C46472864","BZX84C4V7LT1G-TP","TECH PUBLIC","2500","50","50","https://www.lcsc.com/product-detail/C46472864.html","SOT-23","Tape & Reel (TR)","1 Independent","300mW","4.7V","3uA@2V","4.4V~5V","-55℃~+150℃","80Ω","500Ω","-"
"C46472865","BZX84C4V3LT1G-TP","TECH PUBLIC","1650","50","50","https://www.lcsc.com/product-detail/C46472865.html","SOT-23","Tape & Reel (TR)","1 Independent","300mW","4.3V","3uA@1V","4V~4.6V","-55℃~+150℃","90Ω","600Ω","-"
"C46472866","BZX84C3V9LT1G-TP","TECH PUBLIC","1050","50","50","https://www.lcsc.com/product-detail/C46472866.html","SOT-23","Tape & Reel (TR)","1 Independent","300mW","3.9V","3uA","3.7V~4.1V","-55℃~+150℃","90Ω","600Ω","-"
"C46472867","BZX84C3V3LT1G-TP","TECH PUBLIC","2300","50","50","https://www.lcsc.com/product-detail/C46472867.html","SOT-23","Tape & Reel (TR)","1 Independent","300mW","3.3V","5uA@1V","3.1V~3.5V","-55℃~+150℃","95Ω","600Ω","-"
"C46472868","BZX84C3V0LT1G-TP","TECH PUBLIC","2200","50","50","https://www.lcsc.com/product-detail/C46472868.html","SOT-23","Tape & Reel (TR)","1 Independent","300mW","3V","10uA@1V","2.8V~3.2V","-55℃~+150℃","95Ω","600Ω","-"
"C46472869","BZX84C2V7LT1G-TP","TECH PUBLIC","1700","50","50","https://www.lcsc.com/product-detail/C46472869.html","SOT-23","Tape & Reel (TR)","1 Independent","300mW","2.7V","20uA@1V","2.5V~2.9V","-55℃~+150℃","100Ω","600Ω","-"
"C46472870","BZX84C2V4LT1G-TP","TECH PUBLIC","1950","50","50","https://www.lcsc.com/product-detail/C46472870.html","SOT-23","Tape & Reel (TR)","1 Independent","300mW","2.4V","50uA","2.2V~2.6V","-55℃~+150℃","100Ω","600Ω","-"
"C46472871","BZX84C20LT1G-TP","TECH PUBLIC","2650","50","50","https://www.lcsc.com/product-detail/C46472871.html","SOT-23","Tape & Reel (TR)","1 Independent","300mW","20V","100nA@14V","18.8V~21.2V","-55℃~+150℃","55Ω","225Ω","-"
"C46472872","BZX84C18LT1G-TP","TECH PUBLIC","1900","50","50","https://www.lcsc.com/product-detail/C46472872.html","SOT-23","Tape & Reel (TR)","1 Independent","300mW","18V","100nA","16.8V~19.1V","-55℃~+150℃","45Ω","225Ω","-"
"C46472873","BZX84C16LT1G-TP","TECH PUBLIC","1500","50","50","https://www.lcsc.com/product-detail/C46472873.html","SOT-23","Tape & Reel (TR)","1 Independent","300mW","16V","100nA","15.3V~17.1V","-55℃~+150℃","40Ω","200Ω","-"
"C46472874","BZX84C12LT1G-TP","TECH PUBLIC","7900","50","50","https://www.lcsc.com/product-detail/C46472874.html","SOT-23","Tape & Reel (TR)","1 Independent","300mW","12V","100nA","11.4V~12.7V","-55℃~+150℃","25Ω","150Ω","-"
"C46472875","BZX84C15LT1G-TP","TECH PUBLIC","6150","50","50","https://www.lcsc.com/product-detail/C46472875.html","SOT-23","Tape & Reel (TR)","1 Independent","300mW","15V","100nA@10.5V","13.8V~15.6V","-55℃~+150℃","30Ω","200Ω","-"
"C46472876","BZX84C13LT1G-TP","TECH PUBLIC","2300","50","50","https://www.lcsc.com/product-detail/C46472876.html","SOT-23","Tape & Reel (TR)","1 Independent","300mW","13V","100nA","12.4V~14.1V","-55℃~+150℃","30Ω","170Ω","-"
"C46472878","BZX84C11LT1G-TP","TECH PUBLIC","8200","50","50","https://www.lcsc.com/product-detail/C46472878.html","SOT-23","Tape & Reel (TR)","1 Independent","300mW","11V","100nA@8V","10.4V~11.6V","-55℃~+150℃","20Ω","150Ω","-"
"C46472883","BZX84C43LT1G-TP","TECH PUBLIC","2600","50","50","https://www.lcsc.com/product-detail/C46472883.html","SOT-23","Tape & Reel (TR)","1 Independent","300mW","43V","100nA","40.85V~45.15V","-55℃~+150℃","150Ω","375Ω","-"
"C46472884","BZX84C27LT1G-TP","TECH PUBLIC","2400","50","50","https://www.lcsc.com/product-detail/C46472884.html","SOT-23","Tape & Reel (TR)","1 Independent","300mW","27V","100nA@18.9V","25.1V~28.9V","-55℃~+150℃","80Ω","300Ω","-"
"C46472885","BZX84C30LT1G-TP","TECH PUBLIC","2700","50","50","https://www.lcsc.com/product-detail/C46472885.html","SOT-23","Tape & Reel (TR)","1 Independent","300mW","30V","100nA","28V~32V","-55℃~+150℃","80Ω","300Ω","-"
"C46472886","BZX84C36LT1G-TP","TECH PUBLIC","2100","50","50","https://www.lcsc.com/product-detail/C46472886.html","SOT-23","Tape & Reel (TR)","1 Independent","300mW","36V","100nA@25.2V","34V~38V","-55℃~+150℃","90Ω","350Ω","-"
"C46472887","BZX84C39LT1G-TP","TECH PUBLIC","2400","50","50","https://www.lcsc.com/product-detail/C46472887.html","SOT-23","Tape & Reel (TR)","1 Independent","300mW","39V","100nA","37V~41V","-55℃~+150℃","130Ω","350Ω","-"
"C46472936","MMSZ5223BT1G-TP","TECH PUBLIC","2050","50","50","https://www.lcsc.com/product-detail/C46472936.html","SOD-123","Tape & Reel (TR)","1 Independent","500mW","2.7V","75uA@1V","2.57V~2.84V","-55℃~+150℃","30Ω","1.3kΩ","-"
"C46472937","MMSZ5225BT1G-TP","TECH PUBLIC","2100","50","50","https://www.lcsc.com/product-detail/C46472937.html","SOD-123","Tape & Reel (TR)","1 Independent","500mW","3V","50uA@1V","2.85V~3.15V","-55℃~+150℃","29Ω","1.6kΩ","-"
"C46472938","MMSZ5226BT1G-TP","TECH PUBLIC","3800","50","50","https://www.lcsc.com/product-detail/C46472938.html","SOD-123","Tape & Reel (TR)","1 Independent","500mW","3.3V","25uA@1V","3.14V~3.47V","-55℃~+150℃","28Ω","1.6kΩ","-"
"C46472939","MMSZ5227BT1G-TP","TECH PUBLIC","3200","50","50","https://www.lcsc.com/product-detail/C46472939.html","SOD-123","Tape & Reel (TR)","1 Independent","500mW","3.6V","15uA@1V","3.42V~3.78V","-55℃~+150℃","24Ω","1.7kΩ","-"
"C46472940","MMSZ5229BT1G-TP","TECH PUBLIC","4200","50","50","https://www.lcsc.com/product-detail/C46472940.html","SOD-123","Tape & Reel (TR)","1 Independent","500mW","4.3V","5uA@1V","4.09V~4.52V","-55℃~+150℃","22Ω","2kΩ","-"
"C46472941","MMSZ5230BT1G-TP","TECH PUBLIC","3300","50","50","https://www.lcsc.com/product-detail/C46472941.html","SOD-123","Tape & Reel (TR)","1 Independent","500mW","4.7V","5uA@2V","4.47V~4.94V","-55℃~+150℃","19Ω","1kΩ","-"
"C46472942","MMSZ5231BT1G-TP","TECH PUBLIC","5700","50","50","https://www.lcsc.com/product-detail/C46472942.html","SOD-123","Tape & Reel (TR)","1 Independent","500mW","5.1V","5uA@2V","4.85V~5.36V","-55℃~+150℃","17Ω","1.6kΩ","-"
"C46472943","MMSZ5232BT1G-TP","TECH PUBLIC","1750","50","50","https://www.lcsc.com/product-detail/C46472943.html","SOD-123","Tape & Reel (TR)","1 Independent","500mW","5.6V","5uA@3V","5.32V~5.88V","-55℃~+150℃","11Ω","1.6kΩ","-"
"C46472944","MMSZ5234BT1G-TP","TECH PUBLIC","2350","50","50","https://www.lcsc.com/product-detail/C46472944.html","SOD-123","Tape & Reel (TR)","1 Independent","500mW","6.2V","5uA@4V","5.89V~6.51V","-55℃~+150℃","7Ω","1kΩ","-"
"C46472945","MMSZ5235BT1G-TP","TECH PUBLIC","1250","50","50","https://www.lcsc.com/product-detail/C46472945.html","SOD-123","Tape & Reel (TR)","1 Independent","500mW","6.8V","3uA@5V","6.46V~7.14V","-55℃~+150℃","5Ω","750Ω","-"
"C46472946","MMSZ5236BT1G-TP","TECH PUBLIC","6000","50","50","https://www.lcsc.com/product-detail/C46472946.html","SOD-123","Tape & Reel (TR)","1 Independent","500mW","7.5V","3uA@6V","7.13V~7.88V","-55℃~+150℃","6Ω","500Ω","-"
"C46472947","MMSZ5237BT1G-TP","TECH PUBLIC","4100","50","50","https://www.lcsc.com/product-detail/C46472947.html","SOD-123","Tape & Reel (TR)","1 Independent","500mW","8.2V","3uA@6.5V","7.79V~8.61V","-55℃~+150℃","8Ω","500Ω","-"
"C46472948","MMSZ5240BT1G-TP","TECH PUBLIC","2300","50","50","https://www.lcsc.com/product-detail/C46472948.html","SOD-123","Tape & Reel (TR)","1 Independent","500mW","10V","3uA@8V","9.5V~10.5V","-55℃~+150℃","17Ω","600Ω","-"
"C46472949","MMSZ5241BT1G-TP","TECH PUBLIC","1600","50","50","https://www.lcsc.com/product-detail/C46472949.html","SOD-123","Tape & Reel (TR)","1 Independent","500mW","11V","2uA@8.4V","10.45V~11.55V","-55℃~+150℃","22Ω","600Ω","±5%"
"C46472950","MMSZ5242BT1G-TP","TECH PUBLIC","2650","50","50","https://www.lcsc.com/product-detail/C46472950.html","SOD-123","Tape & Reel (TR)","1 Independent","500mW","12V","1uA@9.1V","11.4V~12.6V","-55℃~+150℃","30Ω","600Ω","-"
"C46472951","MMSZ5243BT1G-TP","TECH PUBLIC","1650","50","50","https://www.lcsc.com/product-detail/C46472951.html","SOD-123","Tape & Reel (TR)","1 Independent","500mW","13V","500nA@9.9V","12.35V~13.65V","-55℃~+150℃","13Ω","600Ω","-"
"C46472952","MMSZ5246BT1G-TP","TECH PUBLIC","3150","50","50","https://www.lcsc.com/product-detail/C46472952.html","SOD-123","Tape & Reel (TR)","1 Independent","500mW","16V","100nA@12V","15.2V~16.8V","-55℃~+150℃","17Ω","600Ω","-"
"C46472953","MMSZ5250BT1G-TP","TECH PUBLIC","1800","50","50","https://www.lcsc.com/product-detail/C46472953.html","SOD-123","Tape & Reel (TR)","1 Independent","500mW","20V","100nA@15V","19V~21V","-55℃~+150℃","25Ω","600Ω","-"
"C46472954","MMSZ5252BT1G-TP","TECH PUBLIC","2600","50","50","https://www.lcsc.com/product-detail/C46472954.html","SOD-123","Tape & Reel (TR)","1 Independent","500mW","24V","100nA@18V","22.8V~25.2V","-55℃~+150℃","33Ω","600Ω","-"
"C46472955","MMSZ5254BT1G-TP","TECH PUBLIC","1450","50","50","https://www.lcsc.com/product-detail/C46472955.html","SOD-123","Tape & Reel (TR)","1 Independent","500mW","27V","100nA@21V","25.65V~28.35V","-55℃~+150℃","41Ω","600Ω","-"
"C46472956","MMSZ5259BT1G-TP","TECH PUBLIC","2200","50","50","https://www.lcsc.com/product-detail/C46472956.html","SOD-123","Tape & Reel (TR)","1 Independent","500mW","39V","100nA","37.05V~40.95V","-55℃~+150℃","80Ω","800Ω","-"
"C46472957","MMSZ5261BT1G-TP","TECH PUBLIC","1700","50","50","https://www.lcsc.com/product-detail/C46472957.html","SOD-123","Tape & Reel (TR)","1 Independent","500mW","47V","100nA@36V","44.65V~49.35V","-55℃~+150℃","105Ω","1kΩ","-"
"C46532940","BZX84C3V3","POPPULA","50","50","50","https://www.lcsc.com/product-detail/C46532940.html","SOT-23","Tape & Reel (TR)","1 Independent","350mW","3.3V","5uA@1V","3.1V~3.5V","-55℃~+150℃","95Ω","600Ω","-"
"C46551705","MMSZ5251B_R1_00301","PANJIT","2480","20","20","https://www.lcsc.com/product-detail/C46551705.html","SOD-123","","1 Independent","500mW","22V","100nA@17V","20.9V~23.1V","-55℃~+150℃","29Ω","600Ω","-"
"C46594520","BZX84C12","TDSEMIC","2420","20","20","https://www.lcsc.com/product-detail/C46594520.html","SOT-23","Tape & Reel (TR)","1 Independent","225mW","12V","100nA@8V","11.4V~12.7V","-","25Ω","150Ω","-"
"C46594525","BZX84C3V0","TDSEMIC","31900","50","50","https://www.lcsc.com/product-detail/C46594525.html","SOT-23","Tape & Reel (TR)","1 Independent","225mW","3V","10uA@1V","2.8V~3.2V","-","95Ω","600Ω","-"
"C46594526","BZX84C5V1","TDSEMIC","7500","20","20","https://www.lcsc.com/product-detail/C46594526.html","SOT-23","Tape & Reel (TR)","1 Independent","225mW","5.1V","2uA@2V","4.8V~5.4V","-","60Ω","480Ω","-"
"C46594680","BZX84C3V3","TDSEMIC","33150","50","50","https://www.lcsc.com/product-detail/C46594680.html","SOT-23","Tape & Reel (TR)","1 Independent","225mW","3.3V","5uA","3.1V~3.5V","-","88Ω","600Ω","-"
"C46594681","BZX84C7V5","TDSEMIC","5700","50","50","https://www.lcsc.com/product-detail/C46594681.html","SOT-23","Tape & Reel (TR)","1 Independent","225mW","7.5V","1uA","7V~7.9V","-","15Ω","80Ω","-"
"C48578685","MMSZ5241B","LGE","3000","50","50","https://www.lcsc.com/product-detail/C48578685.html","SOD-123","Tape & Reel (TR)","1 Independent","500mW","11V","2uA@8.4V","10.45V~11.55V","-","22Ω","600Ω","-"
"C48580945","BZX84C5V6","GOODWORK","3800","50","50","https://www.lcsc.com/product-detail/C48580945.html","SOT-23","Tape & Reel (TR)","1 Independent","300mW","5.6V","1uA@2V","5.2V~6V","-65℃~+150℃","40Ω","400Ω","-"
"C48580946","BZX84C4V7","GOODWORK","5800","50","50","https://www.lcsc.com/product-detail/C48580946.html","SOT-23","Tape & Reel (TR)","1 Independent","300mW","4.7V","3uA@2V","4.4V~5V","-65℃~+150℃","80Ω","500Ω","-"
"C49010228","BZX84C5V1","YONGYUTAI","2650","50","50","https://www.lcsc.com/product-detail/C49010228.html","SOT-23","Tape & Reel (TR)","1 Independent","300mW","-","2uA@2V","4.8V~5.4V","-","-","-","-"
"C49238170","MMSZ5231B","Guangdong Hottech","500","20","20","https://www.lcsc.com/product-detail/C49238170.html","SOD-123","Tape & Reel (TR)","1 Independent","500mW","5.1V","5uA","4.85V~5.36V","-65℃~+150℃","17Ω","1.6kΩ","-"
"C49238171","MMSZ5232B","Guangdong Hottech","140","20","20","https://www.lcsc.com/product-detail/C49238171.html","SOD-123","Tape & Reel (TR)","1 Independent","500mW","5.6V","5uA@3V","5.32V~5.88V","-65℃~+150℃","11Ω","1.6kΩ","±5%"
"C49318118","MMSZ5232B","luJing","1900","50","50","https://www.lcsc.com/product-detail/C49318118.html","SOD-123","Tape & Reel (TR)","1 Independent","500mW","-","5uA@3V","5.32V~5.88V","-","11Ω","1.6kΩ","-"
"C49318120","MMSZ5254B","luJing","3200","50","50","https://www.lcsc.com/product-detail/C49318120.html","SOD-123","Tape & Reel (TR)","1 Independent","500mW","-","100nA@21V","25.65V~28.35V","-","41Ω","600Ω","-"
"C49424320","MMSZ5254B_R1_00301","PANJIT","5980","20","20","https://www.lcsc.com/product-detail/C49424320.html","SOD-123","Tape & Reel (TR)","1 Independent","500mW","27V","100nA@21V","25.65V~28.35V","-55℃~+150℃","41Ω","600Ω","-"
"C50177016","MMSZ5254BT1G-HXY","HXY MOSFET","140","20","20","https://www.lcsc.com/product-detail/C50177016.html","SOD-123","Tape & Reel (TR)","1 Independent","500mW","27V","100nA@19V","26.46V~27.54V","-","75Ω","295Ω","-"
"C50325475","MMSZ5248BS","Huixin","2760","20","20","https://www.lcsc.com/product-detail/C50325475.html","SOD-323","Tape & Reel (TR)","1 Independent","200mW","18V","100nA","17.1V~18.9V","-55℃~+150℃","21Ω","600Ω","-"
"C50326941","BZX84C18CA","YFW","200","20","20","https://www.lcsc.com/product-detail/C50326941.html","SOT-23","Tape & Reel (TR)","1 Pair Common Anode","350mW","18V","50nA","16.8V~19.1V","-65℃~+150℃","45Ω","-","-"
"C50326942","BZX84C18CC","YFW","20","20","20","https://www.lcsc.com/product-detail/C50326942.html","SOT-23","Tape & Reel (TR)","1 Pair Common Cathode","350mW","18V","50nA","16.8V~19.1V","-65℃~+150℃","45Ω","-","-"
"C51315304","BZX84C2V4","CBI","2750","50","50","https://www.lcsc.com/product-detail/C51315304.html","SOT-23","Tape & Reel (TR)","1 Independent","350mW","2.4V","50uA@1V","2.2V~2.6V","-65℃~+150℃","100Ω","-","-"
"C51315305","BZX84C2V7","CBI","3000","50","50","https://www.lcsc.com/product-detail/C51315305.html","SOT-23","Tape & Reel (TR)","1 Independent","350mW","2.7V","20uA@1V","2.5V~2.9V","-65℃~+150℃","100Ω","-","-"
"C51315306","BZX84C3V0","CBI","3000","50","50","https://www.lcsc.com/product-detail/C51315306.html","SOT-23","Tape & Reel (TR)","1 Independent","350mW","3V","10uA@1V","2.8V~3.2V","-65℃~+150℃","95Ω","-","-"
"C51315307","BZX84C3V3","CBI","3000","50","50","https://www.lcsc.com/product-detail/C51315307.html","SOT-23","Tape & Reel (TR)","1 Independent","350mW","3.3V","5uA@1V","3.1V~3.5V","-65℃~+150℃","95Ω","-","-"
"C51315308","BZX84C3V6","CBI","2950","50","50","https://www.lcsc.com/product-detail/C51315308.html","SOT-23","Tape & Reel (TR)","1 Independent","350mW","3.6V","5uA@1V","3.4V~3.8V","-65℃~+150℃","90Ω","-","-"
"C51315309","BZX84C43","CBI","3000","50","50","https://www.lcsc.com/product-detail/C51315309.html","SOT-23","Tape & Reel (TR)","1 Independent","350mW","43V","50nA@30.1V","40V~46V","-65℃~+150℃","150Ω","-","-"
"C51315310","BZX84C47","CBI","2900","50","50","https://www.lcsc.com/product-detail/C51315310.html","SOT-23","Tape & Reel (TR)","1 Independent","350mW","47V","50nA@32.9V","44V~50V","-65℃~+150℃","170Ω","-","-"
"C51315311","BZX84C51","CBI","500","50","50","https://www.lcsc.com/product-detail/C51315311.html","SOT-23","Tape & Reel (TR)","1 Independent","350mW","51V","50nA@35.7V","48V~54V","-65℃~+150℃","180Ω","-","-"
"C51315312","BZX84C56","CBI","1250","50","50","https://www.lcsc.com/product-detail/C51315312.html","SOT-23","Tape & Reel (TR)","1 Independent","350mW","56V","50nA@39.2V","52V~60V","-65℃~+150℃","200Ω","-","-"
"C51315313","BZX84C62","CBI","2850","50","50","https://www.lcsc.com/product-detail/C51315313.html","SOT-23","Tape & Reel (TR)","1 Independent","350mW","62V","50nA@43.4V","58V~66V","-65℃~+150℃","215Ω","-","-"
"C51315314","BZX84C68","CBI","2700","50","50","https://www.lcsc.com/product-detail/C51315314.html","SOT-23","Tape & Reel (TR)","1 Independent","350mW","68V","50nA@47.6V","64V~72V","-65℃~+150℃","240Ω","-","-"
"C51315315","BZX84C75","CBI","2650","50","50","https://www.lcsc.com/product-detail/C51315315.html","SOT-23","Tape & Reel (TR)","1 Independent","350mW","75V","50nA@52.5V","70V~79V","-65℃~+150℃","255Ω","-","-"
"C51315458","MMSZ5225B","CBI","3000","50","50","https://www.lcsc.com/product-detail/C51315458.html","SOD-123","Tape & Reel (TR)","1 Independent","350mW","3V","50uA@1V","2.85V~3.15V","-65℃~+150℃","30Ω","1.6kΩ","-"
"C51315459","MMSZ5226BS","CBI","2950","50","50","https://www.lcsc.com/product-detail/C51315459.html","SOD-323","Tape & Reel (TR)","1 Independent","200mW","3.3V","25uA@1V","3.14V~3.47V","-55℃~+150℃","28Ω","1.6kΩ","-"
"C51315460","MMSZ5227BS","CBI","2750","50","50","https://www.lcsc.com/product-detail/C51315460.html","SOD-323","Tape & Reel (TR)","1 Independent","200mW","3.6V","15uA@1V","3.42V~3.78V","-55℃~+150℃","24Ω","1.7kΩ","-"
"C51315462","MMSZ5231BS","CBI","2700","50","50","https://www.lcsc.com/product-detail/C51315462.html","SOD-323","Tape & Reel (TR)","1 Independent","200mW","5.1V","5uA@2V","4.85V~5.36V","-55℃~+150℃","17Ω","1.6kΩ","-"
"C51315463","MMSZ5232BS","CBI","2550","50","50","https://www.lcsc.com/product-detail/C51315463.html","SOD-323","Tape & Reel (TR)","1 Independent","200mW","5.6V","5uA@3V","5.32V~5.88V","-55℃~+150℃","11Ω","1.6kΩ","-"
"C51315464","MMSZ5242BS","CBI","2400","50","50","https://www.lcsc.com/product-detail/C51315464.html","SOD-323","Tape & Reel (TR)","1 Independent","200mW","12V","1uA@9.1V","11.4V~12.6V","-55℃~+150℃","30Ω","600Ω","-"
"C51315466","MMSZ5246BS","CBI","2700","50","50","https://www.lcsc.com/product-detail/C51315466.html","SOD-323","Tape & Reel (TR)","1 Independent","200mW","16V","100nA@12V","15.2V~16.8V","-55℃~+150℃","17Ω","600Ω","-"
"C51315467","MMSZ5248BS","CBI","1900","50","50","https://www.lcsc.com/product-detail/C51315467.html","SOD-323","Tape & Reel (TR)","1 Independent","200mW","18V","100nA@14V","17.1V~18.9V","-55℃~+150℃","21Ω","600Ω","-"
"C51315468","MMSZ5250BS","CBI","2800","50","50","https://www.lcsc.com/product-detail/C51315468.html","SOD-323","Tape & Reel (TR)","1 Independent","200mW","20V","100nA@15V","19V~21V","-55℃~+150℃","25Ω","600Ω","-"
"C51315469","MMSZ5252BS","CBI","2650","50","50","https://www.lcsc.com/product-detail/C51315469.html","SOD-323","Tape & Reel (TR)","1 Independent","200mW","24V","100nA@18V","22.8V~25.2V","-55℃~+150℃","33Ω","600Ω","-"
"C51315470","MMSZ5257B","CBI","1250","50","50","https://www.lcsc.com/product-detail/C51315470.html","SOD-123","Tape & Reel (TR)","1 Independent","350mW","33V","100nA@25V","31.35V~34.65V","-65℃~+150℃","58Ω","700Ω","-"
"C51625770","MMSZ5255B","luJing","2400","50","50","https://www.lcsc.com/product-detail/C51625770.html","SOD-123","Tape & Reel (TR)","1 Independent","500mW","-","100nA@21V","26.6V~29.4V","-","44Ω","600Ω","-"
"C51625771","MMSZ5243B","luJing","2300","50","50","https://www.lcsc.com/product-detail/C51625771.html","SOD-123","Tape & Reel (TR)","1 Independent","500mW","-","500nA","12.35V~13.65V","-","13Ω","600Ω","-"
"C51814172","BZX84C2V4W","CBI","2850","50","50","https://www.lcsc.com/product-detail/C51814172.html","SOT-323","Tape & Reel (TR)","1 Independent","200mW","2.4V","50uA@1V","2.2V~2.6V","-65℃~+150℃","100Ω","-","-"
"C51814174","BZX84C16CA","CBI","3000","20","20","https://www.lcsc.com/product-detail/C51814174.html","SOT-23","Tape & Reel (TR)","1 Pair Common Anode","350mW","16V","50nA@11.2V","15.3V~17.1V","-65℃~+150℃","40Ω","-","-"
"C51814178","BZX84C3V3CA","CBI","2880","20","20","https://www.lcsc.com/product-detail/C51814178.html","SOT-23","Tape & Reel (TR)","1 Pair Common Anode","350mW","3.3V","5uA@1V","3.1V~3.5V","-65℃~+150℃","95Ω","-","-"
"C51814189","BZX84C6V2W","CBI","2900","50","50","https://www.lcsc.com/product-detail/C51814189.html","SOT-323","Tape & Reel (TR)","1 Independent","200mW","6.2V","3uA@4V","5.8V~6.6V","-65℃~+150℃","10Ω","-","-"
"C51814192","BZX84C5V6W","CBI","2000","50","50","https://www.lcsc.com/product-detail/C51814192.html","SOT-323","Tape & Reel (TR)","1 Independent","200mW","5.6V","1uA@2V","5.2V~6V","-65℃~+150℃","40Ω","-","-"
"C51814196","BZX84C18W","CBI","2600","50","50","https://www.lcsc.com/product-detail/C51814196.html","SOT-323","Tape & Reel (TR)","1 Independent","200mW","18V","50nA@12.6V","16.8V~19.1V","-65℃~+150℃","45Ω","-","-"
"C51814225","BZX84C5V1CA","CBI","620","20","20","https://www.lcsc.com/product-detail/C51814225.html","SOT-23","Tape & Reel (TR)","1 Pair Common Anode","350mW","5.1V","2uA@2V","4.8V~5.4V","-65℃~+150℃","60Ω","-","-"
"C51883326","MMSZ5248B","Huixin","3420","20","20","https://www.lcsc.com/product-detail/C51883326.html","SOD-123","Tape & Reel (TR)","1 Independent","500mW","18V","100nA@14V","17.1V~18.9V","-65℃~+150℃","21Ω","600Ω","-"
"C51883341","MMSZ5243B","Huixin","2740","20","20","https://www.lcsc.com/product-detail/C51883341.html","SOD-123","Tape & Reel (TR)","1 Independent","500mW","13V","500nA@9.9V","12.35V~13.65V","-65℃~+150℃","13Ω","600Ω","-"
"C51912406","BZX84C7V5","GOODWORK","2700","50","50","https://www.lcsc.com/product-detail/C51912406.html","SOT-23","Tape & Reel (TR)","1 Independent","300mW","7.5V","1uA@5V","7V~7.9V","-55℃~+125℃","15Ω","80Ω","-"
"C53058784","MMSZ5231B","luJing","2250","50","50","https://www.lcsc.com/product-detail/C53058784.html","SOD-123","Tape & Reel (TR)","1 Independent","500mW","-","5uA@2V","4.85V~5.36V","-","17Ω","1.6kΩ","-"
"C53058785","MMSZ5245B","luJing","2850","50","50","https://www.lcsc.com/product-detail/C53058785.html","SOD-123","Tape & Reel (TR)","1 Independent","500mW","-","100nA@11V","14.25V~15.75V","-","16Ω","600Ω","-"
"C53058786","MMSZ5246B","luJing","3000","50","50","https://www.lcsc.com/product-detail/C53058786.html","SOD-123","Tape & Reel (TR)","1 Independent","500mW","-","100nA@12V","15.2V~16.8V","-","17Ω","600Ω","-"
"C53100341","MMSZ5248BT1G-TP","TECH PUBLIC","5750","50","50","https://www.lcsc.com/product-detail/C53100341.html","SOD-123","Tape & Reel (TR)","1 Independent","500mW","18V","100nA@14V","17.1V~18.9V","-55℃~+150℃","21Ω","600Ω","±5%"
"C53100356","BZX84C3V6LT1G-TP","TECH PUBLIC","4250","50","50","https://www.lcsc.com/product-detail/C53100356.html","SOT-23","Tape & Reel (TR)","1 Independent","300mW","3.6V","5uA@1V","3.4V~3.8V","-55℃~+150℃","90Ω","600Ω","-"
"C53100357","BZX84C3V6","TECH PUBLIC","4700","50","50","https://www.lcsc.com/product-detail/C53100357.html","SOT-23","Tape & Reel (TR)","1 Independent","350mW","3.6V","5uA@1V","3.4V~3.8V","-55℃~+150℃","90Ω","600Ω","-"
"C53100359","BZX84C33LT1G-TP","TECH PUBLIC","5250","50","50","https://www.lcsc.com/product-detail/C53100359.html","SOT-23","Tape & Reel (TR)","1 Independent","300mW","33V","100nA@23.1V","31V~35V","-55℃~+150℃","80Ω","325Ω","-"
"C53206590","BZX84C2V4","Huixin","3000","20","20","https://www.lcsc.com/product-detail/C53206590.html","SOT-23","Tape & Reel (TR)","1 Independent","350mW","2.4V","50uA@1V","2.2V~2.6V","-65℃~+150℃","100Ω","-","-"
"C53337744","MMSZ5235B_R1_00301","PANJIT","3000","20","20","https://www.lcsc.com/product-detail/C53337744.html","SOD-123","","","","","","","","","",""
"C53337748","MMSZ5259B_R1_00301","PANJIT","3000","20","20","https://www.lcsc.com/product-detail/C53337748.html","SOD-123","Tape & Reel (TR)","1 Independent","500mW","39V","100nA@30V","37.05V~40.95V","-55℃~+150℃","80Ω","800Ω","-"
"C53337750","MMSZ5250B_R1_00301","PANJIT","2880","20","20","https://www.lcsc.com/product-detail/C53337750.html","SOD-123","Tape & Reel (TR)","1 Independent","500mW","20V","100nA@15V","19V~21V","-55℃~+150℃","25Ω","600Ω","-"
"C53446685","MMSZ5244B","R+O","2260","20","20","https://www.lcsc.com/product-detail/C53446685.html","SOD-123","Tape & Reel (TR)","1 Independent","500mW","14V","100nA@10V","13.3V~14.7V","-55℃~+150℃","15Ω","-","-"
"C54102139","MMSZ5225B_R1_00301","PANJIT","3000","20","20","https://www.lcsc.com/product-detail/C54102139.html","SOD-123","Tape & Reel (TR)","1 Independent","500mW","3V","50uA@1V","2.85V~3.15V","-55℃~+150℃","30Ω","1.6kΩ","-"
"C54529456","BZX84C6V8","GOODWORK","2850","50","50","https://www.lcsc.com/product-detail/C54529456.html","SOT-23","Tape & Reel (TR)","1 Independent","300mW","-","2uA@4V","6.4V~7.2V","-55℃~+150℃","15Ω","80Ω","-"
"C54529457","BZX84C8V2","GOODWORK","2950","50","50","https://www.lcsc.com/product-detail/C54529457.html","SOT-23","Tape & Reel (TR)","1 Independent","300mW","-","700nA@5V","7.7V~8.7V","-55℃~+150℃","15Ω","80Ω","-"
"C54859166","MMSZ5251B","YONGYUTAI","2850","50","50","https://www.lcsc.com/product-detail/C54859166.html","SOD-123","Tape & Reel (TR)","-","500mW","-","100nA@17V","20.9V~23.1V","-","29Ω","600Ω","-"
"C55072092","BZX84C15CA","FOSAN","2950","50","50","https://www.lcsc.com/product-detail/C55072092.html","SOT-23","Tape & Reel (TR)","","","","","","","","",""
"C55208097","MMSZ5248B","YONGYUTAI","2950","50","50","https://www.lcsc.com/product-detail/C55208097.html","SOD-123","Tape & Reel (TR)","","","","","","","","",""
"C55238986","MMSZ5254B","GOODWORK","6000","50","50","https://www.lcsc.com/product-detail/C55238986.html","SOD-123","Tape & Reel (TR)","","200mW","8.2V","700nA@5V","8.04V~8.36V","-55℃~+150℃","15Ω","80Ω","±5%"
"C55250247","BZX84C5V6_R1_00501","PANJIT","3000","10","10","https://www.lcsc.com/product-detail/C55250247.html","SOT-23","","","","","","","","","",""
"C55259748","BZX84C5V1","luJing","3000","50","50","https://www.lcsc.com/product-detail/C55259748.html","SOT-23","Tape & Reel (TR)","","","","","","","","",""
"C55259752","BZX84C3V6","luJing","3000","50","50","https://www.lcsc.com/product-detail/C55259752.html","SOT-23","Tape & Reel (TR)","","","","","","","","",""
"C55259767","MMSZ5240B","luJing","3000","20","20","https://www.lcsc.com/product-detail/C55259767.html","SOD-123","Tape & Reel (TR)","","","","","","","","",""
"C55259770","MMSZ5248BS","luJing","3000","20","20","https://www.lcsc.com/product-detail/C55259770.html","SOD-323","Tape & Reel (TR)","","","","","","","","",""
"C55343254","MMSZ5255B","LGE","2960","20","20","https://www.lcsc.com/product-detail/C55343254.html","SOD-123","Tape & Reel (TR)","","","","","","","","",""
"C55343256","MMSZ5250B","LGE","3000","20","20","https://www.lcsc.com/product-detail/C55343256.html","SOD-123","Tape & Reel (TR)","","","","","","","","",""
"C55343257","MMSZ5244B","LGE","3000","20","20","https://www.lcsc.com/product-detail/C55343257.html","SOD-123","Tape & Reel (TR)","","","","","","","","",""
