"LCSC Part#","MPN","Manufacturer","Availability","Minimum","Multiples","Product Detail","Package","Packaging","Capacitance","Tolerance","Voltage Rating","Temperature Coefficient","Operating Temperature"
"C14663","CC0603KRX7R9BB104","YAGEO","6807250","50","50","https://www.lcsc.com/product-detail/C14663.html","0603","Tape & Reel (TR)","100nF","±10%","50V","X7R",""
"C14665","CC0603JRNPO9BN101","YAGEO","1107350","50","50","https://www.lcsc.com/product-detail/C14665.html","0603","Tape & Reel (TR)","100pF","±5%","50V","NP0",""
"C21812","GRM31M5C1H473JA01L","muRata","63745","5","5","https://www.lcsc.com/product-detail/C21812.html","1206","Tape & Reel (TR)","47nF","±5%","50V","C0G",""
"C23631","CC1206KKX7RDBB102","YAGEO","468850","50","50","https://www.lcsc.com/product-detail/C23631.html","1206","Tape & Reel (TR)","1nF","±10%","2kV","X7R",""
"C33149","GRM1555C1H180JA01D","muRata","415100","50","50","https://www.lcsc.com/product-detail/C33149.html","0402","Tape & Reel (TR)","18pF","±5%","50V","C0G",""
"C49678","CC0805KRX7R9BB104","YAGEO","2094500","20","20","https://www.lcsc.com/product-detail/C49678.html","0805","Tape & Reel (TR)","100nF","±10%","50V","X7R",""
"C58456","CC0805JRX7R9BB103","YAGEO","35400","100","100","https://www.lcsc.com/product-detail/C58456.html","0805","Tape & Reel (TR)","10nF","±5%","50V","X7R",""
"C60133","CC0402KRX7R9BB103","YAGEO","4434700","100","100","https://www.lcsc.com/product-detail/C60133.html","0402","Tape & Reel (TR)","10nF","±10%","50V","X7R",""
"C60137","CC0402JRNPO9BN470","YAGEO","2219200","100","100","https://www.lcsc.com/product-detail/C60137.html","0402","Tape & Reel (TR)","47pF","±5%","50V","NP0",""
"C60474","CC0402KRX7R7BB104","YAGEO","4354500","100","100","https://www.lcsc.com/product-detail/C60474.html","0402","Tape & Reel (TR)","100nF","±10%","16V","X7R",""
"C62768","CC0805JRNPO9BN101","YAGEO","641200","100","100","https://www.lcsc.com/product-detail/C62768.html","0805","Tape & Reel (TR)","100pF","±5%","50V","NP0",""
"C62771","CC0805JRNPO9BN471","YAGEO","257950","50","50","https://www.lcsc.com/product-detail/C62771.html","0805","Tape & Reel (TR)","470pF","±5%","50V","NP0",""
"C62774","CC0805JRNPO9BN102","YAGEO","574250","50","50","https://www.lcsc.com/product-detail/C62774.html","0805","Tape & Reel (TR)","1nF","±5%","50V","NP0",""
"C62782","CC0603JRNPO9BN680","YAGEO","230850","50","50","https://www.lcsc.com/product-detail/C62782.html","0603","Tape & Reel (TR)","68pF","±5%","50V","NP0",""
"C62784","CC0603JRNPO9BN331","YAGEO","281150","50","50","https://www.lcsc.com/product-detail/C62784.html","0603","Tape & Reel (TR)","330pF","±5%","50V","NP0",""
"C70462","CC1206KKX7R8BB106","YAGEO","153585","5","5","https://www.lcsc.com/product-detail/C70462.html","1206","Tape & Reel (TR)","10uF","±10%","25V","X7R",""
"C70463","CC1206KKX7R0BB105","YAGEO","320510","5","5","https://www.lcsc.com/product-detail/C70463.html","1206","Tape & Reel (TR)","1uF","±10%","100V","X7R",""
"C71651","GRM1885C1H150JA01D","muRata","62400","50","50","https://www.lcsc.com/product-detail/C71651.html","0603","Tape & Reel (TR)","15pF","±5%","50V","C0G",""
"C71664","GRM1885C1H101JA01D","muRata","163160","20","20","https://www.lcsc.com/product-detail/C71664.html","0603","Tape & Reel (TR)","100pF","±5%","50V","C0G",""
"C71693","GRM1555C1H221JA01D","muRata","1196200","100","100","https://www.lcsc.com/product-detail/C71693.html","0402","Tape & Reel (TR)","220pF","±5%","50V","C0G",""
"C76905","GJM1555C1H330GB01D","muRata","6210","10","10","https://www.lcsc.com/product-detail/C76905.html","0402","Tape & Reel (TR)","33pF","±2%","50V","C0G",""
"C76945","GRM1555C1H100GA01D","muRata","30800","50","50","https://www.lcsc.com/product-detail/C76945.html","0402","Tape & Reel (TR)","10pF","±2%","50V","C0G",""
"C76946","GRM1555C1H100JA01D","muRata","296700","100","100","https://www.lcsc.com/product-detail/C76946.html","0402","Tape & Reel (TR)","10pF","±5%","50V","C0G",""
"C76947","GRM1555C1H102JA01D","muRata","1116600","100","100","https://www.lcsc.com/product-detail/C76947.html","0402","Tape & Reel (TR)","1nF","±5%","50V","C0G",""
"C76948","GRM1555C1H120JA01D","muRata","148400","100","100","https://www.lcsc.com/product-detail/C76948.html","0402","Tape & Reel (TR)","12pF","±5%","50V","C0G",""
"C76950","GRM1555C1H150JA01D","muRata","135900","100","100","https://www.lcsc.com/product-detail/C76950.html","0402","Tape & Reel (TR)","15pF","±5%","50V","C0G",""
"C76951","GRM1555C1H151JA01D","muRata","79350","50","50","https://www.lcsc.com/product-detail/C76951.html","0402","Tape & Reel (TR)","150pF","±5%","50V","C0G",""
"C76959","GRM1555C1H200JA01D","muRata","122500","50","50","https://www.lcsc.com/product-detail/C76959.html","0402","Tape & Reel (TR)","20pF","±5%","50V","C0G",""
"C76960","GRM1555C1H220JA01D","muRata","120750","50","50","https://www.lcsc.com/product-detail/C76960.html","0402","Tape & Reel (TR)","22pF","±5%","50V","C0G",""
"C76965","GRM1555C1H331JA01D","muRata","59169","1","1","https://www.lcsc.com/product-detail/C76965.html","0402","Tape & Reel (TR)","330pF","±5%","50V","C0G",""
"C76967","GRM1555C1H391JA01D","muRata","33400","100","100","https://www.lcsc.com/product-detail/C76967.html","0402","Tape & Reel (TR)","390pF","±5%","50V","C0G",""
"C76970","GRM1555C1H470JA01D","muRata","123400","100","100","https://www.lcsc.com/product-detail/C76970.html","0402","Tape & Reel (TR)","47pF","±5%","50V","C0G",""
"C76971","GRM1555C1H471JA01D","muRata","468950","50","50","https://www.lcsc.com/product-detail/C76971.html","0402","Tape & Reel (TR)","470pF","±5%","50V","C0G",""
"C76977","GRM1555C1H680JA01D","muRata","47600","100","100","https://www.lcsc.com/product-detail/C76977.html","0402","Tape & Reel (TR)","68pF","±5%","50V","C0G",""
"C77026","GRM1885C1H102JA01D","muRata","132480","20","20","https://www.lcsc.com/product-detail/C77026.html","0603","Tape & Reel (TR)","1nF","±5%","50V","C0G",""
"C77030","GRM1885C1H200JA01D","muRata","66450","50","50","https://www.lcsc.com/product-detail/C77030.html","0603","Tape & Reel (TR)","20pF","±5%","50V","C0G",""
"C77033","GRM1885C1H222JA01D","muRata","36000","50","50","https://www.lcsc.com/product-detail/C77033.html","0603","Tape & Reel (TR)","2.2nF","±5%","50V","C0G",""
"C77034","GRM1885C1H272JA01D","muRata","18350","50","50","https://www.lcsc.com/product-detail/C77034.html","0603","Tape & Reel (TR)","2.7nF","±5%","50V","C0G",""
"C77035","GRM1885C1H330JA01D","muRata","98200","50","50","https://www.lcsc.com/product-detail/C77035.html","0603","Tape & Reel (TR)","33pF","±5%","50V","C0G",""
"C77036","GRM1885C1H332JA01D","muRata","53520","20","20","https://www.lcsc.com/product-detail/C77036.html","0603","Tape & Reel (TR)","3.3nF","±5%","50V","C0G",""
"C77059","GRM2165C1H101JA01D","muRata","16740","20","20","https://www.lcsc.com/product-detail/C77059.html","0805","Tape & Reel (TR)","100pF","±5%","50V","C0G",""
"C77060","GRM2165C1H222JA01D","muRata","14520","20","20","https://www.lcsc.com/product-detail/C77060.html","0805","Tape & Reel (TR)","2.2nF","±5%","50V","C0G",""
"C77062","GRM2165C1H332JA01D","muRata","35620","20","20","https://www.lcsc.com/product-detail/C77062.html","0805","Tape & Reel (TR)","3.3nF","±5%","50V","C0G",""
"C77063","GRM2165C1H472JA01D","muRata","39040","20","20","https://www.lcsc.com/product-detail/C77063.html","0805","Tape & Reel (TR)","4.7nF","±5%","50V","C0G",""
"C77067","GRM2195C1H562JA01D","muRata","12880","20","20","https://www.lcsc.com/product-detail/C77067.html","0805","Tape & Reel (TR)","5.6nF","±5%","50V","C0G",""
"C77068","GRM2195C1H682JA01D","muRata","19820","20","20","https://www.lcsc.com/product-detail/C77068.html","0805","Tape & Reel (TR)","6.8nF","±5%","50V","C0G",""
"C77069","GRM21B5C1H223JA01L","muRata","45280","10","10","https://www.lcsc.com/product-detail/C77069.html","0805","Tape & Reel (TR)","22nF","±5%","50V","C0G",""
"C77084","GRM31C5C1H683JA01L","muRata","5990","5","5","https://www.lcsc.com/product-detail/C77084.html","1206","Tape & Reel (TR)","68nF","±5%","50V","C0G",""
"C77177","GRM1555C1H101JA01D","muRata","998850","50","50","https://www.lcsc.com/product-detail/C77177.html","0402","Tape & Reel (TR)","100pF","±5%","50V","C0G",""
"C77390","GRM1885C1H201JA01D","muRata","5100","50","50","https://www.lcsc.com/product-detail/C77390.html","0603","Tape & Reel (TR)","200pF","±5%","50V","C0G",""
"C77590","CC0402JRNPO9BN160","YAGEO","238300","100","100","https://www.lcsc.com/product-detail/C77590.html","0402","Tape & Reel (TR)","16pF","±5%","50V","NP0",""
"C79547","06035A100JAT2A","Kyocera AVX","5500","100","100","https://www.lcsc.com/product-detail/C79547.html","0603","Tape & Reel (TR)","10pF","±5%","50V","C0G",""
"C82601","CC1206KRX7R9BB104","YAGEO","1369100","50","50","https://www.lcsc.com/product-detail/C82601.html","1206","Tape & Reel (TR)","100nF","±10%","50V","X7R",""
"C83170","CC0805KRX7R9BB103","YAGEO","352550","50","50","https://www.lcsc.com/product-detail/C83170.html","0805","Tape & Reel (TR)","10nF","±10%","50V","X7R",""
"C84498","GRM1885C1H100JA01D","muRata","208250","50","50","https://www.lcsc.com/product-detail/C84498.html","0603","Tape & Reel (TR)","10pF","±5%","50V","C0G",""
"C85570","CC1206JKNPOCBN330","YAGEO","46800","50","50","https://www.lcsc.com/product-detail/C85570.html","1206","Tape & Reel (TR)","33pF","±5%","1kV","NP0",""
"C85873","GJM1555C1H100GB01D","muRata","9900","50","50","https://www.lcsc.com/product-detail/C85873.html","0402","Tape & Reel (TR)","10pF","±2%","50V","C0G",""
"C85874","GJM1555C1H100JB01D","muRata","16100","50","50","https://www.lcsc.com/product-detail/C85874.html","0402","Tape & Reel (TR)","10pF","±5%","50V","C0G",""
"C85875","GJM1555C1H120JB01D","muRata","21160","20","20","https://www.lcsc.com/product-detail/C85875.html","0402","Tape & Reel (TR)","12pF","±5%","50V","C0G",""
"C85936","GRM1555C1H160JA01D","muRata","32300","50","50","https://www.lcsc.com/product-detail/C85936.html","0402","Tape & Reel (TR)","16pF","±5%","50V","C0G",""
"C85943","GRM1555C1H821JA01D","muRata","31300","100","100","https://www.lcsc.com/product-detail/C85943.html","0402","Tape & Reel (TR)","820pF","±5%","50V","C0G",""
"C85973","GRM1885C1H103JA01D","muRata","230380","20","20","https://www.lcsc.com/product-detail/C85973.html","0603","Tape & Reel (TR)","10nF","±5%","50V","C0G",""
"C85974","GRM1885C1H121JA01D","muRata","2900","50","50","https://www.lcsc.com/product-detail/C85974.html","0603","Tape & Reel (TR)","120pF","±5%","50V","C0G",""
"C85979","GRM1885C1H471JA01D","muRata","92600","50","50","https://www.lcsc.com/product-detail/C85979.html","0603","Tape & Reel (TR)","470pF","±5%","50V","C0G",""
"C85980","GRM1885C1H472JA01D","muRata","54940","20","20","https://www.lcsc.com/product-detail/C85980.html","0603","Tape & Reel (TR)","4.7nF","±5%","50V","C0G",""
"C85981","GRM1885C1H680JA01D","muRata","3850","50","50","https://www.lcsc.com/product-detail/C85981.html","0603","Tape & Reel (TR)","68pF","±5%","50V","C0G",""
"C85983","GRM1885C2A101JA01D","muRata","3100","20","20","https://www.lcsc.com/product-detail/C85983.html","0603","Tape & Reel (TR)","100pF","±5%","100V","C0G",""
"C88877","GJM1555C1H150JB01D","muRata","26300","20","20","https://www.lcsc.com/product-detail/C88877.html","0402","Tape & Reel (TR)","15pF","±5%","50V","C0G",""
"C88878","GJM1555C1H180JB01D","muRata","1350","50","50","https://www.lcsc.com/product-detail/C88878.html","0402","Tape & Reel (TR)","18pF","±5%","50V","C0G",""
"C88882","GJM1555C1H220JB01D","muRata","9950","50","50","https://www.lcsc.com/product-detail/C88882.html","0402","Tape & Reel (TR)","22pF","±5%","50V","C0G",""
"C88883","GJM1555C1H270FB01D","muRata","3520","20","20","https://www.lcsc.com/product-detail/C88883.html","0402","Tape & Reel (TR)","27pF","±1%","50V","C0G",""
"C88884","GJM1555C1H270JB01D","muRata","9270","10","10","https://www.lcsc.com/product-detail/C88884.html","0402","Tape & Reel (TR)","27pF","±5%","50V","C0G",""
"C90626","CC0805JRNPOYBN220","YAGEO","2400","50","50","https://www.lcsc.com/product-detail/C90626.html","0805","Tape & Reel (TR)","22pF","±5%","250V","NP0",""
"C91183","CC0603JRX7R9BB104","YAGEO","1775100","20","20","https://www.lcsc.com/product-detail/C91183.html","0603","Tape & Reel (TR)","100nF","±5%","50V","X7R",""
"C91185","CC0805KKX7R9BB105","YAGEO","481860","10","10","https://www.lcsc.com/product-detail/C91185.html","0805","Tape & Reel (TR)","1uF","±10%","50V","X7R",""
"C91186","CC0805KKX7R8BB105","YAGEO","349280","10","10","https://www.lcsc.com/product-detail/C91186.html","0805","Tape & Reel (TR)","1uF","±10%","25V","X7R",""
"C92067","GRM1555C1H120JA01J","muRata","50050","50","50","https://www.lcsc.com/product-detail/C92067.html","0402","Tape & Reel (TR)","12pF","±5%","50V","C0G",""
"C92490","CC0603KRX7R8BB104","YAGEO","1768600","50","50","https://www.lcsc.com/product-detail/C92490.html","0603","Tape & Reel (TR)","100nF","±10%","25V","X7R",""
"C93654","CC0402KRX7R9BB682","YAGEO","523400","100","100","https://www.lcsc.com/product-detail/C93654.html","0402","Tape & Reel (TR)","6.8nF","±10%","50V","X7R",""
"C93920","CC0402JRX7R9BB102","YAGEO","472000","100","100","https://www.lcsc.com/product-detail/C93920.html","0402","Tape & Reel (TR)","1nF","±5%","50V","X7R",""
"C94121","CC0805KRX7R9BB102","YAGEO","662600","50","50","https://www.lcsc.com/product-detail/C94121.html","0805","Tape & Reel (TR)","1nF","±10%","50V","X7R",""
"C94122","CC0805KKX7R7BB105","YAGEO","141080","20","20","https://www.lcsc.com/product-detail/C94122.html","0805","Tape & Reel (TR)","1uF","±10%","16V","X7R",""
"C96090","CC0603KRX7R9BB152","YAGEO","1109000","100","100","https://www.lcsc.com/product-detail/C96090.html","0603","Tape & Reel (TR)","1.5nF","±10%","50V","X7R",""
"C97862","GRM1555C1H181JA01D","muRata","8600","100","100","https://www.lcsc.com/product-detail/C97862.html","0402","Tape & Reel (TR)","180pF","±5%","50V","C0G",""
"C97876","GRM1885C1H122JA01D","muRata","22650","50","50","https://www.lcsc.com/product-detail/C97876.html","0603","Tape & Reel (TR)","1.2nF","±5%","50V","C0G",""
"C97878","GRM1885C1H182JA01D","muRata","11320","20","20","https://www.lcsc.com/product-detail/C97878.html","0603","Tape & Reel (TR)","1.8nF","±5%","50V","C0G",""
"C97881","GRM1885C1H561JA01D","muRata","24350","50","50","https://www.lcsc.com/product-detail/C97881.html","0603","Tape & Reel (TR)","560pF","±5%","50V","C0G",""
"C97900","GRM2165C1H272JA01D","muRata","3340","20","20","https://www.lcsc.com/product-detail/C97900.html","0805","Tape & Reel (TR)","2.7nF","±5%","50V","C0G",""
"C97901","GRM2165C1H392JA01D","muRata","24060","20","20","https://www.lcsc.com/product-detail/C97901.html","0805","Tape & Reel (TR)","3.9nF","±5%","50V","C0G",""
"C97905","GRM2195C1H103JA01D","muRata","104470","10","10","https://www.lcsc.com/product-detail/C97905.html","0805","Tape & Reel (TR)","10nF","±5%","50V","C0G",""
"C97906","GRM2195C1H123JA01D","muRata","21200","10","10","https://www.lcsc.com/product-detail/C97906.html","0805","Tape & Reel (TR)","12nF","±5%","50V","C0G",""
"C97907","GRM2195C1H153JA01D","muRata","27100","10","10","https://www.lcsc.com/product-detail/C97907.html","0805","Tape & Reel (TR)","15nF","±5%","50V","C0G",""
"C97908","GRM2195C1H822JA01D","muRata","7120","20","20","https://www.lcsc.com/product-detail/C97908.html","0805","Tape & Reel (TR)","8.2nF","±5%","50V","C0G",""
"C97928","GRM3195C1H103JA01D","muRata","22320","5","5","https://www.lcsc.com/product-detail/C97928.html","1206","Tape & Reel (TR)","10nF","±5%","50V","C0G",""
"C97929","GRM3195C1H223JA01D","muRata","109690","5","5","https://www.lcsc.com/product-detail/C97929.html","1206","Tape & Reel (TR)","22nF","±5%","50V","C0G",""
"C97930","GRM3195C1H333JA01D","muRata","17875","5","5","https://www.lcsc.com/product-detail/C97930.html","1206","Tape & Reel (TR)","33nF","±5%","50V","C0G",""
"C97946","GRM31C5C1H104JA01L","muRata","73100","5","5","https://www.lcsc.com/product-detail/C97946.html","1206","Tape & Reel (TR)","100nF","±5%","50V","C0G",""
"C97947","GRM31C5C1H823JA01L","muRata","2435","5","5","https://www.lcsc.com/product-detail/C97947.html","1206","Tape & Reel (TR)","82nF","±5%","50V","C0G",""
"C100040","CC0603KRX7R9BB102","YAGEO","1751300","50","50","https://www.lcsc.com/product-detail/C100040.html","0603","Tape & Reel (TR)","1nF","±10%","50V","X7R",""
"C100042","CC0603KRX7R9BB103","YAGEO","3509000","50","50","https://www.lcsc.com/product-detail/C100042.html","0603","Tape & Reel (TR)","10nF","±10%","50V","X7R",""
"C105173","CC0805JRNPO9BN200","YAGEO","271500","100","100","https://www.lcsc.com/product-detail/C105173.html","0805","Tape & Reel (TR)","20pF","±5%","50V","NP0",""
"C105620","CC0603JRNPO9BN220","YAGEO","2898050","50","50","https://www.lcsc.com/product-detail/C105620.html","0603","Tape & Reel (TR)","22pF","±5%","50V","NP0",""
"C105621","CC0603JRNPO9BN200","YAGEO","1581900","100","100","https://www.lcsc.com/product-detail/C105621.html","0603","Tape & Reel (TR)","20pF","±5%","50V","NP0",""
"C105622","CC0603JRNPO9BN470","YAGEO","822900","100","100","https://www.lcsc.com/product-detail/C105622.html","0603","Tape & Reel (TR)","47pF","±5%","50V","NP0",""
"C105623","CC0805JRNPO9BN220","YAGEO","289250","50","50","https://www.lcsc.com/product-detail/C105623.html","0805","Tape & Reel (TR)","22pF","±5%","50V","NP0",""
"C105883","CC0402KRX7R8BB104","YAGEO","2027000","100","100","https://www.lcsc.com/product-detail/C105883.html","0402","Tape & Reel (TR)","100nF","±10%","25V","X7R",""
"C106199","CC0402JRNPO9BN100","YAGEO","1831600","100","100","https://www.lcsc.com/product-detail/C106199.html","0402","Tape & Reel (TR)","10pF","±5%","50V","NP0",""
"C106200","CC0402JRNPO9BN101","YAGEO","822000","100","100","https://www.lcsc.com/product-detail/C106200.html","0402","Tape & Reel (TR)","100pF","±5%","50V","NP0",""
"C106201","CC0402JRNPO9BN120","YAGEO","1984400","100","100","https://www.lcsc.com/product-detail/C106201.html","0402","Tape & Reel (TR)","12pF","±5%","50V","NP0",""
"C106202","CC0402JRNPO9BN180","YAGEO","1141000","100","100","https://www.lcsc.com/product-detail/C106202.html","0402","Tape & Reel (TR)","18pF","±5%","50V","NP0",""
"C106203","CC0402JRNPO9BN220","YAGEO","1704400","100","100","https://www.lcsc.com/product-detail/C106203.html","0402","Tape & Reel (TR)","22pF","±5%","50V","NP0",""
"C106205","CC0402KRX7R9BB102","YAGEO","3806000","100","100","https://www.lcsc.com/product-detail/C106205.html","0402","Tape & Reel (TR)","1nF","±10%","50V","X7R",""
"C106206","CC0402KRX7R9BB331","YAGEO","2035400","100","100","https://www.lcsc.com/product-detail/C106206.html","0402","Tape & Reel (TR)","330pF","±10%","50V","X7R",""
"C106207","CC0402KRX7R9BB471","YAGEO","776100","100","100","https://www.lcsc.com/product-detail/C106207.html","0402","Tape & Reel (TR)","470pF","±10%","50V","X7R",""
"C106208","CC0402KRX7R9BB472","YAGEO","929600","100","100","https://www.lcsc.com/product-detail/C106208.html","0402","Tape & Reel (TR)","4.7nF","±10%","50V","X7R",""
"C106210","CC0603JRNPO9BN221","YAGEO","841600","50","50","https://www.lcsc.com/product-detail/C106210.html","0603","Tape & Reel (TR)","220pF","±5%","50V","NP0",""
"C106211","CC0603JRNPO9BN471","YAGEO","518700","100","100","https://www.lcsc.com/product-detail/C106211.html","0603","Tape & Reel (TR)","470pF","±5%","50V","NP0",""
"C106216","CC0603KRX7R6BB224","YAGEO","3300","100","100","https://www.lcsc.com/product-detail/C106216.html","0603","Tape & Reel (TR)","220nF","±10%","10V","X7R",""
"C106217","CC0603KRX7R8BB223","YAGEO","155000","100","100","https://www.lcsc.com/product-detail/C106217.html","0603","Tape & Reel (TR)","22nF","±10%","25V","X7R",""
"C106218","CC0603KRX7R9BB472","YAGEO","1443400","100","100","https://www.lcsc.com/product-detail/C106218.html","0603","Tape & Reel (TR)","4.7nF","±10%","50V","X7R",""
"C106222","CC0603KRX7R9BB223","YAGEO","442900","100","100","https://www.lcsc.com/product-detail/C106222.html","0603","Tape & Reel (TR)","22nF","±10%","50V","X7R",""
"C106223","CC0402JRNPO9BN390","YAGEO","253200","100","100","https://www.lcsc.com/product-detail/C106223.html","0402","Tape & Reel (TR)","39pF","±5%","50V","NP0",""
"C106236","CC1206KKX7R7BB105","YAGEO","10640","10","10","https://www.lcsc.com/product-detail/C106236.html","1206","Tape & Reel (TR)","1uF","±10%","16V","X7R",""
"C106239","CC1206KRX7R9BB103","YAGEO","27160","20","20","https://www.lcsc.com/product-detail/C106239.html","1206","Tape & Reel (TR)","10nF","±10%","50V","X7R",""
"C106241","CC1206KKX7RYBB104","YAGEO","29070","10","10","https://www.lcsc.com/product-detail/C106241.html","1206","Tape & Reel (TR)","100nF","±10%","250V","X7R",""
"C106242","CC1206KKX7RBBB103","YAGEO","49500","20","20","https://www.lcsc.com/product-detail/C106242.html","1206","Tape & Reel (TR)","10nF","±10%","500V","X7R",""
"C106243","CC0805KKX7R0BB104","YAGEO","638740","20","20","https://www.lcsc.com/product-detail/C106243.html","0805","Tape & Reel (TR)","100nF","±10%","100V","X7R",""
"C106244","CC0805KRX7R0BB102","YAGEO","175450","50","50","https://www.lcsc.com/product-detail/C106244.html","0805","Tape & Reel (TR)","1nF","±10%","100V","X7R",""
"C106245","CC0603JRNPO9BN100","YAGEO","3079300","100","100","https://www.lcsc.com/product-detail/C106245.html","0603","Tape & Reel (TR)","10pF","±5%","50V","NP0",""
"C106246","CC0603JRNPO9BN102","YAGEO","371800","50","50","https://www.lcsc.com/product-detail/C106246.html","0603","Tape & Reel (TR)","1nF","±5%","50V","NP0",""
"C106247","CC0603KRX7R0BB102","YAGEO","586200","100","100","https://www.lcsc.com/product-detail/C106247.html","0603","Tape & Reel (TR)","1nF","±10%","100V","X7R",""
"C106248","CC0603KRX7R7BB105","YAGEO","557500","50","50","https://www.lcsc.com/product-detail/C106248.html","0603","Tape & Reel (TR)","1uF","±10%","16V","X7R",""
"C106249","CC0603KRX7R7BB224","YAGEO","39900","50","50","https://www.lcsc.com/product-detail/C106249.html","0603","Tape & Reel (TR)","220nF","±10%","16V","X7R",""
"C106250","CC0603KRX7R6BB474","YAGEO","11500","20","20","https://www.lcsc.com/product-detail/C106250.html","0603","Tape & Reel (TR)","470nF","±10%","10V","X7R",""
"C106251","CC0402KRX7R9BB272","YAGEO","306700","100","100","https://www.lcsc.com/product-detail/C106251.html","0402","Tape & Reel (TR)","2.7nF","±10%","50V","X7R",""
"C106259","CC0402JRNPO9BN471","YAGEO","845700","100","100","https://www.lcsc.com/product-detail/C106259.html","0402","Tape & Reel (TR)","470pF","±5%","50V","NP0",""
"C106260","CC0402KRX7R7BB473","YAGEO","111600","100","100","https://www.lcsc.com/product-detail/C106260.html","0402","Tape & Reel (TR)","47nF","±10%","16V","X7R",""
"C106835","CC0805KRX7RYBB102","YAGEO","48350","50","50","https://www.lcsc.com/product-detail/C106835.html","0805","Tape & Reel (TR)","1nF","±10%","250V","X7R",""
"C106840","CC0805KKX7RBBB103","YAGEO","12460","20","20","https://www.lcsc.com/product-detail/C106840.html","0805","Tape & Reel (TR)","10nF","±10%","500V","X7R",""
"C106841","CC0805KKX7RYBB103","YAGEO","67700","50","50","https://www.lcsc.com/product-detail/C106841.html","0805","Tape & Reel (TR)","10nF","±10%","250V","X7R",""
"C106843","CC0805KKX7R9BB474","YAGEO","382840","20","20","https://www.lcsc.com/product-detail/C106843.html","0805","Tape & Reel (TR)","470nF","±10%","50V","X7R",""
"C106845","CC0805KKX7R7BB474","YAGEO","8850","50","50","https://www.lcsc.com/product-detail/C106845.html","0805","Tape & Reel (TR)","470nF","±10%","16V","X7R",""
"C106846","CC0805KKX7R8BB474","YAGEO","24260","20","20","https://www.lcsc.com/product-detail/C106846.html","0805","Tape & Reel (TR)","470nF","±10%","25V","X7R",""
"C106851","CC0603KRX7R7BB474","YAGEO","276800","50","50","https://www.lcsc.com/product-detail/C106851.html","0603","Tape & Reel (TR)","470nF","±10%","16V","X7R",""
"C106856","CC0603KRX7R9BB333","YAGEO","1452000","100","100","https://www.lcsc.com/product-detail/C106856.html","0603","Tape & Reel (TR)","33nF","±10%","50V","X7R",""
"C106857","CC0603KRX7R8BB224","YAGEO","45400","50","50","https://www.lcsc.com/product-detail/C106857.html","0603","Tape & Reel (TR)","220nF","±10%","25V","X7R",""
"C106858","CC0603KRX7R8BB105","YAGEO","63620","20","20","https://www.lcsc.com/product-detail/C106858.html","0603","Tape & Reel (TR)","1uF","±10%","25V","X7R",""
"C106861","CC0402KRX7R9BB222","YAGEO","2032500","100","100","https://www.lcsc.com/product-detail/C106861.html","0402","Tape & Reel (TR)","2.2nF","±10%","50V","X7R",""
"C106862","CC0402KRX7R9BB333","YAGEO","764500","100","100","https://www.lcsc.com/product-detail/C106862.html","0402","Tape & Reel (TR)","33nF","±10%","50V","X7R",""
"C106863","CC0402KRX7R7BB333","YAGEO","26400","100","100","https://www.lcsc.com/product-detail/C106863.html","0402","Tape & Reel (TR)","33nF","±10%","16V","X7R",""
"C106996","CC0402JRNPO9BN121","YAGEO","695000","100","100","https://www.lcsc.com/product-detail/C106996.html","0402","Tape & Reel (TR)","120pF","±5%","50V","NP0",""
"C106997","CC0402JRNPO9BN150","YAGEO","2478600","100","100","https://www.lcsc.com/product-detail/C106997.html","0402","Tape & Reel (TR)","15pF","±5%","50V","NP0",""
"C106998","CC0402JRNPO9BN151","YAGEO","258100","100","100","https://www.lcsc.com/product-detail/C106998.html","0402","Tape & Reel (TR)","150pF","±5%","50V","NP0",""
"C106999","CC0402JRNPO9BN181","YAGEO","423900","100","100","https://www.lcsc.com/product-detail/C106999.html","0402","Tape & Reel (TR)","180pF","±5%","50V","NP0",""
"C107000","CC0402JRNPO9BN200","YAGEO","2500800","100","100","https://www.lcsc.com/product-detail/C107000.html","0402","Tape & Reel (TR)","20pF","±5%","50V","NP0",""
"C107001","CC0402JRNPO9BN221","YAGEO","655900","100","100","https://www.lcsc.com/product-detail/C107001.html","0402","Tape & Reel (TR)","220pF","±5%","50V","NP0",""
"C107002","CC0402JRNPO9BN270","YAGEO","1949600","100","100","https://www.lcsc.com/product-detail/C107002.html","0402","Tape & Reel (TR)","27pF","±5%","50V","NP0",""
"C107003","CC0402JRNPO9BN271","YAGEO","145100","100","100","https://www.lcsc.com/product-detail/C107003.html","0402","Tape & Reel (TR)","270pF","±5%","50V","NP0",""
"C107004","CC0402JRNPO9BN300","YAGEO","354800","100","100","https://www.lcsc.com/product-detail/C107004.html","0402","Tape & Reel (TR)","30pF","±5%","50V","NP0",""
"C107005","CC0402JRNPO9BN330","YAGEO","3303800","100","100","https://www.lcsc.com/product-detail/C107005.html","0402","Tape & Reel (TR)","33pF","±5%","50V","NP0",""
"C107006","CC0402JRNPO9BN331","YAGEO","326500","100","100","https://www.lcsc.com/product-detail/C107006.html","0402","Tape & Reel (TR)","330pF","±5%","50V","NP0",""
"C107007","CC0402JRNPO9BN560","YAGEO","323300","100","100","https://www.lcsc.com/product-detail/C107007.html","0402","Tape & Reel (TR)","56pF","±5%","50V","NP0",""
"C107008","CC0402JRNPO9BN561","YAGEO","20650","50","50","https://www.lcsc.com/product-detail/C107008.html","0402","Tape & Reel (TR)","560pF","±5%","50V","NP0",""
"C107009","CC0402JRNPO9BN680","YAGEO","567100","100","100","https://www.lcsc.com/product-detail/C107009.html","0402","Tape & Reel (TR)","68pF","±5%","50V","NP0",""
"C107010","CC0402JRNPO9BN750","YAGEO","361300","100","100","https://www.lcsc.com/product-detail/C107010.html","0402","Tape & Reel (TR)","75pF","±5%","50V","NP0",""
"C107011","CC0402JRNPO9BN820","YAGEO","404900","100","100","https://www.lcsc.com/product-detail/C107011.html","0402","Tape & Reel (TR)","82pF","±5%","50V","NP0",""
"C107014","CC0402KRX7R6BB683","YAGEO","10000","100","100","https://www.lcsc.com/product-detail/C107014.html","0402","Tape & Reel (TR)","68nF","±10%","10V","X7R",""
"C107017","CC0402KRX7R7BB223","YAGEO","1278300","100","100","https://www.lcsc.com/product-detail/C107017.html","0402","Tape & Reel (TR)","22nF","±10%","16V","X7R",""
"C107018","CC0402KRX7R7BB563","YAGEO","45700","100","100","https://www.lcsc.com/product-detail/C107018.html","0402","Tape & Reel (TR)","56nF","±10%","16V","X7R",""
"C107019","CC0402KRX7R8BB223","YAGEO","262300","100","100","https://www.lcsc.com/product-detail/C107019.html","0402","Tape & Reel (TR)","22nF","±10%","25V","X7R",""
"C107020","CC0402KRX7R8BB473","YAGEO","26900","100","100","https://www.lcsc.com/product-detail/C107020.html","0402","Tape & Reel (TR)","47nF","±10%","25V","X7R",""
"C107021","CC0402KRX7R9BB122","YAGEO","90500","100","100","https://www.lcsc.com/product-detail/C107021.html","0402","Tape & Reel (TR)","1.2nF","±10%","50V","X7R",""
"C107022","CC0402KRX7R9BB152","YAGEO","651000","100","100","https://www.lcsc.com/product-detail/C107022.html","0402","Tape & Reel (TR)","1.5nF","±10%","50V","X7R",""
"C107023","CC0402KRX7R9BB181","YAGEO","51000","100","100","https://www.lcsc.com/product-detail/C107023.html","0402","Tape & Reel (TR)","180pF","±10%","50V","X7R",""
"C107024","CC0402KRX7R9BB182","YAGEO","313700","100","100","https://www.lcsc.com/product-detail/C107024.html","0402","Tape & Reel (TR)","1.8nF","±10%","50V","X7R",""
"C107025","CC0402KRX7R9BB221","YAGEO","1274200","100","100","https://www.lcsc.com/product-detail/C107025.html","0402","Tape & Reel (TR)","220pF","±10%","50V","X7R",""
"C107026","CC0402KRX7R9BB223","YAGEO","600500","100","100","https://www.lcsc.com/product-detail/C107026.html","0402","Tape & Reel (TR)","22nF","±10%","50V","X7R",""
"C107027","CC0402KRX7R9BB271","YAGEO","89200","100","100","https://www.lcsc.com/product-detail/C107027.html","0402","Tape & Reel (TR)","270pF","±10%","50V","X7R",""
"C107028","CC0402KRX7R9BB332","YAGEO","676400","100","100","https://www.lcsc.com/product-detail/C107028.html","0402","Tape & Reel (TR)","3.3nF","±10%","50V","X7R",""
"C107029","CC0402KRX7R9BB561","YAGEO","290800","100","100","https://www.lcsc.com/product-detail/C107029.html","0402","Tape & Reel (TR)","560pF","±10%","50V","X7R",""
"C107030","CC0402KRX7R9BB681","YAGEO","83400","100","100","https://www.lcsc.com/product-detail/C107030.html","0402","Tape & Reel (TR)","680pF","±10%","50V","X7R",""
"C107031","CC0402KRX7R9BB821","YAGEO","336600","100","100","https://www.lcsc.com/product-detail/C107031.html","0402","Tape & Reel (TR)","820pF","±10%","50V","X7R",""
"C107032","CC0402KRX7R9BB822","YAGEO","97600","100","100","https://www.lcsc.com/product-detail/C107032.html","0402","Tape & Reel (TR)","8.2nF","±10%","50V","X7R",""
"C107033","CC0603JRNPO0BN101","YAGEO","271100","100","100","https://www.lcsc.com/product-detail/C107033.html","0603","Tape & Reel (TR)","100pF","±5%","100V","NP0",""
"C107034","CC0603JRNPO9BN120","YAGEO","1303200","100","100","https://www.lcsc.com/product-detail/C107034.html","0603","Tape & Reel (TR)","12pF","±5%","50V","NP0",""
"C107035","CC0603JRNPO9BN121","YAGEO","618800","100","100","https://www.lcsc.com/product-detail/C107035.html","0603","Tape & Reel (TR)","120pF","±5%","50V","NP0",""
"C107036","CC0603JRNPO9BN130","YAGEO","318350","50","50","https://www.lcsc.com/product-detail/C107036.html","0603","Tape & Reel (TR)","13pF","±5%","50V","NP0",""
"C107037","CC0603JRNPO9BN150","YAGEO","3705000","100","100","https://www.lcsc.com/product-detail/C107037.html","0603","Tape & Reel (TR)","15pF","±5%","50V","NP0",""
"C107038","CC0603JRNPO9BN151","YAGEO","662300","100","100","https://www.lcsc.com/product-detail/C107038.html","0603","Tape & Reel (TR)","150pF","±5%","50V","NP0",""
"C107039","CC0603JRNPO9BN152","YAGEO","55750","50","50","https://www.lcsc.com/product-detail/C107039.html","0603","Tape & Reel (TR)","1.5nF","±5%","50V","NP0",""
"C107040","CC0603JRNPO9BN180","YAGEO","534400","100","100","https://www.lcsc.com/product-detail/C107040.html","0603","Tape & Reel (TR)","18pF","±5%","50V","NP0",""
"C107041","CC0603JRNPO9BN181","YAGEO","292050","50","50","https://www.lcsc.com/product-detail/C107041.html","0603","Tape & Reel (TR)","180pF","±5%","50V","NP0",""
"C107042","CC0603JRNPO9BN182","YAGEO","15800","50","50","https://www.lcsc.com/product-detail/C107042.html","0603","Tape & Reel (TR)","1.8nF","±5%","50V","NP0",""
"C107043","CC0603JRNPO9BN222","YAGEO","4050","50","50","https://www.lcsc.com/product-detail/C107043.html","0603","Tape & Reel (TR)","2.2nF","±5%","50V","NP0",""
"C107044","CC0603JRNPO9BN240","YAGEO","49000","50","50","https://www.lcsc.com/product-detail/C107044.html","0603","Tape & Reel (TR)","24pF","±5%","50V","NP0",""
"C107045","CC0603JRNPO9BN270","YAGEO","934500","100","100","https://www.lcsc.com/product-detail/C107045.html","0603","Tape & Reel (TR)","27pF","±5%","50V","NP0",""
"C107046","CC0603JRNPO9BN271","YAGEO","232700","50","50","https://www.lcsc.com/product-detail/C107046.html","0603","Tape & Reel (TR)","270pF","±5%","50V","NP0",""
"C107047","CC0603JRNPO9BN330","YAGEO","2078700","100","100","https://www.lcsc.com/product-detail/C107047.html","0603","Tape & Reel (TR)","33pF","±5%","50V","NP0",""
"C107048","CC0603JRNPO9BN332","YAGEO","42140","20","20","https://www.lcsc.com/product-detail/C107048.html","0603","Tape & Reel (TR)","3.3nF","±5%","50V","NP0",""
"C107049","CC0603JRNPO9BN390","YAGEO","619200","100","100","https://www.lcsc.com/product-detail/C107049.html","0603","Tape & Reel (TR)","39pF","±5%","50V","NP0",""
"C107050","CC0603JRNPO9BN391","YAGEO","151000","100","100","https://www.lcsc.com/product-detail/C107050.html","0603","Tape & Reel (TR)","390pF","±5%","50V","NP0",""
"C107051","CC0603JRNPO9BN510","YAGEO","346600","100","100","https://www.lcsc.com/product-detail/C107051.html","0603","Tape & Reel (TR)","51pF","±5%","50V","NP0",""
"C107052","CC0603JRNPO9BN511","YAGEO","38700","100","100","https://www.lcsc.com/product-detail/C107052.html","0603","Tape & Reel (TR)","510pF","±5%","50V","NP0",""
"C107053","CC0603JRNPO9BN560","YAGEO","853200","100","100","https://www.lcsc.com/product-detail/C107053.html","0603","Tape & Reel (TR)","56pF","±5%","50V","NP0",""
"C107054","CC0603JRNPO9BN561","YAGEO","32400","100","100","https://www.lcsc.com/product-detail/C107054.html","0603","Tape & Reel (TR)","560pF","±5%","50V","NP0",""
"C107055","CC0603JRNPO9BN681","YAGEO","584200","100","100","https://www.lcsc.com/product-detail/C107055.html","0603","Tape & Reel (TR)","680pF","±5%","50V","NP0",""
"C107056","CC0603JRNPO9BN820","YAGEO","190200","100","100","https://www.lcsc.com/product-detail/C107056.html","0603","Tape & Reel (TR)","82pF","±5%","50V","NP0",""
"C107057","CC0603JRNPO9BN821","YAGEO","199300","100","100","https://www.lcsc.com/product-detail/C107057.html","0603","Tape & Reel (TR)","820pF","±5%","50V","NP0",""
"C107059","CC0603KRX7R0BB103","YAGEO","881450","50","50","https://www.lcsc.com/product-detail/C107059.html","0603","Tape & Reel (TR)","10nF","±10%","100V","X7R",""
"C107060","CC0603KRX7R0BB152","YAGEO","23850","50","50","https://www.lcsc.com/product-detail/C107060.html","0603","Tape & Reel (TR)","1.5nF","±10%","100V","X7R",""
"C107061","CC0603KRX7R0BB221","YAGEO","15900","50","50","https://www.lcsc.com/product-detail/C107061.html","0603","Tape & Reel (TR)","220pF","±10%","100V","X7R",""
"C107062","CC0603KRX7R0BB471","YAGEO","37150","50","50","https://www.lcsc.com/product-detail/C107062.html","0603","Tape & Reel (TR)","470pF","±10%","100V","X7R",""
"C107063","CC0603KRX7R6BB124","YAGEO","9350","50","50","https://www.lcsc.com/product-detail/C107063.html","0603","Tape & Reel (TR)","120nF","±10%","10V","X7R",""
"C107065","CC0603KRX7R7BB154","YAGEO","1050","50","50","https://www.lcsc.com/product-detail/C107065.html","0603","Tape & Reel (TR)","150nF","±10%","16V","X7R",""
"C107066","CC0603KRX7R7BB334","YAGEO","73050","50","50","https://www.lcsc.com/product-detail/C107066.html","0603","Tape & Reel (TR)","330nF","±10%","16V","X7R",""
"C107067","CC0603KRX7R7BB684","YAGEO","65800","50","50","https://www.lcsc.com/product-detail/C107067.html","0603","Tape & Reel (TR)","680nF","±10%","16V","X7R",""
"C107068","CC0603KRX7R8BB154","YAGEO","150","50","50","https://www.lcsc.com/product-detail/C107068.html","0603","Tape & Reel (TR)","150nF","±10%","25V","X7R",""
"C107070","CC0603KRX7R8BB334","YAGEO","131650","50","50","https://www.lcsc.com/product-detail/C107070.html","0603","Tape & Reel (TR)","330nF","±10%","25V","X7R",""
"C107071","CC0603KRX7R8BB683","YAGEO","23900","100","100","https://www.lcsc.com/product-detail/C107071.html","0603","Tape & Reel (TR)","68nF","±10%","25V","X7R",""
"C107072","CC0603KRX7R9BB121","YAGEO","57200","100","100","https://www.lcsc.com/product-detail/C107072.html","0603","Tape & Reel (TR)","120pF","±10%","50V","X7R",""
"C107073","CC0603KRX7R9BB122","YAGEO","164500","100","100","https://www.lcsc.com/product-detail/C107073.html","0603","Tape & Reel (TR)","1.2nF","±10%","50V","X7R",""
"C107074","CC0603KRX7R9BB123","YAGEO","9900","100","100","https://www.lcsc.com/product-detail/C107074.html","0603","Tape & Reel (TR)","12nF","±10%","50V","X7R",""
"C107075","CC0603KRX7R9BB151","YAGEO","101200","100","100","https://www.lcsc.com/product-detail/C107075.html","0603","Tape & Reel (TR)","150pF","±10%","50V","X7R",""
"C107076","CC0603KRX7R9BB153","YAGEO","334100","50","50","https://www.lcsc.com/product-detail/C107076.html","0603","Tape & Reel (TR)","15nF","±10%","50V","X7R",""
"C107077","CC0603KRX7R9BB181","YAGEO","54800","50","50","https://www.lcsc.com/product-detail/C107077.html","0603","Tape & Reel (TR)","180pF","±10%","50V","X7R",""
"C107078","CC0603KRX7R9BB182","YAGEO","36400","100","100","https://www.lcsc.com/product-detail/C107078.html","0603","Tape & Reel (TR)","1.8nF","±10%","50V","X7R",""
"C107079","CC0603KRX7R9BB183","YAGEO","80200","100","100","https://www.lcsc.com/product-detail/C107079.html","0603","Tape & Reel (TR)","18nF","±10%","50V","X7R",""
"C107080","CC0603KRX7R9BB201","YAGEO","177500","100","100","https://www.lcsc.com/product-detail/C107080.html","0603","Tape & Reel (TR)","200pF","±10%","50V","X7R",""
"C107081","CC0603KRX7R9BB221","YAGEO","596700","100","100","https://www.lcsc.com/product-detail/C107081.html","0603","Tape & Reel (TR)","220pF","±10%","50V","X7R",""
"C107082","CC0603KRX7R9BB222","YAGEO","1717000","50","50","https://www.lcsc.com/product-detail/C107082.html","0603","Tape & Reel (TR)","2.2nF","±10%","50V","X7R",""
"C107083","CC0603KRX7R9BB224","YAGEO","360100","50","50","https://www.lcsc.com/product-detail/C107083.html","0603","Tape & Reel (TR)","220nF","±10%","50V","X7R",""
"C107084","CC0603KRX7R9BB271","YAGEO","59900","100","100","https://www.lcsc.com/product-detail/C107084.html","0603","Tape & Reel (TR)","270pF","±10%","50V","X7R",""
"C107085","CC0603KRX7R9BB272","YAGEO","145000","100","100","https://www.lcsc.com/product-detail/C107085.html","0603","Tape & Reel (TR)","2.7nF","±10%","50V","X7R",""
"C107086","CC0603KRX7R9BB273","YAGEO","400500","100","100","https://www.lcsc.com/product-detail/C107086.html","0603","Tape & Reel (TR)","27nF","±10%","50V","X7R",""
"C107087","CC0603KRX7R9BB331","YAGEO","780100","100","100","https://www.lcsc.com/product-detail/C107087.html","0603","Tape & Reel (TR)","330pF","±10%","50V","X7R",""
"C107088","CC0603KRX7R9BB332","YAGEO","756800","100","100","https://www.lcsc.com/product-detail/C107088.html","0603","Tape & Reel (TR)","3.3nF","±10%","50V","X7R",""
"C107089","CC0603KRX7R9BB391","YAGEO","55600","50","50","https://www.lcsc.com/product-detail/C107089.html","0603","Tape & Reel (TR)","390pF","±10%","50V","X7R",""
"C107090","CC0603KRX7R9BB392","YAGEO","5700","100","100","https://www.lcsc.com/product-detail/C107090.html","0603","Tape & Reel (TR)","3.9nF","±10%","50V","X7R",""
"C107091","CC0603KRX7R9BB393","YAGEO","229200","100","100","https://www.lcsc.com/product-detail/C107091.html","0603","Tape & Reel (TR)","39nF","±10%","50V","X7R",""
"C107092","CC0603KRX7R9BB471","YAGEO","627600","100","100","https://www.lcsc.com/product-detail/C107092.html","0603","Tape & Reel (TR)","470pF","±10%","50V","X7R",""
"C107093","CC0603KRX7R9BB473","YAGEO","1239150","50","50","https://www.lcsc.com/product-detail/C107093.html","0603","Tape & Reel (TR)","47nF","±10%","50V","X7R",""
"C107094","CC0603KRX7R9BB561","YAGEO","174400","100","100","https://www.lcsc.com/product-detail/C107094.html","0603","Tape & Reel (TR)","560pF","±10%","50V","X7R",""
"C107095","CC0603KRX7R9BB562","YAGEO","259200","100","100","https://www.lcsc.com/product-detail/C107095.html","0603","Tape & Reel (TR)","5.6nF","±10%","50V","X7R",""
"C107096","CC0603KRX7R9BB681","YAGEO","438500","100","100","https://www.lcsc.com/product-detail/C107096.html","0603","Tape & Reel (TR)","680pF","±10%","50V","X7R",""
"C107097","CC0603KRX7R9BB682","YAGEO","465500","100","100","https://www.lcsc.com/product-detail/C107097.html","0603","Tape & Reel (TR)","6.8nF","±10%","50V","X7R",""
"C107098","CC0603KRX7R9BB683","YAGEO","325200","100","100","https://www.lcsc.com/product-detail/C107098.html","0603","Tape & Reel (TR)","68nF","±10%","50V","X7R",""
"C107099","CC0603KRX7R9BB821","YAGEO","76400","100","100","https://www.lcsc.com/product-detail/C107099.html","0603","Tape & Reel (TR)","820pF","±10%","50V","X7R",""
"C107100","CC0603KRX7R9BB823","YAGEO","268350","50","50","https://www.lcsc.com/product-detail/C107100.html","0603","Tape & Reel (TR)","82nF","±10%","50V","X7R",""
"C107101","CC0603KRX7RYBB221","YAGEO","4600","100","100","https://www.lcsc.com/product-detail/C107101.html","0603","Tape & Reel (TR)","220pF","±10%","250V","X7R",""
"C107103","CC0805JKNPO9BN222","YAGEO","141340","20","20","https://www.lcsc.com/product-detail/C107103.html","0805","Tape & Reel (TR)","2.2nF","±5%","50V","NP0",""
"C107104","CC0805JKNPO9BN472","YAGEO","4515","5","5","https://www.lcsc.com/product-detail/C107104.html","0805","Tape & Reel (TR)","4.7nF","±5%","50V","NP0",""
"C107105","CC0805JRNPO0BN101","YAGEO","61450","50","50","https://www.lcsc.com/product-detail/C107105.html","0805","Tape & Reel (TR)","100pF","±5%","100V","NP0",""
"C107106","CC0805JRNPO0BN271","YAGEO","14050","50","50","https://www.lcsc.com/product-detail/C107106.html","0805","Tape & Reel (TR)","270pF","±5%","100V","NP0",""
"C107107","CC0805JRNPO9BN100","YAGEO","353800","100","100","https://www.lcsc.com/product-detail/C107107.html","0805","Tape & Reel (TR)","10pF","±5%","50V","NP0",""
"C107108","CC0805JRNPO9BN120","YAGEO","289100","100","100","https://www.lcsc.com/product-detail/C107108.html","0805","Tape & Reel (TR)","12pF","±5%","50V","NP0",""
"C107109","CC0805JRNPO9BN121","YAGEO","261300","50","50","https://www.lcsc.com/product-detail/C107109.html","0805","Tape & Reel (TR)","120pF","±5%","50V","NP0",""
"C107110","CC0805JRNPO9BN150","YAGEO","249100","100","100","https://www.lcsc.com/product-detail/C107110.html","0805","Tape & Reel (TR)","15pF","±5%","50V","NP0",""
"C107111","CC0805JRNPO9BN151","YAGEO","198250","50","50","https://www.lcsc.com/product-detail/C107111.html","0805","Tape & Reel (TR)","150pF","±5%","50V","NP0",""
"C107112","CC0805JRNPO9BN221","YAGEO","241500","100","100","https://www.lcsc.com/product-detail/C107112.html","0805","Tape & Reel (TR)","220pF","±5%","50V","NP0",""
"C107113","CC0805JRNPO9BN270","YAGEO","13050","50","50","https://www.lcsc.com/product-detail/C107113.html","0805","Tape & Reel (TR)","27pF","±5%","50V","NP0",""
"C107114","CC0805JRNPO9BN300","YAGEO","368300","100","100","https://www.lcsc.com/product-detail/C107114.html","0805","Tape & Reel (TR)","30pF","±5%","50V","NP0",""
"C107115","CC0805JRNPO9BN330","YAGEO","585100","100","100","https://www.lcsc.com/product-detail/C107115.html","0805","Tape & Reel (TR)","33pF","±5%","50V","NP0",""
"C107116","CC0805JRNPO9BN331","YAGEO","332500","100","100","https://www.lcsc.com/product-detail/C107116.html","0805","Tape & Reel (TR)","330pF","±5%","50V","NP0",""
"C107117","CC0805JRNPO9BN390","YAGEO","4800","100","100","https://www.lcsc.com/product-detail/C107117.html","0805","Tape & Reel (TR)","39pF","±5%","50V","NP0",""
"C107118","CC0805JRNPO9BN470","YAGEO","310400","50","50","https://www.lcsc.com/product-detail/C107118.html","0805","Tape & Reel (TR)","47pF","±5%","50V","NP0",""
"C107119","CC0805JRNPO9BN561","YAGEO","94150","50","50","https://www.lcsc.com/product-detail/C107119.html","0805","Tape & Reel (TR)","560pF","±5%","50V","NP0",""
"C107120","CC0805JRNPO9BN680","YAGEO","79100","100","100","https://www.lcsc.com/product-detail/C107120.html","0805","Tape & Reel (TR)","68pF","±5%","50V","NP0",""
"C107121","CC0805JRNPO9BN681","YAGEO","114900","50","50","https://www.lcsc.com/product-detail/C107121.html","0805","Tape & Reel (TR)","680pF","±5%","50V","NP0",""
"C107122","CC0805JRNPOBBN101","YAGEO","127850","50","50","https://www.lcsc.com/product-detail/C107122.html","0805","Tape & Reel (TR)","100pF","±5%","500V","NP0",""
"C107123","CC0805JRNPOBBN220","YAGEO","47750","50","50","https://www.lcsc.com/product-detail/C107123.html","0805","Tape & Reel (TR)","22pF","±5%","500V","NP0",""
"C107126","CC0805KKX7R0BB473","YAGEO","140800","50","50","https://www.lcsc.com/product-detail/C107126.html","0805","Tape & Reel (TR)","47nF","±10%","100V","X7R",""
"C107127","CC0805KKX7R6BB225","YAGEO","10210","10","10","https://www.lcsc.com/product-detail/C107127.html","0805","Tape & Reel (TR)","2.2uF","±10%","10V","X7R",""
"C107128","CC0805KKX7R7BB225","YAGEO","53930","10","10","https://www.lcsc.com/product-detail/C107128.html","0805","Tape & Reel (TR)","2.2uF","±10%","16V","X7R",""
"C107129","CC0805KKX7R8BB334","YAGEO","4700","50","50","https://www.lcsc.com/product-detail/C107129.html","0805","Tape & Reel (TR)","330nF","±10%","25V","X7R",""
"C107130","CC0805KKX7R8BB684","YAGEO","17860","20","20","https://www.lcsc.com/product-detail/C107130.html","0805","Tape & Reel (TR)","680nF","±10%","25V","X7R",""
"C107131","CC0805KKX7R9BB224","YAGEO","238450","50","50","https://www.lcsc.com/product-detail/C107131.html","0805","Tape & Reel (TR)","220nF","±10%","50V","X7R",""
"C107132","CC0805KKX7R9BB334","YAGEO","431900","20","20","https://www.lcsc.com/product-detail/C107132.html","0805","Tape & Reel (TR)","330nF","±10%","50V","X7R",""
"C107133","CC0805KKX7R9BB684","YAGEO","36820","20","20","https://www.lcsc.com/product-detail/C107133.html","0805","Tape & Reel (TR)","680nF","±10%","50V","X7R",""
"C107135","CC0805KRX7R0BB103","YAGEO","319450","50","50","https://www.lcsc.com/product-detail/C107135.html","0805","Tape & Reel (TR)","10nF","±10%","100V","X7R",""
"C107136","CC0805KRX7R0BB222","YAGEO","172300","100","100","https://www.lcsc.com/product-detail/C107136.html","0805","Tape & Reel (TR)","2.2nF","±10%","100V","X7R",""
"C107137","CC0805KRX7R0BB223","YAGEO","161100","50","50","https://www.lcsc.com/product-detail/C107137.html","0805","Tape & Reel (TR)","22nF","±10%","100V","X7R",""
"C107138","CC0805KRX7R0BB471","YAGEO","154800","50","50","https://www.lcsc.com/product-detail/C107138.html","0805","Tape & Reel (TR)","470pF","±10%","100V","X7R",""
"C107139","CC0805KRX7R8BB224","YAGEO","100540","20","20","https://www.lcsc.com/product-detail/C107139.html","0805","Tape & Reel (TR)","220nF","±10%","25V","X7R",""
"C107140","CC0805KRX7R9BB101","YAGEO","229300","100","100","https://www.lcsc.com/product-detail/C107140.html","0805","Tape & Reel (TR)","100pF","±10%","50V","X7R",""
"C107141","CC0805KRX7R9BB123","YAGEO","8650","50","50","https://www.lcsc.com/product-detail/C107141.html","0805","Tape & Reel (TR)","12nF","±10%","50V","X7R",""
"C107142","CC0805KRX7R9BB152","YAGEO","46800","100","100","https://www.lcsc.com/product-detail/C107142.html","0805","Tape & Reel (TR)","1.5nF","±10%","50V","X7R",""
"C107143","CC0805KRX7R9BB153","YAGEO","178800","100","100","https://www.lcsc.com/product-detail/C107143.html","0805","Tape & Reel (TR)","15nF","±10%","50V","X7R",""
"C107144","CC0805KRX7R9BB154","YAGEO","176200","50","50","https://www.lcsc.com/product-detail/C107144.html","0805","Tape & Reel (TR)","150nF","±10%","50V","X7R",""
"C107145","CC0805KRX7R9BB221","YAGEO","781300","100","100","https://www.lcsc.com/product-detail/C107145.html","0805","Tape & Reel (TR)","220pF","±10%","50V","X7R",""
"C107146","CC0805KRX7R9BB222","YAGEO","293600","100","100","https://www.lcsc.com/product-detail/C107146.html","0805","Tape & Reel (TR)","2.2nF","±10%","50V","X7R",""
"C107147","CC0805KRX7R9BB223","YAGEO","359300","100","100","https://www.lcsc.com/product-detail/C107147.html","0805","Tape & Reel (TR)","22nF","±10%","50V","X7R",""
"C107148","CC0805KRX7R9BB331","YAGEO","123600","50","50","https://www.lcsc.com/product-detail/C107148.html","0805","Tape & Reel (TR)","330pF","±10%","50V","X7R",""
"C107149","CC0805KRX7R9BB332","YAGEO","99900","100","100","https://www.lcsc.com/product-detail/C107149.html","0805","Tape & Reel (TR)","3.3nF","±10%","50V","X7R",""
"C107150","CC0805KRX7R9BB333","YAGEO","1297700","100","100","https://www.lcsc.com/product-detail/C107150.html","0805","Tape & Reel (TR)","33nF","±10%","50V","X7R",""
"C107151","CC0805KRX7R9BB391","YAGEO","3450","50","50","https://www.lcsc.com/product-detail/C107151.html","0805","Tape & Reel (TR)","390pF","±10%","50V","X7R",""
"C107152","CC0805KRX7R9BB471","YAGEO","113700","50","50","https://www.lcsc.com/product-detail/C107152.html","0805","Tape & Reel (TR)","470pF","±10%","50V","X7R",""
"C107153","CC0805KRX7R9BB472","YAGEO","330100","100","100","https://www.lcsc.com/product-detail/C107153.html","0805","Tape & Reel (TR)","4.7nF","±10%","50V","X7R",""
"C107154","CC0805KRX7R9BB473","YAGEO","393900","100","100","https://www.lcsc.com/product-detail/C107154.html","0805","Tape & Reel (TR)","47nF","±10%","50V","X7R",""
"C107156","CC0805KRX7R9BB563","YAGEO","15300","100","100","https://www.lcsc.com/product-detail/C107156.html","0805","Tape & Reel (TR)","56nF","±10%","50V","X7R",""
"C107157","CC0805KRX7R9BB681","YAGEO","13350","50","50","https://www.lcsc.com/product-detail/C107157.html","0805","Tape & Reel (TR)","680pF","±10%","50V","X7R",""
"C107158","CC0805KRX7R9BB682","YAGEO","71500","50","50","https://www.lcsc.com/product-detail/C107158.html","0805","Tape & Reel (TR)","6.8nF","±10%","50V","X7R",""
"C107159","CC0805KRX7R9BB683","YAGEO","83800","100","100","https://www.lcsc.com/product-detail/C107159.html","0805","Tape & Reel (TR)","68nF","±10%","50V","X7R",""
"C107160","CC0805KRX7R9BB822","YAGEO","6400","50","50","https://www.lcsc.com/product-detail/C107160.html","0805","Tape & Reel (TR)","8.2nF","±10%","50V","X7R",""
"C107161","CC0805KRX7RABB102","YAGEO","109200","50","50","https://www.lcsc.com/product-detail/C107161.html","0805","Tape & Reel (TR)","1nF","±10%","200V","X7R",""
"C107162","CC0805KRX7RABB221","YAGEO","1450","50","50","https://www.lcsc.com/product-detail/C107162.html","0805","Tape & Reel (TR)","220pF","±10%","200V","X7R",""
"C107163","CC0805KRX7RABB471","YAGEO","27450","50","50","https://www.lcsc.com/product-detail/C107163.html","0805","Tape & Reel (TR)","470pF","±10%","200V","X7R",""
"C107165","CC0805KRX7RYBB221","YAGEO","1450","50","50","https://www.lcsc.com/product-detail/C107165.html","0805","Tape & Reel (TR)","220pF","±10%","250V","X7R",""
"C107166","CC0805KRX7RYBB222","YAGEO","4650","50","50","https://www.lcsc.com/product-detail/C107166.html","0805","Tape & Reel (TR)","2.2nF","±10%","250V","X7R",""
"C107167","CC0805KRX7RYBB471","YAGEO","3800","50","50","https://www.lcsc.com/product-detail/C107167.html","0805","Tape & Reel (TR)","470pF","±10%","250V","X7R",""
"C107168","CC0805KRX7RYBB472","YAGEO","18450","50","50","https://www.lcsc.com/product-detail/C107168.html","0805","Tape & Reel (TR)","4.7nF","±10%","250V","X7R",""
"C107169","CC0805KRX7RYBB681","YAGEO","1600","50","50","https://www.lcsc.com/product-detail/C107169.html","0805","Tape & Reel (TR)","680pF","±10%","250V","X7R",""
"C107172","CC1206JKNPOCBN100","YAGEO","89500","50","50","https://www.lcsc.com/product-detail/C107172.html","1206","Tape & Reel (TR)","10pF","±5%","1kV","NP0",""
"C107173","CC1206JKNPOCBN101","YAGEO","124650","50","50","https://www.lcsc.com/product-detail/C107173.html","1206","Tape & Reel (TR)","100pF","±5%","1kV","NP0",""
"C107174","CC1206JKNPOCBN220","YAGEO","184050","50","50","https://www.lcsc.com/product-detail/C107174.html","1206","Tape & Reel (TR)","22pF","±5%","1kV","NP0",""
"C107175","CC1206JKNPOCBN221","YAGEO","55080","20","20","https://www.lcsc.com/product-detail/C107175.html","1206","Tape & Reel (TR)","220pF","±5%","1kV","NP0",""
"C107176","CC1206JKNPOCBN470","YAGEO","30650","50","50","https://www.lcsc.com/product-detail/C107176.html","1206","Tape & Reel (TR)","47pF","±5%","1kV","NP0",""
"C107177","CC1206JKNPOCBN471","YAGEO","397620","20","20","https://www.lcsc.com/product-detail/C107177.html","1206","Tape & Reel (TR)","470pF","±5%","1kV","NP0",""
"C107178","CC1206JKNPOCBN680","YAGEO","29550","50","50","https://www.lcsc.com/product-detail/C107178.html","1206","Tape & Reel (TR)","68pF","±5%","1kV","NP0",""
"C107179","CC1206JRNPO9BN101","YAGEO","77000","20","20","https://www.lcsc.com/product-detail/C107179.html","1206","Tape & Reel (TR)","100pF","±5%","50V","NP0",""
"C107180","CC1206JRNPO9BN151","YAGEO","7280","20","20","https://www.lcsc.com/product-detail/C107180.html","1206","Tape & Reel (TR)","150pF","±5%","50V","NP0",""
"C107181","CC1206KKX7R0BB104","YAGEO","10320","20","20","https://www.lcsc.com/product-detail/C107181.html","1206","Tape & Reel (TR)","100nF","±10%","100V","X7R",""
"C107182","CC1206KKX7R0BB474","YAGEO","15120","5","5","https://www.lcsc.com/product-detail/C107182.html","1206","Tape & Reel (TR)","470nF","±10%","100V","X7R",""
"C107183","CC1206KKX7R7BB225","YAGEO","4600","10","10","https://www.lcsc.com/product-detail/C107183.html","1206","Tape & Reel (TR)","2.2uF","±10%","16V","X7R",""
"C107184","CC1206KKX7R8BB105","YAGEO","23080","10","10","https://www.lcsc.com/product-detail/C107184.html","1206","Tape & Reel (TR)","1uF","±10%","25V","X7R",""
"C107185","CC1206KKX7R9BB105","YAGEO","67060","10","10","https://www.lcsc.com/product-detail/C107185.html","1206","Tape & Reel (TR)","1uF","±10%","50V","X7R",""
"C107186","CC1206KKX7R9BB224","YAGEO","119680","20","20","https://www.lcsc.com/product-detail/C107186.html","1206","Tape & Reel (TR)","220nF","±10%","50V","X7R",""
"C107188","CC1206KKX7RBBB222","YAGEO","80","20","20","https://www.lcsc.com/product-detail/C107188.html","1206","Tape & Reel (TR)","2.2nF","±10%","500V","X7R",""
"C107190","CC1206KKX7RBBB472","YAGEO","8700","20","20","https://www.lcsc.com/product-detail/C107190.html","1206","Tape & Reel (TR)","4.7nF","±10%","500V","X7R",""
"C107191","CC1206KKX7RCBB102","YAGEO","268950","50","50","https://www.lcsc.com/product-detail/C107191.html","1206","Tape & Reel (TR)","1nF","±10%","1kV","X7R",""
"C107192","CC1206KKX7RCBB103","YAGEO","555300","50","50","https://www.lcsc.com/product-detail/C107192.html","1206","Tape & Reel (TR)","10nF","±10%","1kV","X7R",""
"C107193","CC1206KKX7RCBB221","YAGEO","143700","20","20","https://www.lcsc.com/product-detail/C107193.html","1206","Tape & Reel (TR)","220pF","±10%","1kV","X7R",""
"C107194","CC1206KKX7RCBB222","YAGEO","68140","20","20","https://www.lcsc.com/product-detail/C107194.html","1206","Tape & Reel (TR)","2.2nF","±10%","1kV","X7R",""
"C107195","CC1206KKX7RCBB331","YAGEO","14240","20","20","https://www.lcsc.com/product-detail/C107195.html","1206","Tape & Reel (TR)","330pF","±10%","1kV","X7R",""
"C107196","CC1206KKX7RCBB332","YAGEO","115800","50","50","https://www.lcsc.com/product-detail/C107196.html","1206","Tape & Reel (TR)","3.3nF","±10%","1kV","X7R",""
"C107197","CC1206KKX7RCBB471","YAGEO","59620","20","20","https://www.lcsc.com/product-detail/C107197.html","1206","Tape & Reel (TR)","470pF","±10%","1kV","X7R",""
"C107198","CC1206KKX7RCBB472","YAGEO","104350","50","50","https://www.lcsc.com/product-detail/C107198.html","1206","Tape & Reel (TR)","4.7nF","±10%","1kV","X7R",""
"C107199","CC1206KKX7RCBB681","YAGEO","4380","20","20","https://www.lcsc.com/product-detail/C107199.html","1206","Tape & Reel (TR)","680pF","±10%","1kV","X7R",""
"C107200","CC1206KKX7RCBB682","YAGEO","19860","20","20","https://www.lcsc.com/product-detail/C107200.html","1206","Tape & Reel (TR)","6.8nF","±10%","1kV","X7R",""
"C107202","CC1206KKX7RZBB223","YAGEO","5395","5","5","https://www.lcsc.com/product-detail/C107202.html","1206","Tape & Reel (TR)","22nF","±10%","630V","X7R",""
"C107203","CC1206KRX7R0BB102","YAGEO","3620","20","20","https://www.lcsc.com/product-detail/C107203.html","1206","Tape & Reel (TR)","1nF","±10%","100V","X7R",""
"C107204","CC1206KRX7R0BB103","YAGEO","3100","50","50","https://www.lcsc.com/product-detail/C107204.html","1206","Tape & Reel (TR)","10nF","±10%","100V","X7R",""
"C107205","CC1206KRX7R0BB222","YAGEO","4420","20","20","https://www.lcsc.com/product-detail/C107205.html","1206","Tape & Reel (TR)","2.2nF","±10%","100V","X7R",""
"C107206","CC1206KRX7R0BB473","YAGEO","31650","50","50","https://www.lcsc.com/product-detail/C107206.html","1206","Tape & Reel (TR)","47nF","±10%","100V","X7R",""
"C107207","CC1206KRX7R9BB102","YAGEO","109050","50","50","https://www.lcsc.com/product-detail/C107207.html","1206","Tape & Reel (TR)","1nF","±10%","50V","X7R",""
"C107208","CC1206KRX7R9BB472","YAGEO","55040","20","20","https://www.lcsc.com/product-detail/C107208.html","1206","Tape & Reel (TR)","4.7nF","±10%","50V","X7R",""
"C107209","CC1206KRX7R9BB473","YAGEO","94180","20","20","https://www.lcsc.com/product-detail/C107209.html","1206","Tape & Reel (TR)","47nF","±10%","50V","X7R",""
"C107210","CC1206KRX7R9BB683","YAGEO","5360","20","20","https://www.lcsc.com/product-detail/C107210.html","1206","Tape & Reel (TR)","68nF","±10%","50V","X7R",""
"C107211","CC1206KRX7RYBB102","YAGEO","2250","50","50","https://www.lcsc.com/product-detail/C107211.html","1206","Tape & Reel (TR)","1nF","±10%","250V","X7R",""
"C108079","CC0603KRX7R7BB104","YAGEO","698460","20","20","https://www.lcsc.com/product-detail/C108079.html","0603","Tape & Reel (TR)","100nF","±10%","16V","X7R",""
"C109474","CC0603JRX7R7BB104","YAGEO","7770","10","10","https://www.lcsc.com/product-detail/C109474.html","0603","Tape & Reel (TR)","100nF","±5%","16V","X7R",""
"C110045","CC1206KKX7R6BB226","YAGEO","5395","5","5","https://www.lcsc.com/product-detail/C110045.html","1206","Tape & Reel (TR)","22uF","±10%","10V","X7R",""
"C111492","CC0805JRX7R9BB104","YAGEO","718300","50","50","https://www.lcsc.com/product-detail/C111492.html","0805","Tape & Reel (TR)","100nF","±5%","50V","X7R",""
"C113780","CC0402JRNPO9BN102","YAGEO","141950","50","50","https://www.lcsc.com/product-detail/C113780.html","0402","Tape & Reel (TR)","1nF","±5%","50V","NP0",""
"C113781","CC0402JRNPO9BN681","YAGEO","68900","100","100","https://www.lcsc.com/product-detail/C113781.html","0402","Tape & Reel (TR)","680pF","±5%","50V","NP0",""
"C113786","CC0402KRX7R8BB123","YAGEO","9800","100","100","https://www.lcsc.com/product-detail/C113786.html","0402","Tape & Reel (TR)","12nF","±10%","25V","X7R",""
"C113787","CC0402KRX7R8BB392","YAGEO","3700","100","100","https://www.lcsc.com/product-detail/C113787.html","0402","Tape & Reel (TR)","3.9nF","±10%","25V","X7R",""
"C113788","CC0402KRX7R9BB121","YAGEO","14100","100","100","https://www.lcsc.com/product-detail/C113788.html","0402","Tape & Reel (TR)","120pF","±10%","50V","X7R",""
"C113789","CC0402KRX7R9BB151","YAGEO","40100","100","100","https://www.lcsc.com/product-detail/C113789.html","0402","Tape & Reel (TR)","150pF","±10%","50V","X7R",""
"C113790","CC0402KRX7R9BB392","YAGEO","13000","100","100","https://www.lcsc.com/product-detail/C113790.html","0402","Tape & Reel (TR)","3.9nF","±10%","50V","X7R",""
"C113793","CC0603JRNPO0BN102","YAGEO","124250","50","50","https://www.lcsc.com/product-detail/C113793.html","0603","Tape & Reel (TR)","1nF","±5%","100V","NP0",""
"C113794","CC0603JRNPO0BN181","YAGEO","5700","100","100","https://www.lcsc.com/product-detail/C113794.html","0603","Tape & Reel (TR)","180pF","±5%","100V","NP0",""
"C113796","CC0603JRNPO9BN201","YAGEO","235300","100","100","https://www.lcsc.com/product-detail/C113796.html","0603","Tape & Reel (TR)","200pF","±5%","50V","NP0",""
"C113797","CC0603JRNPO9BN300","YAGEO","525400","100","100","https://www.lcsc.com/product-detail/C113797.html","0603","Tape & Reel (TR)","30pF","±5%","50V","NP0",""
"C113798","CC0603JRNPO9BN751","YAGEO","4400","100","100","https://www.lcsc.com/product-detail/C113798.html","0603","Tape & Reel (TR)","750pF","±5%","50V","NP0",""
"C113799","CC0603JRNPOYBN101","YAGEO","7550","50","50","https://www.lcsc.com/product-detail/C113799.html","0603","Tape & Reel (TR)","100pF","±5%","250V","NP0",""
"C113800","CC0603JRNPOYBN150","YAGEO","7800","50","50","https://www.lcsc.com/product-detail/C113800.html","0603","Tape & Reel (TR)","15pF","±5%","250V","NP0",""
"C113801","CC0603JRNPOYBN470","YAGEO","5150","50","50","https://www.lcsc.com/product-detail/C113801.html","0603","Tape & Reel (TR)","47pF","±5%","250V","NP0",""
"C113803","CC0603KRX7R0BB104","YAGEO","983300","50","50","https://www.lcsc.com/product-detail/C113803.html","0603","Tape & Reel (TR)","100nF","±10%","100V","X7R",""
"C113804","CC0603KRX7R0BB222","YAGEO","194200","50","50","https://www.lcsc.com/product-detail/C113804.html","0603","Tape & Reel (TR)","2.2nF","±10%","100V","X7R",""
"C113805","CC0603KRX7R0BB332","YAGEO","400","100","100","https://www.lcsc.com/product-detail/C113805.html","0603","Tape & Reel (TR)","3.3nF","±10%","100V","X7R",""
"C113806","CC0603KRX7R0BB681","YAGEO","3200","100","100","https://www.lcsc.com/product-detail/C113806.html","0603","Tape & Reel (TR)","680pF","±10%","100V","X7R",""
"C113807","CC0603KRX7R6BB105","YAGEO","203300","50","50","https://www.lcsc.com/product-detail/C113807.html","0603","Tape & Reel (TR)","1uF","±10%","10V","X7R",""
"C113809","CC0603KRX7R8BB153","YAGEO","9900","100","100","https://www.lcsc.com/product-detail/C113809.html","0603","Tape & Reel (TR)","15nF","±10%","25V","X7R",""
"C113811","CC0603KRX7R8BB473","YAGEO","67900","100","100","https://www.lcsc.com/product-detail/C113811.html","0603","Tape & Reel (TR)","47nF","±10%","25V","X7R",""
"C113812","CC0603KRX7R9BB822","YAGEO","130700","100","100","https://www.lcsc.com/product-detail/C113812.html","0603","Tape & Reel (TR)","8.2nF","±10%","50V","X7R",""
"C113816","CC0805JKNPO9BN332","YAGEO","3750","10","10","https://www.lcsc.com/product-detail/C113816.html","0805","Tape & Reel (TR)","3.3nF","±5%","50V","NP0",""
"C113817","CC0805JRNPO0BN100","YAGEO","1350","50","50","https://www.lcsc.com/product-detail/C113817.html","0805","Tape & Reel (TR)","10pF","±5%","100V","NP0",""
"C113818","CC0805JRNPO0BN220","YAGEO","7000","100","100","https://www.lcsc.com/product-detail/C113818.html","0805","Tape & Reel (TR)","22pF","±5%","100V","NP0",""
"C113819","CC0805JRNPO0BN221","YAGEO","108800","100","100","https://www.lcsc.com/product-detail/C113819.html","0805","Tape & Reel (TR)","220pF","±5%","100V","NP0",""
"C113820","CC0805JRNPO0BN331","YAGEO","119250","50","50","https://www.lcsc.com/product-detail/C113820.html","0805","Tape & Reel (TR)","330pF","±5%","100V","NP0",""
"C113821","CC0805JRNPO0BN470","YAGEO","5500","50","50","https://www.lcsc.com/product-detail/C113821.html","0805","Tape & Reel (TR)","47pF","±5%","100V","NP0",""
"C113822","CC0805JRNPO0BN560","YAGEO","1300","100","100","https://www.lcsc.com/product-detail/C113822.html","0805","Tape & Reel (TR)","56pF","±5%","100V","NP0",""
"C113825","CC0805JRNPO9BN180","YAGEO","99550","50","50","https://www.lcsc.com/product-detail/C113825.html","0805","Tape & Reel (TR)","18pF","±5%","50V","NP0",""
"C113826","CC0805JRNPO9BN181","YAGEO","39000","50","50","https://www.lcsc.com/product-detail/C113826.html","0805","Tape & Reel (TR)","180pF","±5%","50V","NP0",""
"C113827","CC0805JRNPO9BN240","YAGEO","4150","50","50","https://www.lcsc.com/product-detail/C113827.html","0805","Tape & Reel (TR)","24pF","±5%","50V","NP0",""
"C113828","CC0805JRNPO9BN271","YAGEO","48300","50","50","https://www.lcsc.com/product-detail/C113828.html","0805","Tape & Reel (TR)","270pF","±5%","50V","NP0",""
"C113829","CC0805JRNPO9BN301","YAGEO","2900","50","50","https://www.lcsc.com/product-detail/C113829.html","0805","Tape & Reel (TR)","300pF","±5%","50V","NP0",""
"C113830","CC0805JRNPO9BN510","YAGEO","21250","50","50","https://www.lcsc.com/product-detail/C113830.html","0805","Tape & Reel (TR)","51pF","±5%","50V","NP0",""
"C113831","CC0805JRNPO9BN560","YAGEO","48800","50","50","https://www.lcsc.com/product-detail/C113831.html","0805","Tape & Reel (TR)","56pF","±5%","50V","NP0",""
"C113832","CC0805JRNPO9BN750","YAGEO","4200","100","100","https://www.lcsc.com/product-detail/C113832.html","0805","Tape & Reel (TR)","75pF","±5%","50V","NP0",""
"C113833","CC0805JRNPO9BN820","YAGEO","20300","50","50","https://www.lcsc.com/product-detail/C113833.html","0805","Tape & Reel (TR)","82pF","±5%","50V","NP0",""
"C113834","CC0805JRNPO9BN821","YAGEO","56500","50","50","https://www.lcsc.com/product-detail/C113834.html","0805","Tape & Reel (TR)","820pF","±5%","50V","NP0",""
"C113835","CC0805JRNPOABN101","YAGEO","12200","100","100","https://www.lcsc.com/product-detail/C113835.html","0805","Tape & Reel (TR)","100pF","±5%","200V","NP0",""
"C113837","CC0805JRNPOABN331","YAGEO","13000","50","50","https://www.lcsc.com/product-detail/C113837.html","0805","Tape & Reel (TR)","330pF","±5%","200V","NP0",""
"C113838","CC0805JRNPOBBN330","YAGEO","6700","50","50","https://www.lcsc.com/product-detail/C113838.html","0805","Tape & Reel (TR)","33pF","±5%","500V","NP0",""
"C113839","CC0805JRNPOBBN470","YAGEO","12300","50","50","https://www.lcsc.com/product-detail/C113839.html","0805","Tape & Reel (TR)","47pF","±5%","500V","NP0",""
"C113840","CC0805JRNPOCBN220","YAGEO","11720","20","20","https://www.lcsc.com/product-detail/C113840.html","0805","Tape & Reel (TR)","22pF","±5%","1kV","NP0",""
"C113844","CC0805KKX7R7BB334","YAGEO","2160","20","20","https://www.lcsc.com/product-detail/C113844.html","0805","Tape & Reel (TR)","330nF","±10%","16V","X7R",""
"C113845","CC0805KKX7R9BB274","YAGEO","5450","50","50","https://www.lcsc.com/product-detail/C113845.html","0805","Tape & Reel (TR)","270nF","±10%","50V","X7R",""
"C113846","CC0805KKX7RABB682","YAGEO","150","50","50","https://www.lcsc.com/product-detail/C113846.html","0805","Tape & Reel (TR)","6.8nF","±10%","200V","X7R",""
"C113849","CC0805KRX7R0BB221","YAGEO","3100","100","100","https://www.lcsc.com/product-detail/C113849.html","0805","Tape & Reel (TR)","220pF","±10%","100V","X7R",""
"C113850","CC0805KRX7R0BB331","YAGEO","26450","50","50","https://www.lcsc.com/product-detail/C113850.html","0805","Tape & Reel (TR)","330pF","±10%","100V","X7R",""
"C113851","CC0805KRX7R0BB332","YAGEO","9350","50","50","https://www.lcsc.com/product-detail/C113851.html","0805","Tape & Reel (TR)","3.3nF","±10%","100V","X7R",""
"C113852","CC0805KRX7R7BB154","YAGEO","200","20","20","https://www.lcsc.com/product-detail/C113852.html","0805","Tape & Reel (TR)","150nF","±10%","16V","X7R",""
"C113853","CC0805KRX7R7BB224","YAGEO","4850","50","50","https://www.lcsc.com/product-detail/C113853.html","0805","Tape & Reel (TR)","220nF","±10%","16V","X7R",""
"C113854","CC0805KRX7R9BB124","YAGEO","19250","50","50","https://www.lcsc.com/product-detail/C113854.html","0805","Tape & Reel (TR)","120nF","±10%","50V","X7R",""
"C113855","CC0805KRX7R9BB151","YAGEO","2750","50","50","https://www.lcsc.com/product-detail/C113855.html","0805","Tape & Reel (TR)","150pF","±10%","50V","X7R",""
"C113857","CC0805KRX7R9BB183","YAGEO","3300","100","100","https://www.lcsc.com/product-detail/C113857.html","0805","Tape & Reel (TR)","18nF","±10%","50V","X7R",""
"C113858","CC0805KRX7R9BB271","YAGEO","11200","50","50","https://www.lcsc.com/product-detail/C113858.html","0805","Tape & Reel (TR)","270pF","±10%","50V","X7R",""
"C113859","CC0805KRX7R9BB272","YAGEO","4150","50","50","https://www.lcsc.com/product-detail/C113859.html","0805","Tape & Reel (TR)","2.7nF","±10%","50V","X7R",""
"C113860","CC0805KRX7R9BB273","YAGEO","13550","50","50","https://www.lcsc.com/product-detail/C113860.html","0805","Tape & Reel (TR)","27nF","±10%","50V","X7R",""
"C113861","CC0805KRX7R9BB392","YAGEO","1900","50","50","https://www.lcsc.com/product-detail/C113861.html","0805","Tape & Reel (TR)","3.9nF","±10%","50V","X7R",""
"C113862","CC0805KRX7R9BB562","YAGEO","23750","50","50","https://www.lcsc.com/product-detail/C113862.html","0805","Tape & Reel (TR)","5.6nF","±10%","50V","X7R",""
"C113864","CC0805KRX7RABB222","YAGEO","29100","50","50","https://www.lcsc.com/product-detail/C113864.html","0805","Tape & Reel (TR)","2.2nF","±10%","200V","X7R",""
"C113865","CC0805KRX7RABB391","YAGEO","1150","50","50","https://www.lcsc.com/product-detail/C113865.html","0805","Tape & Reel (TR)","390pF","±10%","200V","X7R",""
"C113866","CC0805KRX7RABB472","YAGEO","18550","50","50","https://www.lcsc.com/product-detail/C113866.html","0805","Tape & Reel (TR)","4.7nF","±10%","200V","X7R",""
"C113867","CC0805KRX7RBBB471","YAGEO","18200","50","50","https://www.lcsc.com/product-detail/C113867.html","0805","Tape & Reel (TR)","470pF","±10%","500V","X7R",""
"C113868","CC0805KRX7RBBB472","YAGEO","8750","50","50","https://www.lcsc.com/product-detail/C113868.html","0805","Tape & Reel (TR)","4.7nF","±10%","500V","X7R",""
"C113869","CC0805KRX7RYBB331","YAGEO","200","50","50","https://www.lcsc.com/product-detail/C113869.html","0805","Tape & Reel (TR)","330pF","±10%","250V","X7R",""
"C113871","CC1206JKNPOBBN102","YAGEO","2220","20","20","https://www.lcsc.com/product-detail/C113871.html","1206","Tape & Reel (TR)","1nF","±5%","500V","NP0",""
"C113872","CC1206JKNPOCBN102","YAGEO","212300","20","20","https://www.lcsc.com/product-detail/C113872.html","1206","Tape & Reel (TR)","1nF","±5%","1kV","NP0",""
"C113873","CC1206JKNPOCBN121","YAGEO","2140","10","10","https://www.lcsc.com/product-detail/C113873.html","1206","Tape & Reel (TR)","120pF","±5%","1kV","NP0",""
"C113874","CC1206JKNPOCBN271","YAGEO","25960","20","20","https://www.lcsc.com/product-detail/C113874.html","1206","Tape & Reel (TR)","270pF","±5%","1kV","NP0",""
"C113875","CC1206JKNPOCBN560","YAGEO","4400","20","20","https://www.lcsc.com/product-detail/C113875.html","1206","Tape & Reel (TR)","56pF","±5%","1kV","NP0",""
"C113876","CC1206JKNPODBN101","YAGEO","49030","10","10","https://www.lcsc.com/product-detail/C113876.html","1206","Tape & Reel (TR)","100pF","±5%","2kV","NP0",""
"C113877","CC1206JKNPODBN680","YAGEO","2060","20","20","https://www.lcsc.com/product-detail/C113877.html","1206","Tape & Reel (TR)","68pF","±5%","2kV","NP0",""
"C113880","CC1206JRNPO0BN471","YAGEO","3780","20","20","https://www.lcsc.com/product-detail/C113880.html","1206","Tape & Reel (TR)","470pF","±5%","100V","NP0",""
"C113881","CC1206JRNPO9BN102","YAGEO","10100","20","20","https://www.lcsc.com/product-detail/C113881.html","1206","Tape & Reel (TR)","1nF","±5%","50V","NP0",""
"C113882","CC1206JRNPO9BN120","YAGEO","1500","20","20","https://www.lcsc.com/product-detail/C113882.html","1206","Tape & Reel (TR)","12pF","±5%","50V","NP0",""
"C113883","CC1206JRNPO9BN200","YAGEO","4460","20","20","https://www.lcsc.com/product-detail/C113883.html","1206","Tape & Reel (TR)","20pF","±5%","50V","NP0",""
"C113885","CC1206JRNPO9BN471","YAGEO","2180","20","20","https://www.lcsc.com/product-detail/C113885.html","1206","Tape & Reel (TR)","470pF","±5%","50V","NP0",""
"C113886","CC1206JRNPO9BN472","YAGEO","74770","10","10","https://www.lcsc.com/product-detail/C113886.html","1206","Tape & Reel (TR)","4.7nF","±5%","50V","NP0",""
"C113888","CC1206JRNPOBBN101","YAGEO","16240","20","20","https://www.lcsc.com/product-detail/C113888.html","1206","Tape & Reel (TR)","100pF","±5%","500V","NP0",""
"C113890","CC1206JRNPOBBN470","YAGEO","3100","20","20","https://www.lcsc.com/product-detail/C113890.html","1206","Tape & Reel (TR)","47pF","±5%","500V","NP0",""
"C113891","CC1206JRNPOYBN221","YAGEO","2140","20","20","https://www.lcsc.com/product-detail/C113891.html","1206","Tape & Reel (TR)","220pF","±5%","250V","NP0",""
"C113892","CC1206KKX7R0BB224","YAGEO","91880","20","20","https://www.lcsc.com/product-detail/C113892.html","1206","Tape & Reel (TR)","220nF","±10%","100V","X7R",""
"C113893","CC1206KKX7R8BB225","YAGEO","64010","10","10","https://www.lcsc.com/product-detail/C113893.html","1206","Tape & Reel (TR)","2.2uF","±10%","25V","X7R",""
"C113894","CC1206KKX7RABB104","YAGEO","32000","20","20","https://www.lcsc.com/product-detail/C113894.html","1206","Tape & Reel (TR)","100nF","±10%","200V","X7R",""
"C113896","CC1206KKX7RBBB331","YAGEO","1800","50","50","https://www.lcsc.com/product-detail/C113896.html","1206","Tape & Reel (TR)","330pF","±10%","500V","X7R",""
"C113897","CC1206KKX7RBBB332","YAGEO","5800","20","20","https://www.lcsc.com/product-detail/C113897.html","1206","Tape & Reel (TR)","3.3nF","±10%","500V","X7R",""
"C113898","CC1206KKX7RCBB561","YAGEO","1760","10","10","https://www.lcsc.com/product-detail/C113898.html","1206","Tape & Reel (TR)","560pF","±10%","1kV","X7R",""
"C113899","CC1206KKX7RYBB223","YAGEO","2440","20","20","https://www.lcsc.com/product-detail/C113899.html","1206","Tape & Reel (TR)","22nF","±10%","250V","X7R",""
"C113900","CC1206KKX7RYBB473","YAGEO","2480","20","20","https://www.lcsc.com/product-detail/C113900.html","1206","Tape & Reel (TR)","47nF","±10%","250V","X7R",""
"C113903","CC1206KRX7R7BB224","YAGEO","1120","20","20","https://www.lcsc.com/product-detail/C113903.html","1206","Tape & Reel (TR)","220nF","±10%","16V","X7R",""
"C113904","CC1206KRX7R9BB152","YAGEO","3280","20","20","https://www.lcsc.com/product-detail/C113904.html","1206","Tape & Reel (TR)","1.5nF","±10%","50V","X7R",""
"C113905","CC1206KRX7R9BB221","YAGEO","115960","20","20","https://www.lcsc.com/product-detail/C113905.html","1206","Tape & Reel (TR)","220pF","±10%","50V","X7R",""
"C113906","CC1206KRX7R9BB222","YAGEO","115720","20","20","https://www.lcsc.com/product-detail/C113906.html","1206","Tape & Reel (TR)","2.2nF","±10%","50V","X7R",""
"C113907","CC1206KRX7R9BB223","YAGEO","116720","20","20","https://www.lcsc.com/product-detail/C113907.html","1206","Tape & Reel (TR)","22nF","±10%","50V","X7R",""
"C113909","CC1206KRX7R9BB682","YAGEO","3680","20","20","https://www.lcsc.com/product-detail/C113909.html","1206","Tape & Reel (TR)","6.8nF","±10%","50V","X7R",""
"C113910","CC1206KRX7RABB102","YAGEO","17220","20","20","https://www.lcsc.com/product-detail/C113910.html","1206","Tape & Reel (TR)","1nF","±10%","200V","X7R",""
"C114386","CC0402JRX7R9BB821","YAGEO","7100","100","100","https://www.lcsc.com/product-detail/C114386.html","0402","Tape & Reel (TR)","820pF","±5%","50V","X7R",""
"C114393","CC0402GRNPO9BN180","YAGEO","61200","100","100","https://www.lcsc.com/product-detail/C114393.html","0402","Tape & Reel (TR)","18pF","±2%","50V","NP0",""
"C114394","CC0402JRNPO9BN360","YAGEO","208600","100","100","https://www.lcsc.com/product-detail/C114394.html","0402","Tape & Reel (TR)","36pF","±5%","50V","NP0",""
"C114397","CC0402KRX7R9BB391","YAGEO","173400","100","100","https://www.lcsc.com/product-detail/C114397.html","0402","Tape & Reel (TR)","390pF","±10%","50V","X7R",""
"C114400","CC0402GRNPO9BN270","YAGEO","19100","100","100","https://www.lcsc.com/product-detail/C114400.html","0402","Tape & Reel (TR)","27pF","±2%","50V","NP0",""
"C114401","CC0402JRX7R9BB221","YAGEO","39100","100","100","https://www.lcsc.com/product-detail/C114401.html","0402","Tape & Reel (TR)","220pF","±5%","50V","X7R",""
"C114405","CC0402KRX7R9BB153","YAGEO","717900","100","100","https://www.lcsc.com/product-detail/C114405.html","0402","Tape & Reel (TR)","15nF","±10%","50V","X7R",""
"C115046","CC0402KRX7R5BB105","YAGEO","71550","50","50","https://www.lcsc.com/product-detail/C115046.html","0402","Tape & Reel (TR)","1uF","±10%","6.3V","X7R",""
"C115052","CC0603KRX7R0BB472","YAGEO","216850","50","50","https://www.lcsc.com/product-detail/C115052.html","0603","Tape & Reel (TR)","4.7nF","±10%","100V","X7R",""
"C115056","CC0603JRX7R9BB103","YAGEO","693000","50","50","https://www.lcsc.com/product-detail/C115056.html","0603","Tape & Reel (TR)","10nF","±5%","50V","X7R",""
"C115058","CC0603KRX7R7BB473","YAGEO","2600","100","100","https://www.lcsc.com/product-detail/C115058.html","0603","Tape & Reel (TR)","47nF","±10%","16V","X7R",""
"C115059","CC0603JRX7R9BB222","YAGEO","1800","100","100","https://www.lcsc.com/product-detail/C115059.html","0603","Tape & Reel (TR)","2.2nF","±5%","50V","X7R",""
"C115060","CC0603JRX7R9BB472","YAGEO","10300","100","100","https://www.lcsc.com/product-detail/C115060.html","0603","Tape & Reel (TR)","4.7nF","±5%","50V","X7R",""
"C115061","CC0603KRX7R7BB683","YAGEO","1500","100","100","https://www.lcsc.com/product-detail/C115061.html","0603","Tape & Reel (TR)","68nF","±10%","16V","X7R",""
"C117605","GRM1555C1H471FA01D","muRata","9900","50","50","https://www.lcsc.com/product-detail/C117605.html","0402","Tape & Reel (TR)","470pF","±1%","50V","C0G",""
"C117751","GRM1555C1E221JA01D","muRata","5000","100","100","https://www.lcsc.com/product-detail/C117751.html","0402","Tape & Reel (TR)","220pF","±5%","25V","C0G",""
"C118895","CC0805FRNPO9BN471","YAGEO","11000","20","20","https://www.lcsc.com/product-detail/C118895.html","0805","Tape & Reel (TR)","470pF","±1%","50V","NP0",""
"C119053","GRM3195C1H393JA01D","muRata","1500","5","5","https://www.lcsc.com/product-detail/C119053.html","1206","Tape & Reel (TR)","39nF","±5%","50V","C0G",""
"C123260","CC0805JRNPO9BN152","YAGEO","5600","20","20","https://www.lcsc.com/product-detail/C123260.html","0805","Tape & Reel (TR)","1.5nF","±5%","50V","NP0",""
"C125847","CC0805KKX7R9BB225","YAGEO","72075","5","5","https://www.lcsc.com/product-detail/C125847.html","0805","Tape & Reel (TR)","2.2uF","±10%","50V","X7R",""
"C126324","GJM1555C1H360JB01D","muRata","32760","20","20","https://www.lcsc.com/product-detail/C126324.html","0402","Tape & Reel (TR)","36pF","±5%","50V","C0G",""
"C126491","GCM1555C1H100JA16D","muRata","36050","50","50","https://www.lcsc.com/product-detail/C126491.html","0402","Tape & Reel (TR)","10pF","±5%","50V","C0G",""
"C126492","GCM1555C1H101JA16D","muRata","51600","50","50","https://www.lcsc.com/product-detail/C126492.html","0402","Tape & Reel (TR)","100pF","±5%","50V","C0G",""
"C126493","GCM1555C1H102FA16D","muRata","30140","20","20","https://www.lcsc.com/product-detail/C126493.html","0402","Tape & Reel (TR)","1nF","±1%","50V","C0G",""
"C126494","GCM1555C1H102GA16D","muRata","4200","20","20","https://www.lcsc.com/product-detail/C126494.html","0402","Tape & Reel (TR)","1nF","±2%","50V","C0G",""
"C126495","GCM1555C1H120JA16D","muRata","25850","50","50","https://www.lcsc.com/product-detail/C126495.html","0402","Tape & Reel (TR)","12pF","±5%","50V","C0G",""
"C126496","GCM1555C1H121FA16D","muRata","8700","20","20","https://www.lcsc.com/product-detail/C126496.html","0402","Tape & Reel (TR)","120pF","±1%","50V","C0G",""
"C126497","GCM1555C1H151JA16D","muRata","9900","50","50","https://www.lcsc.com/product-detail/C126497.html","0402","Tape & Reel (TR)","150pF","±5%","50V","C0G",""
"C126499","GCM1555C1H180JA16D","muRata","10400","100","100","https://www.lcsc.com/product-detail/C126499.html","0402","Tape & Reel (TR)","18pF","±5%","50V","C0G",""
"C126502","GCM1555C1H220JA16D","muRata","23800","50","50","https://www.lcsc.com/product-detail/C126502.html","0402","Tape & Reel (TR)","22pF","±5%","50V","C0G",""
"C126503","GCM1555C1H221JA16D","muRata","19000","50","50","https://www.lcsc.com/product-detail/C126503.html","0402","Tape & Reel (TR)","220pF","±5%","50V","C0G",""
"C126504","GCM1555C1H270JA16D","muRata","41200","50","50","https://www.lcsc.com/product-detail/C126504.html","0402","Tape & Reel (TR)","27pF","±5%","50V","C0G",""
"C126505","GCM1555C1H301FA16D","muRata","7280","20","20","https://www.lcsc.com/product-detail/C126505.html","0402","Tape & Reel (TR)","300pF","±1%","50V","C0G",""
"C126506","GCM1555C1H330JA16D","muRata","241400","50","50","https://www.lcsc.com/product-detail/C126506.html","0402","Tape & Reel (TR)","33pF","±5%","50V","C0G",""
"C126507","GCM1555C1H331JA16D","muRata","25400","20","20","https://www.lcsc.com/product-detail/C126507.html","0402","Tape & Reel (TR)","330pF","±5%","50V","C0G",""
"C126511","GCM1555C1H470JA16D","muRata","29000","50","50","https://www.lcsc.com/product-detail/C126511.html","0402","Tape & Reel (TR)","47pF","±5%","50V","C0G",""
"C126514","GCM1555C1H681JA16D","muRata","11700","50","50","https://www.lcsc.com/product-detail/C126514.html","0402","Tape & Reel (TR)","680pF","±5%","50V","C0G",""
"C126515","GCM1555C1H820JA16D","muRata","6300","100","100","https://www.lcsc.com/product-detail/C126515.html","0402","Tape & Reel (TR)","82pF","±5%","50V","C0G",""
"C126543","GCM1885C1H101JA16D","muRata","46820","20","20","https://www.lcsc.com/product-detail/C126543.html","0603","Tape & Reel (TR)","100pF","±5%","50V","C0G",""
"C126546","GCM1885C1H120JA16D","muRata","4180","20","20","https://www.lcsc.com/product-detail/C126546.html","0603","Tape & Reel (TR)","12pF","±5%","50V","C0G",""
"C126547","GCM1885C1H121JA16D","muRata","1200","20","20","https://www.lcsc.com/product-detail/C126547.html","0603","Tape & Reel (TR)","120pF","±5%","50V","C0G",""
"C126575","GCM1885C2A100JA16D","muRata","31960","20","20","https://www.lcsc.com/product-detail/C126575.html","0603","Tape & Reel (TR)","10pF","±5%","100V","C0G",""
"C126576","GCM1885C2A101JA16D","muRata","33450","50","50","https://www.lcsc.com/product-detail/C126576.html","0603","Tape & Reel (TR)","100pF","±5%","100V","C0G",""
"C126577","GCM1885C2A151JA16D","muRata","3800","50","50","https://www.lcsc.com/product-detail/C126577.html","0603","Tape & Reel (TR)","150pF","±5%","100V","C0G",""
"C126578","GCM1885C2A330JA16D","muRata","6600","50","50","https://www.lcsc.com/product-detail/C126578.html","0603","Tape & Reel (TR)","33pF","±5%","100V","C0G",""
"C126580","GCM1885C2A470JA16D","muRata","44300","50","50","https://www.lcsc.com/product-detail/C126580.html","0603","Tape & Reel (TR)","47pF","±5%","100V","C0G",""
"C126581","GCM1885C2A681JA16D","muRata","8750","50","50","https://www.lcsc.com/product-detail/C126581.html","0603","Tape & Reel (TR)","680pF","±5%","100V","C0G",""
"C129176","06035C104JAT2A","Kyocera AVX","16100","20","20","https://www.lcsc.com/product-detail/C129176.html","0603","Tape & Reel (TR)","100nF","±5%","50V","X7R",""
"C129620","C0603C100J5GACAUTO","KEMET","5350","50","50","https://www.lcsc.com/product-detail/C129620.html","0603","Tape & Reel (TR)","10pF","±5%","50V","C0G",""
"C129624","C0603C200J5GACAUTO","KEMET","1650","50","50","https://www.lcsc.com/product-detail/C129624.html","0603","Tape & Reel (TR)","20pF","±5%","50V","C0G",""
"C129636","C0805C102J5RACAUTO","KEMET","1180","10","10","https://www.lcsc.com/product-detail/C129636.html","0805","Tape & Reel (TR)","1nF","±5%","50V","X7R",""
"C129651","C0805C223J5RACAUTO","KEMET","3650","10","10","https://www.lcsc.com/product-detail/C129651.html","0805","Tape & Reel (TR)","22nF","±5%","50V","X7R",""
"C130119","CC0402JRNPO9BN130","YAGEO","6900","100","100","https://www.lcsc.com/product-detail/C130119.html","0402","Tape & Reel (TR)","13pF","±5%","50V","NP0",""
"C131031","CC0603JRX7R9BB102","YAGEO","382500","50","50","https://www.lcsc.com/product-detail/C131031.html","0603","Tape & Reel (TR)","1nF","±5%","50V","X7R",""
"C131394","CC0402KRX7R9BB104","YAGEO","5700800","50","50","https://www.lcsc.com/product-detail/C131394.html","0402","Tape & Reel (TR)","100nF","±10%","50V","X7R",""
"C132170","CC1206KKX7R9BB475","YAGEO","119870","10","10","https://www.lcsc.com/product-detail/C132170.html","1206","Tape & Reel (TR)","4.7uF","±10%","50V","X7R",""
"C133050","CC1206KKX7R9BB225","YAGEO","7630","10","10","https://www.lcsc.com/product-detail/C133050.html","1206","Tape & Reel (TR)","2.2uF","±10%","50V","X7R",""
"C134070","CC0603JRNPO9BN360","YAGEO","153400","100","100","https://www.lcsc.com/product-detail/C134070.html","0603","Tape & Reel (TR)","36pF","±5%","50V","NP0",""
"C140950","C0603C102J5GAC7867","KEMET","1450","50","50","https://www.lcsc.com/product-detail/C140950.html","0603","Tape & Reel (TR)","1nF","±5%","50V","C0G",""
"C141070","C0603C103J5RAC7867","KEMET","4140","10","10","https://www.lcsc.com/product-detail/C141070.html","0603","Tape & Reel (TR)","10nF","±5%","50V","X7R",""
"C145012","CC1206KKX7R9BB684","YAGEO","20370","10","10","https://www.lcsc.com/product-detail/C145012.html","1206","Tape & Reel (TR)","680nF","±10%","50V","X7R",""
"C149601","AC1206KKX7R0BB104","YAGEO","5920","10","10","https://www.lcsc.com/product-detail/C149601.html","1206","Tape & Reel (TR)","100nF","±10%","100V","X7R",""
"C149602","AC0603KRX7R0BB103","YAGEO","53400","50","50","https://www.lcsc.com/product-detail/C149602.html","0603","Tape & Reel (TR)","10nF","±10%","100V","X7R",""
"C149603","AC1206KRX7R9BB104","YAGEO","19160","10","10","https://www.lcsc.com/product-detail/C149603.html","1206","Tape & Reel (TR)","100nF","±10%","50V","X7R",""
"C149607","AC0805KRX7R9BB473","YAGEO","1900","50","50","https://www.lcsc.com/product-detail/C149607.html","0805","Tape & Reel (TR)","47nF","±10%","50V","X7R",""
"C149610","AC0603JRNPO9BN200","YAGEO","4000","100","100","https://www.lcsc.com/product-detail/C149610.html","0603","Tape & Reel (TR)","20pF","±5%","50V","NP0",""
"C149611","AC0603KRX7R7BB224","YAGEO","150","50","50","https://www.lcsc.com/product-detail/C149611.html","0603","Tape & Reel (TR)","220nF","±10%","16V","X7R",""
"C149612","AC0603JRNPO9BN102","YAGEO","22750","50","50","https://www.lcsc.com/product-detail/C149612.html","0603","Tape & Reel (TR)","1nF","±5%","50V","NP0",""
"C149613","AC0805JRNPO9BN470","YAGEO","1400","50","50","https://www.lcsc.com/product-detail/C149613.html","0805","Tape & Reel (TR)","47pF","±5%","50V","NP0",""
"C149615","AC0603KRX7R9BB472","YAGEO","31150","50","50","https://www.lcsc.com/product-detail/C149615.html","0603","Tape & Reel (TR)","4.7nF","±10%","50V","X7R",""
"C149616","AC0603JRNPO9BN470","YAGEO","21650","50","50","https://www.lcsc.com/product-detail/C149616.html","0603","Tape & Reel (TR)","47pF","±5%","50V","NP0",""
"C149617","AC0603JRNPO9BN120","YAGEO","2000","100","100","https://www.lcsc.com/product-detail/C149617.html","0603","Tape & Reel (TR)","12pF","±5%","50V","NP0",""
"C149619","AC0603KRX7R7BB103","YAGEO","3700","100","100","https://www.lcsc.com/product-detail/C149619.html","0603","Tape & Reel (TR)","10nF","±10%","16V","X7R",""
"C149620","AC0603KRX7R9BB104","YAGEO","1003650","50","50","https://www.lcsc.com/product-detail/C149620.html","0603","Tape & Reel (TR)","100nF","±10%","50V","X7R",""
"C156239","CC0805JRX7R0BB102","YAGEO","350","50","50","https://www.lcsc.com/product-detail/C156239.html","0805","Tape & Reel (TR)","1nF","±5%","100V","X7R",""
"C160903","CC0603KRX7R9BB101","YAGEO","759500","50","50","https://www.lcsc.com/product-detail/C160903.html","0603","Tape & Reel (TR)","100pF","±10%","50V","X7R",""
"C161146","GCM1555C1H121JA16D","muRata","13000","50","50","https://www.lcsc.com/product-detail/C161146.html","0402","Tape & Reel (TR)","120pF","±5%","50V","C0G",""
"C161147","GCM1555C1H150JA16D","muRata","9500","50","50","https://www.lcsc.com/product-detail/C161147.html","0402","Tape & Reel (TR)","15pF","±5%","50V","C0G",""
"C161152","GCM1555C1H300JA16D","muRata","1100","100","100","https://www.lcsc.com/product-detail/C161152.html","0402","Tape & Reel (TR)","30pF","±5%","50V","C0G",""
"C161156","GCM1555C1H680JA16D","muRata","5400","100","100","https://www.lcsc.com/product-detail/C161156.html","0402","Tape & Reel (TR)","68pF","±5%","50V","C0G",""
"C161159","GCM1555C1H821JA16D","muRata","45700","50","50","https://www.lcsc.com/product-detail/C161159.html","0402","Tape & Reel (TR)","820pF","±5%","50V","C0G",""
"C161241","GCM2165C2A222JA16D","muRata","14100","10","10","https://www.lcsc.com/product-detail/C161241.html","0805","Tape & Reel (TR)","2.2nF","±5%","100V","C0G",""
"C161250","GCM2195C1H103JA16D","muRata","4775","5","5","https://www.lcsc.com/product-detail/C161250.html","0805","Tape & Reel (TR)","10nF","±5%","50V","C0G",""
"C161257","GCM21B5C1H223JA16L","muRata","1835","5","5","https://www.lcsc.com/product-detail/C161257.html","0805","Tape & Reel (TR)","22nF","±5%","50V","C0G",""
"C161304","GJM1555C1H120FB01D","muRata","19260","20","20","https://www.lcsc.com/product-detail/C161304.html","0402","Tape & Reel (TR)","12pF","±1%","50V","C0G",""
"C161305","GJM1555C1H120GB01D","muRata","30880","20","20","https://www.lcsc.com/product-detail/C161305.html","0402","Tape & Reel (TR)","12pF","±2%","50V","C0G",""
"C161306","GJM1555C1H130FB01D","muRata","16350","10","10","https://www.lcsc.com/product-detail/C161306.html","0402","Tape & Reel (TR)","13pF","±1%","50V","C0G",""
"C161307","GJM1555C1H160GB01D","muRata","5140","20","20","https://www.lcsc.com/product-detail/C161307.html","0402","Tape & Reel (TR)","16pF","±2%","50V","C0G",""
"C161315","GJM1555C1H220GB01D","muRata","15320","20","20","https://www.lcsc.com/product-detail/C161315.html","0402","Tape & Reel (TR)","22pF","±2%","50V","C0G",""
"C161322","GJM1555C1H470JB01D","muRata","21680","20","20","https://www.lcsc.com/product-detail/C161322.html","0402","Tape & Reel (TR)","47pF","±5%","50V","C0G",""
"C161514","GRM1555C1E120JA01D","muRata","4600","100","100","https://www.lcsc.com/product-detail/C161514.html","0402","Tape & Reel (TR)","12pF","±5%","25V","C0G",""
"C161520","GRM1555C1H100FA01D","muRata","245250","50","50","https://www.lcsc.com/product-detail/C161520.html","0402","Tape & Reel (TR)","10pF","±1%","50V","C0G",""
"C161523","GRM1555C1H102FA01D","muRata","48440","20","20","https://www.lcsc.com/product-detail/C161523.html","0402","Tape & Reel (TR)","1nF","±1%","50V","C0G",""
"C161525","GRM1555C1H110JA01D","muRata","3700","100","100","https://www.lcsc.com/product-detail/C161525.html","0402","Tape & Reel (TR)","11pF","±5%","50V","C0G",""
"C161527","GRM1555C1H120GA01D","muRata","19900","50","50","https://www.lcsc.com/product-detail/C161527.html","0402","Tape & Reel (TR)","12pF","±2%","50V","C0G",""
"C161528","GRM1555C1H130GA01D","muRata","6250","50","50","https://www.lcsc.com/product-detail/C161528.html","0402","Tape & Reel (TR)","13pF","±2%","50V","C0G",""
"C161530","GRM1555C1H150FA01D","muRata","9540","20","20","https://www.lcsc.com/product-detail/C161530.html","0402","Tape & Reel (TR)","15pF","±1%","50V","C0G",""
"C161531","GRM1555C1H150GA01D","muRata","18250","50","50","https://www.lcsc.com/product-detail/C161531.html","0402","Tape & Reel (TR)","15pF","±2%","50V","C0G",""
"C161534","GRM1555C1H180FA01D","muRata","69300","100","100","https://www.lcsc.com/product-detail/C161534.html","0402","Tape & Reel (TR)","18pF","±1%","50V","C0G",""
"C161541","GRM1555C1H220GA01D","muRata","39300","50","50","https://www.lcsc.com/product-detail/C161541.html","0402","Tape & Reel (TR)","22pF","±2%","50V","C0G",""
"C161545","GRM1555C1H271FA01D","muRata","3060","10","10","https://www.lcsc.com/product-detail/C161545.html","0402","Tape & Reel (TR)","270pF","±1%","50V","C0G",""
"C161546","GRM1555C1H271GA01D","muRata","11300","50","50","https://www.lcsc.com/product-detail/C161546.html","0402","Tape & Reel (TR)","270pF","±2%","50V","C0G",""
"C162095","GRM1555C1H301JA01D","muRata","11300","50","50","https://www.lcsc.com/product-detail/C162095.html","0402","Tape & Reel (TR)","300pF","±5%","50V","C0G",""
"C162096","GRM1555C1H330FA01D","muRata","9300","100","100","https://www.lcsc.com/product-detail/C162096.html","0402","Tape & Reel (TR)","33pF","±1%","50V","C0G",""
"C162097","GRM1555C1H330GA01D","muRata","12700","50","50","https://www.lcsc.com/product-detail/C162097.html","0402","Tape & Reel (TR)","33pF","±2%","50V","C0G",""
"C162100","GRM1555C1H391FA01D","muRata","15500","50","50","https://www.lcsc.com/product-detail/C162100.html","0402","Tape & Reel (TR)","390pF","±1%","50V","C0G",""
"C162114","GRM1555C1H560GA01D","muRata","11600","50","50","https://www.lcsc.com/product-detail/C162114.html","0402","Tape & Reel (TR)","56pF","±2%","50V","C0G",""
"C162115","GRM1555C1H620JA01D","muRata","2200","100","100","https://www.lcsc.com/product-detail/C162115.html","0402","Tape & Reel (TR)","62pF","±5%","50V","C0G",""
"C162121","GRM1555C1H750JA01D","muRata","5400","100","100","https://www.lcsc.com/product-detail/C162121.html","0402","Tape & Reel (TR)","75pF","±5%","50V","C0G",""
"C162190","GRM155R71H103JA88D","muRata","12400","100","100","https://www.lcsc.com/product-detail/C162190.html","0402","Tape & Reel (TR)","10nF","±5%","50V","X7R",""
"C162204","GRM1885C1H152JA01D","muRata","25350","50","50","https://www.lcsc.com/product-detail/C162204.html","0603","Tape & Reel (TR)","1.5nF","±5%","50V","C0G",""
"C162214","GRM1885C1H240JA01D","muRata","1500","50","50","https://www.lcsc.com/product-detail/C162214.html","0603","Tape & Reel (TR)","24pF","±5%","50V","C0G",""
"C162241","GRM1885C1H682JA01D","muRata","101950","50","50","https://www.lcsc.com/product-detail/C162241.html","0603","Tape & Reel (TR)","6.8nF","±5%","50V","C0G",""
"C162249","GRM1885C1H822JA01D","muRata","19260","20","20","https://www.lcsc.com/product-detail/C162249.html","0603","Tape & Reel (TR)","8.2nF","±5%","50V","C0G",""
"C162257","GRM1885C2A102JA01D","muRata","11580","20","20","https://www.lcsc.com/product-detail/C162257.html","0603","Tape & Reel (TR)","1nF","±5%","100V","C0G",""
"C162289","GRM2165C2A102JA01D","muRata","18940","20","20","https://www.lcsc.com/product-detail/C162289.html","0805","Tape & Reel (TR)","1nF","±5%","100V","C0G",""
"C162302","GRM21A5C2D470JW01D","muRata","3920","10","10","https://www.lcsc.com/product-detail/C162302.html","0805","Tape & Reel (TR)","47pF","±5%","200V","C0G",""
"C162304","GRM21A5C2E101JW01D","muRata","2620","10","10","https://www.lcsc.com/product-detail/C162304.html","0805","Tape & Reel (TR)","100pF","±5%","250V","C0G",""
"C162305","GRM21A5C2E331JW01D","muRata","2130","5","5","https://www.lcsc.com/product-detail/C162305.html","0805","Tape & Reel (TR)","330pF","±5%","250V","C0G",""
"C162306","GRM21A5C2J680JWA1D","muRata","1060","5","5","https://www.lcsc.com/product-detail/C162306.html","0805","Tape & Reel (TR)","68pF","±5%","630V","C0G",""
"C162313","GRM21B5C1H183JA01L","muRata","5780","5","5","https://www.lcsc.com/product-detail/C162313.html","0805","Tape & Reel (TR)","18nF","±5%","50V","C0G",""
"C162433","GRM3195C1H273JA01D","muRata","6685","5","5","https://www.lcsc.com/product-detail/C162433.html","1206","Tape & Reel (TR)","27nF","±5%","50V","C0G",""
"C162444","GRM31A5C2J101JW01D","muRata","3380","10","10","https://www.lcsc.com/product-detail/C162444.html","1206","Tape & Reel (TR)","100pF","±5%","630V","C0G",""
"C162446","GRM31A5C2J220JW01D","muRata","4640","5","5","https://www.lcsc.com/product-detail/C162446.html","1206","Tape & Reel (TR)","22pF","±5%","630V","C0G",""
"C162449","GRM31A5C2J471JW01D","muRata","2560","10","10","https://www.lcsc.com/product-detail/C162449.html","1206","Tape & Reel (TR)","470pF","±5%","630V","C0G",""
"C162451","GRM31A5C3A101JW01D","muRata","5555","5","5","https://www.lcsc.com/product-detail/C162451.html","1206","Tape & Reel (TR)","100pF","±5%","1kV","C0G",""
"C162453","GRM31A5C3A330JW01D","muRata","3630","10","10","https://www.lcsc.com/product-detail/C162453.html","1206","Tape & Reel (TR)","33pF","±5%","1kV","C0G",""
"C162476","GRM31B5C2J102JW01L","muRata","7340","5","5","https://www.lcsc.com/product-detail/C162476.html","1206","Tape & Reel (TR)","1nF","±5%","630V","C0G",""
"C167417","06035A101JAT2A","Kyocera AVX","19682","1","1","https://www.lcsc.com/product-detail/C167417.html","0603","Tape & Reel (TR)","100pF","±5%","50V","C0G",""
"C172735","C0603C104J5RACAUTO","KEMET","23540","20","20","https://www.lcsc.com/product-detail/C172735.html","0603","Tape & Reel (TR)","100nF","±5%","50V","X7R",""
"C172741","GRM3195C1H203JA01D","muRata","1515","5","5","https://www.lcsc.com/product-detail/C172741.html","1206","Tape & Reel (TR)","20nF","±5%","50V","C0G",""
"C181747","CC0402KRX7R8BB472","YAGEO","7800","100","100","https://www.lcsc.com/product-detail/C181747.html","0402","Tape & Reel (TR)","4.7nF","±10%","25V","X7R",""
"C184771","GCM1885C2A471JA16D","muRata","3900","50","50","https://www.lcsc.com/product-detail/C184771.html","0603","Tape & Reel (TR)","470pF","±5%","100V","C0G",""
"C184799","GCM3195C2A103JA16D","muRata","27985","5","5","https://www.lcsc.com/product-detail/C184799.html","1206","Tape & Reel (TR)","10nF","±5%","100V","C0G",""
"C185562","GRM1555C1H111JA01D","muRata","8400","50","50","https://www.lcsc.com/product-detail/C185562.html","0402","Tape & Reel (TR)","110pF","±5%","50V","C0G",""
"C185598","GRM1885C1H132JA01D","muRata","26400","50","50","https://www.lcsc.com/product-detail/C185598.html","0603","Tape & Reel (TR)","1.3nF","±5%","50V","C0G",""
"C185600","GRM2165C2A241JA01D","muRata","1435","5","5","https://www.lcsc.com/product-detail/C185600.html","0805","Tape & Reel (TR)","240pF","±5%","100V","C0G",""
"C189467","CC0402KRX7R7BB102","YAGEO","379500","100","100","https://www.lcsc.com/product-detail/C189467.html","0402","Tape & Reel (TR)","1nF","±10%","16V","X7R",""
"C190307","GRM1555C2A470JA01D","muRata","15020","20","20","https://www.lcsc.com/product-detail/C190307.html","0402","Tape & Reel (TR)","47pF","±5%","100V","C0G",""
"C237274","GJM1555C1H180GB01D","muRata","17780","20","20","https://www.lcsc.com/product-detail/C237274.html","0402","Tape & Reel (TR)","18pF","±2%","50V","C0G",""
"C237333","GRM1555C1H151FA01D","muRata","14350","50","50","https://www.lcsc.com/product-detail/C237333.html","0402","Tape & Reel (TR)","150pF","±1%","50V","C0G",""
"C237335","GRM1885C1H680FA01D","muRata","2680","20","20","https://www.lcsc.com/product-detail/C237335.html","0603","Tape & Reel (TR)","68pF","±1%","50V","C0G",""
"C237497","GJM1555C1H180FB01D","muRata","20220","20","20","https://www.lcsc.com/product-detail/C237497.html","0402","Tape & Reel (TR)","18pF","±1%","50V","C0G",""
"C237507","GRM1555C1H331GA01D","muRata","22650","50","50","https://www.lcsc.com/product-detail/C237507.html","0402","Tape & Reel (TR)","330pF","±2%","50V","C0G",""
"C237508","GRM1555C1H181GA01D","muRata","7250","50","50","https://www.lcsc.com/product-detail/C237508.html","0402","Tape & Reel (TR)","180pF","±2%","50V","C0G",""
"C237511","GRM1555C1H821GA01D","muRata","1100","10","10","https://www.lcsc.com/product-detail/C237511.html","0402","Tape & Reel (TR)","820pF","±2%","50V","C0G",""
"C237550","GRM1555C1E220JA01D","muRata","8450","50","50","https://www.lcsc.com/product-detail/C237550.html","0402","Tape & Reel (TR)","22pF","±5%","25V","C0G",""
"C237592","GQM2195C2E101JB12D","muRata","5680","5","5","https://www.lcsc.com/product-detail/C237592.html","0805","Tape & Reel (TR)","100pF","±5%","250V","C0G",""
"C237607","GQM1875C2E390JB12D","muRata","3655","5","5","https://www.lcsc.com/product-detail/C237607.html","0603","Tape & Reel (TR)","39pF","±5%","250V","C0G",""
"C272874","CC0402KRX7R8BB332","YAGEO","11200","100","100","https://www.lcsc.com/product-detail/C272874.html","0402","Tape & Reel (TR)","3.3nF","±10%","25V","X7R",""
"C272875","CC0402KRX7R9BB473","YAGEO","1100100","100","100","https://www.lcsc.com/product-detail/C272875.html","0402","Tape & Reel (TR)","47nF","±10%","50V","X7R",""
"C272878","CC0402JRX7R9BB103","YAGEO","1161700","100","100","https://www.lcsc.com/product-detail/C272878.html","0402","Tape & Reel (TR)","10nF","±5%","50V","X7R",""
"C272879","AC0402KRX7R7BB104","YAGEO","332600","100","100","https://www.lcsc.com/product-detail/C272879.html","0402","Tape & Reel (TR)","100nF","±10%","16V","X7R",""
"C272882","CC1206JKNPODBN100","YAGEO","4000","10","10","https://www.lcsc.com/product-detail/C272882.html","1206","Tape & Reel (TR)","10pF","±5%","2kV","NP0",""
"C272887","CC0402JRX7R9BB471","YAGEO","8600","100","100","https://www.lcsc.com/product-detail/C272887.html","0402","Tape & Reel (TR)","470pF","±5%","50V","X7R",""
"C274377","CC1206KRX7R9BB334","YAGEO","123500","20","20","https://www.lcsc.com/product-detail/C274377.html","1206","Tape & Reel (TR)","330nF","±10%","50V","X7R",""
"C277470","CC0805KKX7R8BB225","YAGEO","155540","10","10","https://www.lcsc.com/product-detail/C277470.html","0805","Tape & Reel (TR)","2.2uF","±10%","25V","X7R",""
"C277475","AC0603KRX7R9BB102","YAGEO","222800","50","50","https://www.lcsc.com/product-detail/C277475.html","0603","Tape & Reel (TR)","1nF","±10%","50V","X7R",""
"C277479","CC0402GRNPO9BN300","YAGEO","10400","100","100","https://www.lcsc.com/product-detail/C277479.html","0402","Tape & Reel (TR)","30pF","±2%","50V","NP0",""
"C277481","CC0402KRX7R9BB201","YAGEO","9600","100","100","https://www.lcsc.com/product-detail/C277481.html","0402","Tape & Reel (TR)","200pF","±10%","50V","X7R",""
"C277482","CC0402FRNPO9BN220","YAGEO","477300","50","50","https://www.lcsc.com/product-detail/C277482.html","0402","Tape & Reel (TR)","22pF","±1%","50V","NP0",""
"C277483","CC1206KKX7R9BB474","YAGEO","146940","20","20","https://www.lcsc.com/product-detail/C277483.html","1206","Tape & Reel (TR)","470nF","±10%","50V","X7R",""
"C277485","CC1206KKX7RBBB221","YAGEO","6700","20","20","https://www.lcsc.com/product-detail/C277485.html","1206","Tape & Reel (TR)","220pF","±10%","500V","X7R",""
"C277494","CC0402KRX7R7BB393","YAGEO","9000","100","100","https://www.lcsc.com/product-detail/C277494.html","0402","Tape & Reel (TR)","39nF","±10%","16V","X7R",""
"C277499","CC0805KKX7R7BB475","YAGEO","177155","5","5","https://www.lcsc.com/product-detail/C277499.html","0805","Tape & Reel (TR)","4.7uF","±10%","16V","X7R",""
"C277500","AC0402KRX7R9BB103","YAGEO","351400","100","100","https://www.lcsc.com/product-detail/C277500.html","0402","Tape & Reel (TR)","10nF","±10%","50V","X7R",""
"C277502","AC0805KRX7R9BB104","YAGEO","176480","20","20","https://www.lcsc.com/product-detail/C277502.html","0805","Tape & Reel (TR)","100nF","±10%","50V","X7R",""
"C277503","CC0402FRNPO9BN470","YAGEO","59900","100","100","https://www.lcsc.com/product-detail/C277503.html","0402","Tape & Reel (TR)","47pF","±1%","50V","NP0",""
"C277506","CC0402FRNPO9BN270","YAGEO","34000","100","100","https://www.lcsc.com/product-detail/C277506.html","0402","Tape & Reel (TR)","27pF","±1%","50V","NP0",""
"C277507","AC0603JRNPO9BN101","YAGEO","13700","100","100","https://www.lcsc.com/product-detail/C277507.html","0603","Tape & Reel (TR)","100pF","±5%","50V","NP0",""
"C277508","CC1206KKX7R8BB475","YAGEO","3170","5","5","https://www.lcsc.com/product-detail/C277508.html","1206","Tape & Reel (TR)","4.7uF","±10%","25V","X7R",""
"C277509","CC0805KRX7RBBB102","YAGEO","35050","50","50","https://www.lcsc.com/product-detail/C277509.html","0805","Tape & Reel (TR)","1nF","±10%","500V","X7R",""
"C277510","CC0603KRX7RYBB102","YAGEO","171200","100","100","https://www.lcsc.com/product-detail/C277510.html","0603","Tape & Reel (TR)","1nF","±10%","250V","X7R",""
"C277511","CC0402KRX7R6BB823","YAGEO","800","100","100","https://www.lcsc.com/product-detail/C277511.html","0402","Tape & Reel (TR)","82nF","±10%","10V","X7R",""
"C277516","CC1206KRX7RABB471","YAGEO","3850","50","50","https://www.lcsc.com/product-detail/C277516.html","1206","Tape & Reel (TR)","470pF","±10%","200V","X7R",""
"C277517","CC0805KRX7RBBB331","YAGEO","5350","50","50","https://www.lcsc.com/product-detail/C277517.html","0805","Tape & Reel (TR)","330pF","±10%","500V","X7R",""
"C277518","CC0402JRNPO0BN100","YAGEO","17800","100","100","https://www.lcsc.com/product-detail/C277518.html","0402","Tape & Reel (TR)","10pF","±5%","100V","NP0",""
"C277520","AC0402JRNPO9BN101","YAGEO","736800","100","100","https://www.lcsc.com/product-detail/C277520.html","0402","Tape & Reel (TR)","100pF","±5%","50V","NP0",""
"C277521","CC0402GRNPO9BN101","YAGEO","55400","100","100","https://www.lcsc.com/product-detail/C277521.html","0402","Tape & Reel (TR)","100pF","±2%","50V","NP0",""
"C277522","AC0402KRX7R9BB102","YAGEO","22300","100","100","https://www.lcsc.com/product-detail/C277522.html","0402","Tape & Reel (TR)","1nF","±10%","50V","X7R",""
"C277524","CC0805KRX7R9BB182","YAGEO","9200","50","50","https://www.lcsc.com/product-detail/C277524.html","0805","Tape & Reel (TR)","1.8nF","±10%","50V","X7R",""
"C277525","CC0805JRNPOYBN471","YAGEO","50150","50","50","https://www.lcsc.com/product-detail/C277525.html","0805","Tape & Reel (TR)","470pF","±5%","250V","NP0",""
"C277527","AC0603JRNPO9BN100","YAGEO","79350","50","50","https://www.lcsc.com/product-detail/C277527.html","0603","Tape & Reel (TR)","10pF","±5%","50V","NP0",""
"C277528","CC0603JRX7R9BB223","YAGEO","515700","100","100","https://www.lcsc.com/product-detail/C277528.html","0603","Tape & Reel (TR)","22nF","±5%","50V","X7R",""
"C277529","CC0805KKX7RYBB223","YAGEO","6880","20","20","https://www.lcsc.com/product-detail/C277529.html","0805","Tape & Reel (TR)","22nF","±10%","250V","X7R",""
"C281750","CC0402JRX7R9BB101","YAGEO","167400","100","100","https://www.lcsc.com/product-detail/C281750.html","0402","Tape & Reel (TR)","100pF","±5%","50V","X7R",""
"C281751","CC0402KRX7R9BB101","YAGEO","7900","100","100","https://www.lcsc.com/product-detail/C281751.html","0402","Tape & Reel (TR)","100pF","±10%","50V","X7R",""
"C281752","CC0402JRX7R9BB152","YAGEO","188100","100","100","https://www.lcsc.com/product-detail/C281752.html","0402","Tape & Reel (TR)","1.5nF","±5%","50V","X7R",""
"C281755","CC0402JRNPO9BN240","YAGEO","379200","100","100","https://www.lcsc.com/product-detail/C281755.html","0402","Tape & Reel (TR)","24pF","±5%","50V","NP0",""
"C281757","CC0402JRX7R9BB472","YAGEO","109900","100","100","https://www.lcsc.com/product-detail/C281757.html","0402","Tape & Reel (TR)","4.7nF","±5%","50V","X7R",""
"C281759","CC0402JRNPO9BN510","YAGEO","36100","100","100","https://www.lcsc.com/product-detail/C281759.html","0402","Tape & Reel (TR)","51pF","±5%","50V","NP0",""
"C281760","CC0402KRX7R9BB562","YAGEO","155100","100","100","https://www.lcsc.com/product-detail/C281760.html","0402","Tape & Reel (TR)","5.6nF","±10%","50V","X7R",""
"C281763","CC0402JRNPO9BN620","YAGEO","16900","100","100","https://www.lcsc.com/product-detail/C281763.html","0402","Tape & Reel (TR)","62pF","±5%","50V","NP0",""
"C282065","CC0603KRX7R9BB203","YAGEO","67900","100","100","https://www.lcsc.com/product-detail/C282065.html","0603","Tape & Reel (TR)","20nF","±10%","50V","X7R",""
"C282067","CC0603JRNPO9BN250","YAGEO","102900","100","100","https://www.lcsc.com/product-detail/C282067.html","0603","Tape & Reel (TR)","25pF","±5%","50V","NP0",""
"C282069","CC0603JRNPO9BN430","YAGEO","5300","100","100","https://www.lcsc.com/product-detail/C282069.html","0603","Tape & Reel (TR)","43pF","±5%","50V","NP0",""
"C282072","CC0603KRX7R9BB563","YAGEO","194000","100","100","https://www.lcsc.com/product-detail/C282072.html","0603","Tape & Reel (TR)","56nF","±10%","50V","X7R",""
"C282073","CC0603JRNPO9BN620","YAGEO","148800","50","50","https://www.lcsc.com/product-detail/C282073.html","0603","Tape & Reel (TR)","62pF","±5%","50V","NP0",""
"C282074","CC0603JRNPO9BN750","YAGEO","320500","100","100","https://www.lcsc.com/product-detail/C282074.html","0603","Tape & Reel (TR)","75pF","±5%","50V","NP0",""
"C282075","CC0603JRNPO9BN910","YAGEO","89300","100","100","https://www.lcsc.com/product-detail/C282075.html","0603","Tape & Reel (TR)","91pF","±5%","50V","NP0",""
"C282077","CC0805KRX7R0BB472","YAGEO","3600","50","50","https://www.lcsc.com/product-detail/C282077.html","0805","Tape & Reel (TR)","4.7nF","±10%","100V","X7R",""
"C282080","CC1206KKX7RDBB331","YAGEO","11040","10","10","https://www.lcsc.com/product-detail/C282080.html","1206","Tape & Reel (TR)","330pF","±10%","2kV","X7R",""
"C282081","CC1206KKX7RDBB471","YAGEO","15580","20","20","https://www.lcsc.com/product-detail/C282081.html","1206","Tape & Reel (TR)","470pF","±10%","2kV","X7R",""
"C282239","CC0402JRNPO9BN391","YAGEO","103800","100","100","https://www.lcsc.com/product-detail/C282239.html","0402","Tape & Reel (TR)","390pF","±5%","50V","NP0",""
"C282243","CC0603KRX7RABB102","YAGEO","39500","50","50","https://www.lcsc.com/product-detail/C282243.html","0603","Tape & Reel (TR)","1nF","±10%","200V","X7R",""
"C282245","CC0603KRX7R9BB202","YAGEO","156500","100","100","https://www.lcsc.com/product-detail/C282245.html","0603","Tape & Reel (TR)","2nF","±10%","50V","X7R",""
"C282248","CC0603KRX7R9BB301","YAGEO","80200","100","100","https://www.lcsc.com/product-detail/C282248.html","0603","Tape & Reel (TR)","300pF","±10%","50V","X7R",""
"C309125","AC0402JRNPO9BN100","YAGEO","236500","100","100","https://www.lcsc.com/product-detail/C309125.html","0402","Tape & Reel (TR)","10pF","±5%","50V","NP0",""
"C309126","AC0402JRNPO9BN221","YAGEO","1000","100","100","https://www.lcsc.com/product-detail/C309126.html","0402","Tape & Reel (TR)","220pF","±5%","50V","NP0",""
"C309127","AC0402JRNPO9BN330","YAGEO","22600","100","100","https://www.lcsc.com/product-detail/C309127.html","0402","Tape & Reel (TR)","33pF","±5%","50V","NP0",""
"C309129","AC0402KRX7R9BB222","YAGEO","8900","100","100","https://www.lcsc.com/product-detail/C309129.html","0402","Tape & Reel (TR)","2.2nF","±10%","50V","X7R",""
"C309442","AC0603KRX7R9BB222","YAGEO","37500","100","100","https://www.lcsc.com/product-detail/C309442.html","0603","Tape & Reel (TR)","2.2nF","±10%","50V","X7R",""
"C309458","CC0402KRX7R6BB104","YAGEO","30000","50","50","https://www.lcsc.com/product-detail/C309458.html","0402","Tape & Reel (TR)","100nF","±10%","10V","X7R",""
"C309467","CC0603FRNPO9BN100","YAGEO","217800","50","50","https://www.lcsc.com/product-detail/C309467.html","0603","Tape & Reel (TR)","10pF","±1%","50V","NP0",""
"C309468","CC0603FRNPO9BN102","YAGEO","248250","50","50","https://www.lcsc.com/product-detail/C309468.html","0603","Tape & Reel (TR)","1nF","±1%","50V","NP0",""
"C309469","CC0603GRNPO9BN390","YAGEO","7300","50","50","https://www.lcsc.com/product-detail/C309469.html","0603","Tape & Reel (TR)","39pF","±2%","50V","NP0",""
"C309470","CC0603JRNPO8BN102","YAGEO","2200","20","20","https://www.lcsc.com/product-detail/C309470.html","0603","Tape & Reel (TR)","1nF","±5%","25V","NP0",""
"C309471","CC0603JRNPO8BN222","YAGEO","7750","50","50","https://www.lcsc.com/product-detail/C309471.html","0603","Tape & Reel (TR)","2.2nF","±5%","25V","NP0",""
"C309473","CC0603JRX7R9BB331","YAGEO","7400","100","100","https://www.lcsc.com/product-detail/C309473.html","0603","Tape & Reel (TR)","330pF","±5%","50V","X7R",""
"C309475","CC0603JRX7R9BB683","YAGEO","20000","100","100","https://www.lcsc.com/product-detail/C309475.html","0603","Tape & Reel (TR)","68nF","±5%","50V","X7R",""
"C309479","CC0603KRX7R5BB105","YAGEO","50","50","50","https://www.lcsc.com/product-detail/C309479.html","0603","Tape & Reel (TR)","1uF","±10%","6.3V","X7R",""
"C309480","CC0603KRX7R6BB394","YAGEO","50","50","50","https://www.lcsc.com/product-detail/C309480.html","0603","Tape & Reel (TR)","390nF","±10%","10V","X7R",""
"C309482","CC0805GKNPO9BN222","YAGEO","7780","10","10","https://www.lcsc.com/product-detail/C309482.html","0805","Tape & Reel (TR)","2.2nF","±2%","50V","NP0",""
"C309484","CC0805GRNPO9BN821","YAGEO","6860","20","20","https://www.lcsc.com/product-detail/C309484.html","0805","Tape & Reel (TR)","820pF","±2%","50V","NP0",""
"C309485","CC0805JRNPO0BN330","YAGEO","3950","50","50","https://www.lcsc.com/product-detail/C309485.html","0805","Tape & Reel (TR)","33pF","±5%","100V","NP0",""
"C309486","CC0805JRNPO9BN511","YAGEO","4350","50","50","https://www.lcsc.com/product-detail/C309486.html","0805","Tape & Reel (TR)","510pF","±5%","50V","NP0",""
"C309488","CC0805JRNPOBBN100","YAGEO","4350","50","50","https://www.lcsc.com/product-detail/C309488.html","0805","Tape & Reel (TR)","10pF","±5%","500V","NP0",""
"C309489","CC0805JRX7R0BB472","YAGEO","2000","50","50","https://www.lcsc.com/product-detail/C309489.html","0805","Tape & Reel (TR)","4.7nF","±5%","100V","X7R",""
"C309490","CC0805JRX7R9BB822","YAGEO","3250","50","50","https://www.lcsc.com/product-detail/C309490.html","0805","Tape & Reel (TR)","8.2nF","±5%","50V","X7R",""
"C309493","CC0805KRX7R9BB393","YAGEO","12200","100","100","https://www.lcsc.com/product-detail/C309493.html","0805","Tape & Reel (TR)","39nF","±10%","50V","X7R",""
"C309494","CC0805KRX7RBBB682","YAGEO","2700","50","50","https://www.lcsc.com/product-detail/C309494.html","0805","Tape & Reel (TR)","6.8nF","±10%","500V","X7R",""
"C309495","CC0805KRX7RCBB102","YAGEO","201840","20","20","https://www.lcsc.com/product-detail/C309495.html","0805","Tape & Reel (TR)","1nF","±10%","1kV","X7R",""
"C309497","CC1206JKNPODBN330","YAGEO","1520","20","20","https://www.lcsc.com/product-detail/C309497.html","1206","Tape & Reel (TR)","33pF","±5%","2kV","NP0",""
"C309498","CC1206JKNPOZBN471","YAGEO","3170","10","10","https://www.lcsc.com/product-detail/C309498.html","1206","Tape & Reel (TR)","470pF","±5%","630V","NP0",""
"C309499","CC1206JRNPO0BN101","YAGEO","8100","20","20","https://www.lcsc.com/product-detail/C309499.html","1206","Tape & Reel (TR)","100pF","±5%","100V","NP0",""
"C309500","CC1206JRNPO0BN152","YAGEO","5220","20","20","https://www.lcsc.com/product-detail/C309500.html","1206","Tape & Reel (TR)","1.5nF","±5%","100V","NP0",""
"C309501","CC1206JRX7R9BB103","YAGEO","320","20","20","https://www.lcsc.com/product-detail/C309501.html","1206","Tape & Reel (TR)","10nF","±5%","50V","X7R",""
"C309503","CC1206KRX7R9BB153","YAGEO","4040","20","20","https://www.lcsc.com/product-detail/C309503.html","1206","Tape & Reel (TR)","15nF","±10%","50V","X7R",""
"C309505","CC1210KKX7R9BB474","YAGEO","515","5","5","https://www.lcsc.com/product-detail/C309505.html","1210","Tape & Reel (TR)","470nF","±10%","50V","X7R",""
"C309517","CS0603KRX7R9BB222","YAGEO","1200","50","50","https://www.lcsc.com/product-detail/C309517.html","0603","Tape & Reel (TR)","2.2nF","±10%","50V","X7R",""
"C313105","CC0603KRX7R0BB223","YAGEO","95100","100","100","https://www.lcsc.com/product-detail/C313105.html","0603","Tape & Reel (TR)","22nF","±10%","100V","X7R",""
"C325459","CC0402GRNPO9BN100","YAGEO","35700","100","100","https://www.lcsc.com/product-detail/C325459.html","0402","Tape & Reel (TR)","10pF","±2%","50V","NP0",""
"C325460","CC0402GRNPO9BN150","YAGEO","302100","100","100","https://www.lcsc.com/product-detail/C325460.html","0402","Tape & Reel (TR)","15pF","±2%","50V","NP0",""
"C325461","CC0402GRNPO9BN330","YAGEO","25500","100","100","https://www.lcsc.com/product-detail/C325461.html","0402","Tape & Reel (TR)","33pF","±2%","50V","NP0",""
"C325462","CC0402JRNPO9BN201","YAGEO","321750","50","50","https://www.lcsc.com/product-detail/C325462.html","0402","Tape & Reel (TR)","200pF","±5%","50V","NP0",""
"C325463","CC0402JRX7R9BB331","YAGEO","5300","100","100","https://www.lcsc.com/product-detail/C325463.html","0402","Tape & Reel (TR)","330pF","±5%","50V","X7R",""
"C325466","CC0402KRX7R8BB153","YAGEO","4700","100","100","https://www.lcsc.com/product-detail/C325466.html","0402","Tape & Reel (TR)","15nF","±10%","25V","X7R",""
"C325467","CC0402KRX7R8BB683","YAGEO","6900","100","100","https://www.lcsc.com/product-detail/C325467.html","0402","Tape & Reel (TR)","68nF","±10%","25V","X7R",""
"C325468","CC0603GRNPO9BN100","YAGEO","174000","50","50","https://www.lcsc.com/product-detail/C325468.html","0603","Tape & Reel (TR)","10pF","±2%","50V","NP0",""
"C325469","CC0603GRNPO9BN200","YAGEO","2700","100","100","https://www.lcsc.com/product-detail/C325469.html","0603","Tape & Reel (TR)","20pF","±2%","50V","NP0",""
"C325470","CC0603JRNPO9BN621","YAGEO","53100","100","100","https://www.lcsc.com/product-detail/C325470.html","0603","Tape & Reel (TR)","620pF","±5%","50V","NP0",""
"C326058","CC0603KRX7R8BB474","YAGEO","276180","20","20","https://www.lcsc.com/product-detail/C326058.html","0603","Tape & Reel (TR)","470nF","±10%","25V","X7R",""
"C326061","CC1206JKNPOCBN180","YAGEO","8600","20","20","https://www.lcsc.com/product-detail/C326061.html","1206","Tape & Reel (TR)","18pF","±5%","1kV","NP0",""
"C326565","CC1210KKX7R8BB225","YAGEO","335","5","5","https://www.lcsc.com/product-detail/C326565.html","1210","Tape & Reel (TR)","2.2uF","±10%","25V","X7R",""
"C326569","CC0805JKNPO8BN392","YAGEO","1870","10","10","https://www.lcsc.com/product-detail/C326569.html","0805","Tape & Reel (TR)","3.9nF","±5%","25V","NP0",""
"C326587","CC0805FRNPO9BN102","YAGEO","15620","20","20","https://www.lcsc.com/product-detail/C326587.html","0805","Tape & Reel (TR)","1nF","±1%","50V","NP0",""
"C326590","CC0402KRX7R7BB224","YAGEO","53700","50","50","https://www.lcsc.com/product-detail/C326590.html","0402","Tape & Reel (TR)","220nF","±10%","16V","X7R",""
"C326591","CC1206JRNPOBBN152","YAGEO","14480","20","20","https://www.lcsc.com/product-detail/C326591.html","1206","Tape & Reel (TR)","1.5nF","±5%","500V","NP0",""
"C326595","CC0805KKX7R7BB106","YAGEO","145365","5","5","https://www.lcsc.com/product-detail/C326595.html","0805","Tape & Reel (TR)","10uF","±10%","16V","X7R",""
"C326623","CC1206JRNPO9BN332","YAGEO","6880","10","10","https://www.lcsc.com/product-detail/C326623.html","1206","Tape & Reel (TR)","3.3nF","±5%","50V","NP0",""
"C326631","CC1206JRNPO9BN222","YAGEO","8240","20","20","https://www.lcsc.com/product-detail/C326631.html","1206","Tape & Reel (TR)","2.2nF","±5%","50V","NP0",""
"C326634","CC0805JRNPOCBN470","YAGEO","1800","50","50","https://www.lcsc.com/product-detail/C326634.html","0805","Tape & Reel (TR)","47pF","±5%","1kV","NP0",""
"C326638","CC1210KKX7R8BB105","YAGEO","3360","5","5","https://www.lcsc.com/product-detail/C326638.html","1210","Tape & Reel (TR)","1uF","±10%","25V","X7R",""
"C326648","CC1206JKNPO9BN103","YAGEO","91870","10","10","https://www.lcsc.com/product-detail/C326648.html","1206","Tape & Reel (TR)","10nF","±5%","50V","NP0",""
"C326650","CC1206JKNPOCBN150","YAGEO","4200","50","50","https://www.lcsc.com/product-detail/C326650.html","1206","Tape & Reel (TR)","15pF","±5%","1kV","NP0",""
"C326651","CC1206JRNPOABN151","YAGEO","1980","20","20","https://www.lcsc.com/product-detail/C326651.html","1206","Tape & Reel (TR)","150pF","±5%","200V","NP0",""
"C326652","CC1206JRNPOBBN680","YAGEO","7040","20","20","https://www.lcsc.com/product-detail/C326652.html","1206","Tape & Reel (TR)","68pF","±5%","500V","NP0",""
"C326654","CC1206JRNPOBBN271","YAGEO","1700","20","20","https://www.lcsc.com/product-detail/C326654.html","1206","Tape & Reel (TR)","270pF","±5%","500V","NP0",""
"C326659","CC1206JKNPOCBN391","YAGEO","17640","20","20","https://www.lcsc.com/product-detail/C326659.html","1206","Tape & Reel (TR)","390pF","±5%","1kV","NP0",""
"C326662","CC0402FRNPO9BN120","YAGEO","430250","50","50","https://www.lcsc.com/product-detail/C326662.html","0402","Tape & Reel (TR)","12pF","±1%","50V","NP0",""
"C326670","CC1206KRX7R9BB471","YAGEO","10800","20","20","https://www.lcsc.com/product-detail/C326670.html","1206","Tape & Reel (TR)","470pF","±10%","50V","X7R",""
"C326671","CC1210KKX7RYBB224","YAGEO","2125","5","5","https://www.lcsc.com/product-detail/C326671.html","1210","Tape & Reel (TR)","220nF","±10%","250V","X7R",""
"C326674","CC1206KRX7RABB472","YAGEO","120","20","20","https://www.lcsc.com/product-detail/C326674.html","1206","Tape & Reel (TR)","4.7nF","±10%","200V","X7R",""
"C326675","CC1206KRX7RYBB332","YAGEO","1650","50","50","https://www.lcsc.com/product-detail/C326675.html","1206","Tape & Reel (TR)","3.3nF","±10%","250V","X7R",""
"C326676","CC1206KRX7RABB222","YAGEO","4200","50","50","https://www.lcsc.com/product-detail/C326676.html","1206","Tape & Reel (TR)","2.2nF","±10%","200V","X7R",""
"C326677","CC1206KRX7RABB221","YAGEO","2920","20","20","https://www.lcsc.com/product-detail/C326677.html","1206","Tape & Reel (TR)","220pF","±10%","200V","X7R",""
"C326678","CC1206KRX7RABB103","YAGEO","17180","5","5","https://www.lcsc.com/product-detail/C326678.html","1206","Tape & Reel (TR)","10nF","±10%","200V","X7R",""
"C326699","CC1206KRX7RYBB103","YAGEO","7480","10","10","https://www.lcsc.com/product-detail/C326699.html","1206","Tape & Reel (TR)","10nF","±10%","250V","X7R",""
"C326703","CC1206JKNPOCBN151","YAGEO","24520","20","20","https://www.lcsc.com/product-detail/C326703.html","1206","Tape & Reel (TR)","150pF","±5%","1kV","NP0",""
"C326709","CC1206KKX7RZBB102","YAGEO","2680","20","20","https://www.lcsc.com/product-detail/C326709.html","1206","Tape & Reel (TR)","1nF","±10%","630V","X7R",""
"C326712","CC0805JRX7R9BB473","YAGEO","24850","50","50","https://www.lcsc.com/product-detail/C326712.html","0805","Tape & Reel (TR)","47nF","±5%","50V","X7R",""
"C326759","CC0603JRNPO9BN272","YAGEO","8000","50","50","https://www.lcsc.com/product-detail/C326759.html","0603","Tape & Reel (TR)","2.7nF","±5%","50V","NP0",""
"C326760","CC0805KRX7RBBB222","YAGEO","5200","50","50","https://www.lcsc.com/product-detail/C326760.html","0805","Tape & Reel (TR)","2.2nF","±10%","500V","X7R",""
"C326763","CC1206KRX7RYBB472","YAGEO","1300","50","50","https://www.lcsc.com/product-detail/C326763.html","1206","Tape & Reel (TR)","4.7nF","±10%","250V","X7R",""
"C326765","CC0402FRNPO9BN221","YAGEO","498050","50","50","https://www.lcsc.com/product-detail/C326765.html","0402","Tape & Reel (TR)","220pF","±1%","50V","NP0",""
"C326771","CC1206KKX7RBBB681","YAGEO","200","50","50","https://www.lcsc.com/product-detail/C326771.html","1206","Tape & Reel (TR)","680pF","±10%","500V","X7R",""
"C326779","CC0603FRNPO9BN200","YAGEO","256020","20","20","https://www.lcsc.com/product-detail/C326779.html","0603","Tape & Reel (TR)","20pF","±1%","50V","NP0",""
"C326790","AC0402JRNPO9BN130","YAGEO","10000","100","100","https://www.lcsc.com/product-detail/C326790.html","0402","Tape & Reel (TR)","13pF","±5%","50V","NP0",""
"C326803","CC0402FRNPO9BN150","YAGEO","355200","100","100","https://www.lcsc.com/product-detail/C326803.html","0402","Tape & Reel (TR)","15pF","±1%","50V","NP0",""
"C326806","CC1206KRX7RABB681","YAGEO","650","50","50","https://www.lcsc.com/product-detail/C326806.html","1206","Tape & Reel (TR)","680pF","±10%","200V","X7R",""
"C326819","AC0805JRNPO9BN101","YAGEO","5650","50","50","https://www.lcsc.com/product-detail/C326819.html","0805","Tape & Reel (TR)","100pF","±5%","50V","NP0",""
"C326831","CC1206JRX7R0BB472","YAGEO","2740","20","20","https://www.lcsc.com/product-detail/C326831.html","1206","Tape & Reel (TR)","4.7nF","±5%","100V","X7R",""
"C326834","CC0603KRX7R6BB684","YAGEO","1300","50","50","https://www.lcsc.com/product-detail/C326834.html","0603","Tape & Reel (TR)","680nF","±10%","10V","X7R",""
"C326835","AC0805KRX7R9BB103","YAGEO","16900","50","50","https://www.lcsc.com/product-detail/C326835.html","0805","Tape & Reel (TR)","10nF","±10%","50V","X7R",""
"C326840","CC0603FRNPO9BN220","YAGEO","639150","50","50","https://www.lcsc.com/product-detail/C326840.html","0603","Tape & Reel (TR)","22pF","±1%","50V","NP0",""
"C326845","CC0805JRNPO0BN200","YAGEO","4950","50","50","https://www.lcsc.com/product-detail/C326845.html","0805","Tape & Reel (TR)","20pF","±5%","100V","NP0",""
"C326848","CC0805JRNPOABN221","YAGEO","22800","50","50","https://www.lcsc.com/product-detail/C326848.html","0805","Tape & Reel (TR)","220pF","±5%","200V","NP0",""
"C326850","CC1206JRNPO9BN100","YAGEO","21170","10","10","https://www.lcsc.com/product-detail/C326850.html","1206","Tape & Reel (TR)","10pF","±5%","50V","NP0",""
"C326852","CC1206KKX7R6BB225","YAGEO","460","10","10","https://www.lcsc.com/product-detail/C326852.html","1206","Tape & Reel (TR)","2.2uF","±10%","10V","X7R",""
"C326855","CC0805KRX7R9BB122","YAGEO","3150","50","50","https://www.lcsc.com/product-detail/C326855.html","0805","Tape & Reel (TR)","1.2nF","±10%","50V","X7R",""
"C326881","CC0603JRNPO7BN272","YAGEO","3200","50","50","https://www.lcsc.com/product-detail/C326881.html","0603","Tape & Reel (TR)","2.7nF","±5%","16V","NP0",""
"C326913","CC0805JKNPO9BN682","YAGEO","7850","10","10","https://www.lcsc.com/product-detail/C326913.html","0805","Tape & Reel (TR)","6.8nF","±5%","50V","NP0",""
"C326938","CC0402KRX7R9BB301","YAGEO","1300","100","100","https://www.lcsc.com/product-detail/C326938.html","0402","Tape & Reel (TR)","300pF","±10%","50V","X7R",""
"C326940","CC0805JRNPO0BN102","YAGEO","322100","50","50","https://www.lcsc.com/product-detail/C326940.html","0805","Tape & Reel (TR)","1nF","±5%","100V","NP0",""
"C326950","AC0603JRNPO9BN471","YAGEO","52050","50","50","https://www.lcsc.com/product-detail/C326950.html","0603","Tape & Reel (TR)","470pF","±5%","50V","NP0",""
"C326958","CC1206JRNPOBBN390","YAGEO","1560","10","10","https://www.lcsc.com/product-detail/C326958.html","1206","Tape & Reel (TR)","39pF","±5%","500V","NP0",""
"C326961","CC1206JRNPO9BN470","YAGEO","3850","50","50","https://www.lcsc.com/product-detail/C326961.html","1206","Tape & Reel (TR)","47pF","±5%","50V","NP0",""
"C326966","AC0402KRX7R9BB332","YAGEO","8200","100","100","https://www.lcsc.com/product-detail/C326966.html","0402","Tape & Reel (TR)","3.3nF","±10%","50V","X7R",""
"C326967","CC0805KKX7RABB223","YAGEO","11550","50","50","https://www.lcsc.com/product-detail/C326967.html","0805","Tape & Reel (TR)","22nF","±10%","200V","X7R",""
"C326974","CC0402KRX7R8BB333","YAGEO","99300","100","100","https://www.lcsc.com/product-detail/C326974.html","0402","Tape & Reel (TR)","33nF","±10%","25V","X7R",""
"C326993","CC1206KKX7RBBB821","YAGEO","2360","20","20","https://www.lcsc.com/product-detail/C326993.html","1206","Tape & Reel (TR)","820pF","±10%","500V","X7R",""
"C326999","CC0805FRNPO9BN470","YAGEO","7920","20","20","https://www.lcsc.com/product-detail/C326999.html","0805","Tape & Reel (TR)","47pF","±1%","50V","NP0",""
"C327000","CC0402KRX7R7BB221","YAGEO","23200","100","100","https://www.lcsc.com/product-detail/C327000.html","0402","Tape & Reel (TR)","220pF","±10%","16V","X7R",""
"C327004","CC1206KKX7RABB473","YAGEO","3710","10","10","https://www.lcsc.com/product-detail/C327004.html","1206","Tape & Reel (TR)","47nF","±10%","200V","X7R",""
"C327009","CC0402KRX7R7BB103","YAGEO","46100","100","100","https://www.lcsc.com/product-detail/C327009.html","0402","Tape & Reel (TR)","10nF","±10%","16V","X7R",""
"C327010","CC0402FRNPO9BN200","YAGEO","35300","100","100","https://www.lcsc.com/product-detail/C327010.html","0402","Tape & Reel (TR)","20pF","±1%","50V","NP0",""
"C327011","AC0805KKX7RYBB103","YAGEO","3050","50","50","https://www.lcsc.com/product-detail/C327011.html","0805","Tape & Reel (TR)","10nF","±10%","250V","X7R",""
"C327012","CC0603GRNPO9BN300","YAGEO","4150","50","50","https://www.lcsc.com/product-detail/C327012.html","0603","Tape & Reel (TR)","30pF","±2%","50V","NP0",""
"C327017","AC0603JRNPO9BN330","YAGEO","2250","50","50","https://www.lcsc.com/product-detail/C327017.html","0603","Tape & Reel (TR)","33pF","±5%","50V","NP0",""
"C327019","CC0402KRX7R7BB683","YAGEO","64200","100","100","https://www.lcsc.com/product-detail/C327019.html","0402","Tape & Reel (TR)","68nF","±10%","16V","X7R",""
"C327025","CC0402KRX7R8BB103","YAGEO","627100","100","100","https://www.lcsc.com/product-detail/C327025.html","0402","Tape & Reel (TR)","10nF","±10%","25V","X7R",""
"C327030","CC0805JRNPO9BN250","YAGEO","2900","50","50","https://www.lcsc.com/product-detail/C327030.html","0805","Tape & Reel (TR)","25pF","±5%","50V","NP0",""
"C327031","CC0603JRNPO0BN560","YAGEO","23850","50","50","https://www.lcsc.com/product-detail/C327031.html","0603","Tape & Reel (TR)","56pF","±5%","100V","NP0",""
"C327054","CC0402KRX7R6BB473","YAGEO","33400","100","100","https://www.lcsc.com/product-detail/C327054.html","0402","Tape & Reel (TR)","47nF","±10%","10V","X7R",""
"C327060","CC1206JRNPO9BN330","YAGEO","3100","50","50","https://www.lcsc.com/product-detail/C327060.html","1206","Tape & Reel (TR)","33pF","±5%","50V","NP0",""
"C327061","CC1206JRNPO9BN220","YAGEO","2240","20","20","https://www.lcsc.com/product-detail/C327061.html","1206","Tape & Reel (TR)","22pF","±5%","50V","NP0",""
"C327064","CC0402FRNPO9BN330","YAGEO","183700","100","100","https://www.lcsc.com/product-detail/C327064.html","0402","Tape & Reel (TR)","33pF","±1%","50V","NP0",""
"C327068","CC0402FRNPO9BN390","YAGEO","107400","50","50","https://www.lcsc.com/product-detail/C327068.html","0402","Tape & Reel (TR)","39pF","±1%","50V","NP0",""
"C327094","CC0603KRX7R8BB124","YAGEO","1450","50","50","https://www.lcsc.com/product-detail/C327094.html","0603","Tape & Reel (TR)","120nF","±10%","25V","X7R",""
"C327095","CC1206KRX7R9BB122","YAGEO","180","20","20","https://www.lcsc.com/product-detail/C327095.html","1206","Tape & Reel (TR)","1.2nF","±10%","50V","X7R",""
"C327110","AC0603KRX7R9BB152","YAGEO","2700","100","100","https://www.lcsc.com/product-detail/C327110.html","0603","Tape & Reel (TR)","1.5nF","±10%","50V","X7R",""
"C327112","AC0603KRX7R9BB682","YAGEO","3250","50","50","https://www.lcsc.com/product-detail/C327112.html","0603","Tape & Reel (TR)","6.8nF","±10%","50V","X7R",""
"C327114","CC0805KKX7R0BB333","YAGEO","15500","50","50","https://www.lcsc.com/product-detail/C327114.html","0805","Tape & Reel (TR)","33nF","±10%","100V","X7R",""
"C327115","CC0603JRNPO0BN470","YAGEO","25850","50","50","https://www.lcsc.com/product-detail/C327115.html","0603","Tape & Reel (TR)","47pF","±5%","100V","NP0",""
"C327123","AC0603JRNPO9BN151","YAGEO","5500","100","100","https://www.lcsc.com/product-detail/C327123.html","0603","Tape & Reel (TR)","150pF","±5%","50V","NP0",""
"C327124","CC0603JRNPO0BN271","YAGEO","9850","50","50","https://www.lcsc.com/product-detail/C327124.html","0603","Tape & Reel (TR)","270pF","±5%","100V","NP0",""
"C327125","CC0603JRNPO9BN160","YAGEO","143400","100","100","https://www.lcsc.com/product-detail/C327125.html","0603","Tape & Reel (TR)","16pF","±5%","50V","NP0",""
"C327130","CC1206KKX7R0BB683","YAGEO","20","20","20","https://www.lcsc.com/product-detail/C327130.html","1206","Tape & Reel (TR)","68nF","±10%","100V","X7R",""
"C327132","CC0805KKX7R7BB394","YAGEO","2250","50","50","https://www.lcsc.com/product-detail/C327132.html","0805","Tape & Reel (TR)","390nF","±10%","16V","X7R",""
"C327148","CC0805KRX7R7BB184","YAGEO","6550","50","50","https://www.lcsc.com/product-detail/C327148.html","0805","Tape & Reel (TR)","180nF","±10%","16V","X7R",""
"C327150","CC0805JRNPO9BN361","YAGEO","3150","50","50","https://www.lcsc.com/product-detail/C327150.html","0805","Tape & Reel (TR)","360pF","±5%","50V","NP0",""
"C327158","AC0603KRX7R0BB472","YAGEO","5100","100","100","https://www.lcsc.com/product-detail/C327158.html","0603","Tape & Reel (TR)","4.7nF","±10%","100V","X7R",""
"C327162","CC0603JRX7R9BB333","YAGEO","148100","100","100","https://www.lcsc.com/product-detail/C327162.html","0603","Tape & Reel (TR)","33nF","±5%","50V","X7R",""
"C327164","CC0603JRNPO0BN221","YAGEO","3500","50","50","https://www.lcsc.com/product-detail/C327164.html","0603","Tape & Reel (TR)","220pF","±5%","100V","NP0",""
"C327166","CC0402KRX7R6BB273","YAGEO","900","100","100","https://www.lcsc.com/product-detail/C327166.html","0402","Tape & Reel (TR)","27nF","±10%","10V","X7R",""
"C327167","CC0603GRNPO9BN221","YAGEO","2700","50","50","https://www.lcsc.com/product-detail/C327167.html","0603","Tape & Reel (TR)","220pF","±2%","50V","NP0",""
"C327168","CC0603GRNPO9BN121","YAGEO","4050","50","50","https://www.lcsc.com/product-detail/C327168.html","0603","Tape & Reel (TR)","120pF","±2%","50V","NP0",""
"C327170","CC0805JRX7R9BB472","YAGEO","31800","50","50","https://www.lcsc.com/product-detail/C327170.html","0805","Tape & Reel (TR)","4.7nF","±5%","50V","X7R",""
"C327193","CC0805JRNPO0BN820","YAGEO","4050","50","50","https://www.lcsc.com/product-detail/C327193.html","0805","Tape & Reel (TR)","82pF","±5%","100V","NP0",""
"C327196","CC0603GRNPO9BN271","YAGEO","4300","50","50","https://www.lcsc.com/product-detail/C327196.html","0603","Tape & Reel (TR)","270pF","±2%","50V","NP0",""
"C327198","CC0402FRNPO9BN101","YAGEO","102100","100","100","https://www.lcsc.com/product-detail/C327198.html","0402","Tape & Reel (TR)","100pF","±1%","50V","NP0",""
"C327204","CC0603KRX7R8BB103","YAGEO","483400","100","100","https://www.lcsc.com/product-detail/C327204.html","0603","Tape & Reel (TR)","10nF","±10%","25V","X7R",""
"C327208","CC0603JRNPO9BN111","YAGEO","22300","100","100","https://www.lcsc.com/product-detail/C327208.html","0603","Tape & Reel (TR)","110pF","±5%","50V","NP0",""
"C327221","CC0603JRNPO0BN121","YAGEO","7850","50","50","https://www.lcsc.com/product-detail/C327221.html","0603","Tape & Reel (TR)","120pF","±5%","100V","NP0",""
"C327222","CC0805KRX7R9BB823","YAGEO","76750","50","50","https://www.lcsc.com/product-detail/C327222.html","0805","Tape & Reel (TR)","82nF","±10%","50V","X7R",""
"C327225","CC0603KRX7R7BB394","YAGEO","850","50","50","https://www.lcsc.com/product-detail/C327225.html","0603","Tape & Reel (TR)","390nF","±10%","16V","X7R",""
"C327231","CC0805JRNPO9BN360","YAGEO","2200","100","100","https://www.lcsc.com/product-detail/C327231.html","0805","Tape & Reel (TR)","36pF","±5%","50V","NP0",""
"C327239","CC0805KRX7R9BB202","YAGEO","39000","50","50","https://www.lcsc.com/product-detail/C327239.html","0805","Tape & Reel (TR)","2nF","±10%","50V","X7R",""
"C327270","CC0603JRX7R9BB221","YAGEO","200","100","100","https://www.lcsc.com/product-detail/C327270.html","0603","Tape & Reel (TR)","220pF","±5%","50V","X7R",""
"C327274","CC0603JRNPO9BN161","YAGEO","86300","50","50","https://www.lcsc.com/product-detail/C327274.html","0603","Tape & Reel (TR)","160pF","±5%","50V","NP0",""
"C327276","CC0603GRNPO9BN220","YAGEO","123250","50","50","https://www.lcsc.com/product-detail/C327276.html","0603","Tape & Reel (TR)","22pF","±2%","50V","NP0",""
"C327278","CC0805KRX7R8BB223","YAGEO","4700","50","50","https://www.lcsc.com/product-detail/C327278.html","0805","Tape & Reel (TR)","22nF","±10%","25V","X7R",""
"C327286","CC0603KRX7R7BB823","YAGEO","1500","100","100","https://www.lcsc.com/product-detail/C327286.html","0603","Tape & Reel (TR)","82nF","±10%","16V","X7R",""
"C327290","CC0603JRX7R8BB223","YAGEO","4650","50","50","https://www.lcsc.com/product-detail/C327290.html","0603","Tape & Reel (TR)","22nF","±5%","25V","X7R",""
"C340107","CC0805JRNPOYBN470","YAGEO","3900","100","100","https://www.lcsc.com/product-detail/C340107.html","0805","Tape & Reel (TR)","47pF","±5%","250V","NP0",""
"C343867","GCM1555C1H390JA16D","muRata","7900","100","100","https://www.lcsc.com/product-detail/C343867.html","0402","Tape & Reel (TR)","39pF","±5%","50V","C0G",""
"C343869","GCM1885C1H222JA16D","muRata","3040","20","20","https://www.lcsc.com/product-detail/C343869.html","0603","Tape & Reel (TR)","2.2nF","±5%","50V","C0G",""
"C343870","GCM1885C1H472JA16D","muRata","13020","20","20","https://www.lcsc.com/product-detail/C343870.html","0603","Tape & Reel (TR)","4.7nF","±5%","50V","C0G",""
"C354262","CC0805KKX7R8BB475","YAGEO","365845","5","5","https://www.lcsc.com/product-detail/C354262.html","0805","Tape & Reel (TR)","4.7uF","±10%","25V","X7R",""
"C354357","GCM1885C2A390JA16D","muRata","6750","50","50","https://www.lcsc.com/product-detail/C354357.html","0603","Tape & Reel (TR)","39pF","±5%","100V","C0G",""
"C354977","CC0402KRX7R9BB683","YAGEO","331900","100","100","https://www.lcsc.com/product-detail/C354977.html","0402","Tape & Reel (TR)","68nF","±10%","50V","X7R",""
"C363929","GRM3195C1H104JA05D","muRata","12825","5","5","https://www.lcsc.com/product-detail/C363929.html","1206","Tape & Reel (TR)","100nF","±5%","50V","C0G",""
"C364376","CS0402KRX7R8BB104","YAGEO","400","100","100","https://www.lcsc.com/product-detail/C364376.html","0402","Tape & Reel (TR)","100nF","±10%","25V","X7R",""
"C364377","CC1206JRX7R0BB103","YAGEO","3820","20","20","https://www.lcsc.com/product-detail/C364377.html","1206","Tape & Reel (TR)","10nF","±5%","100V","X7R",""
"C385028","GRM1555C1H182JA01D","muRata","33200","50","50","https://www.lcsc.com/product-detail/C385028.html","0402","Tape & Reel (TR)","1.8nF","±5%","50V","C0G",""
"C388906","GCM1885C2A152JA16D","muRata","1440","20","20","https://www.lcsc.com/product-detail/C388906.html","0603","Tape & Reel (TR)","1.5nF","±5%","100V","C0G",""
"C388907","GCM1885C2A221JA16D","muRata","1510250","50","50","https://www.lcsc.com/product-detail/C388907.html","0603","Tape & Reel (TR)","220pF","±5%","100V","C0G",""
"C389103","CC0402FRNPO9BN680","YAGEO","347900","100","100","https://www.lcsc.com/product-detail/C389103.html","0402","Tape & Reel (TR)","68pF","±1%","50V","NP0",""
"C389104","CC0805JRX7R9BB223","YAGEO","63200","50","50","https://www.lcsc.com/product-detail/C389104.html","0805","Tape & Reel (TR)","22nF","±5%","50V","X7R",""
"C389105","AC0603KRX7R9BB473","YAGEO","93450","50","50","https://www.lcsc.com/product-detail/C389105.html","0603","Tape & Reel (TR)","47nF","±10%","50V","X7R",""
"C389107","AC0603JRNPO0BN470","YAGEO","50700","50","50","https://www.lcsc.com/product-detail/C389107.html","0603","Tape & Reel (TR)","47pF","±5%","100V","NP0",""
"C389109","AC0603JRNPO9BN180","YAGEO","2400","100","100","https://www.lcsc.com/product-detail/C389109.html","0603","Tape & Reel (TR)","18pF","±5%","50V","NP0",""
"C389111","AC0603KRX7R9BB223","YAGEO","78550","50","50","https://www.lcsc.com/product-detail/C389111.html","0603","Tape & Reel (TR)","22nF","±10%","50V","X7R",""
"C389112","AC1206KKX7R0BB224","YAGEO","2690","10","10","https://www.lcsc.com/product-detail/C389112.html","1206","Tape & Reel (TR)","220nF","±10%","100V","X7R",""
"C393168","GRM3195C2A472JA01D","muRata","5065","5","5","https://www.lcsc.com/product-detail/C393168.html","1206","Tape & Reel (TR)","4.7nF","±5%","100V","C0G",""
"C393665","CC1210KKX7R9BB105","YAGEO","60770","10","10","https://www.lcsc.com/product-detail/C393665.html","1210","Tape & Reel (TR)","1uF","±10%","50V","X7R",""
"C393672","GCM1555C1H560JA16D","muRata","4350","50","50","https://www.lcsc.com/product-detail/C393672.html","0402","Tape & Reel (TR)","56pF","±5%","50V","C0G",""
"C393679","GCM155R71H682JA55D","muRata","13950","50","50","https://www.lcsc.com/product-detail/C393679.html","0402","Tape & Reel (TR)","6.8nF","±5%","50V","X7R",""
"C393682","GCM1555C1H120FA16D","muRata","97750","50","50","https://www.lcsc.com/product-detail/C393682.html","0402","Tape & Reel (TR)","12pF","±1%","50V","C0G",""
"C393684","GCM1555C1H470FA16D","muRata","3950","50","50","https://www.lcsc.com/product-detail/C393684.html","0402","Tape & Reel (TR)","47pF","±1%","50V","C0G",""
"C397298","GRM155R71H102JA01D","muRata","8600","50","50","https://www.lcsc.com/product-detail/C397298.html","0402","Tape & Reel (TR)","1nF","±5%","50V","X7R",""
"C405303","GRM31C5C2A104JA01L","muRata","15910","5","5","https://www.lcsc.com/product-detail/C405303.html","1206","Tape & Reel (TR)","100nF","±5%","100V","C0G",""
"C408121","GCM1885C2A561JA16D","muRata","3750","50","50","https://www.lcsc.com/product-detail/C408121.html","0603","Tape & Reel (TR)","560pF","±5%","100V","C0G",""
"C408150","GRM31A5C2H471JW01D","muRata","6720","10","10","https://www.lcsc.com/product-detail/C408150.html","1206","Tape & Reel (TR)","470pF","±5%","500V","C0G",""
"C408549","GCM1885C2A220JA16D","muRata","12200","50","50","https://www.lcsc.com/product-detail/C408549.html","0603","Tape & Reel (TR)","22pF","±5%","100V","C0G",""
"C408553","GCM21A5C2E100JX01D","muRata","1730","10","10","https://www.lcsc.com/product-detail/C408553.html","0805","Tape & Reel (TR)","10pF","±5%","250V","C0G",""
"C408909","AC0603KRX7R0BB104","YAGEO","330400","20","20","https://www.lcsc.com/product-detail/C408909.html","0603","Tape & Reel (TR)","100nF","±10%","100V","X7R",""
"C412504","CC1210KKX7R9BB104","YAGEO","19250","10","10","https://www.lcsc.com/product-detail/C412504.html","1210","Tape & Reel (TR)","100nF","±10%","50V","X7R",""
"C415370","GCM21B5C2E472JX01L","muRata","2365","5","5","https://www.lcsc.com/product-detail/C415370.html","0805","Tape & Reel (TR)","4.7nF","±5%","250V","C0G",""
"C415387","GRM1885C2A431JA01D","muRata","1580","20","20","https://www.lcsc.com/product-detail/C415387.html","0603","Tape & Reel (TR)","430pF","±5%","100V","C0G",""
"C415391","GJM1555C1H360FB01D","muRata","2250","10","10","https://www.lcsc.com/product-detail/C415391.html","0402","Tape & Reel (TR)","36pF","±1%","50V","C0G",""
"C415393","GJM1555C1H430FB01D","muRata","4230","10","10","https://www.lcsc.com/product-detail/C415393.html","0402","Tape & Reel (TR)","43pF","±1%","50V","C0G",""
"C415394","GJM1555C1H240FB01D","muRata","23920","20","20","https://www.lcsc.com/product-detail/C415394.html","0402","Tape & Reel (TR)","24pF","±1%","50V","C0G",""
"C415537","GRM1885C1H392JA01D","muRata","16240","20","20","https://www.lcsc.com/product-detail/C415537.html","0603","Tape & Reel (TR)","3.9nF","±5%","50V","C0G",""
"C415543","GRM1555C1H621GA01D","muRata","1900","20","20","https://www.lcsc.com/product-detail/C415543.html","0402","Tape & Reel (TR)","620pF","±2%","50V","C0G",""
"C426031","GJM1555C1H330JB01D","muRata","8750","50","50","https://www.lcsc.com/product-detail/C426031.html","0402","Tape & Reel (TR)","33pF","±5%","50V","C0G",""
"C426100","GRM1885C1H750JA01D","muRata","2960","20","20","https://www.lcsc.com/product-detail/C426100.html","0603","Tape & Reel (TR)","75pF","±5%","50V","C0G",""
"C426107","GJM1555C1H110JB01D","muRata","7040","20","20","https://www.lcsc.com/product-detail/C426107.html","0402","Tape & Reel (TR)","11pF","±5%","50V","C0G",""
"C426328","GRM2165C1H112JA01D","muRata","3040","20","20","https://www.lcsc.com/product-detail/C426328.html","0805","Tape & Reel (TR)","1.1nF","±5%","50V","C0G",""
"C426330","GRM1885C1H330GA01D","muRata","6700","20","20","https://www.lcsc.com/product-detail/C426330.html","0603","Tape & Reel (TR)","33pF","±2%","50V","C0G",""
"C427013","AC0805KKX7R7BB225","YAGEO","1020","10","10","https://www.lcsc.com/product-detail/C427013.html","0805","Tape & Reel (TR)","2.2uF","±10%","16V","X7R",""
"C427014","AC0402JRNPO9BN102","YAGEO","5900","100","100","https://www.lcsc.com/product-detail/C427014.html","0402","Tape & Reel (TR)","1nF","±5%","50V","NP0",""
"C427063","AC0603JRNPO9BN680","YAGEO","3700","100","100","https://www.lcsc.com/product-detail/C427063.html","0603","Tape & Reel (TR)","68pF","±5%","50V","NP0",""
"C427112","AC0805KKX7R8BB105","YAGEO","14940","20","20","https://www.lcsc.com/product-detail/C427112.html","0805","Tape & Reel (TR)","1uF","±10%","25V","X7R",""
"C427113","AC0402KRX7R9BB152","YAGEO","8000","100","100","https://www.lcsc.com/product-detail/C427113.html","0402","Tape & Reel (TR)","1.5nF","±10%","50V","X7R",""
"C431009","500R14N151JV4T","Johanson Dielectrics","8050","50","50","https://www.lcsc.com/product-detail/C431009.html","0603","Tape & Reel (TR)","150pF","±5%","50V","NP0",""
"C431634","TDDD500G102J1GV001T","Johanson Dielectrics","3840","10","10","https://www.lcsc.com/product-detail/C431634.html","1206","Tape & Reel (TR)","1nF","±5%","50V","NP0",""
"C435395","GCM3195C1H333JA16D","muRata","1095","5","5","https://www.lcsc.com/product-detail/C435395.html","1206","Tape & Reel (TR)","33nF","±5%","50V","C0G",""
"C437434","GCM1555C1H102JA16D","muRata","23550","50","50","https://www.lcsc.com/product-detail/C437434.html","0402","Tape & Reel (TR)","1nF","±5%","50V","C0G",""
"C437435","GCM1555C1H181FA16D","muRata","11220","20","20","https://www.lcsc.com/product-detail/C437435.html","0402","Tape & Reel (TR)","180pF","±1%","50V","C0G",""
"C437436","GCM1555C1H200FA16D","muRata","8850","50","50","https://www.lcsc.com/product-detail/C437436.html","0402","Tape & Reel (TR)","20pF","±1%","50V","C0G",""
"C437439","GCM1555C1H330FA16D","muRata","8000","20","20","https://www.lcsc.com/product-detail/C437439.html","0402","Tape & Reel (TR)","33pF","±1%","50V","C0G",""
"C437441","GCM1555C1H470GA16D","muRata","8850","50","50","https://www.lcsc.com/product-detail/C437441.html","0402","Tape & Reel (TR)","47pF","±2%","50V","C0G",""
"C437450","GCM1885C1H182JA16D","muRata","3540","20","20","https://www.lcsc.com/product-detail/C437450.html","0603","Tape & Reel (TR)","1.8nF","±5%","50V","C0G",""
"C437457","GCM1885C2A102JA16D","muRata","4180","20","20","https://www.lcsc.com/product-detail/C437457.html","0603","Tape & Reel (TR)","1nF","±5%","100V","C0G",""
"C437459","GCM1885C2A471GA16D","muRata","2140","10","10","https://www.lcsc.com/product-detail/C437459.html","0603","Tape & Reel (TR)","470pF","±2%","100V","C0G",""
"C437474","GCM2165C2A471JA16D","muRata","2520","20","20","https://www.lcsc.com/product-detail/C437474.html","0805","Tape & Reel (TR)","470pF","±5%","100V","C0G",""
"C437496","GCM3195C2A332JA16D","muRata","1120","5","5","https://www.lcsc.com/product-detail/C437496.html","1206","Tape & Reel (TR)","3.3nF","±5%","100V","C0G",""
"C437528","GRM155R71E473JA88D","muRata","16450","50","50","https://www.lcsc.com/product-detail/C437528.html","0402","Tape & Reel (TR)","47nF","±5%","25V","X7R",""
"C437532","GRM1885C1H162JA01D","muRata","7200","50","50","https://www.lcsc.com/product-detail/C437532.html","0603","Tape & Reel (TR)","1.6nF","±5%","50V","C0G",""
"C437543","GRM2165C2A331JA01D","muRata","2400","10","10","https://www.lcsc.com/product-detail/C437543.html","0805","Tape & Reel (TR)","330pF","±5%","100V","C0G",""
"C437547","GRM21A5C2E221JW01D","muRata","14140","10","10","https://www.lcsc.com/product-detail/C437547.html","0805","Tape & Reel (TR)","220pF","±5%","250V","C0G",""
"C437548","GRM21A5C2E330JW01D","muRata","3270","10","10","https://www.lcsc.com/product-detail/C437548.html","0805","Tape & Reel (TR)","33pF","±5%","250V","C0G",""
"C437549","GRM21A5C2E470JW01D","muRata","1420","10","10","https://www.lcsc.com/product-detail/C437549.html","0805","Tape & Reel (TR)","47pF","±5%","250V","C0G",""
"C437550","GRM21A5C2E680JW01D","muRata","4825","5","5","https://www.lcsc.com/product-detail/C437550.html","0805","Tape & Reel (TR)","68pF","±5%","250V","C0G",""
"C440147","GCM1885C1H181JA16D","muRata","4100","20","20","https://www.lcsc.com/product-detail/C440147.html","0603","Tape & Reel (TR)","180pF","±5%","50V","C0G",""
"C440148","GCM1885C2A181JA16D","muRata","5100","50","50","https://www.lcsc.com/product-detail/C440148.html","0603","Tape & Reel (TR)","180pF","±5%","100V","C0G",""
"C440152","GJM1555C1H150GB01D","muRata","7840","20","20","https://www.lcsc.com/product-detail/C440152.html","0402","Tape & Reel (TR)","15pF","±2%","50V","C0G",""
"C440164","GRM1555C1H121FA01D","muRata","7000","10","10","https://www.lcsc.com/product-detail/C440164.html","0402","Tape & Reel (TR)","120pF","±1%","50V","C0G",""
"C440165","GRM1555C1H121GA01D","muRata","54900","100","100","https://www.lcsc.com/product-detail/C440165.html","0402","Tape & Reel (TR)","120pF","±2%","50V","C0G",""
"C440167","GRM1555C1H431JA01D","muRata","2205","5","5","https://www.lcsc.com/product-detail/C440167.html","0402","Tape & Reel (TR)","430pF","±5%","50V","C0G",""
"C440169","GRM1555C1H561GA01D","muRata","8100","50","50","https://www.lcsc.com/product-detail/C440169.html","0402","Tape & Reel (TR)","560pF","±2%","50V","C0G",""
"C440172","GRM1555C2A150JA01D","muRata","1950","50","50","https://www.lcsc.com/product-detail/C440172.html","0402","Tape & Reel (TR)","15pF","±5%","100V","C0G",""
"C440182","GRM1885C1H431JA01D","muRata","2520","20","20","https://www.lcsc.com/product-detail/C440182.html","0603","Tape & Reel (TR)","430pF","±5%","50V","C0G",""
"C440183","GRM1885C1H562JA01D","muRata","23450","50","50","https://www.lcsc.com/product-detail/C440183.html","0603","Tape & Reel (TR)","5.6nF","±5%","50V","C0G",""
"C440191","GRM2165C1H182JA01D","muRata","2860","10","10","https://www.lcsc.com/product-detail/C440191.html","0805","Tape & Reel (TR)","1.8nF","±5%","50V","C0G",""
"C440199","GRM3195C1H153JA01D","muRata","3965","5","5","https://www.lcsc.com/product-detail/C440199.html","1206","Tape & Reel (TR)","15nF","±5%","50V","C0G",""
"C440203","GRM31A5C3A680JW01D","muRata","3380","10","10","https://www.lcsc.com/product-detail/C440203.html","1206","Tape & Reel (TR)","68pF","±5%","1kV","C0G",""
"C441742","GJM1555C1H150FB01D","muRata","298700","50","50","https://www.lcsc.com/product-detail/C441742.html","0402","Tape & Reel (TR)","15pF","±1%","50V","C0G",""
"C441760","GRM2195C1H103FA01D","muRata","18705","5","5","https://www.lcsc.com/product-detail/C441760.html","0805","Tape & Reel (TR)","10nF","±1%","50V","C0G",""
"C452744","C0402C220J5GACTU","KEMET","8900","50","50","https://www.lcsc.com/product-detail/C452744.html","0402","Tape & Reel (TR)","22pF","±5%","50V","C0G",""
"C452747","C0603C221J5GACTU","KEMET","4660","20","20","https://www.lcsc.com/product-detail/C452747.html","0603","Tape & Reel (TR)","220pF","±5%","50V","C0G",""
"C452750","C0603C331J5GACTU","KEMET","1800","50","50","https://www.lcsc.com/product-detail/C452750.html","0603","Tape & Reel (TR)","330pF","±5%","50V","C0G",""
"C464434","GJM1555C1H330FB01D","muRata","25170","10","10","https://www.lcsc.com/product-detail/C464434.html","0402","Tape & Reel (TR)","33pF","±1%","50V","C0G",""
"C464441","GRM1885C1H681GA01D","muRata","4480","20","20","https://www.lcsc.com/product-detail/C464441.html","0603","Tape & Reel (TR)","680pF","±2%","50V","C0G",""
"C464953","GCM1555C1H561JA16D","muRata","29500","50","50","https://www.lcsc.com/product-detail/C464953.html","0402","Tape & Reel (TR)","560pF","±5%","50V","C0G",""
"C464977","GRM31C5C1H224JE02L","muRata","76575","5","5","https://www.lcsc.com/product-detail/C464977.html","1206","Tape & Reel (TR)","220nF","±5%","50V","C0G",""
"C469624","AC0603KRX7R0BB473","YAGEO","200450","50","50","https://www.lcsc.com/product-detail/C469624.html","0603","Tape & Reel (TR)","47nF","±10%","100V","X7R",""
"C469628","CC1206JRNPOBBN100","YAGEO","11740","20","20","https://www.lcsc.com/product-detail/C469628.html","1206","Tape & Reel (TR)","10pF","±5%","500V","NP0",""
"C469629","CC1206JKNPODBN221","YAGEO","92540","10","10","https://www.lcsc.com/product-detail/C469629.html","1206","Tape & Reel (TR)","220pF","±5%","2kV","NP0",""
"C469630","CQ0402GRNPO9BN100","YAGEO","7140","20","20","https://www.lcsc.com/product-detail/C469630.html","0402","Tape & Reel (TR)","10pF","±2%","50V","NP0",""
"C490535","GCM1885C2A560JA16D","muRata","3650","50","50","https://www.lcsc.com/product-detail/C490535.html","0603","Tape & Reel (TR)","56pF","±5%","100V","C0G",""
"C490602","C0603C104J5RAC7867","KEMET","9020","20","20","https://www.lcsc.com/product-detail/C490602.html","0603","Tape & Reel (TR)","100nF","±5%","50V","X7R",""
"C490787","CC0603JRX7R9BB822","YAGEO","1000","100","100","https://www.lcsc.com/product-detail/C490787.html","0603","Tape & Reel (TR)","8.2nF","±5%","50V","X7R",""
"C492066","GRM155R71H222JA01D","muRata","11900","100","100","https://www.lcsc.com/product-detail/C492066.html","0402","Tape & Reel (TR)","2.2nF","±5%","50V","X7R",""
"C501242","CC0805KRX7RZBB102","YAGEO","2600","50","50","https://www.lcsc.com/product-detail/C501242.html","0805","Tape & Reel (TR)","1nF","±10%","630V","X7R",""
"C505466","CC0402KRX7R7BB154","YAGEO","40200","100","100","https://www.lcsc.com/product-detail/C505466.html","0402","Tape & Reel (TR)","150nF","±10%","16V","X7R",""
"C505480","CC0603KRX7R8BB472","YAGEO","8200","100","100","https://www.lcsc.com/product-detail/C505480.html","0603","Tape & Reel (TR)","4.7nF","±10%","25V","X7R",""
"C513314","04025A100JAT2A","Kyocera AVX","21100","100","100","https://www.lcsc.com/product-detail/C513314.html","0402","Tape & Reel (TR)","10pF","±5%","50V","C0G",""
"C513316","04025A180JAT2A","Kyocera AVX","4090","10","10","https://www.lcsc.com/product-detail/C513316.html","0402","Tape & Reel (TR)","18pF","±5%","50V","C0G",""
"C513317","04025A330JAT2A","Kyocera AVX","8700","100","100","https://www.lcsc.com/product-detail/C513317.html","0402","Tape & Reel (TR)","33pF","±5%","50V","C0G",""
"C513318","04025A470JAT2A","Kyocera AVX","9200","50","50","https://www.lcsc.com/product-detail/C513318.html","0402","Tape & Reel (TR)","47pF","±5%","50V","C0G",""
"C513323","06035A120JAT2A","Kyocera AVX","2450","50","50","https://www.lcsc.com/product-detail/C513323.html","0603","Tape & Reel (TR)","12pF","±5%","50V","C0G",""
"C513396","CC0402KRX7R8BB273","YAGEO","9100","100","100","https://www.lcsc.com/product-detail/C513396.html","0402","Tape & Reel (TR)","27nF","±10%","25V","X7R",""
"C513551","CC0402FRNPO9BN471","YAGEO","44550","50","50","https://www.lcsc.com/product-detail/C513551.html","0402","Tape & Reel (TR)","470pF","±1%","50V","NP0",""
"C513559","CC0603JRNPO9BN682","YAGEO","4460","20","20","https://www.lcsc.com/product-detail/C513559.html","0603","Tape & Reel (TR)","6.8nF","±5%","50V","NP0",""
"C513560","CC0402JRX7R9BB681","YAGEO","11300","100","100","https://www.lcsc.com/product-detail/C513560.html","0402","Tape & Reel (TR)","680pF","±5%","50V","X7R",""
"C513563","CC0402KRX7R9BB751","YAGEO","12600","100","100","https://www.lcsc.com/product-detail/C513563.html","0402","Tape & Reel (TR)","750pF","±10%","50V","X7R",""
"C513575","AC0402JRNPO9BN150","YAGEO","1900","100","100","https://www.lcsc.com/product-detail/C513575.html","0402","Tape & Reel (TR)","15pF","±5%","50V","NP0",""
"C513576","CC0805JKNPO0BN472","YAGEO","1830","10","10","https://www.lcsc.com/product-detail/C513576.html","0805","Tape & Reel (TR)","4.7nF","±5%","100V","NP0",""
"C513577","CC0603KRX7R9BB474","YAGEO","1033880","20","20","https://www.lcsc.com/product-detail/C513577.html","0603","Tape & Reel (TR)","470nF","±10%","50V","X7R",""
"C513578","CC0805JRX7R9BB222","YAGEO","14100","50","50","https://www.lcsc.com/product-detail/C513578.html","0805","Tape & Reel (TR)","2.2nF","±5%","50V","X7R",""
"C513581","AC0603KRX7R9BB333","YAGEO","4100","50","50","https://www.lcsc.com/product-detail/C513581.html","0603","Tape & Reel (TR)","33nF","±10%","50V","X7R",""
"C513587","CC0603JRNPO9BN361","YAGEO","18100","50","50","https://www.lcsc.com/product-detail/C513587.html","0603","Tape & Reel (TR)","360pF","±5%","50V","NP0",""
"C513589","CC1206KKX7RYBB333","YAGEO","2340","20","20","https://www.lcsc.com/product-detail/C513589.html","1206","Tape & Reel (TR)","33nF","±10%","250V","X7R",""
"C513590","CC1206KKX7RCBB821","YAGEO","2860","20","20","https://www.lcsc.com/product-detail/C513590.html","1206","Tape & Reel (TR)","820pF","±10%","1kV","X7R",""
"C513601","CC0805JRNPO0BN681","YAGEO","6600","100","100","https://www.lcsc.com/product-detail/C513601.html","0805","Tape & Reel (TR)","680pF","±5%","100V","NP0",""
"C513605","CC0603JRNPO0BN220","YAGEO","27950","50","50","https://www.lcsc.com/product-detail/C513605.html","0603","Tape & Reel (TR)","22pF","±5%","100V","NP0",""
"C513610","CC1206JKNPOCBN820","YAGEO","6800","20","20","https://www.lcsc.com/product-detail/C513610.html","1206","Tape & Reel (TR)","82pF","±5%","1kV","NP0",""
"C513632","CC0805KRX7R8BB154","YAGEO","150","50","50","https://www.lcsc.com/product-detail/C513632.html","0805","Tape & Reel (TR)","150nF","±10%","25V","X7R",""
"C513634","CC1206JKNPOZBN152","YAGEO","2300","20","20","https://www.lcsc.com/product-detail/C513634.html","1206","Tape & Reel (TR)","1.5nF","±5%","630V","NP0",""
"C513648","CC0603FRNPO9BN101","YAGEO","56400","50","50","https://www.lcsc.com/product-detail/C513648.html","0603","Tape & Reel (TR)","100pF","±1%","50V","NP0",""
"C513659","CC1206KKX7RCBB152","YAGEO","7380","20","20","https://www.lcsc.com/product-detail/C513659.html","1206","Tape & Reel (TR)","1.5nF","±10%","1kV","X7R",""
"C513661","CC1206JRNPO0BN102","YAGEO","12220","20","20","https://www.lcsc.com/product-detail/C513661.html","1206","Tape & Reel (TR)","1nF","±5%","100V","NP0",""
"C513662","CC1206KKX7RBBB471","YAGEO","1250","50","50","https://www.lcsc.com/product-detail/C513662.html","1206","Tape & Reel (TR)","470pF","±10%","500V","X7R",""
"C513663","CC0805JKNPO0BN222","YAGEO","2705","5","5","https://www.lcsc.com/product-detail/C513663.html","0805","Tape & Reel (TR)","2.2nF","±5%","100V","NP0",""
"C513667","CC0402JRX7R9BB222","YAGEO","281500","100","100","https://www.lcsc.com/product-detail/C513667.html","0402","Tape & Reel (TR)","2.2nF","±5%","50V","X7R",""
"C513671","CC1206KRX7R0BB223","YAGEO","18880","20","20","https://www.lcsc.com/product-detail/C513671.html","1206","Tape & Reel (TR)","22nF","±10%","100V","X7R",""
"C513677","CC0805JRNPO0BN471","YAGEO","85500","100","100","https://www.lcsc.com/product-detail/C513677.html","0805","Tape & Reel (TR)","470pF","±5%","100V","NP0",""
"C513681","CC0402FRNPO9BN100","YAGEO","362300","100","100","https://www.lcsc.com/product-detail/C513681.html","0402","Tape & Reel (TR)","10pF","±1%","50V","NP0",""
"C513685","AC1206KKX7RYBB223","YAGEO","990","10","10","https://www.lcsc.com/product-detail/C513685.html","1206","Tape & Reel (TR)","22nF","±10%","250V","X7R",""
"C513691","CC0603KRX7R6BB225","YAGEO","219780","20","20","https://www.lcsc.com/product-detail/C513691.html","0603","Tape & Reel (TR)","2.2uF","±10%","10V","X7R",""
"C513697","AC0402KRX7R9BB221","YAGEO","9150","50","50","https://www.lcsc.com/product-detail/C513697.html","0402","Tape & Reel (TR)","220pF","±10%","50V","X7R",""
"C513699","CC0603FRNPO9BN680","YAGEO","40200","50","50","https://www.lcsc.com/product-detail/C513699.html","0603","Tape & Reel (TR)","68pF","±1%","50V","NP0",""
"C513710","CC0805KKX7R0BB224","YAGEO","109160","20","20","https://www.lcsc.com/product-detail/C513710.html","0805","Tape & Reel (TR)","220nF","±10%","100V","X7R",""
"C513733","CC0805KRX7R0BB681","YAGEO","2550","50","50","https://www.lcsc.com/product-detail/C513733.html","0805","Tape & Reel (TR)","680pF","±10%","100V","X7R",""
"C513735","CC0603KRX7R9BB154","YAGEO","336950","50","50","https://www.lcsc.com/product-detail/C513735.html","0603","Tape & Reel (TR)","150nF","±10%","50V","X7R",""
"C519386","CC0603JRNPO7BN101","YAGEO","11700","50","50","https://www.lcsc.com/product-detail/C519386.html","0603","Tape & Reel (TR)","100pF","±5%","16V","NP0",""
"C519389","CC0603JRNPO8BN180","YAGEO","15800","100","100","https://www.lcsc.com/product-detail/C519389.html","0603","Tape & Reel (TR)","18pF","±5%","25V","NP0",""
"C519390","CC0603JRNPO8BN220","YAGEO","10600","100","100","https://www.lcsc.com/product-detail/C519390.html","0603","Tape & Reel (TR)","22pF","±5%","25V","NP0",""
"C519392","CC0603JRNPO8BN470","YAGEO","2600","100","100","https://www.lcsc.com/product-detail/C519392.html","0603","Tape & Reel (TR)","47pF","±5%","25V","NP0",""
"C519393","CC0603JRNPO9BN110","YAGEO","16000","100","100","https://www.lcsc.com/product-detail/C519393.html","0603","Tape & Reel (TR)","11pF","±5%","50V","NP0",""
"C519394","CC0603JRNPO8BN221","YAGEO","3700","50","50","https://www.lcsc.com/product-detail/C519394.html","0603","Tape & Reel (TR)","220pF","±5%","25V","NP0",""
"C519395","CC0603JRNPO8BN471","YAGEO","15350","50","50","https://www.lcsc.com/product-detail/C519395.html","0603","Tape & Reel (TR)","470pF","±5%","25V","NP0",""
"C519396","CC0603JRNPO8BN561","YAGEO","4000","100","100","https://www.lcsc.com/product-detail/C519396.html","0603","Tape & Reel (TR)","560pF","±5%","25V","NP0",""
"C519397","CC0603JRNPO8BN681","YAGEO","7200","100","100","https://www.lcsc.com/product-detail/C519397.html","0603","Tape & Reel (TR)","680pF","±5%","25V","NP0",""
"C519399","CC0603JRNPO9BN131","YAGEO","225800","100","100","https://www.lcsc.com/product-detail/C519399.html","0603","Tape & Reel (TR)","130pF","±5%","50V","NP0",""
"C519400","CC0603JRNPO9BN241","YAGEO","1900","50","50","https://www.lcsc.com/product-detail/C519400.html","0603","Tape & Reel (TR)","240pF","±5%","50V","NP0",""
"C519401","CC0603JRNPO9BN301","YAGEO","98850","50","50","https://www.lcsc.com/product-detail/C519401.html","0603","Tape & Reel (TR)","300pF","±5%","50V","NP0",""
"C519402","CC0603KRX7R6BB102","YAGEO","1500","100","100","https://www.lcsc.com/product-detail/C519402.html","0603","Tape & Reel (TR)","1nF","±10%","10V","X7R",""
"C519403","CC0603KRX7R7BB102","YAGEO","29000","50","50","https://www.lcsc.com/product-detail/C519403.html","0603","Tape & Reel (TR)","1nF","±10%","16V","X7R",""
"C519404","CC0603KRX7R8BB102","YAGEO","37000","100","100","https://www.lcsc.com/product-detail/C519404.html","0603","Tape & Reel (TR)","1nF","±10%","25V","X7R",""
"C519405","CC0603KRX7R6BB103","YAGEO","5600","100","100","https://www.lcsc.com/product-detail/C519405.html","0603","Tape & Reel (TR)","10nF","±10%","10V","X7R",""
"C519406","CC0603KRX7R7BB103","YAGEO","284850","50","50","https://www.lcsc.com/product-detail/C519406.html","0603","Tape & Reel (TR)","10nF","±10%","16V","X7R",""
"C519407","CC0603KRX7R7BB101","YAGEO","13000","100","100","https://www.lcsc.com/product-detail/C519407.html","0603","Tape & Reel (TR)","100pF","±10%","16V","X7R",""
"C519408","CC0603KRX7R7BB331","YAGEO","7600","100","100","https://www.lcsc.com/product-detail/C519408.html","0603","Tape & Reel (TR)","330pF","±10%","16V","X7R",""
"C519409","CC0603KRX7R7BB471","YAGEO","9600","100","100","https://www.lcsc.com/product-detail/C519409.html","0603","Tape & Reel (TR)","470pF","±10%","16V","X7R",""
"C519410","CC0603KRX7R8BB101","YAGEO","5000","50","50","https://www.lcsc.com/product-detail/C519410.html","0603","Tape & Reel (TR)","100pF","±10%","25V","X7R",""
"C519411","CC0603KRX7R8BB221","YAGEO","200","100","100","https://www.lcsc.com/product-detail/C519411.html","0603","Tape & Reel (TR)","220pF","±10%","25V","X7R",""
"C519413","CC0603KRX7R8BB471","YAGEO","14700","100","100","https://www.lcsc.com/product-detail/C519413.html","0603","Tape & Reel (TR)","470pF","±10%","25V","X7R",""
"C519414","CC0603KRX7R9BB361","YAGEO","9800","100","100","https://www.lcsc.com/product-detail/C519414.html","0603","Tape & Reel (TR)","360pF","±10%","50V","X7R",""
"C519415","CC0603KRX7R9BB501","YAGEO","6400","100","100","https://www.lcsc.com/product-detail/C519415.html","0603","Tape & Reel (TR)","500pF","±10%","50V","X7R",""
"C519416","CC0603KRX7R6BB222","YAGEO","5200","100","100","https://www.lcsc.com/product-detail/C519416.html","0603","Tape & Reel (TR)","2.2nF","±10%","10V","X7R",""
"C519417","CC0603KRX7R7BB222","YAGEO","7900","100","100","https://www.lcsc.com/product-detail/C519417.html","0603","Tape & Reel (TR)","2.2nF","±10%","16V","X7R",""
"C519418","CC0603KRX7R7BB332","YAGEO","11800","100","100","https://www.lcsc.com/product-detail/C519418.html","0603","Tape & Reel (TR)","3.3nF","±10%","16V","X7R",""
"C519419","CC0603KRX7R7BB472","YAGEO","2900","100","100","https://www.lcsc.com/product-detail/C519419.html","0603","Tape & Reel (TR)","4.7nF","±10%","16V","X7R",""
"C519422","CC0603KRX7R8BB222","YAGEO","37350","50","50","https://www.lcsc.com/product-detail/C519422.html","0603","Tape & Reel (TR)","2.2nF","±10%","25V","X7R",""
"C519425","CC0603KRX7R8BB682","YAGEO","4300","100","100","https://www.lcsc.com/product-detail/C519425.html","0603","Tape & Reel (TR)","6.8nF","±10%","25V","X7R",""
"C519429","CC0603KRX7R7BB223","YAGEO","9150","50","50","https://www.lcsc.com/product-detail/C519429.html","0603","Tape & Reel (TR)","22nF","±10%","16V","X7R",""
"C519430","CC0603KRX7R7BB273","YAGEO","2100","100","100","https://www.lcsc.com/product-detail/C519430.html","0603","Tape & Reel (TR)","27nF","±10%","16V","X7R",""
"C519439","CC0603KRX7R6BB154","YAGEO","2550","50","50","https://www.lcsc.com/product-detail/C519439.html","0603","Tape & Reel (TR)","150nF","±10%","10V","X7R",""
"C519440","CC0603KRX7R6BB184","YAGEO","4050","50","50","https://www.lcsc.com/product-detail/C519440.html","0603","Tape & Reel (TR)","180nF","±10%","10V","X7R",""
"C519442","CC0603KRX7R7BB184","YAGEO","2850","50","50","https://www.lcsc.com/product-detail/C519442.html","0603","Tape & Reel (TR)","180nF","±10%","16V","X7R",""
"C519443","CC0603KRX7R7BB274","YAGEO","5650","50","50","https://www.lcsc.com/product-detail/C519443.html","0603","Tape & Reel (TR)","270nF","±10%","16V","X7R",""
"C519444","CC0603KRX7R9BB124","YAGEO","1650","50","50","https://www.lcsc.com/product-detail/C519444.html","0603","Tape & Reel (TR)","120nF","±10%","50V","X7R",""
"C519449","CC0603GRNPO9BN101","YAGEO","16200","50","50","https://www.lcsc.com/product-detail/C519449.html","0603","Tape & Reel (TR)","100pF","±2%","50V","NP0",""
"C519450","CC0603GRNPO9BN120","YAGEO","6400","100","100","https://www.lcsc.com/product-detail/C519450.html","0603","Tape & Reel (TR)","12pF","±2%","50V","NP0",""
"C519451","CC0603GRNPO9BN150","YAGEO","33650","50","50","https://www.lcsc.com/product-detail/C519451.html","0603","Tape & Reel (TR)","15pF","±2%","50V","NP0",""
"C519452","CC0603GRNPO9BN180","YAGEO","3100","50","50","https://www.lcsc.com/product-detail/C519452.html","0603","Tape & Reel (TR)","18pF","±2%","50V","NP0",""
"C519453","CC0603GRNPO9BN270","YAGEO","2850","50","50","https://www.lcsc.com/product-detail/C519453.html","0603","Tape & Reel (TR)","27pF","±2%","50V","NP0",""
"C519454","CC0603GRNPO9BN330","YAGEO","3350","50","50","https://www.lcsc.com/product-detail/C519454.html","0603","Tape & Reel (TR)","33pF","±2%","50V","NP0",""
"C519455","CC0603GRNPO9BN470","YAGEO","10700","50","50","https://www.lcsc.com/product-detail/C519455.html","0603","Tape & Reel (TR)","47pF","±2%","50V","NP0",""
"C519456","CC0603GRNPO9BN560","YAGEO","14700","50","50","https://www.lcsc.com/product-detail/C519456.html","0603","Tape & Reel (TR)","56pF","±2%","50V","NP0",""
"C519457","CC0603GRNPO9BN680","YAGEO","5300","50","50","https://www.lcsc.com/product-detail/C519457.html","0603","Tape & Reel (TR)","68pF","±2%","50V","NP0",""
"C519460","CC0603GRNPO9BN160","YAGEO","2450","50","50","https://www.lcsc.com/product-detail/C519460.html","0603","Tape & Reel (TR)","16pF","±2%","50V","NP0",""
"C519462","CC0603GRNPO9BN360","YAGEO","3250","50","50","https://www.lcsc.com/product-detail/C519462.html","0603","Tape & Reel (TR)","36pF","±2%","50V","NP0",""
"C519469","CC0603GRNPO9BN181","YAGEO","3500","50","50","https://www.lcsc.com/product-detail/C519469.html","0603","Tape & Reel (TR)","180pF","±2%","50V","NP0",""
"C519475","CC0603GRNPO9BN111","YAGEO","4150","50","50","https://www.lcsc.com/product-detail/C519475.html","0603","Tape & Reel (TR)","110pF","±2%","50V","NP0",""
"C519476","CC0603GRNPO9BN131","YAGEO","5150","50","50","https://www.lcsc.com/product-detail/C519476.html","0603","Tape & Reel (TR)","130pF","±2%","50V","NP0",""
"C519477","CC0603GRNPO9BN201","YAGEO","2950","50","50","https://www.lcsc.com/product-detail/C519477.html","0603","Tape & Reel (TR)","200pF","±2%","50V","NP0",""
"C519478","CC0603GRNPO9BN301","YAGEO","1450","50","50","https://www.lcsc.com/product-detail/C519478.html","0603","Tape & Reel (TR)","300pF","±2%","50V","NP0",""
"C519482","CC0603FRNPO9BN120","YAGEO","149550","50","50","https://www.lcsc.com/product-detail/C519482.html","0603","Tape & Reel (TR)","12pF","±1%","50V","NP0",""
"C519483","CC0603FRNPO9BN150","YAGEO","265150","50","50","https://www.lcsc.com/product-detail/C519483.html","0603","Tape & Reel (TR)","15pF","±1%","50V","NP0",""
"C519484","CC0603FRNPO9BN270","YAGEO","41600","50","50","https://www.lcsc.com/product-detail/C519484.html","0603","Tape & Reel (TR)","27pF","±1%","50V","NP0",""
"C519485","CC0603FRNPO9BN330","YAGEO","24350","50","50","https://www.lcsc.com/product-detail/C519485.html","0603","Tape & Reel (TR)","33pF","±1%","50V","NP0",""
"C519486","CC0603FRNPO9BN470","YAGEO","14700","50","50","https://www.lcsc.com/product-detail/C519486.html","0603","Tape & Reel (TR)","47pF","±1%","50V","NP0",""
"C519487","CC0603FRNPO9BN820","YAGEO","45620","20","20","https://www.lcsc.com/product-detail/C519487.html","0603","Tape & Reel (TR)","82pF","±1%","50V","NP0",""
"C519489","CC0603FRNPO9BN160","YAGEO","21250","50","50","https://www.lcsc.com/product-detail/C519489.html","0603","Tape & Reel (TR)","16pF","±1%","50V","NP0",""
"C519490","CC0603FRNPO9BN240","YAGEO","11080","20","20","https://www.lcsc.com/product-detail/C519490.html","0603","Tape & Reel (TR)","24pF","±1%","50V","NP0",""
"C519492","CC0603FRNPO9BN360","YAGEO","12000","50","50","https://www.lcsc.com/product-detail/C519492.html","0603","Tape & Reel (TR)","36pF","±1%","50V","NP0",""
"C519494","CC0603FRNPO9BN510","YAGEO","2850","50","50","https://www.lcsc.com/product-detail/C519494.html","0603","Tape & Reel (TR)","51pF","±1%","50V","NP0",""
"C519495","CC0603FRNPO9BN620","YAGEO","3100","50","50","https://www.lcsc.com/product-detail/C519495.html","0603","Tape & Reel (TR)","62pF","±1%","50V","NP0",""
"C519496","CC0603FRNPO9BN750","YAGEO","1900","50","50","https://www.lcsc.com/product-detail/C519496.html","0603","Tape & Reel (TR)","75pF","±1%","50V","NP0",""
"C519498","CC0603FRNPO9BN121","YAGEO","26740","20","20","https://www.lcsc.com/product-detail/C519498.html","0603","Tape & Reel (TR)","120pF","±1%","50V","NP0",""
"C519499","CC0603FRNPO9BN151","YAGEO","9080","20","20","https://www.lcsc.com/product-detail/C519499.html","0603","Tape & Reel (TR)","150pF","±1%","50V","NP0",""
"C519500","CC0603FRNPO9BN221","YAGEO","126950","50","50","https://www.lcsc.com/product-detail/C519500.html","0603","Tape & Reel (TR)","220pF","±1%","50V","NP0",""
"C519507","CC0603JRX7R7BB102","YAGEO","2100","100","100","https://www.lcsc.com/product-detail/C519507.html","0603","Tape & Reel (TR)","1nF","±5%","16V","X7R",""
"C519508","CC0603JRX7R8BB102","YAGEO","1200","100","100","https://www.lcsc.com/product-detail/C519508.html","0603","Tape & Reel (TR)","1nF","±5%","25V","X7R",""
"C519509","CC0603JRX7R7BB103","YAGEO","2500","100","100","https://www.lcsc.com/product-detail/C519509.html","0603","Tape & Reel (TR)","10nF","±5%","16V","X7R",""
"C519512","CC0603JRX7R7BB471","YAGEO","100","100","100","https://www.lcsc.com/product-detail/C519512.html","0603","Tape & Reel (TR)","470pF","±5%","16V","X7R",""
"C519515","CC0603JRX7R9BB151","YAGEO","100","100","100","https://www.lcsc.com/product-detail/C519515.html","0603","Tape & Reel (TR)","150pF","±5%","50V","X7R",""
"C519518","CC0603JRX7R9BB391","YAGEO","4100","100","100","https://www.lcsc.com/product-detail/C519518.html","0603","Tape & Reel (TR)","390pF","±5%","50V","X7R",""
"C519519","CC0603JRX7R9BB471","YAGEO","3700","100","100","https://www.lcsc.com/product-detail/C519519.html","0603","Tape & Reel (TR)","470pF","±5%","50V","X7R",""
"C519521","CC0603JRX7R8BB152","YAGEO","1000","100","100","https://www.lcsc.com/product-detail/C519521.html","0603","Tape & Reel (TR)","1.5nF","±5%","25V","X7R",""
"C519523","CC0603JRX7R8BB332","YAGEO","100","100","100","https://www.lcsc.com/product-detail/C519523.html","0603","Tape & Reel (TR)","3.3nF","±5%","25V","X7R",""
"C519525","CC0603JRX7R8BB682","YAGEO","600","100","100","https://www.lcsc.com/product-detail/C519525.html","0603","Tape & Reel (TR)","6.8nF","±5%","25V","X7R",""
"C519526","CC0603JRX7R9BB122","YAGEO","1900","100","100","https://www.lcsc.com/product-detail/C519526.html","0603","Tape & Reel (TR)","1.2nF","±5%","50V","X7R",""
"C519527","CC0603JRX7R9BB152","YAGEO","3400","100","100","https://www.lcsc.com/product-detail/C519527.html","0603","Tape & Reel (TR)","1.5nF","±5%","50V","X7R",""
"C519528","CC0603JRX7R9BB182","YAGEO","200","100","100","https://www.lcsc.com/product-detail/C519528.html","0603","Tape & Reel (TR)","1.8nF","±5%","50V","X7R",""
"C519530","CC0603JRX7R9BB332","YAGEO","21400","100","100","https://www.lcsc.com/product-detail/C519530.html","0603","Tape & Reel (TR)","3.3nF","±5%","50V","X7R",""
"C519531","CC0603JRX7R9BB562","YAGEO","7100","100","100","https://www.lcsc.com/product-detail/C519531.html","0603","Tape & Reel (TR)","5.6nF","±5%","50V","X7R",""
"C519532","CC0603JRX7R7BB223","YAGEO","3650","50","50","https://www.lcsc.com/product-detail/C519532.html","0603","Tape & Reel (TR)","22nF","±5%","16V","X7R",""
"C519535","CC0603JRX7R7BB393","YAGEO","1500","100","100","https://www.lcsc.com/product-detail/C519535.html","0603","Tape & Reel (TR)","39nF","±5%","16V","X7R",""
"C519536","CC0603JRX7R7BB473","YAGEO","4050","50","50","https://www.lcsc.com/product-detail/C519536.html","0603","Tape & Reel (TR)","47nF","±5%","16V","X7R",""
"C519541","CC0603JRX7R8BB153","YAGEO","3000","100","100","https://www.lcsc.com/product-detail/C519541.html","0603","Tape & Reel (TR)","15nF","±5%","25V","X7R",""
"C519542","CC0603JRX7R8BB183","YAGEO","3100","100","100","https://www.lcsc.com/product-detail/C519542.html","0603","Tape & Reel (TR)","18nF","±5%","25V","X7R",""
"C519544","CC0603JRX7R8BB333","YAGEO","3700","50","50","https://www.lcsc.com/product-detail/C519544.html","0603","Tape & Reel (TR)","33nF","±5%","25V","X7R",""
"C519545","CC0603JRX7R8BB393","YAGEO","2900","100","100","https://www.lcsc.com/product-detail/C519545.html","0603","Tape & Reel (TR)","39nF","±5%","25V","X7R",""
"C519548","CC0603JRX7R8BB823","YAGEO","100","100","100","https://www.lcsc.com/product-detail/C519548.html","0603","Tape & Reel (TR)","82nF","±5%","25V","X7R",""
"C519549","CC0603JRX7R9BB123","YAGEO","200","100","100","https://www.lcsc.com/product-detail/C519549.html","0603","Tape & Reel (TR)","12nF","±5%","50V","X7R",""
"C519550","CC0603JRX7R9BB153","YAGEO","99300","100","100","https://www.lcsc.com/product-detail/C519550.html","0603","Tape & Reel (TR)","15nF","±5%","50V","X7R",""
"C519551","CC0603JRX7R9BB183","YAGEO","300","100","100","https://www.lcsc.com/product-detail/C519551.html","0603","Tape & Reel (TR)","18nF","±5%","50V","X7R",""
"C519553","CC0603JRX7R9BB393","YAGEO","1200","100","100","https://www.lcsc.com/product-detail/C519553.html","0603","Tape & Reel (TR)","39nF","±5%","50V","X7R",""
"C519554","CC0603JRX7R9BB473","YAGEO","361900","100","100","https://www.lcsc.com/product-detail/C519554.html","0603","Tape & Reel (TR)","47nF","±5%","50V","X7R",""
"C519555","CC0603JRX7R6BB224","YAGEO","1200","50","50","https://www.lcsc.com/product-detail/C519555.html","0603","Tape & Reel (TR)","220nF","±5%","10V","X7R",""
"C519556","CC0603JRX7R7BB224","YAGEO","300","50","50","https://www.lcsc.com/product-detail/C519556.html","0603","Tape & Reel (TR)","220nF","±5%","16V","X7R",""
"C519557","CC0603JRX7R6BB474","YAGEO","2450","50","50","https://www.lcsc.com/product-detail/C519557.html","0603","Tape & Reel (TR)","470nF","±5%","10V","X7R",""
"C519558","CC0603JRX7R7BB474","YAGEO","3820","20","20","https://www.lcsc.com/product-detail/C519558.html","0603","Tape & Reel (TR)","470nF","±5%","16V","X7R",""
"C519559","CC0603JRX7R6BB105","YAGEO","2750","50","50","https://www.lcsc.com/product-detail/C519559.html","0603","Tape & Reel (TR)","1uF","±5%","10V","X7R",""
"C519560","CC0603JRX7R7BB105","YAGEO","12140","20","20","https://www.lcsc.com/product-detail/C519560.html","0603","Tape & Reel (TR)","1uF","±5%","16V","X7R",""
"C519562","CC0603FRNPO9BN331","YAGEO","6450","50","50","https://www.lcsc.com/product-detail/C519562.html","0603","Tape & Reel (TR)","330pF","±1%","50V","NP0",""
"C519563","CC0603FRNPO9BN391","YAGEO","9780","20","20","https://www.lcsc.com/product-detail/C519563.html","0603","Tape & Reel (TR)","390pF","±1%","50V","NP0",""
"C519564","CC0603FRNPO9BN471","YAGEO","24000","50","50","https://www.lcsc.com/product-detail/C519564.html","0603","Tape & Reel (TR)","470pF","±1%","50V","NP0",""
"C519566","CC0603FRNPO9BN681","YAGEO","3720","20","20","https://www.lcsc.com/product-detail/C519566.html","0603","Tape & Reel (TR)","680pF","±1%","50V","NP0",""
"C519568","CC0603FRNPO9BN111","YAGEO","3800","50","50","https://www.lcsc.com/product-detail/C519568.html","0603","Tape & Reel (TR)","110pF","±1%","50V","NP0",""
"C519569","CC0603FRNPO9BN201","YAGEO","4100","20","20","https://www.lcsc.com/product-detail/C519569.html","0603","Tape & Reel (TR)","200pF","±1%","50V","NP0",""
"C519571","CC0603FRNPO9BN431","YAGEO","2480","20","20","https://www.lcsc.com/product-detail/C519571.html","0603","Tape & Reel (TR)","430pF","±1%","50V","NP0",""
"C519572","CC0603FRNPO9BN511","YAGEO","1850","50","50","https://www.lcsc.com/product-detail/C519572.html","0603","Tape & Reel (TR)","510pF","±1%","50V","NP0",""
"C519573","CC0603FRNPO8BN102","YAGEO","3250","50","50","https://www.lcsc.com/product-detail/C519573.html","0603","Tape & Reel (TR)","1nF","±1%","25V","NP0",""
"C519574","CC0603JRX7R8BB224","YAGEO","7300","20","20","https://www.lcsc.com/product-detail/C519574.html","0603","Tape & Reel (TR)","220nF","±5%","25V","X7R",""
"C519575","CC0603JRX7R9BB224","YAGEO","98220","20","20","https://www.lcsc.com/product-detail/C519575.html","0603","Tape & Reel (TR)","220nF","±5%","50V","X7R",""
"C519576","CC0603JRX7R8BB474","YAGEO","5250","50","50","https://www.lcsc.com/product-detail/C519576.html","0603","Tape & Reel (TR)","470nF","±5%","25V","X7R",""
"C519577","CC0603JRX7R7BB154","YAGEO","50","50","50","https://www.lcsc.com/product-detail/C519577.html","0603","Tape & Reel (TR)","150nF","±5%","16V","X7R",""
"C519578","CC0603JRX7R7BB334","YAGEO","8360","20","20","https://www.lcsc.com/product-detail/C519578.html","0603","Tape & Reel (TR)","330nF","±5%","16V","X7R",""
"C519579","CC0603JRX7R8BB334","YAGEO","7300","20","20","https://www.lcsc.com/product-detail/C519579.html","0603","Tape & Reel (TR)","330nF","±5%","25V","X7R",""
"C519909","CC0805KRX7R7BB103","YAGEO","19000","100","100","https://www.lcsc.com/product-detail/C519909.html","0805","Tape & Reel (TR)","10nF","±10%","16V","X7R",""
"C519911","CC0805KRX7R8BB103","YAGEO","97200","100","100","https://www.lcsc.com/product-detail/C519911.html","0805","Tape & Reel (TR)","10nF","±10%","25V","X7R",""
"C519912","CC0805KRX7R7BB222","YAGEO","2400","100","100","https://www.lcsc.com/product-detail/C519912.html","0805","Tape & Reel (TR)","2.2nF","±10%","16V","X7R",""
"C519913","CC0805KRX7R7BB332","YAGEO","300","100","100","https://www.lcsc.com/product-detail/C519913.html","0805","Tape & Reel (TR)","3.3nF","±10%","16V","X7R",""
"C519914","CC0805KRX7R7BB472","YAGEO","1300","100","100","https://www.lcsc.com/product-detail/C519914.html","0805","Tape & Reel (TR)","4.7nF","±10%","16V","X7R",""
"C519916","CC0805KRX7R8BB153","YAGEO","1500","100","100","https://www.lcsc.com/product-detail/C519916.html","0805","Tape & Reel (TR)","15nF","±10%","25V","X7R",""
"C519918","CC0805JRNPO9BN130","YAGEO","3400","100","100","https://www.lcsc.com/product-detail/C519918.html","0805","Tape & Reel (TR)","13pF","±5%","50V","NP0",""
"C519919","CC0805JRNPO9BN140","YAGEO","1800","100","100","https://www.lcsc.com/product-detail/C519919.html","0805","Tape & Reel (TR)","14pF","±5%","50V","NP0",""
"C519920","CC0805JRNPO9BN160","YAGEO","4700","100","100","https://www.lcsc.com/product-detail/C519920.html","0805","Tape & Reel (TR)","16pF","±5%","50V","NP0",""
"C519921","CC0805JRNPO9BN430","YAGEO","21850","50","50","https://www.lcsc.com/product-detail/C519921.html","0805","Tape & Reel (TR)","43pF","±5%","50V","NP0",""
"C519923","CC0805JRNPO9BN910","YAGEO","2300","100","100","https://www.lcsc.com/product-detail/C519923.html","0805","Tape & Reel (TR)","91pF","±5%","50V","NP0",""
"C519924","CC0805KRX7R9BB201","YAGEO","400","100","100","https://www.lcsc.com/product-detail/C519924.html","0805","Tape & Reel (TR)","200pF","±10%","50V","X7R",""
"C519925","CC0805KRX7R9BB301","YAGEO","2900","100","100","https://www.lcsc.com/product-detail/C519925.html","0805","Tape & Reel (TR)","300pF","±10%","50V","X7R",""
"C519961","CC0805KRX7R7BB223","YAGEO","3100","100","100","https://www.lcsc.com/product-detail/C519961.html","0805","Tape & Reel (TR)","22nF","±10%","16V","X7R",""
"C519973","CC0805KKX7R6BB105","YAGEO","33420","20","20","https://www.lcsc.com/product-detail/C519973.html","0805","Tape & Reel (TR)","1uF","±10%","10V","X7R",""
"C519975","CC0805JRNPO9BN391","YAGEO","33350","50","50","https://www.lcsc.com/product-detail/C519975.html","0805","Tape & Reel (TR)","390pF","±5%","50V","NP0",""
"C519977","CC0805KKX7R6BB474","YAGEO","700","50","50","https://www.lcsc.com/product-detail/C519977.html","0805","Tape & Reel (TR)","470nF","±10%","10V","X7R",""
"C519981","CC0805KRX7R8BB104","YAGEO","53700","50","50","https://www.lcsc.com/product-detail/C519981.html","0805","Tape & Reel (TR)","100nF","±10%","25V","X7R",""
"C520003","CC0805JRNPO9BN131","YAGEO","4600","50","50","https://www.lcsc.com/product-detail/C520003.html","0805","Tape & Reel (TR)","130pF","±5%","50V","NP0",""
"C520004","CC0805JRNPO9BN201","YAGEO","3100","50","50","https://www.lcsc.com/product-detail/C520004.html","0805","Tape & Reel (TR)","200pF","±5%","50V","NP0",""
"C520005","CC0805JRNPO9BN241","YAGEO","19000","50","50","https://www.lcsc.com/product-detail/C520005.html","0805","Tape & Reel (TR)","240pF","±5%","50V","NP0",""
"C520006","CC0805JRNPO9BN431","YAGEO","3950","50","50","https://www.lcsc.com/product-detail/C520006.html","0805","Tape & Reel (TR)","430pF","±5%","50V","NP0",""
"C520008","CC0805JRNPO9BN751","YAGEO","2400","50","50","https://www.lcsc.com/product-detail/C520008.html","0805","Tape & Reel (TR)","750pF","±5%","50V","NP0",""
"C520009","CC0805JRX7R8BB103","YAGEO","700","50","50","https://www.lcsc.com/product-detail/C520009.html","0805","Tape & Reel (TR)","10nF","±5%","25V","X7R",""
"C520011","CC0805JRX7R9BB331","YAGEO","3271","1","1","https://www.lcsc.com/product-detail/C520011.html","0805","Tape & Reel (TR)","330pF","±5%","50V","X7R",""
"C520012","CC0805JRX7R9BB332","YAGEO","6000","50","50","https://www.lcsc.com/product-detail/C520012.html","0805","Tape & Reel (TR)","3.3nF","±5%","50V","X7R",""
"C520015","CC0805JRX7R9BB682","YAGEO","1700","50","50","https://www.lcsc.com/product-detail/C520015.html","0805","Tape & Reel (TR)","6.8nF","±5%","50V","X7R",""
"C520016","CC0805JRX7R9BB153","YAGEO","3300","50","50","https://www.lcsc.com/product-detail/C520016.html","0805","Tape & Reel (TR)","15nF","±5%","50V","X7R",""
"C520019","CC0805KRX7R6BB224","YAGEO","4000","50","50","https://www.lcsc.com/product-detail/C520019.html","0805","Tape & Reel (TR)","220nF","±10%","10V","X7R",""
"C520020","CC0805JRX7R9BB122","YAGEO","7050","50","50","https://www.lcsc.com/product-detail/C520020.html","0805","Tape & Reel (TR)","1.2nF","±5%","50V","X7R",""
"C520021","CC0805JRX7R9BB182","YAGEO","2850","50","50","https://www.lcsc.com/product-detail/C520021.html","0805","Tape & Reel (TR)","1.8nF","±5%","50V","X7R",""
"C520022","CC0805JRX7R9BB202","YAGEO","7750","50","50","https://www.lcsc.com/product-detail/C520022.html","0805","Tape & Reel (TR)","2nF","±5%","50V","X7R",""
"C520024","CC0805JRX7R9BB272","YAGEO","850","50","50","https://www.lcsc.com/product-detail/C520024.html","0805","Tape & Reel (TR)","2.7nF","±5%","50V","X7R",""
"C520028","CC0805JRX7R9BB562","YAGEO","1000","50","50","https://www.lcsc.com/product-detail/C520028.html","0805","Tape & Reel (TR)","5.6nF","±5%","50V","X7R",""
"C520031","CC0805JRX7R9BB123","YAGEO","19600","50","50","https://www.lcsc.com/product-detail/C520031.html","0805","Tape & Reel (TR)","12nF","±5%","50V","X7R",""
"C520032","CC0805JRX7R9BB183","YAGEO","100","50","50","https://www.lcsc.com/product-detail/C520032.html","0805","Tape & Reel (TR)","18nF","±5%","50V","X7R",""
"C520035","CC0805JRX7R7BB473","YAGEO","2200","50","50","https://www.lcsc.com/product-detail/C520035.html","0805","Tape & Reel (TR)","47nF","±5%","16V","X7R",""
"C520036","CC0805JRX7R7BB683","YAGEO","550","50","50","https://www.lcsc.com/product-detail/C520036.html","0805","Tape & Reel (TR)","68nF","±5%","16V","X7R",""
"C520037","CC0805JRX7R8BB223","YAGEO","4000","50","50","https://www.lcsc.com/product-detail/C520037.html","0805","Tape & Reel (TR)","22nF","±5%","25V","X7R",""
"C520038","CC0805JRX7R8BB333","YAGEO","3850","50","50","https://www.lcsc.com/product-detail/C520038.html","0805","Tape & Reel (TR)","33nF","±5%","25V","X7R",""
"C520039","CC0805JRX7R8BB473","YAGEO","4700","50","50","https://www.lcsc.com/product-detail/C520039.html","0805","Tape & Reel (TR)","47nF","±5%","25V","X7R",""
"C520040","CC0805JRX7R8BB683","YAGEO","3850","50","50","https://www.lcsc.com/product-detail/C520040.html","0805","Tape & Reel (TR)","68nF","±5%","25V","X7R",""
"C520041","CC0805JRX7R8BB823","YAGEO","1950","50","50","https://www.lcsc.com/product-detail/C520041.html","0805","Tape & Reel (TR)","82nF","±5%","25V","X7R",""
"C520043","CC0805JRX7R9BB333","YAGEO","5100","50","50","https://www.lcsc.com/product-detail/C520043.html","0805","Tape & Reel (TR)","33nF","±5%","50V","X7R",""
"C520044","CC0805JRX7R9BB393","YAGEO","7700","50","50","https://www.lcsc.com/product-detail/C520044.html","0805","Tape & Reel (TR)","39nF","±5%","50V","X7R",""
"C520046","CC0805JRX7R9BB683","YAGEO","22300","50","50","https://www.lcsc.com/product-detail/C520046.html","0805","Tape & Reel (TR)","68nF","±5%","50V","X7R",""
"C520047","CC0805JRX7R9BB823","YAGEO","3900","50","50","https://www.lcsc.com/product-detail/C520047.html","0805","Tape & Reel (TR)","82nF","±5%","50V","X7R",""
"C520048","CC0805KKX7R6BB684","YAGEO","10","10","10","https://www.lcsc.com/product-detail/C520048.html","0805","Tape & Reel (TR)","680nF","±10%","10V","X7R",""
"C520056","CC0805GRNPO9BN150","YAGEO","3150","50","50","https://www.lcsc.com/product-detail/C520056.html","0805","Tape & Reel (TR)","15pF","±2%","50V","NP0",""
"C520058","CC0805GRNPO9BN220","YAGEO","2450","50","50","https://www.lcsc.com/product-detail/C520058.html","0805","Tape & Reel (TR)","22pF","±2%","50V","NP0",""
"C520060","CC0805GRNPO9BN330","YAGEO","3940","20","20","https://www.lcsc.com/product-detail/C520060.html","0805","Tape & Reel (TR)","33pF","±2%","50V","NP0",""
"C520061","CC0805GRNPO9BN390","YAGEO","2000","50","50","https://www.lcsc.com/product-detail/C520061.html","0805","Tape & Reel (TR)","39pF","±2%","50V","NP0",""
"C520064","CC0805GRNPO9BN680","YAGEO","3250","50","50","https://www.lcsc.com/product-detail/C520064.html","0805","Tape & Reel (TR)","68pF","±2%","50V","NP0",""
"C520074","CC0805KKX7R6BB475","YAGEO","270","10","10","https://www.lcsc.com/product-detail/C520074.html","0805","Tape & Reel (TR)","4.7uF","±10%","10V","X7R",""
"C520075","CC0805JKNPO9BN272","YAGEO","3020","20","20","https://www.lcsc.com/product-detail/C520075.html","0805","Tape & Reel (TR)","2.7nF","±5%","50V","NP0",""
"C520076","CC0805JKX7R9BB224","YAGEO","37120","20","20","https://www.lcsc.com/product-detail/C520076.html","0805","Tape & Reel (TR)","220nF","±5%","50V","X7R",""
"C520077","CC0805JKX7R7BB334","YAGEO","700","50","50","https://www.lcsc.com/product-detail/C520077.html","0805","Tape & Reel (TR)","330nF","±5%","16V","X7R",""
"C520078","CC0805JKX7R9BB334","YAGEO","3800","20","20","https://www.lcsc.com/product-detail/C520078.html","0805","Tape & Reel (TR)","330nF","±5%","50V","X7R",""
"C520082","CC0805JRX7R7BB104","YAGEO","2200","50","50","https://www.lcsc.com/product-detail/C520082.html","0805","Tape & Reel (TR)","100nF","±5%","16V","X7R",""
"C520087","CC0805GRNPO9BN271","YAGEO","2400","50","50","https://www.lcsc.com/product-detail/C520087.html","0805","Tape & Reel (TR)","270pF","±2%","50V","NP0",""
"C520088","CC0805GRNPO9BN331","YAGEO","1350","50","50","https://www.lcsc.com/product-detail/C520088.html","0805","Tape & Reel (TR)","330pF","±2%","50V","NP0",""
"C520090","CC0805GRNPO9BN471","YAGEO","4050","50","50","https://www.lcsc.com/product-detail/C520090.html","0805","Tape & Reel (TR)","470pF","±2%","50V","NP0",""
"C524551","GCM1555C1H271JA16D","muRata","18500","50","50","https://www.lcsc.com/product-detail/C524551.html","0402","Tape & Reel (TR)","270pF","±5%","50V","C0G",""
"C524552","GCM155R71H222JA37D","muRata","2100","100","100","https://www.lcsc.com/product-detail/C524552.html","0402","Tape & Reel (TR)","2.2nF","±5%","50V","X7R",""
"C524553","GCM155R71H223JA55D","muRata","10650","50","50","https://www.lcsc.com/product-detail/C524553.html","0402","Tape & Reel (TR)","22nF","±5%","50V","X7R",""
"C524558","GJM1555C1H140GB01D","muRata","1360","10","10","https://www.lcsc.com/product-detail/C524558.html","0402","Tape & Reel (TR)","14pF","±2%","50V","C0G",""
"C524625","GRM31M5C1H393JA01L","muRata","3725","5","5","https://www.lcsc.com/product-detail/C524625.html","1206","Tape & Reel (TR)","39nF","±5%","50V","C0G",""
"C526979","CC0402FRNPO8BN271","YAGEO","9900","100","100","https://www.lcsc.com/product-detail/C526979.html","0402","Tape & Reel (TR)","270pF","±1%","25V","NP0",""
"C526980","CC0402FRNPO9BN300","YAGEO","224400","100","100","https://www.lcsc.com/product-detail/C526980.html","0402","Tape & Reel (TR)","30pF","±1%","50V","NP0",""
"C526981","CC0402FRNPO9BN560","YAGEO","29300","100","100","https://www.lcsc.com/product-detail/C526981.html","0402","Tape & Reel (TR)","56pF","±1%","50V","NP0",""
"C526982","CC0402FRNPO9BN820","YAGEO","91050","50","50","https://www.lcsc.com/product-detail/C526982.html","0402","Tape & Reel (TR)","82pF","±1%","50V","NP0",""
"C526985","CC0402GRNPO9BN120","YAGEO","88600","100","100","https://www.lcsc.com/product-detail/C526985.html","0402","Tape & Reel (TR)","12pF","±2%","50V","NP0",""
"C526986","CC0402GRNPO9BN121","YAGEO","129150","50","50","https://www.lcsc.com/product-detail/C526986.html","0402","Tape & Reel (TR)","120pF","±2%","50V","NP0",""
"C526987","CC0402GRNPO9BN430","YAGEO","28650","50","50","https://www.lcsc.com/product-detail/C526987.html","0402","Tape & Reel (TR)","43pF","±2%","50V","NP0",""
"C526989","CC0402GRNPO9BN560","YAGEO","2100","100","100","https://www.lcsc.com/product-detail/C526989.html","0402","Tape & Reel (TR)","56pF","±2%","50V","NP0",""
"C526993","CC0402JRNPO7BN471","YAGEO","9400","100","100","https://www.lcsc.com/product-detail/C526993.html","0402","Tape & Reel (TR)","470pF","±5%","16V","NP0",""
"C526994","CC0402JRNPO8BN100","YAGEO","11100","100","100","https://www.lcsc.com/product-detail/C526994.html","0402","Tape & Reel (TR)","10pF","±5%","25V","NP0",""
"C526996","CC0402JRNPO8BN181","YAGEO","5600","100","100","https://www.lcsc.com/product-detail/C526996.html","0402","Tape & Reel (TR)","180pF","±5%","25V","NP0",""
"C526997","CC0402JRNPO8BN330","YAGEO","22700","100","100","https://www.lcsc.com/product-detail/C526997.html","0402","Tape & Reel (TR)","33pF","±5%","25V","NP0",""
"C526998","CC0402JRNPO8BN331","YAGEO","1200","100","100","https://www.lcsc.com/product-detail/C526998.html","0402","Tape & Reel (TR)","330pF","±5%","25V","NP0",""
"C526999","CC0402JRNPO8BN680","YAGEO","9700","100","100","https://www.lcsc.com/product-detail/C526999.html","0402","Tape & Reel (TR)","68pF","±5%","25V","NP0",""
"C527000","CC0402JRNPO9BN110","YAGEO","25300","100","100","https://www.lcsc.com/product-detail/C527000.html","0402","Tape & Reel (TR)","11pF","±5%","50V","NP0",""
"C527004","CC0402JRX7R8BB332","YAGEO","15100","100","100","https://www.lcsc.com/product-detail/C527004.html","0402","Tape & Reel (TR)","3.3nF","±5%","25V","X7R",""
"C527007","CC0402JRX7R9BB182","YAGEO","5300","100","100","https://www.lcsc.com/product-detail/C527007.html","0402","Tape & Reel (TR)","1.8nF","±5%","50V","X7R",""
"C527013","CC0402KRX7R0BB102","YAGEO","96300","100","100","https://www.lcsc.com/product-detail/C527013.html","0402","Tape & Reel (TR)","1nF","±10%","100V","X7R",""
"C527014","CC0402KRX7R0BB103","YAGEO","298750","50","50","https://www.lcsc.com/product-detail/C527014.html","0402","Tape & Reel (TR)","10nF","±10%","100V","X7R",""
"C527015","CC0402KRX7R6BB393","YAGEO","300","100","100","https://www.lcsc.com/product-detail/C527015.html","0402","Tape & Reel (TR)","39nF","±10%","10V","X7R",""
"C527016","CC0402KRX7R8BB561","YAGEO","500","100","100","https://www.lcsc.com/product-detail/C527016.html","0402","Tape & Reel (TR)","560pF","±10%","25V","X7R",""
"C527017","CC0402KRX7R8BB562","YAGEO","9400","100","100","https://www.lcsc.com/product-detail/C527017.html","0402","Tape & Reel (TR)","5.6nF","±10%","25V","X7R",""
"C527018","CC0402KRX7R8BB821","YAGEO","900","100","100","https://www.lcsc.com/product-detail/C527018.html","0402","Tape & Reel (TR)","820pF","±10%","25V","X7R",""
"C527041","CC0603FRNPO0BN151","YAGEO","5100","50","50","https://www.lcsc.com/product-detail/C527041.html","0603","Tape & Reel (TR)","150pF","±1%","100V","NP0",""
"C527042","CC0603FRNPO0BN220","YAGEO","4280","20","20","https://www.lcsc.com/product-detail/C527042.html","0603","Tape & Reel (TR)","22pF","±1%","100V","NP0",""
"C527046","CC0603FRNPO9BN180","YAGEO","26220","20","20","https://www.lcsc.com/product-detail/C527046.html","0603","Tape & Reel (TR)","18pF","±1%","50V","NP0",""
"C527047","CC0603FRNPO9BN181","YAGEO","3650","50","50","https://www.lcsc.com/product-detail/C527047.html","0603","Tape & Reel (TR)","180pF","±1%","50V","NP0",""
"C527048","CC0603FRNPO9BN390","YAGEO","16320","20","20","https://www.lcsc.com/product-detail/C527048.html","0603","Tape & Reel (TR)","39pF","±1%","50V","NP0",""
"C527049","CC0603FRNPO9BN560","YAGEO","57350","50","50","https://www.lcsc.com/product-detail/C527049.html","0603","Tape & Reel (TR)","56pF","±1%","50V","NP0",""
"C527050","CC0603GRNPO0BN100","YAGEO","2770","10","10","https://www.lcsc.com/product-detail/C527050.html","0603","Tape & Reel (TR)","10pF","±2%","100V","NP0",""
"C527051","CC0603GRNPO0BN120","YAGEO","5500","100","100","https://www.lcsc.com/product-detail/C527051.html","0603","Tape & Reel (TR)","12pF","±2%","100V","NP0",""
"C527059","CC0603GRNPO8BN681","YAGEO","6450","50","50","https://www.lcsc.com/product-detail/C527059.html","0603","Tape & Reel (TR)","680pF","±2%","25V","NP0",""
"C527060","CC0603JRNPO0BN160","YAGEO","1200","100","100","https://www.lcsc.com/product-detail/C527060.html","0603","Tape & Reel (TR)","16pF","±5%","100V","NP0",""
"C527061","CC0603JRNPO0BN200","YAGEO","13300","50","50","https://www.lcsc.com/product-detail/C527061.html","0603","Tape & Reel (TR)","20pF","±5%","100V","NP0",""
"C527065","CC0603JRNPO0BN680","YAGEO","7600","100","100","https://www.lcsc.com/product-detail/C527065.html","0603","Tape & Reel (TR)","68pF","±5%","100V","NP0",""
"C527066","CC0603JRNPO0BN681","YAGEO","3300","100","100","https://www.lcsc.com/product-detail/C527066.html","0603","Tape & Reel (TR)","680pF","±5%","100V","NP0",""
"C527067","CC0603JRNPO8BN122","YAGEO","2750","50","50","https://www.lcsc.com/product-detail/C527067.html","0603","Tape & Reel (TR)","1.2nF","±5%","25V","NP0",""
"C527068","CC0603JRNPOABN471","YAGEO","4200","100","100","https://www.lcsc.com/product-detail/C527068.html","0603","Tape & Reel (TR)","470pF","±5%","200V","NP0",""
"C527069","CC0603JRNPOYBN221","YAGEO","5950","50","50","https://www.lcsc.com/product-detail/C527069.html","0603","Tape & Reel (TR)","220pF","±5%","250V","NP0",""
"C527070","CC0603JRX7R0BB152","YAGEO","300","50","50","https://www.lcsc.com/product-detail/C527070.html","0603","Tape & Reel (TR)","1.5nF","±5%","100V","X7R",""
"C527071","CC0603KRX7R0BB562","YAGEO","100","50","50","https://www.lcsc.com/product-detail/C527071.html","0603","Tape & Reel (TR)","5.6nF","±10%","100V","X7R",""
"C527076","CC0805FRNPO9BN121","YAGEO","2200","20","20","https://www.lcsc.com/product-detail/C527076.html","0805","Tape & Reel (TR)","120pF","±1%","50V","NP0",""
"C527077","CC0805FRNPO9BN150","YAGEO","2800","50","50","https://www.lcsc.com/product-detail/C527077.html","0805","Tape & Reel (TR)","15pF","±1%","50V","NP0",""
"C527079","CC0805FRNPO9BN180","YAGEO","6060","20","20","https://www.lcsc.com/product-detail/C527079.html","0805","Tape & Reel (TR)","18pF","±1%","50V","NP0",""
"C527081","CC0805FRNPO9BN200","YAGEO","1050","50","50","https://www.lcsc.com/product-detail/C527081.html","0805","Tape & Reel (TR)","20pF","±1%","50V","NP0",""
"C527182","CC0805FRNPO9BN270","YAGEO","5100","50","50","https://www.lcsc.com/product-detail/C527182.html","0805","Tape & Reel (TR)","27pF","±1%","50V","NP0",""
"C527183","CC0805FRNPO9BN271","YAGEO","3980","20","20","https://www.lcsc.com/product-detail/C527183.html","0805","Tape & Reel (TR)","270pF","±1%","50V","NP0",""
"C527188","CC0805FRNPO9BN561","YAGEO","920","20","20","https://www.lcsc.com/product-detail/C527188.html","0805","Tape & Reel (TR)","560pF","±1%","50V","NP0",""
"C527189","CC0805FRNPO9BN820","YAGEO","3350","50","50","https://www.lcsc.com/product-detail/C527189.html","0805","Tape & Reel (TR)","82pF","±1%","50V","NP0",""
"C527190","CC0805FRNPO9BN821","YAGEO","3340","20","20","https://www.lcsc.com/product-detail/C527190.html","0805","Tape & Reel (TR)","820pF","±1%","50V","NP0",""
"C527193","CC0805GRNPO0BN331","YAGEO","1550","50","50","https://www.lcsc.com/product-detail/C527193.html","0805","Tape & Reel (TR)","330pF","±2%","100V","NP0",""
"C527201","CC0805JKNPO9BN103","YAGEO","48615","5","5","https://www.lcsc.com/product-detail/C527201.html","0805","Tape & Reel (TR)","10nF","±5%","50V","NP0",""
"C527203","CC0805JKNPOBBN102","YAGEO","12770","10","10","https://www.lcsc.com/product-detail/C527203.html","0805","Tape & Reel (TR)","1nF","±5%","500V","NP0",""
"C527204","CC0805JRNPO0BN180","YAGEO","1000","100","100","https://www.lcsc.com/product-detail/C527204.html","0805","Tape & Reel (TR)","18pF","±5%","100V","NP0",""
"C527206","CC0805JRNPO0BN391","YAGEO","3300","50","50","https://www.lcsc.com/product-detail/C527206.html","0805","Tape & Reel (TR)","390pF","±5%","100V","NP0",""
"C527207","CC0805JRNPO0BN680","YAGEO","7000","100","100","https://www.lcsc.com/product-detail/C527207.html","0805","Tape & Reel (TR)","68pF","±5%","100V","NP0",""
"C527209","CC0805JRNPOABN270","YAGEO","1400","50","50","https://www.lcsc.com/product-detail/C527209.html","0805","Tape & Reel (TR)","27pF","±5%","200V","NP0",""
"C527211","CC0805JRNPOBBN121","YAGEO","4100","50","50","https://www.lcsc.com/product-detail/C527211.html","0805","Tape & Reel (TR)","120pF","±5%","500V","NP0",""
"C527214","CC0805JRNPOYBN102","YAGEO","9050","50","50","https://www.lcsc.com/product-detail/C527214.html","0805","Tape & Reel (TR)","1nF","±5%","250V","NP0",""
"C527217","CC0805JRNPOYBN331","YAGEO","1750","50","50","https://www.lcsc.com/product-detail/C527217.html","0805","Tape & Reel (TR)","330pF","±5%","250V","NP0",""
"C527218","CC0805JRX7R0BB153","YAGEO","50","50","50","https://www.lcsc.com/product-detail/C527218.html","0805","Tape & Reel (TR)","15nF","±5%","100V","X7R",""
"C527219","CC0805JRX7R0BB222","YAGEO","1000","50","50","https://www.lcsc.com/product-detail/C527219.html","0805","Tape & Reel (TR)","2.2nF","±5%","100V","X7R",""
"C527221","CC0805JRX7RABB331","YAGEO","3850","50","50","https://www.lcsc.com/product-detail/C527221.html","0805","Tape & Reel (TR)","330pF","±5%","200V","X7R",""
"C527226","CC0805KKX7RYBB153","YAGEO","2000","50","50","https://www.lcsc.com/product-detail/C527226.html","0805","Tape & Reel (TR)","15nF","±10%","250V","X7R",""
"C527230","CC0805KRX7R8BB152","YAGEO","1000","100","100","https://www.lcsc.com/product-detail/C527230.html","0805","Tape & Reel (TR)","1.5nF","±10%","25V","X7R",""
"C527231","CC0805KRX7RABB331","YAGEO","250","50","50","https://www.lcsc.com/product-detail/C527231.html","0805","Tape & Reel (TR)","330pF","±10%","200V","X7R",""
"C527232","CC0805KRX7RABB332","YAGEO","2650","50","50","https://www.lcsc.com/product-detail/C527232.html","0805","Tape & Reel (TR)","3.3nF","±10%","200V","X7R",""
"C527234","CC0805KRX7RABB562","YAGEO","2050","50","50","https://www.lcsc.com/product-detail/C527234.html","0805","Tape & Reel (TR)","5.6nF","±10%","200V","X7R",""
"C527235","CC0805KRX7RYBB271","YAGEO","950","50","50","https://www.lcsc.com/product-detail/C527235.html","0805","Tape & Reel (TR)","270pF","±10%","250V","X7R",""
"C527236","CC0805KRX7RYBB391","YAGEO","3350","50","50","https://www.lcsc.com/product-detail/C527236.html","0805","Tape & Reel (TR)","390pF","±10%","250V","X7R",""
"C527237","CC0805KRX7RYBB392","YAGEO","100","50","50","https://www.lcsc.com/product-detail/C527237.html","0805","Tape & Reel (TR)","3.9nF","±10%","250V","X7R",""
"C527244","CC1206GRNPO0BN102","YAGEO","4260","10","10","https://www.lcsc.com/product-detail/C527244.html","1206","Tape & Reel (TR)","1nF","±2%","100V","NP0",""
"C527246","CC1206GRNPO9BN101","YAGEO","3050","10","10","https://www.lcsc.com/product-detail/C527246.html","1206","Tape & Reel (TR)","100pF","±2%","50V","NP0",""
"C527247","CC1206GRNPO9BN102","YAGEO","1640","10","10","https://www.lcsc.com/product-detail/C527247.html","1206","Tape & Reel (TR)","1nF","±2%","50V","NP0",""
"C527250","CC1206GRNPO9BN182","YAGEO","2300","10","10","https://www.lcsc.com/product-detail/C527250.html","1206","Tape & Reel (TR)","1.8nF","±2%","50V","NP0",""
"C527251","CC1206GRNPO9BN220","YAGEO","3630","10","10","https://www.lcsc.com/product-detail/C527251.html","1206","Tape & Reel (TR)","22pF","±2%","50V","NP0",""
"C527257","CC1206GRNPOABN101","YAGEO","7180","10","10","https://www.lcsc.com/product-detail/C527257.html","1206","Tape & Reel (TR)","100pF","±2%","200V","NP0",""
"C527260","CC1206JKNPO9BN822","YAGEO","4300","10","10","https://www.lcsc.com/product-detail/C527260.html","1206","Tape & Reel (TR)","8.2nF","±5%","50V","NP0",""
"C527261","CC1206JKNPOBBN222","YAGEO","11000","20","20","https://www.lcsc.com/product-detail/C527261.html","1206","Tape & Reel (TR)","2.2nF","±5%","500V","NP0",""
"C527262","CC1206JKNPOCBN821","YAGEO","21460","20","20","https://www.lcsc.com/product-detail/C527262.html","1206","Tape & Reel (TR)","820pF","±5%","1kV","NP0",""
"C527263","CC1206JKNPODBN121","YAGEO","2960","10","10","https://www.lcsc.com/product-detail/C527263.html","1206","Tape & Reel (TR)","120pF","±5%","2kV","NP0",""
"C527268","CC1206JKNPOZBN221","YAGEO","3350","10","10","https://www.lcsc.com/product-detail/C527268.html","1206","Tape & Reel (TR)","220pF","±5%","630V","NP0",""
"C527271","CC1206JKNPOZBN681","YAGEO","3270","10","10","https://www.lcsc.com/product-detail/C527271.html","1206","Tape & Reel (TR)","680pF","±5%","630V","NP0",""
"C527273","CC1206JKX7R9BB105","YAGEO","2365","5","5","https://www.lcsc.com/product-detail/C527273.html","1206","Tape & Reel (TR)","1uF","±5%","50V","X7R",""
"C527274","CC1206JKX7R9BB224","YAGEO","1890","10","10","https://www.lcsc.com/product-detail/C527274.html","1206","Tape & Reel (TR)","220nF","±5%","50V","X7R",""
"C527275","CC1206JKX7RBBB103","YAGEO","5340","20","20","https://www.lcsc.com/product-detail/C527275.html","1206","Tape & Reel (TR)","10nF","±5%","500V","X7R",""
"C527276","CC1206JKX7RBBB681","YAGEO","2940","20","20","https://www.lcsc.com/product-detail/C527276.html","1206","Tape & Reel (TR)","680pF","±5%","500V","X7R",""
"C527278","CC1206JRNPO0BN122","YAGEO","1200","20","20","https://www.lcsc.com/product-detail/C527278.html","1206","Tape & Reel (TR)","1.2nF","±5%","100V","NP0",""
"C527279","CC1206JRNPO0BN180","YAGEO","3960","10","10","https://www.lcsc.com/product-detail/C527279.html","1206","Tape & Reel (TR)","18pF","±5%","100V","NP0",""
"C527281","CC1206JRNPO0BN182","YAGEO","1180","20","20","https://www.lcsc.com/product-detail/C527281.html","1206","Tape & Reel (TR)","1.8nF","±5%","100V","NP0",""
"C527286","CC1206JRNPO0BN332","YAGEO","5010","10","10","https://www.lcsc.com/product-detail/C527286.html","1206","Tape & Reel (TR)","3.3nF","±5%","100V","NP0",""
"C527287","CC1206JRNPO0BN390","YAGEO","3140","20","20","https://www.lcsc.com/product-detail/C527287.html","1206","Tape & Reel (TR)","39pF","±5%","100V","NP0",""
"C527288","CC1206JRNPO0BN391","YAGEO","1020","20","20","https://www.lcsc.com/product-detail/C527288.html","1206","Tape & Reel (TR)","390pF","±5%","100V","NP0",""
"C527290","CC1206JRNPO0BN561","YAGEO","1640","20","20","https://www.lcsc.com/product-detail/C527290.html","1206","Tape & Reel (TR)","560pF","±5%","100V","NP0",""
"C527291","CC1206JRNPO0BN820","YAGEO","920","20","20","https://www.lcsc.com/product-detail/C527291.html","1206","Tape & Reel (TR)","82pF","±5%","100V","NP0",""
"C527292","CC1206JRNPO0BN821","YAGEO","1720","20","20","https://www.lcsc.com/product-detail/C527292.html","1206","Tape & Reel (TR)","820pF","±5%","100V","NP0",""
"C527294","CC1206JRNPO9BN182","YAGEO","7060","20","20","https://www.lcsc.com/product-detail/C527294.html","1206","Tape & Reel (TR)","1.8nF","±5%","50V","NP0",""
"C527295","CC1206JRNPO9BN272","YAGEO","11180","20","20","https://www.lcsc.com/product-detail/C527295.html","1206","Tape & Reel (TR)","2.7nF","±5%","50V","NP0",""
"C527296","CC1206JRNPO9BN562","YAGEO","2560","10","10","https://www.lcsc.com/product-detail/C527296.html","1206","Tape & Reel (TR)","5.6nF","±5%","50V","NP0",""
"C527297","CC1206JRNPOABN220","YAGEO","3320","20","20","https://www.lcsc.com/product-detail/C527297.html","1206","Tape & Reel (TR)","22pF","±5%","200V","NP0",""
"C527300","CC1206JRNPOABN391","YAGEO","1280","20","20","https://www.lcsc.com/product-detail/C527300.html","1206","Tape & Reel (TR)","390pF","±5%","200V","NP0",""
"C527301","CC1206JRNPOABN470","YAGEO","3920","20","20","https://www.lcsc.com/product-detail/C527301.html","1206","Tape & Reel (TR)","47pF","±5%","200V","NP0",""
"C527302","CC1206JRNPOABN471","YAGEO","6240","20","20","https://www.lcsc.com/product-detail/C527302.html","1206","Tape & Reel (TR)","470pF","±5%","200V","NP0",""
"C527303","CC1206JRNPOABN560","YAGEO","3020","10","10","https://www.lcsc.com/product-detail/C527303.html","1206","Tape & Reel (TR)","56pF","±5%","200V","NP0",""
"C527305","CC1206JRNPOBBN181","YAGEO","5000","20","20","https://www.lcsc.com/product-detail/C527305.html","1206","Tape & Reel (TR)","180pF","±5%","500V","NP0",""
"C527311","CC1206JRNPOYBN101","YAGEO","1500","20","20","https://www.lcsc.com/product-detail/C527311.html","1206","Tape & Reel (TR)","100pF","±5%","250V","NP0",""
"C527313","CC1206JRX7R0BB153","YAGEO","2960","20","20","https://www.lcsc.com/product-detail/C527313.html","1206","Tape & Reel (TR)","15nF","±5%","100V","X7R",""
"C527315","CC1206JRX7R0BB333","YAGEO","140","20","20","https://www.lcsc.com/product-detail/C527315.html","1206","Tape & Reel (TR)","33nF","±5%","100V","X7R",""
"C527317","CC1206JRX7R9BB152","YAGEO","60","10","10","https://www.lcsc.com/product-detail/C527317.html","1206","Tape & Reel (TR)","1.5nF","±5%","50V","X7R",""
"C527318","CC1206JRX7R9BB182","YAGEO","20","10","10","https://www.lcsc.com/product-detail/C527318.html","1206","Tape & Reel (TR)","1.8nF","±5%","50V","X7R",""
"C527321","CC1206JRX7R9BB223","YAGEO","1800","20","20","https://www.lcsc.com/product-detail/C527321.html","1206","Tape & Reel (TR)","22nF","±5%","50V","X7R",""
"C527322","CC1206JRX7R9BB472","YAGEO","2280","20","20","https://www.lcsc.com/product-detail/C527322.html","1206","Tape & Reel (TR)","4.7nF","±5%","50V","X7R",""
"C527323","CC1206JRX7R9BB473","YAGEO","160","20","20","https://www.lcsc.com/product-detail/C527323.html","1206","Tape & Reel (TR)","47nF","±5%","50V","X7R",""
"C527325","CC1206JRX7R9BB682","YAGEO","3100","20","20","https://www.lcsc.com/product-detail/C527325.html","1206","Tape & Reel (TR)","6.8nF","±5%","50V","X7R",""
"C527329","CC1206JRX7RABB153","YAGEO","380","10","10","https://www.lcsc.com/product-detail/C527329.html","1206","Tape & Reel (TR)","15nF","±5%","200V","X7R",""
"C527330","CC1206JRX7RABB222","YAGEO","40","20","20","https://www.lcsc.com/product-detail/C527330.html","1206","Tape & Reel (TR)","2.2nF","±5%","200V","X7R",""
"C527331","CC1206JRX7RYBB103","YAGEO","320","20","20","https://www.lcsc.com/product-detail/C527331.html","1206","Tape & Reel (TR)","10nF","±5%","250V","X7R",""
"C527333","CC1206KKX7RABB333","YAGEO","220","20","20","https://www.lcsc.com/product-detail/C527333.html","1206","Tape & Reel (TR)","33nF","±10%","200V","X7R",""
"C527334","CC1206KKX7RABB683","YAGEO","2960","20","20","https://www.lcsc.com/product-detail/C527334.html","1206","Tape & Reel (TR)","68nF","±10%","200V","X7R",""
"C527335","CC1206KKX7RDBB152","YAGEO","2860","10","10","https://www.lcsc.com/product-detail/C527335.html","1206","Tape & Reel (TR)","1.5nF","±10%","2kV","X7R",""
"C527336","CC1206KKX7RDBB221","YAGEO","5680","10","10","https://www.lcsc.com/product-detail/C527336.html","1206","Tape & Reel (TR)","220pF","±10%","2kV","X7R",""
"C527338","CC1206KKX7RZBB153","YAGEO","2550","50","50","https://www.lcsc.com/product-detail/C527338.html","1206","Tape & Reel (TR)","15nF","±10%","630V","X7R",""
"C527345","CC1206KRX7R0BB183","YAGEO","1900","50","50","https://www.lcsc.com/product-detail/C527345.html","1206","Tape & Reel (TR)","18nF","±10%","100V","X7R",""
"C527346","CC1206KRX7R7BB474","YAGEO","3740","20","20","https://www.lcsc.com/product-detail/C527346.html","1206","Tape & Reel (TR)","470nF","±10%","16V","X7R",""
"C527347","CC1206KRX7R8BB104","YAGEO","5680","20","20","https://www.lcsc.com/product-detail/C527347.html","1206","Tape & Reel (TR)","100nF","±10%","25V","X7R",""
"C527348","CC1206KRX7R8BB224","YAGEO","180","20","20","https://www.lcsc.com/product-detail/C527348.html","1206","Tape & Reel (TR)","220nF","±10%","25V","X7R",""
"C527350","CC1206KRX7R8BB474","YAGEO","3200","20","20","https://www.lcsc.com/product-detail/C527350.html","1206","Tape & Reel (TR)","470nF","±10%","25V","X7R",""
"C527351","CC1206KRX7R9BB182","YAGEO","2900","50","50","https://www.lcsc.com/product-detail/C527351.html","1206","Tape & Reel (TR)","1.8nF","±10%","50V","X7R",""
"C527354","CC1206KRX7R9BB273","YAGEO","420","20","20","https://www.lcsc.com/product-detail/C527354.html","1206","Tape & Reel (TR)","27nF","±10%","50V","X7R",""
"C527355","CC1206KRX7R9BB391","YAGEO","160","20","20","https://www.lcsc.com/product-detail/C527355.html","1206","Tape & Reel (TR)","390pF","±10%","50V","X7R",""
"C527357","CC1206KRX7R9BB393","YAGEO","200","20","20","https://www.lcsc.com/product-detail/C527357.html","1206","Tape & Reel (TR)","39nF","±10%","50V","X7R",""
"C527358","CC1206KRX7R9BB822","YAGEO","1400","20","20","https://www.lcsc.com/product-detail/C527358.html","1206","Tape & Reel (TR)","8.2nF","±10%","50V","X7R",""
"C527374","CC1210KKX7R0BB103","YAGEO","10","10","10","https://www.lcsc.com/product-detail/C527374.html","1210","Tape & Reel (TR)","10nF","±10%","100V","X7R",""
"C527375","CC1210KKX7R0BB104","YAGEO","2490","10","10","https://www.lcsc.com/product-detail/C527375.html","1210","Tape & Reel (TR)","100nF","±10%","100V","X7R",""
"C527377","CC1210KKX7RABB223","YAGEO","1520","5","5","https://www.lcsc.com/product-detail/C527377.html","1210","Tape & Reel (TR)","22nF","±10%","200V","X7R",""
"C527379","CC1210KKX7RBBB103","YAGEO","2595","5","5","https://www.lcsc.com/product-detail/C527379.html","1210","Tape & Reel (TR)","10nF","±10%","500V","X7R",""
"C527380","CC1210KKX7RDBB102","YAGEO","23845","5","5","https://www.lcsc.com/product-detail/C527380.html","1210","Tape & Reel (TR)","1nF","±10%","2kV","X7R",""
"C527382","CC1210KKX7RYBB473","YAGEO","195","5","5","https://www.lcsc.com/product-detail/C527382.html","1210","Tape & Reel (TR)","47nF","±10%","250V","X7R",""
"C527592","GQM1875C2E220JB12D","muRata","1735","5","5","https://www.lcsc.com/product-detail/C527592.html","0603","Tape & Reel (TR)","22pF","±5%","250V","C0G",""
"C527967","GCM1885C2A101FA16D","muRata","8220","10","10","https://www.lcsc.com/product-detail/C527967.html","0603","Tape & Reel (TR)","100pF","±1%","100V","C0G",""
"C541360","CC0402JRNPO8BN180","YAGEO","18400","100","100","https://www.lcsc.com/product-detail/C541360.html","0402","Tape & Reel (TR)","18pF","±5%","25V","NP0",""
"C541361","CC0402JRNPO8BN220","YAGEO","53800","100","100","https://www.lcsc.com/product-detail/C541361.html","0402","Tape & Reel (TR)","22pF","±5%","25V","NP0",""
"C541362","CC0402JRNPO8BN470","YAGEO","17800","100","100","https://www.lcsc.com/product-detail/C541362.html","0402","Tape & Reel (TR)","47pF","±5%","25V","NP0",""
"C541363","CC0402JRNPO9BN250","YAGEO","44300","100","100","https://www.lcsc.com/product-detail/C541363.html","0402","Tape & Reel (TR)","25pF","±5%","50V","NP0",""
"C541364","CC0402JRNPO9BN430","YAGEO","8300","100","100","https://www.lcsc.com/product-detail/C541364.html","0402","Tape & Reel (TR)","43pF","±5%","50V","NP0",""
"C541365","CC0402JRNPO9BN910","YAGEO","20000","100","100","https://www.lcsc.com/product-detail/C541365.html","0402","Tape & Reel (TR)","91pF","±5%","50V","NP0",""
"C541370","CC0402KRX7R5BB103","YAGEO","8800","100","100","https://www.lcsc.com/product-detail/C541370.html","0402","Tape & Reel (TR)","10nF","±10%","6.3V","X7R",""
"C541372","CC0402KRX7R8BB102","YAGEO","3500","100","100","https://www.lcsc.com/product-detail/C541372.html","0402","Tape & Reel (TR)","1nF","±10%","25V","X7R",""
"C541373","CC0402KRX7R6BB222","YAGEO","20200","100","100","https://www.lcsc.com/product-detail/C541373.html","0402","Tape & Reel (TR)","2.2nF","±10%","10V","X7R",""
"C541374","CC0402KRX7R7BB101","YAGEO","1800","100","100","https://www.lcsc.com/product-detail/C541374.html","0402","Tape & Reel (TR)","100pF","±10%","16V","X7R",""
"C541375","CC0402KRX7R7BB152","YAGEO","8200","100","100","https://www.lcsc.com/product-detail/C541375.html","0402","Tape & Reel (TR)","1.5nF","±10%","16V","X7R",""
"C541376","CC0402KRX7R7BB222","YAGEO","26400","100","100","https://www.lcsc.com/product-detail/C541376.html","0402","Tape & Reel (TR)","2.2nF","±10%","16V","X7R",""
"C541377","CC0402KRX7R7BB331","YAGEO","4300","100","100","https://www.lcsc.com/product-detail/C541377.html","0402","Tape & Reel (TR)","330pF","±10%","16V","X7R",""
"C541378","CC0402KRX7R7BB332","YAGEO","7600","100","100","https://www.lcsc.com/product-detail/C541378.html","0402","Tape & Reel (TR)","3.3nF","±10%","16V","X7R",""
"C541379","CC0402KRX7R7BB471","YAGEO","38600","100","100","https://www.lcsc.com/product-detail/C541379.html","0402","Tape & Reel (TR)","470pF","±10%","16V","X7R",""
"C541380","CC0402KRX7R7BB472","YAGEO","9000","100","100","https://www.lcsc.com/product-detail/C541380.html","0402","Tape & Reel (TR)","4.7nF","±10%","16V","X7R",""
"C541382","CC0402KRX7R7BB682","YAGEO","1500","100","100","https://www.lcsc.com/product-detail/C541382.html","0402","Tape & Reel (TR)","6.8nF","±10%","16V","X7R",""
"C541384","CC0402KRX7R8BB151","YAGEO","2100","100","100","https://www.lcsc.com/product-detail/C541384.html","0402","Tape & Reel (TR)","150pF","±10%","25V","X7R",""
"C541386","CC0402KRX7R8BB222","YAGEO","25800","100","100","https://www.lcsc.com/product-detail/C541386.html","0402","Tape & Reel (TR)","2.2nF","±10%","25V","X7R",""
"C541387","CC0402KRX7R8BB471","YAGEO","5900","100","100","https://www.lcsc.com/product-detail/C541387.html","0402","Tape & Reel (TR)","470pF","±10%","25V","X7R",""
"C541388","CC0402KRX7R8BB682","YAGEO","20700","100","100","https://www.lcsc.com/product-detail/C541388.html","0402","Tape & Reel (TR)","6.8nF","±10%","25V","X7R",""
"C541389","CC0402KRX7R7BB272","YAGEO","1800","100","100","https://www.lcsc.com/product-detail/C541389.html","0402","Tape & Reel (TR)","2.7nF","±10%","16V","X7R",""
"C541390","CC0402KRX7R7BB392","YAGEO","2400","100","100","https://www.lcsc.com/product-detail/C541390.html","0402","Tape & Reel (TR)","3.9nF","±10%","16V","X7R",""
"C541393","CC0402KRX7R9BB202","YAGEO","6200","100","100","https://www.lcsc.com/product-detail/C541393.html","0402","Tape & Reel (TR)","2nF","±10%","50V","X7R",""
"C541412","CC0402GRNPO9BN220","YAGEO","105200","100","100","https://www.lcsc.com/product-detail/C541412.html","0402","Tape & Reel (TR)","22pF","±2%","50V","NP0",""
"C541413","CC0402GRNPO9BN390","YAGEO","21900","100","100","https://www.lcsc.com/product-detail/C541413.html","0402","Tape & Reel (TR)","39pF","±2%","50V","NP0",""
"C541415","CC0402GRNPO9BN130","YAGEO","5300","100","100","https://www.lcsc.com/product-detail/C541415.html","0402","Tape & Reel (TR)","13pF","±2%","50V","NP0",""
"C541416","CC0402GRNPO9BN200","YAGEO","4950","50","50","https://www.lcsc.com/product-detail/C541416.html","0402","Tape & Reel (TR)","20pF","±2%","50V","NP0",""
"C541419","CC0402GRNPO9BN510","YAGEO","8400","100","100","https://www.lcsc.com/product-detail/C541419.html","0402","Tape & Reel (TR)","51pF","±2%","50V","NP0",""
"C541420","CC0402GRNPO9BN620","YAGEO","9000","100","100","https://www.lcsc.com/product-detail/C541420.html","0402","Tape & Reel (TR)","62pF","±2%","50V","NP0",""
"C541421","CC0402GRNPO9BN750","YAGEO","8500","100","100","https://www.lcsc.com/product-detail/C541421.html","0402","Tape & Reel (TR)","75pF","±2%","50V","NP0",""
"C541423","CC0402GRNPO9BN151","YAGEO","23500","100","100","https://www.lcsc.com/product-detail/C541423.html","0402","Tape & Reel (TR)","150pF","±2%","50V","NP0",""
"C541424","CC0402GRNPO9BN181","YAGEO","108400","100","100","https://www.lcsc.com/product-detail/C541424.html","0402","Tape & Reel (TR)","180pF","±2%","50V","NP0",""
"C541425","CC0402GRNPO9BN221","YAGEO","47950","50","50","https://www.lcsc.com/product-detail/C541425.html","0402","Tape & Reel (TR)","220pF","±2%","50V","NP0",""
"C541427","CC0402GRNPO9BN331","YAGEO","6000","100","100","https://www.lcsc.com/product-detail/C541427.html","0402","Tape & Reel (TR)","330pF","±2%","50V","NP0",""
"C541429","CC0402GRNPO9BN471","YAGEO","10800","100","100","https://www.lcsc.com/product-detail/C541429.html","0402","Tape & Reel (TR)","470pF","±2%","50V","NP0",""
"C541430","CC0402GRNPO9BN201","YAGEO","8400","100","100","https://www.lcsc.com/product-detail/C541430.html","0402","Tape & Reel (TR)","200pF","±2%","50V","NP0",""
"C541431","CC0402FRNPO9BN180","YAGEO","159500","100","100","https://www.lcsc.com/product-detail/C541431.html","0402","Tape & Reel (TR)","18pF","±1%","50V","NP0",""
"C541433","CC0402FRNPO9BN130","YAGEO","2900","100","100","https://www.lcsc.com/product-detail/C541433.html","0402","Tape & Reel (TR)","13pF","±1%","50V","NP0",""
"C541434","CC0402FRNPO9BN160","YAGEO","8500","100","100","https://www.lcsc.com/product-detail/C541434.html","0402","Tape & Reel (TR)","16pF","±1%","50V","NP0",""
"C541435","CC0402FRNPO9BN240","YAGEO","12900","100","100","https://www.lcsc.com/product-detail/C541435.html","0402","Tape & Reel (TR)","24pF","±1%","50V","NP0",""
"C541437","CC0402FRNPO9BN510","YAGEO","45350","50","50","https://www.lcsc.com/product-detail/C541437.html","0402","Tape & Reel (TR)","51pF","±1%","50V","NP0",""
"C541438","CC0402FRNPO9BN620","YAGEO","14400","50","50","https://www.lcsc.com/product-detail/C541438.html","0402","Tape & Reel (TR)","62pF","±1%","50V","NP0",""
"C541439","CC0402FRNPO9BN750","YAGEO","10700","100","100","https://www.lcsc.com/product-detail/C541439.html","0402","Tape & Reel (TR)","75pF","±1%","50V","NP0",""
"C541440","CC0402FRNPO9BN910","YAGEO","5200","100","100","https://www.lcsc.com/product-detail/C541440.html","0402","Tape & Reel (TR)","91pF","±1%","50V","NP0",""
"C541441","CC0402JRX7R7BB102","YAGEO","6800","100","100","https://www.lcsc.com/product-detail/C541441.html","0402","Tape & Reel (TR)","1nF","±5%","16V","X7R",""
"C541443","CC0402JRX7R8BB103","YAGEO","20400","100","100","https://www.lcsc.com/product-detail/C541443.html","0402","Tape & Reel (TR)","10nF","±5%","25V","X7R",""
"C541444","CC0402JRX7R7BB472","YAGEO","5900","100","100","https://www.lcsc.com/product-detail/C541444.html","0402","Tape & Reel (TR)","4.7nF","±5%","16V","X7R",""
"C541446","CC0402JRX7R9BB151","YAGEO","9800","100","100","https://www.lcsc.com/product-detail/C541446.html","0402","Tape & Reel (TR)","150pF","±5%","50V","X7R",""
"C541447","CC0402JRX7R9BB332","YAGEO","51900","100","100","https://www.lcsc.com/product-detail/C541447.html","0402","Tape & Reel (TR)","3.3nF","±5%","50V","X7R",""
"C541451","CC0402JRX7R9BB121","YAGEO","1900","100","100","https://www.lcsc.com/product-detail/C541451.html","0402","Tape & Reel (TR)","120pF","±5%","50V","X7R",""
"C541452","CC0402JRX7R9BB122","YAGEO","2500","100","100","https://www.lcsc.com/product-detail/C541452.html","0402","Tape & Reel (TR)","1.2nF","±5%","50V","X7R",""
"C541454","CC0402JRX7R9BB271","YAGEO","1900","100","100","https://www.lcsc.com/product-detail/C541454.html","0402","Tape & Reel (TR)","270pF","±5%","50V","X7R",""
"C541456","CC0402JRX7R9BB561","YAGEO","9200","100","100","https://www.lcsc.com/product-detail/C541456.html","0402","Tape & Reel (TR)","560pF","±5%","50V","X7R",""
"C541457","CC0402JRX7R9BB822","YAGEO","28000","100","100","https://www.lcsc.com/product-detail/C541457.html","0402","Tape & Reel (TR)","8.2nF","±5%","50V","X7R",""
"C541459","CC0402JRX7R7BB223","YAGEO","25800","100","100","https://www.lcsc.com/product-detail/C541459.html","0402","Tape & Reel (TR)","22nF","±5%","16V","X7R",""
"C541460","CC0402JRX7R9BB223","YAGEO","58300","100","100","https://www.lcsc.com/product-detail/C541460.html","0402","Tape & Reel (TR)","22nF","±5%","50V","X7R",""
"C541461","CC0402JRX7R7BB333","YAGEO","9900","100","100","https://www.lcsc.com/product-detail/C541461.html","0402","Tape & Reel (TR)","33nF","±5%","16V","X7R",""
"C541462","CC0402JRX7R8BB333","YAGEO","8400","100","100","https://www.lcsc.com/product-detail/C541462.html","0402","Tape & Reel (TR)","33nF","±5%","25V","X7R",""
"C541463","CC0402JRX7R9BB333","YAGEO","55700","100","100","https://www.lcsc.com/product-detail/C541463.html","0402","Tape & Reel (TR)","33nF","±5%","50V","X7R",""
"C541464","CC0402JRX7R7BB104","YAGEO","336900","100","100","https://www.lcsc.com/product-detail/C541464.html","0402","Tape & Reel (TR)","100nF","±5%","16V","X7R",""
"C541465","CC0402JRX7R8BB104","YAGEO","62500","100","100","https://www.lcsc.com/product-detail/C541465.html","0402","Tape & Reel (TR)","100nF","±5%","25V","X7R",""
"C541468","CC0402FRNPO9BN121","YAGEO","21300","100","100","https://www.lcsc.com/product-detail/C541468.html","0402","Tape & Reel (TR)","120pF","±1%","50V","NP0",""
"C541469","CC0402FRNPO9BN151","YAGEO","91200","50","50","https://www.lcsc.com/product-detail/C541469.html","0402","Tape & Reel (TR)","150pF","±1%","50V","NP0",""
"C541470","CC0402FRNPO9BN181","YAGEO","63450","50","50","https://www.lcsc.com/product-detail/C541470.html","0402","Tape & Reel (TR)","180pF","±1%","50V","NP0",""
"C541471","CC0402FRNPO9BN271","YAGEO","6900","100","100","https://www.lcsc.com/product-detail/C541471.html","0402","Tape & Reel (TR)","270pF","±1%","50V","NP0",""
"C541473","CC0402FRNPO9BN331","YAGEO","31150","50","50","https://www.lcsc.com/product-detail/C541473.html","0402","Tape & Reel (TR)","330pF","±1%","50V","NP0",""
"C541474","CC0402FRNPO9BN391","YAGEO","4800","100","100","https://www.lcsc.com/product-detail/C541474.html","0402","Tape & Reel (TR)","390pF","±1%","50V","NP0",""
"C541476","CC1206JRNPO9BN150","YAGEO","3660","20","20","https://www.lcsc.com/product-detail/C541476.html","1206","Tape & Reel (TR)","15pF","±5%","50V","NP0",""
"C541477","CC1206JRNPO9BN331","YAGEO","2520","20","20","https://www.lcsc.com/product-detail/C541477.html","1206","Tape & Reel (TR)","330pF","±5%","50V","NP0",""
"C541479","CC1206JRNPO9BN152","YAGEO","3020","20","20","https://www.lcsc.com/product-detail/C541479.html","1206","Tape & Reel (TR)","1.5nF","±5%","50V","NP0",""
"C541481","CC1206JKNPO8BN822","YAGEO","2800","10","10","https://www.lcsc.com/product-detail/C541481.html","1206","Tape & Reel (TR)","8.2nF","±5%","25V","NP0",""
"C541482","CC1206KRX7R9BB331","YAGEO","700","20","20","https://www.lcsc.com/product-detail/C541482.html","1206","Tape & Reel (TR)","330pF","±10%","50V","X7R",""
"C541485","CC1206KRX7R9BB561","YAGEO","500","20","20","https://www.lcsc.com/product-detail/C541485.html","1206","Tape & Reel (TR)","560pF","±10%","50V","X7R",""
"C541487","CC1206KRX7R9BB333","YAGEO","18620","20","20","https://www.lcsc.com/product-detail/C541487.html","1206","Tape & Reel (TR)","33nF","±10%","50V","X7R",""
"C541492","CC1206JKNPOCBN270","YAGEO","7580","20","20","https://www.lcsc.com/product-detail/C541492.html","1206","Tape & Reel (TR)","27pF","±5%","1kV","NP0",""
"C541493","CC1206JKNPOCBN390","YAGEO","8620","20","20","https://www.lcsc.com/product-detail/C541493.html","1206","Tape & Reel (TR)","39pF","±5%","1kV","NP0",""
"C541494","CC1206JKNPOCBN181","YAGEO","1710","10","10","https://www.lcsc.com/product-detail/C541494.html","1206","Tape & Reel (TR)","180pF","±5%","1kV","NP0",""
"C541495","CC1206JKNPOCBN331","YAGEO","22700","20","20","https://www.lcsc.com/product-detail/C541495.html","1206","Tape & Reel (TR)","330pF","±5%","1kV","NP0",""
"C541496","CC1206JKNPOCBN561","YAGEO","2440","20","20","https://www.lcsc.com/product-detail/C541496.html","1206","Tape & Reel (TR)","560pF","±5%","1kV","NP0",""
"C541497","CC1206JKNPOCBN681","YAGEO","14240","20","20","https://www.lcsc.com/product-detail/C541497.html","1206","Tape & Reel (TR)","680pF","±5%","1kV","NP0",""
"C541498","CC1206JKX7RDBB102","YAGEO","11120","20","20","https://www.lcsc.com/product-detail/C541498.html","1206","Tape & Reel (TR)","1nF","±5%","2kV","X7R",""
"C541499","CC0805JRNPO9BN182","YAGEO","2740","20","20","https://www.lcsc.com/product-detail/C541499.html","0805","Tape & Reel (TR)","1.8nF","±5%","50V","NP0",""
"C541501","CC0805JKNPO8BN472","YAGEO","1210","10","10","https://www.lcsc.com/product-detail/C541501.html","0805","Tape & Reel (TR)","4.7nF","±5%","25V","NP0",""
"C541502","CC0805JKNPO9BN822","YAGEO","1050","10","10","https://www.lcsc.com/product-detail/C541502.html","0805","Tape & Reel (TR)","8.2nF","±5%","50V","NP0",""
"C541505","CC1206GRNPO9BN100","YAGEO","970","10","10","https://www.lcsc.com/product-detail/C541505.html","1206","Tape & Reel (TR)","10pF","±2%","50V","NP0",""
"C541508","CC1206GRNPO9BN330","YAGEO","3910","10","10","https://www.lcsc.com/product-detail/C541508.html","1206","Tape & Reel (TR)","33pF","±2%","50V","NP0",""
"C541512","CC0805FRNPO9BN100","YAGEO","12010","10","10","https://www.lcsc.com/product-detail/C541512.html","0805","Tape & Reel (TR)","10pF","±1%","50V","NP0",""
"C541514","CC0805FRNPO9BN120","YAGEO","2600","50","50","https://www.lcsc.com/product-detail/C541514.html","0805","Tape & Reel (TR)","12pF","±1%","50V","NP0",""
"C541515","CC0805FRNPO9BN220","YAGEO","6380","20","20","https://www.lcsc.com/product-detail/C541515.html","0805","Tape & Reel (TR)","22pF","±1%","50V","NP0",""
"C541516","CC0805FRNPO9BN330","YAGEO","1500","20","20","https://www.lcsc.com/product-detail/C541516.html","0805","Tape & Reel (TR)","33pF","±1%","50V","NP0",""
"C541517","CC0805FRNPO9BN680","YAGEO","15250","50","50","https://www.lcsc.com/product-detail/C541517.html","0805","Tape & Reel (TR)","68pF","±1%","50V","NP0",""
"C541518","CC0805FRNPO9BN360","YAGEO","2860","20","20","https://www.lcsc.com/product-detail/C541518.html","0805","Tape & Reel (TR)","36pF","±1%","50V","NP0",""
"C541521","CC0805FRNPO9BN750","YAGEO","4960","20","20","https://www.lcsc.com/product-detail/C541521.html","0805","Tape & Reel (TR)","75pF","±1%","50V","NP0",""
"C541525","CC0805JRX7R9BB154","YAGEO","7240","20","20","https://www.lcsc.com/product-detail/C541525.html","0805","Tape & Reel (TR)","150nF","±5%","50V","X7R",""
"C541527","CC0805JRX7R8BB224","YAGEO","2500","50","50","https://www.lcsc.com/product-detail/C541527.html","0805","Tape & Reel (TR)","220nF","±5%","25V","X7R",""
"C541529","CC1206JRX7R9BB102","YAGEO","1620","20","20","https://www.lcsc.com/product-detail/C541529.html","1206","Tape & Reel (TR)","1nF","±5%","50V","X7R",""
"C541539","CC1206JRX7R9BB153","YAGEO","120","20","20","https://www.lcsc.com/product-detail/C541539.html","1206","Tape & Reel (TR)","15nF","±5%","50V","X7R",""
"C541544","CC1206JRX7R9BB393","YAGEO","360","20","20","https://www.lcsc.com/product-detail/C541544.html","1206","Tape & Reel (TR)","39nF","±5%","50V","X7R",""
"C541545","CC1206JRX7R9BB823","YAGEO","2460","20","20","https://www.lcsc.com/product-detail/C541545.html","1206","Tape & Reel (TR)","82nF","±5%","50V","X7R",""
"C541546","CC1206JRX7R8BB104","YAGEO","5100","50","50","https://www.lcsc.com/product-detail/C541546.html","1206","Tape & Reel (TR)","100nF","±5%","25V","X7R",""
"C541547","CC1206JRX7R9BB104","YAGEO","23220","20","20","https://www.lcsc.com/product-detail/C541547.html","1206","Tape & Reel (TR)","100nF","±5%","50V","X7R",""
"C541549","CC1206JKX7R9BB474","YAGEO","70","10","10","https://www.lcsc.com/product-detail/C541549.html","1206","Tape & Reel (TR)","470nF","±5%","50V","X7R",""
"C541556","CC0805GKNPO8BN472","YAGEO","5105","5","5","https://www.lcsc.com/product-detail/C541556.html","0805","Tape & Reel (TR)","4.7nF","±2%","25V","NP0",""
"C541560","CC1206GRNPO9BN392","YAGEO","2740","5","5","https://www.lcsc.com/product-detail/C541560.html","1206","Tape & Reel (TR)","3.9nF","±2%","50V","NP0",""
"C541563","CC0805FRNPO9BN221","YAGEO","15740","20","20","https://www.lcsc.com/product-detail/C541563.html","0805","Tape & Reel (TR)","220pF","±1%","50V","NP0",""
"C541564","CC0805FRNPO9BN331","YAGEO","5820","20","20","https://www.lcsc.com/product-detail/C541564.html","0805","Tape & Reel (TR)","330pF","±1%","50V","NP0",""
"C541565","CC0805FRNPO9BN681","YAGEO","4540","20","20","https://www.lcsc.com/product-detail/C541565.html","0805","Tape & Reel (TR)","680pF","±1%","50V","NP0",""
"C541566","CC0805FRNPO9BN201","YAGEO","3750","10","10","https://www.lcsc.com/product-detail/C541566.html","0805","Tape & Reel (TR)","200pF","±1%","50V","NP0",""
"C541568","CC0805FRNPO9BN621","YAGEO","2060","20","20","https://www.lcsc.com/product-detail/C541568.html","0805","Tape & Reel (TR)","620pF","±1%","50V","NP0",""
"C541569","CC0805FKNPO9BN222","YAGEO","2770","5","5","https://www.lcsc.com/product-detail/C541569.html","0805","Tape & Reel (TR)","2.2nF","±1%","50V","NP0",""
"C541570","CC0805FKNPO9BN272","YAGEO","2040","5","5","https://www.lcsc.com/product-detail/C541570.html","0805","Tape & Reel (TR)","2.7nF","±1%","50V","NP0",""
"C541571","CC0805FRNPO9BN122","YAGEO","3575","5","5","https://www.lcsc.com/product-detail/C541571.html","0805","Tape & Reel (TR)","1.2nF","±1%","50V","NP0",""
"C541572","CC0805FRNPO9BN152","YAGEO","3335","5","5","https://www.lcsc.com/product-detail/C541572.html","0805","Tape & Reel (TR)","1.5nF","±1%","50V","NP0",""
"C541576","CC0805FKNPO9BN392","YAGEO","3155","5","5","https://www.lcsc.com/product-detail/C541576.html","0805","Tape & Reel (TR)","3.9nF","±1%","50V","NP0",""
"C541577","CC0805FKNPO9BN472","YAGEO","960","5","5","https://www.lcsc.com/product-detail/C541577.html","0805","Tape & Reel (TR)","4.7nF","±1%","50V","NP0",""
"C541578","CC1206FRNPO9BN100","YAGEO","3930","10","10","https://www.lcsc.com/product-detail/C541578.html","1206","Tape & Reel (TR)","10pF","±1%","50V","NP0",""
"C541582","CC1206FRNPO9BN220","YAGEO","1230","10","10","https://www.lcsc.com/product-detail/C541582.html","1206","Tape & Reel (TR)","22pF","±1%","50V","NP0",""
"C541583","CC1206FRNPO9BN221","YAGEO","3420","10","10","https://www.lcsc.com/product-detail/C541583.html","1206","Tape & Reel (TR)","220pF","±1%","50V","NP0",""
"C541584","CC1206FRNPO9BN330","YAGEO","2910","10","10","https://www.lcsc.com/product-detail/C541584.html","1206","Tape & Reel (TR)","33pF","±1%","50V","NP0",""
"C541586","CC1206FRNPO9BN470","YAGEO","2680","10","10","https://www.lcsc.com/product-detail/C541586.html","1206","Tape & Reel (TR)","47pF","±1%","50V","NP0",""
"C541593","CC1206FRNPO9BN182","YAGEO","2270","10","10","https://www.lcsc.com/product-detail/C541593.html","1206","Tape & Reel (TR)","1.8nF","±1%","50V","NP0",""
"C541597","CC1206FKNPO9BN103","YAGEO","1440","5","5","https://www.lcsc.com/product-detail/C541597.html","1206","Tape & Reel (TR)","10nF","±1%","50V","NP0",""
"C541598","CC1206FKNPO9BN822","YAGEO","1660","5","5","https://www.lcsc.com/product-detail/C541598.html","1206","Tape & Reel (TR)","8.2nF","±1%","50V","NP0",""
"C559769","CC0603KRX7R9BB105","YAGEO","219020","20","20","https://www.lcsc.com/product-detail/C559769.html","0603","Tape & Reel (TR)","1uF","±10%","50V","X7R",""
"C560862","AC0805KKX7R0BB473","YAGEO","6080","20","20","https://www.lcsc.com/product-detail/C560862.html","0805","Tape & Reel (TR)","47nF","±10%","100V","X7R",""
"C561788","C0603C101J5GACAUTO","KEMET","4250","10","10","https://www.lcsc.com/product-detail/C561788.html","0603","Tape & Reel (TR)","100pF","±5%","50V","C0G",""
"C561800","C0603C220J4GAC7867","KEMET","4660","20","20","https://www.lcsc.com/product-detail/C561800.html","0603","Tape & Reel (TR)","22pF","±5%","16V","C0G",""
"C576461","GRM155R71E103JA01D","muRata","2000","100","100","https://www.lcsc.com/product-detail/C576461.html","0402","Tape & Reel (TR)","10nF","±5%","25V","X7R",""
"C576700","CC0402JRNPO0BN101","YAGEO","71100","100","100","https://www.lcsc.com/product-detail/C576700.html","0402","Tape & Reel (TR)","100pF","±5%","100V","NP0",""
"C576701","CC0402JRNPO0BN220","YAGEO","271500","100","100","https://www.lcsc.com/product-detail/C576701.html","0402","Tape & Reel (TR)","22pF","±5%","100V","NP0",""
"C576703","CC0402JRNPO0BN470","YAGEO","6200","100","100","https://www.lcsc.com/product-detail/C576703.html","0402","Tape & Reel (TR)","47pF","±5%","100V","NP0",""
"C576704","CC0402JRNPO9BN111","YAGEO","8200","100","100","https://www.lcsc.com/product-detail/C576704.html","0402","Tape & Reel (TR)","110pF","±5%","50V","NP0",""
"C576705","CC0402JRNPO9BN131","YAGEO","28400","100","100","https://www.lcsc.com/product-detail/C576705.html","0402","Tape & Reel (TR)","130pF","±5%","50V","NP0",""
"C576706","CC0402JRNPO9BN161","YAGEO","20400","100","100","https://www.lcsc.com/product-detail/C576706.html","0402","Tape & Reel (TR)","160pF","±5%","50V","NP0",""
"C576707","CC0402JRNPO9BN500","YAGEO","7400","100","100","https://www.lcsc.com/product-detail/C576707.html","0402","Tape & Reel (TR)","50pF","±5%","50V","NP0",""
"C576708","CC0402JRX7R7BB123","YAGEO","7800","100","100","https://www.lcsc.com/product-detail/C576708.html","0402","Tape & Reel (TR)","12nF","±5%","16V","X7R",""
"C576710","CC0402JRX7R7BB473","YAGEO","3400","100","100","https://www.lcsc.com/product-detail/C576710.html","0402","Tape & Reel (TR)","47nF","±5%","16V","X7R",""
"C576711","CC0402JRX7R7BB563","YAGEO","10000","100","100","https://www.lcsc.com/product-detail/C576711.html","0402","Tape & Reel (TR)","56nF","±5%","16V","X7R",""
"C576712","CC0402JRX7R7BB683","YAGEO","5100","100","100","https://www.lcsc.com/product-detail/C576712.html","0402","Tape & Reel (TR)","68nF","±5%","16V","X7R",""
"C576715","CC0402JRX7R9BB473","YAGEO","130500","100","100","https://www.lcsc.com/product-detail/C576715.html","0402","Tape & Reel (TR)","47nF","±5%","50V","X7R",""
"C576731","CC0402KRX7R0BB222","YAGEO","9100","100","100","https://www.lcsc.com/product-detail/C576731.html","0402","Tape & Reel (TR)","2.2nF","±10%","100V","X7R",""
"C576733","CC0402KRX7R0BB472","YAGEO","9800","100","100","https://www.lcsc.com/product-detail/C576733.html","0402","Tape & Reel (TR)","4.7nF","±10%","100V","X7R",""
"C576737","CC0402KRX7R8BB393","YAGEO","2800","100","100","https://www.lcsc.com/product-detail/C576737.html","0402","Tape & Reel (TR)","39nF","±10%","25V","X7R",""
"C576739","CC0402KRX7R9BB123","YAGEO","19800","100","100","https://www.lcsc.com/product-detail/C576739.html","0402","Tape & Reel (TR)","12nF","±10%","50V","X7R",""
"C576740","CC0402KRX7R9BB183","YAGEO","9100","100","100","https://www.lcsc.com/product-detail/C576740.html","0402","Tape & Reel (TR)","18nF","±10%","50V","X7R",""
"C576765","CC0603FRNPO0BN102","YAGEO","7080","20","20","https://www.lcsc.com/product-detail/C576765.html","0603","Tape & Reel (TR)","1nF","±1%","100V","NP0",""
"C576767","CC0603FRNPO0BN120","YAGEO","10500","20","20","https://www.lcsc.com/product-detail/C576767.html","0603","Tape & Reel (TR)","12pF","±1%","100V","NP0",""
"C576769","CC0603FRNPO0BN180","YAGEO","1140","20","20","https://www.lcsc.com/product-detail/C576769.html","0603","Tape & Reel (TR)","18pF","±1%","100V","NP0",""
"C576770","CC0603FRNPO0BN181","YAGEO","8060","20","20","https://www.lcsc.com/product-detail/C576770.html","0603","Tape & Reel (TR)","180pF","±1%","100V","NP0",""
"C576774","CC0603FRNPO0BN390","YAGEO","5450","50","50","https://www.lcsc.com/product-detail/C576774.html","0603","Tape & Reel (TR)","39pF","±1%","100V","NP0",""
"C576777","CC0603FRNPO0BN820","YAGEO","5900","50","50","https://www.lcsc.com/product-detail/C576777.html","0603","Tape & Reel (TR)","82pF","±1%","100V","NP0",""
"C576779","CC0603FRNPO9BN152","YAGEO","2450","50","50","https://www.lcsc.com/product-detail/C576779.html","0603","Tape & Reel (TR)","1.5nF","±1%","50V","NP0",""
"C576784","CC0603GRNPO0BN151","YAGEO","2640","20","20","https://www.lcsc.com/product-detail/C576784.html","0603","Tape & Reel (TR)","150pF","±2%","100V","NP0",""
"C576797","CC0603GRNPO9BN152","YAGEO","1400","50","50","https://www.lcsc.com/product-detail/C576797.html","0603","Tape & Reel (TR)","1.5nF","±2%","50V","NP0",""
"C576798","CC0603GRNPO9BN222","YAGEO","8650","50","50","https://www.lcsc.com/product-detail/C576798.html","0603","Tape & Reel (TR)","2.2nF","±2%","50V","NP0",""
"C576799","CC0603JRNPO0BN100","YAGEO","18350","50","50","https://www.lcsc.com/product-detail/C576799.html","0603","Tape & Reel (TR)","10pF","±5%","100V","NP0",""
"C576803","CC0603JRNPO0BN151","YAGEO","14950","50","50","https://www.lcsc.com/product-detail/C576803.html","0603","Tape & Reel (TR)","150pF","±5%","100V","NP0",""
"C576804","CC0603JRNPO0BN180","YAGEO","8600","100","100","https://www.lcsc.com/product-detail/C576804.html","0603","Tape & Reel (TR)","18pF","±5%","100V","NP0",""
"C576806","CC0603JRNPO0BN300","YAGEO","8850","50","50","https://www.lcsc.com/product-detail/C576806.html","0603","Tape & Reel (TR)","30pF","±5%","100V","NP0",""
"C576807","CC0603JRNPO0BN330","YAGEO","48000","50","50","https://www.lcsc.com/product-detail/C576807.html","0603","Tape & Reel (TR)","33pF","±5%","100V","NP0",""
"C576811","CC0603JRNPO0BN821","YAGEO","3800","100","100","https://www.lcsc.com/product-detail/C576811.html","0603","Tape & Reel (TR)","820pF","±5%","100V","NP0",""
"C576813","CC0603JRNPO7BN332","YAGEO","2850","50","50","https://www.lcsc.com/product-detail/C576813.html","0603","Tape & Reel (TR)","3.3nF","±5%","16V","NP0",""
"C576815","CC0603JRNPO8BN472","YAGEO","2220","20","20","https://www.lcsc.com/product-detail/C576815.html","0603","Tape & Reel (TR)","4.7nF","±5%","25V","NP0",""
"C576816","CC0603JRNPO9BN122","YAGEO","3650","50","50","https://www.lcsc.com/product-detail/C576816.html","0603","Tape & Reel (TR)","1.2nF","±5%","50V","NP0",""
"C576817","CC0603JRNPO9BN392","YAGEO","6720","20","20","https://www.lcsc.com/product-detail/C576817.html","0603","Tape & Reel (TR)","3.9nF","±5%","50V","NP0",""
"C576818","CC0603JRNPO9BN472","YAGEO","438400","20","20","https://www.lcsc.com/product-detail/C576818.html","0603","Tape & Reel (TR)","4.7nF","±5%","50V","NP0",""
"C576819","CC0603JRNPO9BN500","YAGEO","25900","50","50","https://www.lcsc.com/product-detail/C576819.html","0603","Tape & Reel (TR)","50pF","±5%","50V","NP0",""
"C576820","CC0603JRNPOABN100","YAGEO","7000","50","50","https://www.lcsc.com/product-detail/C576820.html","0603","Tape & Reel (TR)","10pF","±5%","200V","NP0",""
"C576821","CC0603JRNPOABN101","YAGEO","7450","50","50","https://www.lcsc.com/product-detail/C576821.html","0603","Tape & Reel (TR)","100pF","±5%","200V","NP0",""
"C576828","CC0603JRNPOYBN331","YAGEO","3800","50","50","https://www.lcsc.com/product-detail/C576828.html","0603","Tape & Reel (TR)","330pF","±5%","250V","NP0",""
"C576830","CC0603JRNPOYBN681","YAGEO","1500","100","100","https://www.lcsc.com/product-detail/C576830.html","0603","Tape & Reel (TR)","680pF","±5%","250V","NP0",""
"C576846","CC0603KRX7R0BB101","YAGEO","5050","50","50","https://www.lcsc.com/product-detail/C576846.html","0603","Tape & Reel (TR)","100pF","±10%","100V","X7R",""
"C576847","CC0603KRX7R0BB153","YAGEO","4100","20","20","https://www.lcsc.com/product-detail/C576847.html","0603","Tape & Reel (TR)","15nF","±10%","100V","X7R",""
"C576850","CC0603KRX7R0BB331","YAGEO","200","100","100","https://www.lcsc.com/product-detail/C576850.html","0603","Tape & Reel (TR)","330pF","±10%","100V","X7R",""
"C576851","CC0603KRX7R0BB333","YAGEO","3350","50","50","https://www.lcsc.com/product-detail/C576851.html","0603","Tape & Reel (TR)","33nF","±10%","100V","X7R",""
"C576852","CC0603KRX7R0BB473","YAGEO","208700","100","100","https://www.lcsc.com/product-detail/C576852.html","0603","Tape & Reel (TR)","47nF","±10%","100V","X7R",""
"C576853","CC0603KRX7R0BB561","YAGEO","100","100","100","https://www.lcsc.com/product-detail/C576853.html","0603","Tape & Reel (TR)","560pF","±10%","100V","X7R",""
"C576854","CC0603KRX7R0BB682","YAGEO","12550","50","50","https://www.lcsc.com/product-detail/C576854.html","0603","Tape & Reel (TR)","6.8nF","±10%","100V","X7R",""
"C576855","CC0603KRX7R0BB821","YAGEO","1500","100","100","https://www.lcsc.com/product-detail/C576855.html","0603","Tape & Reel (TR)","820pF","±10%","100V","X7R",""
"C576857","CC0603KRX7RYBB222","YAGEO","4400","100","100","https://www.lcsc.com/product-detail/C576857.html","0603","Tape & Reel (TR)","2.2nF","±10%","250V","X7R",""
"C576858","CC0603KRX7RYBB471","YAGEO","550","50","50","https://www.lcsc.com/product-detail/C576858.html","0603","Tape & Reel (TR)","470pF","±10%","250V","X7R",""
"C576894","CC0805FRNPO0BN221","YAGEO","3600","20","20","https://www.lcsc.com/product-detail/C576894.html","0805","Tape & Reel (TR)","220pF","±1%","100V","NP0",""
"C576897","CC0805FRNPO0BN390","YAGEO","960","20","20","https://www.lcsc.com/product-detail/C576897.html","0805","Tape & Reel (TR)","39pF","±1%","100V","NP0",""
"C576903","CC0805FRNPO0BN561","YAGEO","3860","20","20","https://www.lcsc.com/product-detail/C576903.html","0805","Tape & Reel (TR)","560pF","±1%","100V","NP0",""
"C576911","CC0805GRNPO0BN102","YAGEO","3150","50","50","https://www.lcsc.com/product-detail/C576911.html","0805","Tape & Reel (TR)","1nF","±2%","100V","NP0",""
"C576916","CC0805GRNPO0BN151","YAGEO","1900","50","50","https://www.lcsc.com/product-detail/C576916.html","0805","Tape & Reel (TR)","150pF","±2%","100V","NP0",""
"C576920","CC0805GRNPO0BN221","YAGEO","3700","50","50","https://www.lcsc.com/product-detail/C576920.html","0805","Tape & Reel (TR)","220pF","±2%","100V","NP0",""
"C576926","CC0805GRNPO0BN681","YAGEO","950","50","50","https://www.lcsc.com/product-detail/C576926.html","0805","Tape & Reel (TR)","680pF","±2%","100V","NP0",""
"C576951","CC0805JRNPO0BN120","YAGEO","3100","100","100","https://www.lcsc.com/product-detail/C576951.html","0805","Tape & Reel (TR)","12pF","±5%","100V","NP0",""
"C576952","CC0805JRNPO0BN121","YAGEO","4150","50","50","https://www.lcsc.com/product-detail/C576952.html","0805","Tape & Reel (TR)","120pF","±5%","100V","NP0",""
"C576955","CC0805JRNPO0BN151","YAGEO","21800","50","50","https://www.lcsc.com/product-detail/C576955.html","0805","Tape & Reel (TR)","150pF","±5%","100V","NP0",""
"C576958","CC0805JRNPO0BN270","YAGEO","7300","100","100","https://www.lcsc.com/product-detail/C576958.html","0805","Tape & Reel (TR)","27pF","±5%","100V","NP0",""
"C576968","CC0805JRNPOABN220","YAGEO","1120","20","20","https://www.lcsc.com/product-detail/C576968.html","0805","Tape & Reel (TR)","22pF","±5%","200V","NP0",""
"C576975","CC0805JRNPOBBN151","YAGEO","4050","50","50","https://www.lcsc.com/product-detail/C576975.html","0805","Tape & Reel (TR)","150pF","±5%","500V","NP0",""
"C576977","CC0805JRNPOBBN221","YAGEO","14100","100","100","https://www.lcsc.com/product-detail/C576977.html","0805","Tape & Reel (TR)","220pF","±5%","500V","NP0",""
"C576979","CC0805JRNPOBBN331","YAGEO","6050","50","50","https://www.lcsc.com/product-detail/C576979.html","0805","Tape & Reel (TR)","330pF","±5%","500V","NP0",""
"C576981","CC0805JRNPOBBN471","YAGEO","16300","20","20","https://www.lcsc.com/product-detail/C576981.html","0805","Tape & Reel (TR)","470pF","±5%","500V","NP0",""
"C576984","CC0805JRNPOYBN101","YAGEO","11400","50","50","https://www.lcsc.com/product-detail/C576984.html","0805","Tape & Reel (TR)","100pF","±5%","250V","NP0",""
"C576985","CC0805JRNPOYBN221","YAGEO","3750","50","50","https://www.lcsc.com/product-detail/C576985.html","0805","Tape & Reel (TR)","220pF","±5%","250V","NP0",""
"C576987","CC0805JRNPOYBN561","YAGEO","3750","50","50","https://www.lcsc.com/product-detail/C576987.html","0805","Tape & Reel (TR)","560pF","±5%","250V","NP0",""
"C576994","CC0805JRX7R0BB332","YAGEO","2600","50","50","https://www.lcsc.com/product-detail/C576994.html","0805","Tape & Reel (TR)","3.3nF","±5%","100V","X7R",""
"C576996","CC0805JRX7R0BB471","YAGEO","50","50","50","https://www.lcsc.com/product-detail/C576996.html","0805","Tape & Reel (TR)","470pF","±5%","100V","X7R",""
"C576998","CC0805JRX7R0BB822","YAGEO","2300","50","50","https://www.lcsc.com/product-detail/C576998.html","0805","Tape & Reel (TR)","8.2nF","±5%","100V","X7R",""
"C577006","CC0805KKX7R8BB564","YAGEO","2450","50","50","https://www.lcsc.com/product-detail/C577006.html","0805","Tape & Reel (TR)","560nF","±10%","25V","X7R",""
"C577007","CC0805KKX7R9BB564","YAGEO","30460","20","20","https://www.lcsc.com/product-detail/C577007.html","0805","Tape & Reel (TR)","560nF","±10%","50V","X7R",""
"C577012","CC0805KRX7R0BB391","YAGEO","100","50","50","https://www.lcsc.com/product-detail/C577012.html","0805","Tape & Reel (TR)","390pF","±10%","100V","X7R",""
"C577014","CC0805KRX7R0BB561","YAGEO","7100","50","50","https://www.lcsc.com/product-detail/C577014.html","0805","Tape & Reel (TR)","560pF","±10%","100V","X7R",""
"C577024","CC0805KRX7RBBB332","YAGEO","3500","50","50","https://www.lcsc.com/product-detail/C577024.html","0805","Tape & Reel (TR)","3.3nF","±10%","500V","X7R",""
"C577025","CC0805KRX7RBBB681","YAGEO","3850","50","50","https://www.lcsc.com/product-detail/C577025.html","0805","Tape & Reel (TR)","680pF","±10%","500V","X7R",""
"C577028","CC0805KRX7RCBB331","YAGEO","1460","10","10","https://www.lcsc.com/product-detail/C577028.html","0805","Tape & Reel (TR)","330pF","±10%","1kV","X7R",""
"C577029","CC0805KRX7RCBB471","YAGEO","3120","10","10","https://www.lcsc.com/product-detail/C577029.html","0805","Tape & Reel (TR)","470pF","±10%","1kV","X7R",""
"C577076","CC1206FRNPO0BN222","YAGEO","4585","5","5","https://www.lcsc.com/product-detail/C577076.html","1206","Tape & Reel (TR)","2.2nF","±1%","100V","NP0",""
"C577124","CC1206JKNPOCBN200","YAGEO","12620","20","20","https://www.lcsc.com/product-detail/C577124.html","1206","Tape & Reel (TR)","20pF","±5%","1kV","C0G;NP0",""
"C577126","CC1206JKNPODBN220","YAGEO","9700","20","20","https://www.lcsc.com/product-detail/C577126.html","1206","Tape & Reel (TR)","22pF","±5%","2kV","NP0",""
"C577128","CC1206JKNPODBN470","YAGEO","1510","10","10","https://www.lcsc.com/product-detail/C577128.html","1206","Tape & Reel (TR)","47pF","±5%","2kV","NP0",""
"C577130","CC1206JKNPODBN820","YAGEO","2960","20","20","https://www.lcsc.com/product-detail/C577130.html","1206","Tape & Reel (TR)","82pF","±5%","2kV","NP0",""
"C577131","CC1206JKNPOZBN102","YAGEO","1340","20","20","https://www.lcsc.com/product-detail/C577131.html","1206","Tape & Reel (TR)","1nF","±5%","630V","NP0",""
"C577135","CC1206JKNPOZBN220","YAGEO","4200","50","50","https://www.lcsc.com/product-detail/C577135.html","1206","Tape & Reel (TR)","22pF","±5%","630V","C0G;NP0",""
"C577139","CC1206JKNPOZBN391","YAGEO","1440","20","20","https://www.lcsc.com/product-detail/C577139.html","1206","Tape & Reel (TR)","390pF","±5%","630V","C0G;NP0",""
"C577143","CC1206JKX7R8BB225","YAGEO","1070","10","10","https://www.lcsc.com/product-detail/C577143.html","1206","Tape & Reel (TR)","2.2uF","±5%","25V","X7R",""
"C577145","CC1206JKX7RBBB102","YAGEO","1800","20","20","https://www.lcsc.com/product-detail/C577145.html","1206","Tape & Reel (TR)","1nF","±5%","500V","X7R",""
"C577150","CC1206JRNPO0BN151","YAGEO","3780","20","20","https://www.lcsc.com/product-detail/C577150.html","1206","Tape & Reel (TR)","150pF","±5%","100V","NP0",""
"C577152","CC1206JRNPO0BN222","YAGEO","8740","20","20","https://www.lcsc.com/product-detail/C577152.html","1206","Tape & Reel (TR)","2.2nF","±5%","100V","NP0",""
"C577155","CC1206JRNPO0BN470","YAGEO","1440","20","20","https://www.lcsc.com/product-detail/C577155.html","1206","Tape & Reel (TR)","47pF","±5%","100V","NP0",""
"C577156","CC1206JRNPO0BN472","YAGEO","3620","10","10","https://www.lcsc.com/product-detail/C577156.html","1206","Tape & Reel (TR)","4.7nF","±5%","100V","NP0",""
"C577157","CC1206JRNPO0BN680","YAGEO","1480","20","20","https://www.lcsc.com/product-detail/C577157.html","1206","Tape & Reel (TR)","68pF","±5%","100V","NP0",""
"C577162","CC1206JRNPO9BN270","YAGEO","7940","20","20","https://www.lcsc.com/product-detail/C577162.html","1206","Tape & Reel (TR)","27pF","±5%","50V","NP0",""
"C577166","CC1206JRNPO9BN561","YAGEO","6020","20","20","https://www.lcsc.com/product-detail/C577166.html","1206","Tape & Reel (TR)","560pF","±5%","50V","NP0",""
"C577167","CC1206JRNPO9BN622","YAGEO","2180","10","10","https://www.lcsc.com/product-detail/C577167.html","1206","Tape & Reel (TR)","6.2nF","±5%","50V","NP0",""
"C577169","CC1206JRNPO9BN820","YAGEO","2320","20","20","https://www.lcsc.com/product-detail/C577169.html","1206","Tape & Reel (TR)","82pF","±5%","50V","NP0",""
"C577179","CC1206JRNPOBBN102","YAGEO","5640","20","20","https://www.lcsc.com/product-detail/C577179.html","1206","Tape & Reel (TR)","1nF","±5%","500V","NP0",""
"C577181","CC1206JRNPOBBN150","YAGEO","3720","20","20","https://www.lcsc.com/product-detail/C577181.html","1206","Tape & Reel (TR)","15pF","±5%","500V","NP0",""
"C577184","CC1206JRNPOBBN330","YAGEO","1980","20","20","https://www.lcsc.com/product-detail/C577184.html","1206","Tape & Reel (TR)","33pF","±5%","500V","NP0",""
"C577185","CC1206JRNPOBBN391","YAGEO","1340","20","20","https://www.lcsc.com/product-detail/C577185.html","1206","Tape & Reel (TR)","390pF","±5%","500V","NP0",""
"C577186","CC1206JRNPOBBN471","YAGEO","36760","20","20","https://www.lcsc.com/product-detail/C577186.html","1206","Tape & Reel (TR)","470pF","±5%","500V","NP0",""
"C577194","CC1206JRX7R0BB102","YAGEO","20","20","20","https://www.lcsc.com/product-detail/C577194.html","1206","Tape & Reel (TR)","1nF","±5%","100V","X7R",""
"C577211","CC1206KKX7R0BB225","YAGEO","584435","5","5","https://www.lcsc.com/product-detail/C577211.html","1206","Tape & Reel (TR)","2.2uF","±10%","100V","X7R",""
"C577212","CC1206KKX7R0BB334","YAGEO","980","10","10","https://www.lcsc.com/product-detail/C577212.html","1206","Tape & Reel (TR)","330nF","±10%","100V","X7R",""
"C577215","CC1206KKX7R6BB475","YAGEO","1190","10","10","https://www.lcsc.com/product-detail/C577215.html","1206","Tape & Reel (TR)","4.7uF","±10%","10V","X7R",""
"C577217","CC1206KKX7R7BB684","YAGEO","200","20","20","https://www.lcsc.com/product-detail/C577217.html","1206","Tape & Reel (TR)","680nF","±10%","16V","X7R",""
"C577218","CC1206KKX7R8BB334","YAGEO","1180","20","20","https://www.lcsc.com/product-detail/C577218.html","1206","Tape & Reel (TR)","330nF","±10%","25V","X7R",""
"C577219","CC1206KKX7R8BB684","YAGEO","880","10","10","https://www.lcsc.com/product-detail/C577219.html","1206","Tape & Reel (TR)","680nF","±10%","25V","X7R",""
"C577220","CC1206KKX7R9BB184","YAGEO","2820","20","20","https://www.lcsc.com/product-detail/C577220.html","1206","Tape & Reel (TR)","180nF","±10%","50V","X7R",""
"C577222","CC1206KKX7RCBB122","YAGEO","40","20","20","https://www.lcsc.com/product-detail/C577222.html","1206","Tape & Reel (TR)","1.2nF","±10%","1kV","X7R",""
"C577226","CC1206KKX7RDBB681","YAGEO","220","10","10","https://www.lcsc.com/product-detail/C577226.html","1206","Tape & Reel (TR)","680pF","±10%","2kV","X7R",""
"C577228","CC1206KKX7RZBB332","YAGEO","2200","50","50","https://www.lcsc.com/product-detail/C577228.html","1206","Tape & Reel (TR)","3.3nF","±10%","630V","X7R",""
"C577229","CC1206KKX7RZBB333","YAGEO","21980","10","10","https://www.lcsc.com/product-detail/C577229.html","1206","Tape & Reel (TR)","33nF","±10%","630V","X7R",""
"C577231","CC1206KRX7R0BB221","YAGEO","3640","20","20","https://www.lcsc.com/product-detail/C577231.html","1206","Tape & Reel (TR)","220pF","±10%","100V","X7R",""
"C577233","CC1206KRX7R0BB332","YAGEO","350","50","50","https://www.lcsc.com/product-detail/C577233.html","1206","Tape & Reel (TR)","3.3nF","±10%","100V","X7R",""
"C577234","CC1206KRX7R0BB472","YAGEO","4360","20","20","https://www.lcsc.com/product-detail/C577234.html","1206","Tape & Reel (TR)","4.7nF","±10%","100V","X7R",""
"C577236","CC1206KRX7R0BB682","YAGEO","900","50","50","https://www.lcsc.com/product-detail/C577236.html","1206","Tape & Reel (TR)","6.8nF","±10%","100V","X7R",""
"C577239","CC1206KRX7R8BB154","YAGEO","2120","20","20","https://www.lcsc.com/product-detail/C577239.html","1206","Tape & Reel (TR)","150nF","±10%","25V","X7R",""
"C577264","CC1210JKNPO0BN222","YAGEO","2680","5","5","https://www.lcsc.com/product-detail/C577264.html","1210","Tape & Reel (TR)","2.2nF","±5%","100V","NP0",""
"C577266","CC1210JKNPO9BN472","YAGEO","3000","5","5","https://www.lcsc.com/product-detail/C577266.html","1210","Tape & Reel (TR)","4.7nF","±5%","50V","NP0",""
"C577269","CC1210JKNPOCBN471","YAGEO","2170","5","5","https://www.lcsc.com/product-detail/C577269.html","1210","Tape & Reel (TR)","470pF","±5%","1kV","NP0",""
"C577270","CC1210KKX7R0BB105","YAGEO","280","5","5","https://www.lcsc.com/product-detail/C577270.html","1210","Tape & Reel (TR)","1uF","±10%","100V","X7R",""
"C577272","CC1210KKX7R0BB474","YAGEO","280","5","5","https://www.lcsc.com/product-detail/C577272.html","1210","Tape & Reel (TR)","470nF","±10%","100V","X7R",""
"C577275","CC1210KKX7R9BB224","YAGEO","5560","10","10","https://www.lcsc.com/product-detail/C577275.html","1210","Tape & Reel (TR)","220nF","±10%","50V","X7R",""
"C577277","CC1210KKX7R9BB684","YAGEO","3005","5","5","https://www.lcsc.com/product-detail/C577277.html","1210","Tape & Reel (TR)","680nF","±10%","50V","X7R",""
"C577278","CC1210KKX7RBBB333","YAGEO","515","5","5","https://www.lcsc.com/product-detail/C577278.html","1210","Tape & Reel (TR)","33nF","±10%","500V","X7R",""
"C577280","CC1210KKX7RCBB102","YAGEO","1885","5","5","https://www.lcsc.com/product-detail/C577280.html","1210","Tape & Reel (TR)","1nF","±10%","1kV","X7R",""
"C577283","CC1210KKX7RCBB332","YAGEO","1100","5","5","https://www.lcsc.com/product-detail/C577283.html","1210","Tape & Reel (TR)","3.3nF","±10%","1kV","X7R",""
"C577284","CC1210KKX7RCBB472","YAGEO","7035","5","5","https://www.lcsc.com/product-detail/C577284.html","1210","Tape & Reel (TR)","4.7nF","±10%","1kV","X7R",""
"C577285","CC1210KKX7RDBB152","YAGEO","705","5","5","https://www.lcsc.com/product-detail/C577285.html","1210","Tape & Reel (TR)","1.5nF","±10%","2kV","X7R",""
"C577418","CS0603KRX7R7BB474","YAGEO","680","20","20","https://www.lcsc.com/product-detail/C577418.html","0603","Tape & Reel (TR)","470nF","±10%","16V","X7R",""
"C577421","CS0603KRX7R9BB102","YAGEO","4250","50","50","https://www.lcsc.com/product-detail/C577421.html","0603","Tape & Reel (TR)","1nF","±10%","50V","X7R",""
"C577423","CS0603KRX7R9BB471","YAGEO","400","50","50","https://www.lcsc.com/product-detail/C577423.html","0603","Tape & Reel (TR)","470pF","±10%","50V","X7R",""
"C577427","CS0805KRX7R9BB102","YAGEO","250","50","50","https://www.lcsc.com/product-detail/C577427.html","0805","Tape & Reel (TR)","1nF","±10%","50V","X7R",""
"C577436","CS1206KKX7RCBB103","YAGEO","3450","5","5","https://www.lcsc.com/product-detail/C577436.html","1206","Tape & Reel (TR)","10nF","±10%","1kV","X7R",""
"C577441","CS1206KRX7R9BB104","YAGEO","20","20","20","https://www.lcsc.com/product-detail/C577441.html","1206","Tape & Reel (TR)","100nF","±10%","50V","X7R",""
"C577442","CS1210KKX7R0BB105","YAGEO","2000","5","5","https://www.lcsc.com/product-detail/C577442.html","1210","Tape & Reel (TR)","1uF","±10%","100V","X7R",""
"C596318","CC1210KKX7R9BB475","YAGEO","14210","5","5","https://www.lcsc.com/product-detail/C596318.html","1210","Tape & Reel (TR)","4.7uF","±10%","50V","X7R",""
"C596322","CC1206JKNPOZBN222","YAGEO","5980","10","10","https://www.lcsc.com/product-detail/C596322.html","1206","Tape & Reel (TR)","2.2nF","±5%","630V","NP0",""
"C596323","CC0805KKX7R0BB474","YAGEO","98360","10","10","https://www.lcsc.com/product-detail/C596323.html","0805","Tape & Reel (TR)","470nF","±10%","100V","X7R",""
"C596328","CC0603KRX7RABB472","YAGEO","4600","100","100","https://www.lcsc.com/product-detail/C596328.html","0603","Tape & Reel (TR)","4.7nF","±10%","200V","X7R",""
"C597006","04023A331JAT2A","Kyocera AVX","2126","1","1","https://www.lcsc.com/product-detail/C597006.html","0402","Tape & Reel (TR)","330pF","±5%","25V","C0G",""
"C597011","04025A100FAT2A","Kyocera AVX","29050","10","10","https://www.lcsc.com/product-detail/C597011.html","0402","Tape & Reel (TR)","10pF","±1%","50V","C0G",""
"C597012","04025A101FAT2A","Kyocera AVX","14650","50","50","https://www.lcsc.com/product-detail/C597012.html","0402","Tape & Reel (TR)","100pF","±1%","50V","C0G",""
"C597014","04025A101JAT2A","Kyocera AVX","9850","50","50","https://www.lcsc.com/product-detail/C597014.html","0402","Tape & Reel (TR)","100pF","±5%","50V","C0G",""
"C597021","04025A200JAT2A","Kyocera AVX","7150","50","50","https://www.lcsc.com/product-detail/C597021.html","0402","Tape & Reel (TR)","20pF","±5%","50V","C0G",""
"C597034","04025A560JAT2A","Kyocera AVX","9936","1","1","https://www.lcsc.com/product-detail/C597034.html","0402","Tape & Reel (TR)","56pF","±5%","50V","C0G",""
"C597041","04025C222JAT2A","Kyocera AVX","8460","10","10","https://www.lcsc.com/product-detail/C597041.html","0402","Tape & Reel (TR)","2.2nF","±5%","50V","X7R",""
"C597044","04025C472JAT2A","Kyocera AVX","8750","50","50","https://www.lcsc.com/product-detail/C597044.html","0402","Tape & Reel (TR)","4.7nF","±5%","50V","X7R",""
"C597053","0402YC103JAT2A","Kyocera AVX","1420","10","10","https://www.lcsc.com/product-detail/C597053.html","0402","Tape & Reel (TR)","10nF","±5%","16V","X7R",""
"C597069","06031A150JAT2A","Kyocera AVX","1600","10","10","https://www.lcsc.com/product-detail/C597069.html","0603","Tape & Reel (TR)","15pF","±5%","100V","C0G",""
"C597072","06031A180JAT2A","Kyocera AVX","3970","10","10","https://www.lcsc.com/product-detail/C597072.html","0603","Tape & Reel (TR)","18pF","±5%","100V","C0G",""
"C597073","06031A220JAT2A","Kyocera AVX","2160","10","10","https://www.lcsc.com/product-detail/C597073.html","0603","Tape & Reel (TR)","22pF","±5%","100V","C0G",""
"C597074","06031A221JAT2A","Kyocera AVX","920","20","20","https://www.lcsc.com/product-detail/C597074.html","0603","Tape & Reel (TR)","220pF","±5%","100V","C0G",""
"C597076","06031A270JAT2A","Kyocera AVX","1200","20","20","https://www.lcsc.com/product-detail/C597076.html","0603","Tape & Reel (TR)","27pF","±5%","100V","C0G",""
"C597078","06031A271JAT2A","Kyocera AVX","12020","20","20","https://www.lcsc.com/product-detail/C597078.html","0603","Tape & Reel (TR)","270pF","±5%","100V","C0G",""
"C597080","06031A331JAT2A","Kyocera AVX","2400","20","20","https://www.lcsc.com/product-detail/C597080.html","0603","Tape & Reel (TR)","330pF","±5%","100V","C0G",""
"C597086","06031C103JAT2A","Kyocera AVX","3680","20","20","https://www.lcsc.com/product-detail/C597086.html","0603","Tape & Reel (TR)","10nF","±5%","100V","X7R",""
"C597091","06031C222JAT2A","Kyocera AVX","3480","10","10","https://www.lcsc.com/product-detail/C597091.html","0603","Tape & Reel (TR)","2.2nF","±5%","100V","X7R",""
"C597110","06033A102JAT2A","Kyocera AVX","2400","20","20","https://www.lcsc.com/product-detail/C597110.html","0603","Tape & Reel (TR)","1nF","±5%","25V","C0G",""
"C597122","06033C473JAT2A","Kyocera AVX","3300","20","20","https://www.lcsc.com/product-detail/C597122.html","0603","Tape & Reel (TR)","47nF","±5%","25V","X7R",""
"C597128","06035A100FAT2A","Kyocera AVX","3080","20","20","https://www.lcsc.com/product-detail/C597128.html","0603","Tape & Reel (TR)","10pF","±1%","50V","C0G",""
"C597130","06035A101FAT2A","Kyocera AVX","2790","10","10","https://www.lcsc.com/product-detail/C597130.html","0603","Tape & Reel (TR)","100pF","±1%","50V","C0G",""
"C597138","06035A151FAT2A","Kyocera AVX","4460","5","5","https://www.lcsc.com/product-detail/C597138.html","0603","Tape & Reel (TR)","150pF","±1%","50V","C0G",""
"C597141","06035A181FAT2A","Kyocera AVX","2000","10","10","https://www.lcsc.com/product-detail/C597141.html","0603","Tape & Reel (TR)","180pF","±1%","50V","C0G",""
"C597142","06035A181JAT2A","Kyocera AVX","2540","20","20","https://www.lcsc.com/product-detail/C597142.html","0603","Tape & Reel (TR)","180pF","±5%","50V","C0G",""
"C597146","06035A220FAT2A","Kyocera AVX","3200","10","10","https://www.lcsc.com/product-detail/C597146.html","0603","Tape & Reel (TR)","22pF","±1%","50V","C0G",""
"C597148","06035A221FAT2A","Kyocera AVX","6185","5","5","https://www.lcsc.com/product-detail/C597148.html","0603","Tape & Reel (TR)","220pF","±1%","50V","C0G",""
"C597158","06035A330FAT2A","Kyocera AVX","4410","5","5","https://www.lcsc.com/product-detail/C597158.html","0603","Tape & Reel (TR)","33pF","±1%","50V","C0G",""
"C597160","06035A331JAT2A","Kyocera AVX","3350","50","50","https://www.lcsc.com/product-detail/C597160.html","0603","Tape & Reel (TR)","330pF","±5%","50V","C0G",""
"C597164","06035A470J4T2A","Kyocera AVX","3920","20","20","https://www.lcsc.com/product-detail/C597164.html","0603","Tape & Reel (TR)","47pF","±5%","50V","C0G",""
"C597166","06035A471FAT2A","Kyocera AVX","3515","5","5","https://www.lcsc.com/product-detail/C597166.html","0603","Tape & Reel (TR)","470pF","±1%","50V","C0G",""
"C597168","06035A471JAT2A","Kyocera AVX","1900","20","20","https://www.lcsc.com/product-detail/C597168.html","0603","Tape & Reel (TR)","470pF","±5%","50V","C0G",""
"C597173","06035A561JAT2A","Kyocera AVX","7220","10","10","https://www.lcsc.com/product-detail/C597173.html","0603","Tape & Reel (TR)","560pF","±5%","50V","C0G",""
"C597178","06035A821FAT2A","Kyocera AVX","16020","10","10","https://www.lcsc.com/product-detail/C597178.html","0603","Tape & Reel (TR)","820pF","±1%","50V","C0G",""
"C597183","06035C102JAT2A","Kyocera AVX","4000","20","20","https://www.lcsc.com/product-detail/C597183.html","0603","Tape & Reel (TR)","1nF","±5%","50V","X7R",""
"C597189","06035C103JAT2A","Kyocera AVX","6307","1","1","https://www.lcsc.com/product-detail/C597189.html","0603","Tape & Reel (TR)","10nF","±5%","50V","X7R",""
"C597198","06035C220JAT2A","Kyocera AVX","3500","50","50","https://www.lcsc.com/product-detail/C597198.html","0603","Tape & Reel (TR)","22pF","±5%","50V","X7R",""
"C597208","06035C332JAT2A","Kyocera AVX","11300","50","50","https://www.lcsc.com/product-detail/C597208.html","0603","Tape & Reel (TR)","3.3nF","±5%","50V","X7R",""
"C597259","08051A100JAT2A","Kyocera AVX","3980","20","20","https://www.lcsc.com/product-detail/C597259.html","0805","Tape & Reel (TR)","10pF","±5%","100V","C0G",""
"C597263","08051A102J4T2A","Kyocera AVX","5290","10","10","https://www.lcsc.com/product-detail/C597263.html","0805","Tape & Reel (TR)","1nF","±5%","100V","C0G",""
"C597267","08051A150JAT2A","Kyocera AVX","2980","20","20","https://www.lcsc.com/product-detail/C597267.html","0805","Tape & Reel (TR)","15pF","±5%","100V","C0G",""
"C597269","08051A221JAT2A","Kyocera AVX","3720","20","20","https://www.lcsc.com/product-detail/C597269.html","0805","Tape & Reel (TR)","220pF","±5%","100V","C0G",""
"C597273","08051A330JAT2A","Kyocera AVX","4545","5","5","https://www.lcsc.com/product-detail/C597273.html","0805","Tape & Reel (TR)","33pF","±5%","100V","C0G",""
"C597278","08051A471JAT2A","Kyocera AVX","1040","20","20","https://www.lcsc.com/product-detail/C597278.html","0805","Tape & Reel (TR)","470pF","±5%","100V","C0G",""
"C597287","08051C104JAT2A","Kyocera AVX","2155","5","5","https://www.lcsc.com/product-detail/C597287.html","0805","Tape & Reel (TR)","100nF","±5%","100V","X7R",""
"C597356","08055A102FAT2A","Kyocera AVX","7370","5","5","https://www.lcsc.com/product-detail/C597356.html","0805","Tape & Reel (TR)","1nF","±1%","50V","C0G",""
"C597358","08055A120JAT2A","Kyocera AVX","3620","20","20","https://www.lcsc.com/product-detail/C597358.html","0805","Tape & Reel (TR)","12pF","±5%","50V","C0G",""
"C597359","08055A150JAT2A","Kyocera AVX","4450","50","50","https://www.lcsc.com/product-detail/C597359.html","0805","Tape & Reel (TR)","15pF","±5%","50V","C0G",""
"C597362","08055A152JAT2A","Kyocera AVX","2790","5","5","https://www.lcsc.com/product-detail/C597362.html","0805","Tape & Reel (TR)","1.5nF","±5%","50V","C0G",""
"C597363","08055A180JAT2A","Kyocera AVX","3400","20","20","https://www.lcsc.com/product-detail/C597363.html","0805","Tape & Reel (TR)","18pF","±5%","50V","C0G",""
"C597370","08055A270JAT2A","Kyocera AVX","3560","20","20","https://www.lcsc.com/product-detail/C597370.html","0805","Tape & Reel (TR)","27pF","±5%","50V","C0G",""
"C597377","08055A471FAT2A","Kyocera AVX","1780","5","5","https://www.lcsc.com/product-detail/C597377.html","0805","Tape & Reel (TR)","470pF","±1%","50V","C0G",""
"C597383","08055A681JAT2A","Kyocera AVX","3200","20","20","https://www.lcsc.com/product-detail/C597383.html","0805","Tape & Reel (TR)","680pF","±5%","50V","C0G",""
"C597391","08055C103JAT2A","Kyocera AVX","10880","20","20","https://www.lcsc.com/product-detail/C597391.html","0805","Tape & Reel (TR)","10nF","±5%","50V","X7R",""
"C597446","12061A101JAT2A","Kyocera AVX","3960","5","5","https://www.lcsc.com/product-detail/C597446.html","1206","Tape & Reel (TR)","100pF","±5%","100V","C0G",""
"C597448","12061A102JAT2A","Kyocera AVX","2755","5","5","https://www.lcsc.com/product-detail/C597448.html","1206","Tape & Reel (TR)","1nF","±5%","100V","C0G",""
"C597534","12067A331JAT2A","Kyocera AVX","3670","10","10","https://www.lcsc.com/product-detail/C597534.html","1206","Tape & Reel (TR)","330pF","±5%","500V","C0G",""
"C599567","C0402C102J5GACAUTO","KEMET","1500","50","50","https://www.lcsc.com/product-detail/C599567.html","0402","Tape & Reel (TR)","1nF","±5%","50V","C0G",""
"C599577","C0402C120J5GAC7867","KEMET","13800","50","50","https://www.lcsc.com/product-detail/C599577.html","0402","Tape & Reel (TR)","12pF","±5%","50V","C0G",""
"C599585","C0402C180J5GAC7867","KEMET","4850","50","50","https://www.lcsc.com/product-detail/C599585.html","0402","Tape & Reel (TR)","18pF","±5%","50V","C0G",""
"C599624","C0603C101J1GAC7867","KEMET","11060","20","20","https://www.lcsc.com/product-detail/C599624.html","0603","Tape & Reel (TR)","100pF","±5%","100V","C0G",""
"C599629","C0603C102J3GAC7867","KEMET","7100","50","50","https://www.lcsc.com/product-detail/C599629.html","0603","Tape & Reel (TR)","1nF","±5%","25V","C0G",""
"C599645","C0603C104J3RAC7867","KEMET","25120","20","20","https://www.lcsc.com/product-detail/C599645.html","0603","Tape & Reel (TR)","100nF","±5%","25V","X7R",""
"C599646","C0603C104J4RAC7867","KEMET","2550","10","10","https://www.lcsc.com/product-detail/C599646.html","0603","Tape & Reel (TR)","100nF","±5%","16V","X7R",""
"C599667","C0603C121J5GACAUTO","KEMET","3750","50","50","https://www.lcsc.com/product-detail/C599667.html","0603","Tape & Reel (TR)","120pF","±5%","50V","C0G",""
"C599677","C0603C151J5GAC7867","KEMET","6000","50","50","https://www.lcsc.com/product-detail/C599677.html","0603","Tape & Reel (TR)","150pF","±5%","50V","C0G",""
"C599683","C0603C160J5GAC7867","KEMET","2500","20","20","https://www.lcsc.com/product-detail/C599683.html","0603","Tape & Reel (TR)","16pF","±5%","50V","C0G",""
"C599692","C0603C220J5GACAUTO","KEMET","3050","50","50","https://www.lcsc.com/product-detail/C599692.html","0603","Tape & Reel (TR)","22pF","±5%","50V","C0G",""
"C599724","C0603C330J5GAC7867","KEMET","8900","50","50","https://www.lcsc.com/product-detail/C599724.html","0603","Tape & Reel (TR)","33pF","±5%","50V","C0G",""
"C599749","C0603C470J5GAC7867","KEMET","4100","50","50","https://www.lcsc.com/product-detail/C599749.html","0603","Tape & Reel (TR)","47pF","±5%","50V","C0G",""
"C599826","C0805C100J5GAC7800","KEMET","3960","20","20","https://www.lcsc.com/product-detail/C599826.html","0805","Tape & Reel (TR)","10pF","±5%","50V","C0G",""
"C599828","C0805C101J2GAC7800","KEMET","1960","20","20","https://www.lcsc.com/product-detail/C599828.html","0805","Tape & Reel (TR)","100pF","±5%","200V","C0G",""
"C599833","C0805C102J5GAC7800","KEMET","6880","20","20","https://www.lcsc.com/product-detail/C599833.html","0805","Tape & Reel (TR)","1nF","±5%","50V","C0G",""
"C599848","C0805C104J5RAC7800","KEMET","14500","20","20","https://www.lcsc.com/product-detail/C599848.html","0805","Tape & Reel (TR)","100nF","±5%","50V","X7R",""
"C599861","C0805C106J8RACAUTO","KEMET","6790","5","5","https://www.lcsc.com/product-detail/C599861.html","0805","Tape & Reel (TR)","10uF","±5%","10V","X7R",""
"C599906","C0805C331J5GAC7800","KEMET","3920","20","20","https://www.lcsc.com/product-detail/C599906.html","0805","Tape & Reel (TR)","330pF","±5%","50V","C0G",""
"C599922","C0805C470J5GAC7800","KEMET","2550","50","50","https://www.lcsc.com/product-detail/C599922.html","0805","Tape & Reel (TR)","47pF","±5%","50V","C0G",""
"C605203","AC0402JRNPO9BN470","YAGEO","10000","100","100","https://www.lcsc.com/product-detail/C605203.html","0402","Tape & Reel (TR)","47pF","±5%","50V","NP0",""
"C605204","AC0402JRNPO9BN820","YAGEO","2600","100","100","https://www.lcsc.com/product-detail/C605204.html","0402","Tape & Reel (TR)","82pF","±5%","50V","NP0",""
"C605205","AC0402KRX7R9BB471","YAGEO","8000","100","100","https://www.lcsc.com/product-detail/C605205.html","0402","Tape & Reel (TR)","470pF","±10%","50V","X7R",""
"C605209","AC0603JRNPO9BN331","YAGEO","2760","20","20","https://www.lcsc.com/product-detail/C605209.html","0603","Tape & Reel (TR)","330pF","±5%","50V","NP0",""
"C605211","AC0603JRX7R9BB104","YAGEO","193580","20","20","https://www.lcsc.com/product-detail/C605211.html","0603","Tape & Reel (TR)","100nF","±5%","50V","X7R",""
"C605212","AC0603JRX7R9BB103","YAGEO","6600","50","50","https://www.lcsc.com/product-detail/C605212.html","0603","Tape & Reel (TR)","10nF","±5%","50V","X7R",""
"C605213","CC0603KRX7R8BB184","YAGEO","100","50","50","https://www.lcsc.com/product-detail/C605213.html","0603","Tape & Reel (TR)","180nF","±10%","25V","X7R",""
"C605216","AC0603JRX7R9BB223","YAGEO","4080","20","20","https://www.lcsc.com/product-detail/C605216.html","0603","Tape & Reel (TR)","22nF","±5%","50V","X7R",""
"C668328","GQM2195C2E100GB12D","muRata","3219","1","1","https://www.lcsc.com/product-detail/C668328.html","0805","Tape & Reel (TR)","10pF","±2%","250V","C0G",""
"C668331","GQM2195C2E390JB12D","muRata","2680","5","5","https://www.lcsc.com/product-detail/C668331.html","0805","Tape & Reel (TR)","39pF","±5%","250V","C0G",""
"C668348","GRM1555C1H152JA01D","muRata","184250","50","50","https://www.lcsc.com/product-detail/C668348.html","0402","Tape & Reel (TR)","1.5nF","±5%","50V","C0G",""
"C668358","GRM21A5C2E220JW01D","muRata","1380","20","20","https://www.lcsc.com/product-detail/C668358.html","0805","Tape & Reel (TR)","22pF","±5%","250V","C0G",""
"C696347","C0402C101J5GAC7867","KEMET","3200","50","50","https://www.lcsc.com/product-detail/C696347.html","0402","Tape & Reel (TR)","100pF","±5%","50V","C0G",""
"C696350","C0402C103J5RAC7867","KEMET","9760","10","10","https://www.lcsc.com/product-detail/C696350.html","0402","Tape & Reel (TR)","10nF","±5%","50V","X7R",""
"C696353","C0402C150J5GACTU","KEMET","2300","50","50","https://www.lcsc.com/product-detail/C696353.html","0402","Tape & Reel (TR)","15pF","±5%","50V","C0G",""
"C696363","C0603C153J3GAC7867","KEMET","9120","5","5","https://www.lcsc.com/product-detail/C696363.html","0603","Tape & Reel (TR)","15nF","±5%","25V","C0G",""
"C696366","C0805C104J5RACAUTO","KEMET","8950","10","10","https://www.lcsc.com/product-detail/C696366.html","0805","Tape & Reel (TR)","100nF","±5%","50V","X7R",""
"C696375","C1206C106J3RACAUTO","KEMET","6600","1","1","https://www.lcsc.com/product-detail/C696375.html","1206","Tape & Reel (TR)","10uF","±5%","25V","X7R",""
"C700527","CC1210KKX7R8BB106","YAGEO","3540","5","5","https://www.lcsc.com/product-detail/C700527.html","1210","Tape & Reel (TR)","10uF","±10%","25V","X7R",""
"C701157","GRM31B5C2J821JW01L","muRata","3440","5","5","https://www.lcsc.com/product-detail/C701157.html","1206","Tape & Reel (TR)","820pF","±5%","630V","C0G",""
"C701198","GRM31A5C3A220JW01D","muRata","3320","10","10","https://www.lcsc.com/product-detail/C701198.html","1206","Tape & Reel (TR)","22pF","±5%","1kV","C0G",""
"C701288","GRM1885C1H302JA01D","muRata","5740","20","20","https://www.lcsc.com/product-detail/C701288.html","0603","Tape & Reel (TR)","3nF","±5%","50V","C0G",""
"C701291","GRM1885C2A271JA01D","muRata","1650","50","50","https://www.lcsc.com/product-detail/C701291.html","0603","Tape & Reel (TR)","270pF","±5%","100V","C0G",""
"C701296","GRM1555C1H471GA01D","muRata","137750","50","50","https://www.lcsc.com/product-detail/C701296.html","0402","Tape & Reel (TR)","470pF","±2%","50V","C0G",""
"C701298","GCM1885C2A120JA16D","muRata","3500","50","50","https://www.lcsc.com/product-detail/C701298.html","0603","Tape & Reel (TR)","12pF","±5%","100V","C0G",""
"C701302","GRM2195C1H102JA01D","muRata","3900","10","10","https://www.lcsc.com/product-detail/C701302.html","0805","Tape & Reel (TR)","1nF","±5%","50V","C0G",""
"C701303","GRM1555C1H201JA01D","muRata","9000","100","100","https://www.lcsc.com/product-detail/C701303.html","0402","Tape & Reel (TR)","200pF","±5%","50V","C0G",""
"C701304","GRM1885C2A100JA01D","muRata","3710","10","10","https://www.lcsc.com/product-detail/C701304.html","0603","Tape & Reel (TR)","10pF","±5%","100V","C0G",""
"C701305","GRM1885C1H821JA01D","muRata","2250","50","50","https://www.lcsc.com/product-detail/C701305.html","0603","Tape & Reel (TR)","820pF","±5%","50V","C0G",""
"C701309","GRM1885C1H391JA01D","muRata","13900","50","50","https://www.lcsc.com/product-detail/C701309.html","0603","Tape & Reel (TR)","390pF","±5%","50V","C0G",""
"C703076","GRM3195C2A103JA01D","muRata","3930","5","5","https://www.lcsc.com/product-detail/C703076.html","1206","Tape & Reel (TR)","10nF","±5%","100V","C0G",""
"C705014","AC0805JRX7R9BB223","YAGEO","2900","50","50","https://www.lcsc.com/product-detail/C705014.html","0805","Tape & Reel (TR)","22nF","±5%","50V","X7R",""
"C705052","CC0402KRX7R6BB224","YAGEO","1400","50","50","https://www.lcsc.com/product-detail/C705052.html","0402","Tape & Reel (TR)","220nF","±10%","10V","X7R",""
"C710643","GCM1555C1H110JA16D","muRata","9600","100","100","https://www.lcsc.com/product-detail/C710643.html","0402","Tape & Reel (TR)","11pF","±5%","50V","C0G",""
"C710645","GCM1555C1H160JA16D","muRata","1300","100","100","https://www.lcsc.com/product-detail/C710645.html","0402","Tape & Reel (TR)","16pF","±5%","50V","C0G",""
"C710646","GCM1555C1H1R0JA16D","muRata","1850","50","50","https://www.lcsc.com/product-detail/C710646.html","0402","Tape & Reel (TR)","1pF","±5%","50V","C0G",""
"C710647","GCM1555C1H1R5JA16D","muRata","7900","50","50","https://www.lcsc.com/product-detail/C710647.html","0402","Tape & Reel (TR)","1.5pF","±5%","50V","C0G",""
"C710648","GCM1555C1H200GA16D","muRata","10060","20","20","https://www.lcsc.com/product-detail/C710648.html","0402","Tape & Reel (TR)","20pF","±2%","50V","C0G",""
"C710649","GCM1555C1H201JA16D","muRata","9200","50","50","https://www.lcsc.com/product-detail/C710649.html","0402","Tape & Reel (TR)","200pF","±5%","50V","C0G",""
"C710654","GCM1555C1H510FA16D","muRata","6650","50","50","https://www.lcsc.com/product-detail/C710654.html","0402","Tape & Reel (TR)","51pF","±1%","50V","C0G",""
"C710656","GCM1555C1H751JA16D","muRata","2900","50","50","https://www.lcsc.com/product-detail/C710656.html","0402","Tape & Reel (TR)","750pF","±5%","50V","C0G",""
"C710678","GCM1885C2A200JA16D","muRata","5240","20","20","https://www.lcsc.com/product-detail/C710678.html","0603","Tape & Reel (TR)","20pF","±5%","100V","C0G",""
"C710707","GCM3195C2A472JA16D","muRata","1555","5","5","https://www.lcsc.com/product-detail/C710707.html","1206","Tape & Reel (TR)","4.7nF","±5%","100V","C0G",""
"C710837","GRM1555C1E270JA01D","muRata","6100","100","100","https://www.lcsc.com/product-detail/C710837.html","0402","Tape & Reel (TR)","27pF","±5%","25V","C0G",""
"C710844","GRM1555C1H331FA01D","muRata","13350","50","50","https://www.lcsc.com/product-detail/C710844.html","0402","Tape & Reel (TR)","330pF","±1%","50V","C0G",""
"C710845","GRM1555C1H361GA01D","muRata","1600","50","50","https://www.lcsc.com/product-detail/C710845.html","0402","Tape & Reel (TR)","360pF","±2%","50V","C0G",""
"C710851","GRM1555C1H750GA01D","muRata","8850","50","50","https://www.lcsc.com/product-detail/C710851.html","0402","Tape & Reel (TR)","75pF","±2%","50V","C0G",""
"C710888","GRM1885C1E102JA01D","muRata","7900","20","20","https://www.lcsc.com/product-detail/C710888.html","0603","Tape & Reel (TR)","1nF","±5%","25V","C0G",""
"C710889","GRM1885C1H112JA01D","muRata","3020","20","20","https://www.lcsc.com/product-detail/C710889.html","0603","Tape & Reel (TR)","1.1nF","±5%","50V","C0G",""
"C710892","GRM1885C1H152FA01D","muRata","5120","10","10","https://www.lcsc.com/product-detail/C710892.html","0603","Tape & Reel (TR)","1.5nF","±1%","50V","C0G",""
"C710893","GRM1885C1H161JA01D","muRata","3540","10","10","https://www.lcsc.com/product-detail/C710893.html","0603","Tape & Reel (TR)","160pF","±5%","50V","C0G",""
"C710895","GRM1885C1H242JA01D","muRata","1360","20","20","https://www.lcsc.com/product-detail/C710895.html","0603","Tape & Reel (TR)","2.4nF","±5%","50V","C0G",""
"C710898","GRM1885C1H362JA01D","muRata","3980","20","20","https://www.lcsc.com/product-detail/C710898.html","0603","Tape & Reel (TR)","3.6nF","±5%","50V","C0G",""
"C710901","GRM1885C1H622JA01D","muRata","1960","20","20","https://www.lcsc.com/product-detail/C710901.html","0603","Tape & Reel (TR)","6.2nF","±5%","50V","C0G",""
"C710906","GRM1885C2A152JA01D","muRata","2700","50","50","https://www.lcsc.com/product-detail/C710906.html","0603","Tape & Reel (TR)","1.5nF","±5%","100V","C0G",""
"C710908","GRM1885C2A222JA01D","muRata","3270","10","10","https://www.lcsc.com/product-detail/C710908.html","0603","Tape & Reel (TR)","2.2nF","±5%","100V","C0G",""
"C710933","GRM2165C1H242JA01D","muRata","9940","20","20","https://www.lcsc.com/product-detail/C710933.html","0805","Tape & Reel (TR)","2.4nF","±5%","50V","C0G",""
"C710936","GRM2165C1H432JA01D","muRata","2180","20","20","https://www.lcsc.com/product-detail/C710936.html","0805","Tape & Reel (TR)","4.3nF","±5%","50V","C0G",""
"C710937","GRM2165C2A132JA01D","muRata","1680","20","20","https://www.lcsc.com/product-detail/C710937.html","0805","Tape & Reel (TR)","1.3nF","±5%","100V","C0G",""
"C710939","GRM2165C2A202JA01D","muRata","4760","10","10","https://www.lcsc.com/product-detail/C710939.html","0805","Tape & Reel (TR)","2nF","±5%","100V","C0G",""
"C710940","GRM2165C2A222JA01D","muRata","3180","10","10","https://www.lcsc.com/product-detail/C710940.html","0805","Tape & Reel (TR)","2.2nF","±5%","100V","C0G",""
"C710944","GRM2195C1H113JA01D","muRata","6230","5","5","https://www.lcsc.com/product-detail/C710944.html","0805","Tape & Reel (TR)","11nF","±5%","50V","C0G",""
"C710945","GRM2195C1H133JA01D","muRata","3320","10","10","https://www.lcsc.com/product-detail/C710945.html","0805","Tape & Reel (TR)","13nF","±5%","50V","C0G",""
"C710948","GRM2195C1H512JA01D","muRata","3160","10","10","https://www.lcsc.com/product-detail/C710948.html","0805","Tape & Reel (TR)","5.1nF","±5%","50V","C0G",""
"C710949","GRM2195C1H622JA01D","muRata","8780","10","10","https://www.lcsc.com/product-detail/C710949.html","0805","Tape & Reel (TR)","6.2nF","±5%","50V","C0G",""
"C710950","GRM2195C1H752JA01D","muRata","1840","20","20","https://www.lcsc.com/product-detail/C710950.html","0805","Tape & Reel (TR)","7.5nF","±5%","50V","C0G",""
"C710951","GRM2195C1H912JA01D","muRata","1880","20","20","https://www.lcsc.com/product-detail/C710951.html","0805","Tape & Reel (TR)","9.1nF","±5%","50V","C0G",""
"C710968","GRM21A5C2E180JW01D","muRata","1850","10","10","https://www.lcsc.com/product-detail/C710968.html","0805","Tape & Reel (TR)","18pF","±5%","250V","C0G",""
"C710969","GRM21A5C2E270JW01D","muRata","4210","10","10","https://www.lcsc.com/product-detail/C710969.html","0805","Tape & Reel (TR)","27pF","±5%","250V","C0G",""
"C710999","GRM3195C1H123JA01D","muRata","13120","5","5","https://www.lcsc.com/product-detail/C710999.html","1206","Tape & Reel (TR)","12nF","±5%","50V","C0G",""
"C711001","GRM3195C1H183JA01D","muRata","4950","5","5","https://www.lcsc.com/product-detail/C711001.html","1206","Tape & Reel (TR)","18nF","±5%","50V","C0G",""
"C711003","GRM3195C2A183JA01D","muRata","2795","5","5","https://www.lcsc.com/product-detail/C711003.html","1206","Tape & Reel (TR)","18nF","±5%","100V","C0G",""
"C711005","GRM3195C2A223JA01D","muRata","3135","5","5","https://www.lcsc.com/product-detail/C711005.html","1206","Tape & Reel (TR)","22nF","±5%","100V","C0G",""
"C711021","GRM31A5C2J180JW01D","muRata","3910","5","5","https://www.lcsc.com/product-detail/C711021.html","1206","Tape & Reel (TR)","18pF","±5%","630V","C0G",""
"C711024","GRM31A5C2J331JW01D","muRata","3860","10","10","https://www.lcsc.com/product-detail/C711024.html","1206","Tape & Reel (TR)","330pF","±5%","630V","C0G",""
"C711034","GRM31B5C2E123JWA1L","muRata","2500","10","10","https://www.lcsc.com/product-detail/C711034.html","1206","Tape & Reel (TR)","12nF","±5%","250V","C0G",""
"C711045","GRM31M5C1H563JA01L","muRata","2660","5","5","https://www.lcsc.com/product-detail/C711045.html","1206","Tape & Reel (TR)","56nF","±5%","50V","C0G",""
"C721588","08051A102JAT2A","Kyocera AVX","1410","10","10","https://www.lcsc.com/product-detail/C721588.html","0805","Tape & Reel (TR)","1nF","±5%","100V","C0G",""
"C723358","CC0402KRX7R6BB474","YAGEO","26600","50","50","https://www.lcsc.com/product-detail/C723358.html","0402","Tape & Reel (TR)","470nF","±10%","10V","X7R",""
"C723382","AC0805KKX7R0BB104","YAGEO","70920","20","20","https://www.lcsc.com/product-detail/C723382.html","0805","Tape & Reel (TR)","100nF","±10%","100V","X7R",""
"C723416","AC0402JRNPO9BN680","YAGEO","4100","100","100","https://www.lcsc.com/product-detail/C723416.html","0402","Tape & Reel (TR)","68pF","±5%","50V","NP0",""
"C723475","AC0805KRX7R9BB222","YAGEO","3800","50","50","https://www.lcsc.com/product-detail/C723475.html","0805","Tape & Reel (TR)","2.2nF","±10%","50V","X7R",""
"C723492","AC0805KKX7R8BB225","YAGEO","15040","10","10","https://www.lcsc.com/product-detail/C723492.html","0805","Tape & Reel (TR)","2.2uF","±10%","25V","X7R",""
"C723566","CC0402KRX7R8BB224","YAGEO","60040","20","20","https://www.lcsc.com/product-detail/C723566.html","0402","Tape & Reel (TR)","220nF","±10%","25V","X7R",""
"C723619","AC0402KRX7R9BB472","YAGEO","10400","100","100","https://www.lcsc.com/product-detail/C723619.html","0402","Tape & Reel (TR)","4.7nF","±10%","50V","X7R",""
"C723620","AC0402KRX7R9BB682","YAGEO","8100","100","100","https://www.lcsc.com/product-detail/C723620.html","0402","Tape & Reel (TR)","6.8nF","±10%","50V","X7R",""
"C723703","AC0805KRX7R0BB103","YAGEO","9200","50","50","https://www.lcsc.com/product-detail/C723703.html","0805","Tape & Reel (TR)","10nF","±10%","100V","X7R",""
"C723735","AC0805KKX7R8BB684","YAGEO","2920","20","20","https://www.lcsc.com/product-detail/C723735.html","0805","Tape & Reel (TR)","680nF","±10%","25V","X7R",""
"C723749","CC0603JRNPO8BN103","YAGEO","2200","50","50","https://www.lcsc.com/product-detail/C723749.html","0603","Tape & Reel (TR)","10nF","±5%","25V","NP0",""
"C723753","CQ0603JRNPO9BN150","YAGEO","4000","20","20","https://www.lcsc.com/product-detail/C723753.html","0603","Tape & Reel (TR)","15pF","±5%","50V","NP0",""
"C723890","GCM1555C1H391JA16D","muRata","950","50","50","https://www.lcsc.com/product-detail/C723890.html","0402","Tape & Reel (TR)","390pF","±5%","50V","C0G",""
"C723993","AC0603JRNPO9BN221","YAGEO","83150","50","50","https://www.lcsc.com/product-detail/C723993.html","0603","Tape & Reel (TR)","220pF","±5%","50V","NP0",""
"C724001","CC1206JRNPO9BN271","YAGEO","2580","20","20","https://www.lcsc.com/product-detail/C724001.html","1206","Tape & Reel (TR)","270pF","±5%","50V","NP0",""
"C726119","AC0402JRNPO9BN120","YAGEO","36500","100","100","https://www.lcsc.com/product-detail/C726119.html","0402","Tape & Reel (TR)","12pF","±5%","50V","NP0",""
"C726121","AC0402JRNPO9BN151","YAGEO","8700","100","100","https://www.lcsc.com/product-detail/C726121.html","0402","Tape & Reel (TR)","150pF","±5%","50V","NP0",""
"C726122","AC0402JRNPO9BN180","YAGEO","12500","100","100","https://www.lcsc.com/product-detail/C726122.html","0402","Tape & Reel (TR)","18pF","±5%","50V","NP0",""
"C726125","AC0402JRNPO9BN220","YAGEO","35100","100","100","https://www.lcsc.com/product-detail/C726125.html","0402","Tape & Reel (TR)","22pF","±5%","50V","NP0",""
"C726127","AC0402JRNPO9BN300","YAGEO","6900","100","100","https://www.lcsc.com/product-detail/C726127.html","0402","Tape & Reel (TR)","30pF","±5%","50V","NP0",""
"C726128","AC0402JRNPO9BN331","YAGEO","8300","100","100","https://www.lcsc.com/product-detail/C726128.html","0402","Tape & Reel (TR)","330pF","±5%","50V","NP0",""
"C726514","AC0402KRX7R7BB102","YAGEO","3300","100","100","https://www.lcsc.com/product-detail/C726514.html","0402","Tape & Reel (TR)","1nF","±10%","16V","X7R",""
"C726515","AC0402KRX7R7BB103","YAGEO","7000","100","100","https://www.lcsc.com/product-detail/C726515.html","0402","Tape & Reel (TR)","10nF","±10%","16V","X7R",""
"C726516","AC0402KRX7R7BB223","YAGEO","7900","100","100","https://www.lcsc.com/product-detail/C726516.html","0402","Tape & Reel (TR)","22nF","±10%","16V","X7R",""
"C726517","AC0402KRX7R7BB333","YAGEO","6200","100","100","https://www.lcsc.com/product-detail/C726517.html","0402","Tape & Reel (TR)","33nF","±10%","16V","X7R",""
"C726520","AC0402KRX7R8BB102","YAGEO","100","100","100","https://www.lcsc.com/product-detail/C726520.html","0402","Tape & Reel (TR)","1nF","±10%","25V","X7R",""
"C726521","AC0402KRX7R8BB103","YAGEO","2200","100","100","https://www.lcsc.com/product-detail/C726521.html","0402","Tape & Reel (TR)","10nF","±10%","25V","X7R",""
"C726522","AC0402KRX7R8BB104","YAGEO","42650","50","50","https://www.lcsc.com/product-detail/C726522.html","0402","Tape & Reel (TR)","100nF","±10%","25V","X7R",""
"C726525","AC0402KRX7R8BB473","YAGEO","10400","100","100","https://www.lcsc.com/product-detail/C726525.html","0402","Tape & Reel (TR)","47nF","±10%","25V","X7R",""
"C726527","AC0402KRX7R9BB331","YAGEO","6100","100","100","https://www.lcsc.com/product-detail/C726527.html","0402","Tape & Reel (TR)","330pF","±10%","50V","X7R",""
"C726529","AC0402KRX7R9BB681","YAGEO","11900","100","100","https://www.lcsc.com/product-detail/C726529.html","0402","Tape & Reel (TR)","680pF","±10%","50V","X7R",""
"C726546","AC0603JRNPO9BN160","YAGEO","4800","50","50","https://www.lcsc.com/product-detail/C726546.html","0603","Tape & Reel (TR)","16pF","±5%","50V","NP0",""
"C726547","AC0603JRNPO9BN271","YAGEO","1350","50","50","https://www.lcsc.com/product-detail/C726547.html","0603","Tape & Reel (TR)","270pF","±5%","50V","NP0",""
"C726548","AC0603JRNPO9BN561","YAGEO","4550","50","50","https://www.lcsc.com/product-detail/C726548.html","0603","Tape & Reel (TR)","560pF","±5%","50V","NP0",""
"C726551","AC0603KRX7R0BB102","YAGEO","47700","100","100","https://www.lcsc.com/product-detail/C726551.html","0603","Tape & Reel (TR)","1nF","±10%","100V","X7R",""
"C726553","AC0603KRX7R0BB223","YAGEO","2700","50","50","https://www.lcsc.com/product-detail/C726553.html","0603","Tape & Reel (TR)","22nF","±10%","100V","X7R",""
"C726554","AC0603KRX7R6BB105","YAGEO","8400","50","50","https://www.lcsc.com/product-detail/C726554.html","0603","Tape & Reel (TR)","1uF","±10%","10V","X7R",""
"C726555","AC0603KRX7R7BB222","YAGEO","4000","100","100","https://www.lcsc.com/product-detail/C726555.html","0603","Tape & Reel (TR)","2.2nF","±10%","16V","X7R",""
"C726557","AC0603KRX7R7BB474","YAGEO","4750","50","50","https://www.lcsc.com/product-detail/C726557.html","0603","Tape & Reel (TR)","470nF","±10%","16V","X7R",""
"C726558","AC0603KRX7R8BB102","YAGEO","900","100","100","https://www.lcsc.com/product-detail/C726558.html","0603","Tape & Reel (TR)","1nF","±10%","25V","X7R",""
"C726559","AC0603KRX7R8BB103","YAGEO","25750","50","50","https://www.lcsc.com/product-detail/C726559.html","0603","Tape & Reel (TR)","10nF","±10%","25V","X7R",""
"C726563","AC0603KRX7R9BB153","YAGEO","3250","50","50","https://www.lcsc.com/product-detail/C726563.html","0603","Tape & Reel (TR)","15nF","±10%","50V","X7R",""
"C726565","AC0603KRX7R9BB224","YAGEO","79050","50","50","https://www.lcsc.com/product-detail/C726565.html","0603","Tape & Reel (TR)","220nF","±10%","50V","X7R",""
"C726566","AC0603KRX7R9BB273","YAGEO","2700","100","100","https://www.lcsc.com/product-detail/C726566.html","0603","Tape & Reel (TR)","27nF","±10%","50V","X7R",""
"C726567","AC0603KRX7R9BB683","YAGEO","2050","50","50","https://www.lcsc.com/product-detail/C726567.html","0603","Tape & Reel (TR)","68nF","±10%","50V","X7R",""
"C726576","AC0805JRNPO9BN180","YAGEO","4000","50","50","https://www.lcsc.com/product-detail/C726576.html","0805","Tape & Reel (TR)","18pF","±5%","50V","NP0",""
"C726578","AC0805JRNPO9BN680","YAGEO","1150","50","50","https://www.lcsc.com/product-detail/C726578.html","0805","Tape & Reel (TR)","68pF","±5%","50V","NP0",""
"C726583","AC0805KKX7R8BB474","YAGEO","800","50","50","https://www.lcsc.com/product-detail/C726583.html","0805","Tape & Reel (TR)","470nF","±10%","25V","X7R",""
"C726584","AC0805KKX7R9BB105","YAGEO","45300","10","10","https://www.lcsc.com/product-detail/C726584.html","0805","Tape & Reel (TR)","1uF","±10%","50V","X7R",""
"C726585","AC0805KKX7R9BB334","YAGEO","2880","10","10","https://www.lcsc.com/product-detail/C726585.html","0805","Tape & Reel (TR)","330nF","±10%","50V","X7R",""
"C726586","AC0805KKX7R9BB474","YAGEO","4180","10","10","https://www.lcsc.com/product-detail/C726586.html","0805","Tape & Reel (TR)","470nF","±10%","50V","X7R",""
"C726587","AC0805KRX7R0BB102","YAGEO","7500","50","50","https://www.lcsc.com/product-detail/C726587.html","0805","Tape & Reel (TR)","1nF","±10%","100V","X7R",""
"C726588","AC0805KRX7R0BB222","YAGEO","100","50","50","https://www.lcsc.com/product-detail/C726588.html","0805","Tape & Reel (TR)","2.2nF","±10%","100V","X7R",""
"C726590","AC0805KRX7R0BB472","YAGEO","2650","50","50","https://www.lcsc.com/product-detail/C726590.html","0805","Tape & Reel (TR)","4.7nF","±10%","100V","X7R",""
"C726591","AC0805KRX7R8BB104","YAGEO","100","50","50","https://www.lcsc.com/product-detail/C726591.html","0805","Tape & Reel (TR)","100nF","±10%","25V","X7R",""
"C726592","AC0805KRX7R9BB102","YAGEO","4050","50","50","https://www.lcsc.com/product-detail/C726592.html","0805","Tape & Reel (TR)","1nF","±10%","50V","X7R",""
"C726593","AC0805KRX7R9BB152","YAGEO","1550","50","50","https://www.lcsc.com/product-detail/C726593.html","0805","Tape & Reel (TR)","1.5nF","±10%","50V","X7R",""
"C726594","AC0805KRX7R9BB223","YAGEO","2350","50","50","https://www.lcsc.com/product-detail/C726594.html","0805","Tape & Reel (TR)","22nF","±10%","50V","X7R",""
"C726596","AC0805KRX7R9BB472","YAGEO","21950","50","50","https://www.lcsc.com/product-detail/C726596.html","0805","Tape & Reel (TR)","4.7nF","±10%","50V","X7R",""
"C726597","AC0805KRX7R9BB682","YAGEO","250","50","50","https://www.lcsc.com/product-detail/C726597.html","0805","Tape & Reel (TR)","6.8nF","±10%","50V","X7R",""
"C726603","AC1206KKX7R0BB474","YAGEO","25","5","5","https://www.lcsc.com/product-detail/C726603.html","1206","Tape & Reel (TR)","470nF","±10%","100V","X7R",""
"C726606","AC1206KKX7R9BB225","YAGEO","1615","5","5","https://www.lcsc.com/product-detail/C726606.html","1206","Tape & Reel (TR)","2.2uF","±10%","50V","X7R",""
"C726607","AC1206KRX7R9BB223","YAGEO","4000","20","20","https://www.lcsc.com/product-detail/C726607.html","1206","Tape & Reel (TR)","22nF","±10%","50V","X7R",""
"C726608","AC1206KRX7R9BB333","YAGEO","60","20","20","https://www.lcsc.com/product-detail/C726608.html","1206","Tape & Reel (TR)","33nF","±10%","50V","X7R",""
"C726609","AC1206KRX7R9BB473","YAGEO","100","20","20","https://www.lcsc.com/product-detail/C726609.html","1206","Tape & Reel (TR)","47nF","±10%","50V","X7R",""
"C726611","CC0402GRNPO9BN561","YAGEO","5650","50","50","https://www.lcsc.com/product-detail/C726611.html","0402","Tape & Reel (TR)","560pF","±2%","50V","NP0",""
"C726612","CC0402JRNPO9BN821","YAGEO","35700","100","100","https://www.lcsc.com/product-detail/C726612.html","0402","Tape & Reel (TR)","820pF","±5%","50V","NP0",""
"C726618","CC0603JRNPOYBN330","YAGEO","1800","100","100","https://www.lcsc.com/product-detail/C726618.html","0603","Tape & Reel (TR)","33pF","±5%","250V","NP0",""
"C726621","CC0805JRNPOCBN150","YAGEO","2270","10","10","https://www.lcsc.com/product-detail/C726621.html","0805","Tape & Reel (TR)","15pF","±5%","1kV","NP0",""
"C726623","CC0805KRX7R0BB122","YAGEO","350","50","50","https://www.lcsc.com/product-detail/C726623.html","0805","Tape & Reel (TR)","1.2nF","±10%","100V","X7R",""
"C726625","CC0805KRX7RYBB122","YAGEO","2350","50","50","https://www.lcsc.com/product-detail/C726625.html","0805","Tape & Reel (TR)","1.2nF","±10%","250V","X7R",""
"C726629","CC1206JKX7R0BB104","YAGEO","2800","20","20","https://www.lcsc.com/product-detail/C726629.html","1206","Tape & Reel (TR)","100nF","±5%","100V","X7R",""
"C726632","CC1206KKX7R7BB824","YAGEO","40","20","20","https://www.lcsc.com/product-detail/C726632.html","1206","Tape & Reel (TR)","820nF","±10%","16V","X7R",""
"C726635","CS0603KRX7R8BB474","YAGEO","2620","20","20","https://www.lcsc.com/product-detail/C726635.html","0603","Tape & Reel (TR)","470nF","±10%","25V","X7R",""
"C726636","CS0603KRX7R9BB153","YAGEO","3500","50","50","https://www.lcsc.com/product-detail/C726636.html","0603","Tape & Reel (TR)","15nF","±10%","50V","X7R",""
"C726637","CS0603KRX7R9BB473","YAGEO","300","50","50","https://www.lcsc.com/product-detail/C726637.html","0603","Tape & Reel (TR)","47nF","±10%","50V","X7R",""
"C779987","08055A820J4T2A","Kyocera AVX","3700","20","20","https://www.lcsc.com/product-detail/C779987.html","0805","Tape & Reel (TR)","82pF","±5%","50V","C0G",""
"C782046","GJM1555C1H100FB01D","muRata","28200","50","50","https://www.lcsc.com/product-detail/C782046.html","0402","Tape & Reel (TR)","10pF","±1%","50V","C0G",""
"C782153","GRM1555C1H681FA01D","muRata","6700","50","50","https://www.lcsc.com/product-detail/C782153.html","0402","Tape & Reel (TR)","680pF","±1%","50V","C0G",""
"C840736","CC0402JPNPO9BN100","YAGEO","43800","100","100","https://www.lcsc.com/product-detail/C840736.html","0402","Tape & Reel (TR)","10pF","±5%","50V","NP0",""
"C882527","GRM1885C1H120FA01D","muRata","1740","20","20","https://www.lcsc.com/product-detail/C882527.html","0603","Tape & Reel (TR)","12pF","±1%","50V","C0G",""
"C882529","GRM1885C1H101GA01D","muRata","2380","5","5","https://www.lcsc.com/product-detail/C882529.html","0603","Tape & Reel (TR)","100pF","±2%","50V","C0G",""
"C882539","GRM1555C2A330JA01D","muRata","2600","50","50","https://www.lcsc.com/product-detail/C882539.html","0402","Tape & Reel (TR)","33pF","±5%","100V","C0G",""
"C882544","GRM1555C1H131JA01D","muRata","4860","20","20","https://www.lcsc.com/product-detail/C882544.html","0402","Tape & Reel (TR)","130pF","±5%","50V","C0G",""
"C882552","GQM1875C2E470JB12D","muRata","2255","5","5","https://www.lcsc.com/product-detail/C882552.html","0603","Tape & Reel (TR)","47pF","±5%","250V","C0G",""
"C882554","GQM1875C2E100JB12D","muRata","955","5","5","https://www.lcsc.com/product-detail/C882554.html","0603","Tape & Reel (TR)","10pF","±5%","250V","C0G",""
"C882562","GJM1555C1H470FB01D","muRata","2640","20","20","https://www.lcsc.com/product-detail/C882562.html","0402","Tape & Reel (TR)","47pF","±1%","50V","C0G",""
"C882564","GJM1555C1H390FB01D","muRata","18910","10","10","https://www.lcsc.com/product-detail/C882564.html","0402","Tape & Reel (TR)","39pF","±1%","50V","C0G",""
"C882565","GJM1555C1H300FB01D","muRata","4080","20","20","https://www.lcsc.com/product-detail/C882565.html","0402","Tape & Reel (TR)","30pF","±1%","50V","C0G",""
"C882567","GJM1555C1H220FB01D","muRata","79160","20","20","https://www.lcsc.com/product-detail/C882567.html","0402","Tape & Reel (TR)","22pF","±1%","50V","C0G",""
"C882568","GJM1555C1H200GB01D","muRata","16300","10","10","https://www.lcsc.com/product-detail/C882568.html","0402","Tape & Reel (TR)","20pF","±2%","50V","C0G",""
"C882573","GCM1885C2A471FA16D","muRata","1325","5","5","https://www.lcsc.com/product-detail/C882573.html","0603","Tape & Reel (TR)","470pF","±1%","100V","C0G",""
"C882574","GCM1885C2A470FA16D","muRata","8390","10","10","https://www.lcsc.com/product-detail/C882574.html","0603","Tape & Reel (TR)","47pF","±1%","100V","C0G",""
"C882575","GCM1885C2A221FA16D","muRata","2910","10","10","https://www.lcsc.com/product-detail/C882575.html","0603","Tape & Reel (TR)","220pF","±1%","100V","C0G",""
"C882577","GCM1885C2A100FA16D","muRata","3210","10","10","https://www.lcsc.com/product-detail/C882577.html","0603","Tape & Reel (TR)","10pF","±1%","100V","C0G",""
"C882578","GCM1885C1H222FA16D","muRata","1760","10","10","https://www.lcsc.com/product-detail/C882578.html","0603","Tape & Reel (TR)","2.2nF","±1%","50V","C0G",""
"C882579","GCM1555C1H681FA16D","muRata","22700","20","20","https://www.lcsc.com/product-detail/C882579.html","0402","Tape & Reel (TR)","680pF","±1%","50V","C0G",""
"C882580","GCM1555C1H271FA16D","muRata","22140","20","20","https://www.lcsc.com/product-detail/C882580.html","0402","Tape & Reel (TR)","270pF","±1%","50V","C0G",""
"C882582","GCM1555C1H220FA16D","muRata","9050","50","50","https://www.lcsc.com/product-detail/C882582.html","0402","Tape & Reel (TR)","22pF","±1%","50V","C0G",""
"C882583","GCM1555C1H180GA16D","muRata","4450","50","50","https://www.lcsc.com/product-detail/C882583.html","0402","Tape & Reel (TR)","18pF","±2%","50V","C0G",""
"C883557","GRM1555C2A102JE01D","muRata","5150","50","50","https://www.lcsc.com/product-detail/C883557.html","0402","Tape & Reel (TR)","1nF","±5%","100V","C0G",""
"C883560","GRM31B5C2H821JW01L","muRata","2075","5","5","https://www.lcsc.com/product-detail/C883560.html","1206","Tape & Reel (TR)","820pF","±5%","500V","C0G",""
"C907742","GCM1555C1H181JA16D","muRata","2700","100","100","https://www.lcsc.com/product-detail/C907742.html","0402","Tape & Reel (TR)","180pF","±5%","50V","C0G",""
"C907758","GRM1885C1H752JA01D","muRata","3640","20","20","https://www.lcsc.com/product-detail/C907758.html","0603","Tape & Reel (TR)","7.5nF","±5%","50V","C0G",""
"C907944","GRM3195C1H104GA05D","muRata","15119","1","1","https://www.lcsc.com/product-detail/C907944.html","1206","Tape & Reel (TR)","100nF","±2%","50V","C0G",""
"C907946","GJM1555C1H1R2JB01D","muRata","13300","50","50","https://www.lcsc.com/product-detail/C907946.html","0402","Tape & Reel (TR)","1.2pF","±5%","50V","C0G",""
"C907973","GRM1885C1H121GA01D","muRata","1300","50","50","https://www.lcsc.com/product-detail/C907973.html","0603","Tape & Reel (TR)","120pF","±2%","50V","C0G",""
"C909846","GCM1885C2A270JA16D","muRata","5940","20","20","https://www.lcsc.com/product-detail/C909846.html","0603","Tape & Reel (TR)","27pF","±5%","100V","C0G",""
"C909887","GRM21A5C2E102JWA1D","muRata","1100","10","10","https://www.lcsc.com/product-detail/C909887.html","0805","Tape & Reel (TR)","1nF","±5%","250V","C0G",""
"C913479","GJM1555C1H200FB01D","muRata","2120","20","20","https://www.lcsc.com/product-detail/C913479.html","0402","Tape & Reel (TR)","20pF","±1%","50V","C0G",""
"C913510","GRM1555C1H821FA01D","muRata","4300","50","50","https://www.lcsc.com/product-detail/C913510.html","0402","Tape & Reel (TR)","820pF","±1%","50V","C0G",""
"C913548","GRM155R71H472JA01D","muRata","42600","50","50","https://www.lcsc.com/product-detail/C913548.html","0402","Tape & Reel (TR)","4.7nF","±5%","50V","X7R",""
"C913584","GQM1875C2E120JB12D","muRata","4670","5","5","https://www.lcsc.com/product-detail/C913584.html","0603","Tape & Reel (TR)","12pF","±5%","250V","C0G",""
"C913595","GRM21A5C2E100JW01D","muRata","3830","10","10","https://www.lcsc.com/product-detail/C913595.html","0805","Tape & Reel (TR)","10pF","±5%","250V","C0G",""
"C913596","GQM1875C2E330JB12D","muRata","2730","5","5","https://www.lcsc.com/product-detail/C913596.html","0603","Tape & Reel (TR)","33pF","±5%","250V","C0G",""
"C913624","GCM1885C2A180JA16D","muRata","950","50","50","https://www.lcsc.com/product-detail/C913624.html","0603","Tape & Reel (TR)","18pF","±5%","100V","C0G",""
"C913742","GRM155R71C104JA88D","muRata","27900","50","50","https://www.lcsc.com/product-detail/C913742.html","0402","Tape & Reel (TR)","100nF","±5%","16V","X7R",""
"C913752","GRM21A5C2E560JW01D","muRata","3070","10","10","https://www.lcsc.com/product-detail/C913752.html","0805","Tape & Reel (TR)","56pF","±5%","250V","C0G",""
"C914769","CC0603KRX7R7BB225","YAGEO","104880","10","10","https://www.lcsc.com/product-detail/C914769.html","0603","Tape & Reel (TR)","2.2uF","±10%","16V","X7R",""
"C914876","AC0805JRNPO9BN221","YAGEO","1750","50","50","https://www.lcsc.com/product-detail/C914876.html","0805","Tape & Reel (TR)","220pF","±5%","50V","NP0",""
"C914880","CC0603KRX7R5BB225","YAGEO","4900","50","50","https://www.lcsc.com/product-detail/C914880.html","0603","Tape & Reel (TR)","2.2uF","±10%","6.3V","X7R",""
"C1513174","C0402C103J5RECAUTO","KEMET","7900","10","10","https://www.lcsc.com/product-detail/C1513174.html","0402","Tape & Reel (TR)","10nF","±5%","50V","X7R",""
"C1513175","C0402C102J3RECAUTO","KEMET","5450","50","50","https://www.lcsc.com/product-detail/C1513175.html","0402","Tape & Reel (TR)","1nF","±5%","25V","X7R",""
"C1513495","C0805C105J3RECAUTO","KEMET","2095","5","5","https://www.lcsc.com/product-detail/C1513495.html","0805","Tape & Reel (TR)","1uF","±5%","25V","X7R",""
"C1517504","GJM1555C1H3R9GB01D","muRata","6340","20","20","https://www.lcsc.com/product-detail/C1517504.html","0402","Tape & Reel (TR)","3.9pF","±2%","50V","C0G",""
"C1517505","GJM1555C1H2R2GB01D","muRata","5980","20","20","https://www.lcsc.com/product-detail/C1517505.html","0402","Tape & Reel (TR)","2.2pF","±2%","50V","C0G",""
"C1517589","GCM1555C1H240GA16D","muRata","7380","20","20","https://www.lcsc.com/product-detail/C1517589.html","0402","Tape & Reel (TR)","24pF","±2%","50V","C0G",""
"C1517591","GCM1555C1H681GA16D","muRata","2720","20","20","https://www.lcsc.com/product-detail/C1517591.html","0402","Tape & Reel (TR)","680pF","±2%","50V","C0G",""
"C1517782","GJM1555C1H170FB01D","muRata","7880","10","10","https://www.lcsc.com/product-detail/C1517782.html","0402","Tape & Reel (TR)","17pF","±1%","50V","C0G",""
"C1517789","GCM1885C1H103JA16D","muRata","22760","10","10","https://www.lcsc.com/product-detail/C1517789.html","0603","Tape & Reel (TR)","10nF","±5%","50V","C0G",""
"C1517809","GCM2165C2A222FA16D","muRata","2405","5","5","https://www.lcsc.com/product-detail/C1517809.html","0805","Tape & Reel (TR)","2.2nF","±1%","100V","C0G",""
"C1517814","GCM1555C1H241FA16D","muRata","7020","20","20","https://www.lcsc.com/product-detail/C1517814.html","0402","Tape & Reel (TR)","240pF","±1%","50V","C0G",""
"C1517815","GCM1555C1H6R0FA16D","muRata","8900","20","20","https://www.lcsc.com/product-detail/C1517815.html","0402","Tape & Reel (TR)","6pF","±1%","50V","C0G",""
"C1517816","GCM1885C1H122FA16D","muRata","2220","10","10","https://www.lcsc.com/product-detail/C1517816.html","0603","Tape & Reel (TR)","1.2nF","±1%","50V","C0G",""
"C1517830","GCM1885C2A430FA16D","muRata","3340","10","10","https://www.lcsc.com/product-detail/C1517830.html","0603","Tape & Reel (TR)","43pF","±1%","100V","C0G",""
"C1518202","GRM1555C2A471JE01D","muRata","24300","50","50","https://www.lcsc.com/product-detail/C1518202.html","0402","Tape & Reel (TR)","470pF","±5%","100V","C0G",""
"C1518203","GRM1555C2A221JE01D","muRata","23800","50","50","https://www.lcsc.com/product-detail/C1518203.html","0402","Tape & Reel (TR)","220pF","±5%","100V","C0G",""
"C1518204","GRM1555C1H472JE01D","muRata","317650","50","50","https://www.lcsc.com/product-detail/C1518204.html","0402","Tape & Reel (TR)","4.7nF","±5%","50V","C0G",""
"C1518205","GRM1555C1H272JE01D","muRata","7220","20","20","https://www.lcsc.com/product-detail/C1518205.html","0402","Tape & Reel (TR)","2.7nF","±5%","50V","C0G",""
"C1518206","GRM1555C1H682JE01D","muRata","16700","50","50","https://www.lcsc.com/product-detail/C1518206.html","0402","Tape & Reel (TR)","6.8nF","±5%","50V","C0G",""
"C1518207","GRM1555C1H332JE01D","muRata","57400","50","50","https://www.lcsc.com/product-detail/C1518207.html","0402","Tape & Reel (TR)","3.3nF","±5%","50V","C0G",""
"C1518210","GRM1555CYA103JE01D","muRata","16690","10","10","https://www.lcsc.com/product-detail/C1518210.html","0402","Tape & Reel (TR)","10nF","±5%","35V","C0G",""
"C1518212","GRM2165C1H333JA01D","muRata","3155","5","5","https://www.lcsc.com/product-detail/C1518212.html","0805","Tape & Reel (TR)","33nF","±5%","50V","C0G",""
"C1518214","GRM31C5C1E224JE02L","muRata","1528","1","1","https://www.lcsc.com/product-detail/C1518214.html","1206","Tape & Reel (TR)","220nF","±5%","25V","C0G",""
"C1845481","C0603C560J5GACAUTO","KEMET","8000","50","50","https://www.lcsc.com/product-detail/C1845481.html","0603","Tape & Reel (TR)","56pF","±5%","50V","C0G",""
"C1845572","12067A100JAT2A","Kyocera AVX","3965","5","5","https://www.lcsc.com/product-detail/C1845572.html","1206","Tape & Reel (TR)","10pF","±5%","500V","C0G",""
"C1845629","C0603C223J5RACAUTO","KEMET","4100","50","50","https://www.lcsc.com/product-detail/C1845629.html","0603","Tape & Reel (TR)","22nF","±5%","50V","X7R",""
"C1845704","C0402C202J3GACAUTO","KEMET","7600","20","20","https://www.lcsc.com/product-detail/C1845704.html","0402","Tape & Reel (TR)","2nF","±5%","25V","C0G",""
"C1845713","C0402C122J5GACAUTO","KEMET","8800","50","50","https://www.lcsc.com/product-detail/C1845713.html","0402","Tape & Reel (TR)","1.2nF","±5%","50V","C0G",""
"C1845754","C0402C222J3GACAUTO","KEMET","17260","20","20","https://www.lcsc.com/product-detail/C1845754.html","0402","Tape & Reel (TR)","2.2nF","±5%","25V","C0G",""
"C1845758","C0603C102J3GACAUTO","KEMET","2390","10","10","https://www.lcsc.com/product-detail/C1845758.html","0603","Tape & Reel (TR)","1nF","±5%","25V","C0G",""
"C1846092","VJ1206Y223JXACW1BC","VISHAY","1830","5","5","https://www.lcsc.com/product-detail/C1846092.html","1206","Tape & Reel (TR)","22nF","±5%","50V","X7R",""
"C1850553","VJ1206A103JXAAT","VISHAY","2160","5","5","https://www.lcsc.com/product-detail/C1850553.html","1206","Tape & Reel (TR)","10nF","±5%","50V","C0G",""
"C1850665","VJ0603A821JXACW1BC","VISHAY","3960","10","10","https://www.lcsc.com/product-detail/C1850665.html","0603","Tape & Reel (TR)","820pF","±5%","50V","C0G",""
"C1850692","VJ0805A471FXACW1BC","VISHAY","1690","5","5","https://www.lcsc.com/product-detail/C1850692.html","0805","Tape & Reel (TR)","470pF","±1%","50V","C0G",""
"C1850719","VJ0603Y102JXAAC","VISHAY","2560","5","5","https://www.lcsc.com/product-detail/C1850719.html","0603","Tape & Reel (TR)","1nF","±5%","50V","X7R",""
"C1852261","GCM1555C1H151JA16J","muRata","35200","50","50","https://www.lcsc.com/product-detail/C1852261.html","0402","Tape & Reel (TR)","150pF","±5%","50V","C0G",""
"C1852380","GCM1885C2A100JA16J","muRata","7950","50","50","https://www.lcsc.com/product-detail/C1852380.html","0603","Tape & Reel (TR)","10pF","±5%","100V","C0G",""
"C1852937","AC0402FRNPO9BN330","YAGEO","6150","50","50","https://www.lcsc.com/product-detail/C1852937.html","0402","Tape & Reel (TR)","33pF","±1%","50V","NP0",""
"C1852967","CC0805KRX7R6BB104","YAGEO","9580","20","20","https://www.lcsc.com/product-detail/C1852967.html","0805","Tape & Reel (TR)","100nF","±10%","10V","X7R",""
"C1853012","CC0805JRNPOYBN680","YAGEO","4050","50","50","https://www.lcsc.com/product-detail/C1853012.html","0805","Tape & Reel (TR)","68pF","±5%","250V","NP0",""
"C1853022","CC0603JRX7R7BB684","YAGEO","2150","50","50","https://www.lcsc.com/product-detail/C1853022.html","0603","Tape & Reel (TR)","680nF","±5%","16V","X7R",""
"C1853053","CC0402FRNPO8BN270","YAGEO","8400","100","100","https://www.lcsc.com/product-detail/C1853053.html","0402","Tape & Reel (TR)","27pF","±1%","25V","NP0",""
"C1853055","AC0603JRX7R8BB103","YAGEO","600","50","50","https://www.lcsc.com/product-detail/C1853055.html","0603","Tape & Reel (TR)","10nF","±5%","25V","X7R",""
"C1853094","CC0603JPNPO9BN180","YAGEO","2600","100","100","https://www.lcsc.com/product-detail/C1853094.html","0603","Tape & Reel (TR)","18pF","±5%","50V","NP0",""
"C1853096","CC0603FRNPO9BN301","YAGEO","8050","50","50","https://www.lcsc.com/product-detail/C1853096.html","0603","Tape & Reel (TR)","300pF","±1%","50V","NP0",""
"C1853160","CC0603JRNPO6BN101","YAGEO","18800","100","100","https://www.lcsc.com/product-detail/C1853160.html","0603","Tape & Reel (TR)","100pF","±5%","10V","NP0",""
"C1853175","CC0603JRNPO8BN100","YAGEO","30900","100","100","https://www.lcsc.com/product-detail/C1853175.html","0603","Tape & Reel (TR)","10pF","±5%","25V","NP0",""
"C1853238","AC0603JRX7R0BB103","YAGEO","4750","50","50","https://www.lcsc.com/product-detail/C1853238.html","0603","Tape & Reel (TR)","10nF","±5%","100V","X7R",""
"C1853251","AC0805KRX7R9BB153","YAGEO","450","50","50","https://www.lcsc.com/product-detail/C1853251.html","0805","Tape & Reel (TR)","15nF","±10%","50V","X7R",""
"C1853266","CC0603KPX7R8BB104","YAGEO","14740","20","20","https://www.lcsc.com/product-detail/C1853266.html","0603","Tape & Reel (TR)","100nF","±10%","25V","X7R",""
"C1853295","CC0805JRNPO9BN161","YAGEO","13150","50","50","https://www.lcsc.com/product-detail/C1853295.html","0805","Tape & Reel (TR)","160pF","±5%","50V","NP0",""
"C1853298","AS0805KRX7R0BB472","YAGEO","560","20","20","https://www.lcsc.com/product-detail/C1853298.html","0805","Tape & Reel (TR)","4.7nF","±10%","100V","X7R",""
"C1853443","CC0805KKX7RBBB223","YAGEO","5080","20","20","https://www.lcsc.com/product-detail/C1853443.html","0805","Tape & Reel (TR)","22nF","±10%","500V","X7R",""
"C1853547","CC0805JRX7R8BB393","YAGEO","900","50","50","https://www.lcsc.com/product-detail/C1853547.html","0805","Tape & Reel (TR)","39nF","±5%","25V","X7R",""
"C1853551","CC0805JKX7R0BB104","YAGEO","113340","20","20","https://www.lcsc.com/product-detail/C1853551.html","0805","Tape & Reel (TR)","100nF","±5%","100V","X7R",""
"C1853556","AC0402FRNPO9BN180","YAGEO","7400","50","50","https://www.lcsc.com/product-detail/C1853556.html","0402","Tape & Reel (TR)","18pF","±1%","50V","NP0",""
"C1853576","CC0805FRNPO0BN101","YAGEO","3780","20","20","https://www.lcsc.com/product-detail/C1853576.html","0805","Tape & Reel (TR)","100pF","±1%","100V","NP0",""
"C1853592","AC0805KKX7R9BB684","YAGEO","40","10","10","https://www.lcsc.com/product-detail/C1853592.html","0805","Tape & Reel (TR)","680nF","±10%","50V","X7R",""
"C1853626","AC1206KKX7R9BB105","YAGEO","920","5","5","https://www.lcsc.com/product-detail/C1853626.html","1206","Tape & Reel (TR)","1uF","±10%","50V","X7R",""
"C1853648","AC0603KRX7R8BB184","YAGEO","2550","50","50","https://www.lcsc.com/product-detail/C1853648.html","0603","Tape & Reel (TR)","180nF","±10%","25V","X7R",""
"C1853752","CC0603JRNPOYBN680","YAGEO","4050","50","50","https://www.lcsc.com/product-detail/C1853752.html","0603","Tape & Reel (TR)","68pF","±5%","250V","NP0",""
"C1853757","CC0805KKX7RZBB103","YAGEO","100","50","50","https://www.lcsc.com/product-detail/C1853757.html","0805","Tape & Reel (TR)","10nF","±10%","630V","X7R",""
"C1853771","CC0603JPX7R9BB223","YAGEO","5350","50","50","https://www.lcsc.com/product-detail/C1853771.html","0603","Tape & Reel (TR)","22nF","±5%","50V","X7R",""
"C1853786","CC0603JPX7R9BB102","YAGEO","650","50","50","https://www.lcsc.com/product-detail/C1853786.html","0603","Tape & Reel (TR)","1nF","±5%","50V","X7R",""
"C1853797","AC0603KRX7R8BB154","YAGEO","850","50","50","https://www.lcsc.com/product-detail/C1853797.html","0603","Tape & Reel (TR)","150nF","±10%","25V","X7R",""
"C1853923","CC0805JKNPOBBN681","YAGEO","3930","10","10","https://www.lcsc.com/product-detail/C1853923.html","0805","Tape & Reel (TR)","680pF","±5%","500V","NP0",""
"C1854109","CC0805KRX7R8BB101","YAGEO","3600","100","100","https://www.lcsc.com/product-detail/C1854109.html","0805","Tape & Reel (TR)","100pF","±10%","25V","X7R",""
"C1854118","CC0805KRX7R5BB104","YAGEO","7050","50","50","https://www.lcsc.com/product-detail/C1854118.html","0805","Tape & Reel (TR)","100nF","±10%","6.3V","X7R",""
"C1854139","CC0805JRNPOZBN220","YAGEO","3800","50","50","https://www.lcsc.com/product-detail/C1854139.html","0805","Tape & Reel (TR)","22pF","±5%","630V","NP0",""
"C1854166","CC0805KRX7R9BB622","YAGEO","3900","50","50","https://www.lcsc.com/product-detail/C1854166.html","0805","Tape & Reel (TR)","6.2nF","±10%","50V","X7R",""
"C1854190","CC1206KPX7R9BB104","YAGEO","20","20","20","https://www.lcsc.com/product-detail/C1854190.html","1206","Tape & Reel (TR)","100nF","±10%","50V","X7R",""
"C1854267","CC0805KKX7R9BB394","YAGEO","9540","20","20","https://www.lcsc.com/product-detail/C1854267.html","0805","Tape & Reel (TR)","390nF","±10%","50V","X7R",""
"C1854328","CC1206JKX7RCBB471","YAGEO","80","20","20","https://www.lcsc.com/product-detail/C1854328.html","1206","Tape & Reel (TR)","470pF","±5%","1kV","X7R",""
"C1854329","CC1206JKX7RCBB103","YAGEO","1460","20","20","https://www.lcsc.com/product-detail/C1854329.html","1206","Tape & Reel (TR)","10nF","±5%","1kV","X7R",""
"C1854427","CC1206KKX7RBBB272","YAGEO","1380","20","20","https://www.lcsc.com/product-detail/C1854427.html","1206","Tape & Reel (TR)","2.7nF","±10%","500V","X7R",""
"C1854493","CC0805JRX7RABB152","YAGEO","3950","50","50","https://www.lcsc.com/product-detail/C1854493.html","0805","Tape & Reel (TR)","1.5nF","±5%","200V","X7R",""
"C1855154","CQ0402FRNPO9BN270","YAGEO","1160","20","20","https://www.lcsc.com/product-detail/C1855154.html","0402","Tape & Reel (TR)","27pF","±1%","50V","NP0",""
"C1855252","CS0603JRNPO9BN100","YAGEO","2700","50","50","https://www.lcsc.com/product-detail/C1855252.html","0603","Tape & Reel (TR)","10pF","±5%","50V","NP0",""
"C1855388","CS0805KRX7RCBB102","YAGEO","430","10","10","https://www.lcsc.com/product-detail/C1855388.html","0805","Tape & Reel (TR)","1nF","±10%","1kV","X7R",""
"C1855486","CQ0402FRNPO9BN200","YAGEO","5700","20","20","https://www.lcsc.com/product-detail/C1855486.html","0402","Tape & Reel (TR)","20pF","±1%","50V","NP0",""
"C1855507","CC1210JKNPOCBN102","YAGEO","2885","5","5","https://www.lcsc.com/product-detail/C1855507.html","1210","Tape & Reel (TR)","1nF","±5%","1kV","NP0",""
"C1855513","CC1210KKX7R0BB684","YAGEO","5","5","5","https://www.lcsc.com/product-detail/C1855513.html","1210","Tape & Reel (TR)","680nF","±10%","100V","X7R",""
"C1856386","08055A8R2JAT2A","Kyocera AVX","3198","1","1","https://www.lcsc.com/product-detail/C1856386.html","0805","Tape & Reel (TR)","8.2pF","±5%","50V","C0G",""
"C1856545","CS1210KKX7R9BB475","YAGEO","260","5","5","https://www.lcsc.com/product-detail/C1856545.html","1210","Tape & Reel (TR)","4.7uF","±10%","50V","X7R",""
"C1864226","GCM1555C1H101GA16D","muRata","19050","50","50","https://www.lcsc.com/product-detail/C1864226.html","0402","Tape & Reel (TR)","100pF","±2%","50V","C0G",""
"C1864235","GCM1885C2A201FA16J","muRata","1670","10","10","https://www.lcsc.com/product-detail/C1864235.html","0603","Tape & Reel (TR)","200pF","±1%","100V","C0G",""
"C1864236","GCM1885C2A820FA16D","muRata","4030","10","10","https://www.lcsc.com/product-detail/C1864236.html","0603","Tape & Reel (TR)","82pF","±1%","100V","C0G",""
"C1864237","GCM1885C2A120FA16D","muRata","2470","10","10","https://www.lcsc.com/product-detail/C1864237.html","0603","Tape & Reel (TR)","12pF","±1%","100V","C0G",""
"C1864241","GJM1555C1H390GB01D","muRata","7940","20","20","https://www.lcsc.com/product-detail/C1864241.html","0402","Tape & Reel (TR)","39pF","±2%","50V","C0G",""
"C1864297","GCM31C5C1H104FA16L","muRata","18609","1","1","https://www.lcsc.com/product-detail/C1864297.html","1206","Tape & Reel (TR)","100nF","±1%","50V","C0G",""
"C1864305","GCM21B5C1H223FA16L","muRata","1518","1","1","https://www.lcsc.com/product-detail/C1864305.html","0805","Tape & Reel (TR)","22nF","±1%","50V","C0G",""
"C1864316","C0603C102J5GAC7411","KEMET","13220","20","20","https://www.lcsc.com/product-detail/C1864316.html","0603","Tape & Reel (TR)","1nF","±5%","50V","C0G",""
"C1864330","GCM1885C2A560FA16D","muRata","5710","10","10","https://www.lcsc.com/product-detail/C1864330.html","0603","Tape & Reel (TR)","56pF","±1%","100V","C0G",""
"C1864333","GCM1885C2A561FA16D","muRata","1230","10","10","https://www.lcsc.com/product-detail/C1864333.html","0603","Tape & Reel (TR)","560pF","±1%","100V","C0G",""
"C1864334","GCM1885C2A681FA16D","muRata","2740","10","10","https://www.lcsc.com/product-detail/C1864334.html","0603","Tape & Reel (TR)","680pF","±1%","100V","C0G",""
"C1864335","GCM1885C2A331FA16D","muRata","11590","10","10","https://www.lcsc.com/product-detail/C1864335.html","0603","Tape & Reel (TR)","330pF","±1%","100V","C0G",""
"C1864338","GCM1885C2A121FA16D","muRata","2910","10","10","https://www.lcsc.com/product-detail/C1864338.html","0603","Tape & Reel (TR)","120pF","±1%","100V","C0G",""
"C1864355","GCM1555C1H331FA16D","muRata","9960","20","20","https://www.lcsc.com/product-detail/C1864355.html","0402","Tape & Reel (TR)","330pF","±1%","50V","C0G",""
"C1864357","GCM1555C1H391FA16D","muRata","9320","20","20","https://www.lcsc.com/product-detail/C1864357.html","0402","Tape & Reel (TR)","390pF","±1%","50V","C0G",""
"C1864359","GCM1555C1H111FA16D","muRata","10080","20","20","https://www.lcsc.com/product-detail/C1864359.html","0402","Tape & Reel (TR)","110pF","±1%","50V","C0G",""
"C1864367","GCM1555C1H430FA16D","muRata","4700","50","50","https://www.lcsc.com/product-detail/C1864367.html","0402","Tape & Reel (TR)","43pF","±1%","50V","C0G",""
"C1864373","GCM1555C1H6R8FA16D","muRata","17560","20","20","https://www.lcsc.com/product-detail/C1864373.html","0402","Tape & Reel (TR)","6.8pF","±1%","50V","C0G",""
"C1864374","GCM1555C1H161FA16D","muRata","9780","20","20","https://www.lcsc.com/product-detail/C1864374.html","0402","Tape & Reel (TR)","160pF","±1%","50V","C0G",""
"C1864375","GCM1555C1H8R0FA16D","muRata","21400","50","50","https://www.lcsc.com/product-detail/C1864375.html","0402","Tape & Reel (TR)","8pF","±1%","50V","C0G",""
"C1864376","GCM1555C1H821FA16D","muRata","1320","20","20","https://www.lcsc.com/product-detail/C1864376.html","0402","Tape & Reel (TR)","820pF","±1%","50V","C0G",""
"C1864396","GCM1555C1H101FA16J","muRata","9350","50","50","https://www.lcsc.com/product-detail/C1864396.html","0402","Tape & Reel (TR)","100pF","±1%","50V","C0G",""
"C1864397","GCM1555C1H120GA16D","muRata","6300","50","50","https://www.lcsc.com/product-detail/C1864397.html","0402","Tape & Reel (TR)","12pF","±2%","50V","C0G",""
"C1864482","GCM31M5C1H473FA16L","muRata","2368","1","1","https://www.lcsc.com/product-detail/C1864482.html","1206","Tape & Reel (TR)","47nF","±1%","50V","C0G",""
"C1864488","GCM1555C1H910FA16D","muRata","5100","50","50","https://www.lcsc.com/product-detail/C1864488.html","0402","Tape & Reel (TR)","91pF","±1%","50V","C0G",""
"C1864551","GCM1555C1H330GA16D","muRata","4750","50","50","https://www.lcsc.com/product-detail/C1864551.html","0402","Tape & Reel (TR)","33pF","±2%","50V","C0G",""
"C1864552","GCM1555C1H390GA16D","muRata","8300","20","20","https://www.lcsc.com/product-detail/C1864552.html","0402","Tape & Reel (TR)","39pF","±2%","50V","C0G",""
"C1864641","GJM1555C1H240GB01D","muRata","1950","5","5","https://www.lcsc.com/product-detail/C1864641.html","0402","Tape & Reel (TR)","24pF","±2%","50V","C0G",""
"C1864732","C0603C221F5GACAUTO","KEMET","2475","5","5","https://www.lcsc.com/product-detail/C1864732.html","0603","Tape & Reel (TR)","220pF","±1%","50V","C0G",""
"C1864734","C0603C103J1RACAUTO","KEMET","3640","20","20","https://www.lcsc.com/product-detail/C1864734.html","0603","Tape & Reel (TR)","10nF","±5%","100V","X7R",""
"C1865002","GRM21A5C2E331FW01D","muRata","1995","5","5","https://www.lcsc.com/product-detail/C1865002.html","0805","Tape & Reel (TR)","330pF","±1%","250V","C0G",""
"C1865027","C0402C751J5GACAUTO","KEMET","4508","1","1","https://www.lcsc.com/product-detail/C1865027.html","0402","Tape & Reel (TR)","750pF","±5%","50V","C0G",""
"C1865294","C0603C470F5GACAUTO","KEMET","2380","10","10","https://www.lcsc.com/product-detail/C1865294.html","0603","Tape & Reel (TR)","47pF","±1%","50V","C0G",""
"C1870141","GCM1885C1H202FA16J","muRata","6050","10","10","https://www.lcsc.com/product-detail/C1870141.html","0603","Tape & Reel (TR)","2nF","±1%","50V","C0G",""
"C1882476","CC0603JRNPO9BN8R0","YAGEO","4600","50","50","https://www.lcsc.com/product-detail/C1882476.html","0603","Tape & Reel (TR)","8pF","±5%","50V","NP0",""
"C1882704","C0603C102J5RAC7411","KEMET","14800","50","50","https://www.lcsc.com/product-detail/C1882704.html","0603","Tape & Reel (TR)","1nF","±5%","50V","X7R",""
"C1952576","CC1210KKX7R6BB106","YAGEO","1440","5","5","https://www.lcsc.com/product-detail/C1952576.html","1210","Tape & Reel (TR)","10uF","±10%","10V","X7R",""
"C2167082","06035A102JAT2A","Kyocera AVX","2990","10","10","https://www.lcsc.com/product-detail/C2167082.html","0603","Tape & Reel (TR)","1nF","±5%","50V","C0G",""
"C2167084","C0805C102J5GACTU","KEMET","3000","20","20","https://www.lcsc.com/product-detail/C2167084.html","0805","Tape & Reel (TR)","1nF","±5%","50V","C0G",""
"C2167086","GRM1885C2A102JA01J","muRata","2450","50","50","https://www.lcsc.com/product-detail/C2167086.html","0603","Tape & Reel (TR)","1nF","±5%","100V","C0G",""
"C2167095","C0805C104J5RACTU","KEMET","20800","20","20","https://www.lcsc.com/product-detail/C2167095.html","0805","Tape & Reel (TR)","100nF","±5%","50V","X7R",""
"C2167113","04025A101JAT4A","Kyocera AVX","105400","50","50","https://www.lcsc.com/product-detail/C2167113.html","0402","Tape & Reel (TR)","100pF","±5%","50V","C0G",""
"C2167114","GRM1885C1H102JA01J","muRata","18750","50","50","https://www.lcsc.com/product-detail/C2167114.html","0603","Tape & Reel (TR)","1nF","±5%","50V","C0G",""
"C2167157","04025A820FAT2A","Kyocera AVX","8400","20","20","https://www.lcsc.com/product-detail/C2167157.html","0402","Tape & Reel (TR)","82pF","±1%","50V","C0G",""
"C2167183","C0603C102J5RACTU","KEMET","6940","20","20","https://www.lcsc.com/product-detail/C2167183.html","0603","Tape & Reel (TR)","1nF","±5%","50V","X7R",""
"C2167185","C0805C101J5GACTU","KEMET","2250","50","50","https://www.lcsc.com/product-detail/C2167185.html","0805","Tape & Reel (TR)","100pF","±5%","50V","C0G",""
"C2167207","06035C333JAT2A","Kyocera AVX","27100","50","50","https://www.lcsc.com/product-detail/C2167207.html","0603","Tape & Reel (TR)","33nF","±5%","50V","X7R",""
"C2167264","C0402C200J5GACTU","KEMET","5550","50","50","https://www.lcsc.com/product-detail/C2167264.html","0402","Tape & Reel (TR)","20pF","±5%","50V","C0G",""
"C2167273","C0805C102J1GACTU","KEMET","2540","20","20","https://www.lcsc.com/product-detail/C2167273.html","0805","Tape & Reel (TR)","1nF","±5%","100V","C0G",""
"C2167326","C0603C100J5GACTU","KEMET","7850","50","50","https://www.lcsc.com/product-detail/C2167326.html","0603","Tape & Reel (TR)","10pF","±5%","50V","C0G",""
"C2167328","C0603C101J5GACTU","KEMET","10380","20","20","https://www.lcsc.com/product-detail/C2167328.html","0603","Tape & Reel (TR)","100pF","±5%","50V","C0G",""
"C2167347","C0603C470J5GACTU","KEMET","3320","20","20","https://www.lcsc.com/product-detail/C2167347.html","0603","Tape & Reel (TR)","47pF","±5%","50V","C0G",""
"C2167348","C0603C472J5GACTU","KEMET","2470","10","10","https://www.lcsc.com/product-detail/C2167348.html","0603","Tape & Reel (TR)","4.7nF","±5%","50V","C0G",""
"C2167403","08055A101JAT2A","Kyocera AVX","1500","50","50","https://www.lcsc.com/product-detail/C2167403.html","0805","Tape & Reel (TR)","100pF","±5%","50V","C0G",""
"C2167413","C0805C101JCGACTU","KEMET","2455","5","5","https://www.lcsc.com/product-detail/C2167413.html","0805","Tape & Reel (TR)","100pF","±5%","500V","C0G",""
"C2167421","GJM1555C1H130GB01D","muRata","10800","10","10","https://www.lcsc.com/product-detail/C2167421.html","0402","Tape & Reel (TR)","13pF","±2%","50V","C0G",""
"C2167429","12065C474JAT2A","Kyocera AVX","3760","10","10","https://www.lcsc.com/product-detail/C2167429.html","1206","Tape & Reel (TR)","470nF","±5%","50V","X7R",""
"C2167437","C0603C222J5GACTU","KEMET","2240","20","20","https://www.lcsc.com/product-detail/C2167437.html","0603","Tape & Reel (TR)","2.2nF","±5%","50V","C0G",""
"C2167469","C0402C471J5GACTU","KEMET","1320","20","20","https://www.lcsc.com/product-detail/C2167469.html","0402","Tape & Reel (TR)","470pF","±5%","50V","C0G",""
"C2167488","C0805C100JDGACTU","KEMET","2130","5","5","https://www.lcsc.com/product-detail/C2167488.html","0805","Tape & Reel (TR)","10pF","±5%","1kV","C0G",""
"C2167537","GQM1875C2E101JB12D","muRata","3565","5","5","https://www.lcsc.com/product-detail/C2167537.html","0603","Tape & Reel (TR)","100pF","±5%","250V","C0G",""
"C2167591","C0603C101F5GACTU","KEMET","15715","5","5","https://www.lcsc.com/product-detail/C2167591.html","0603","Tape & Reel (TR)","100pF","±1%","50V","C0G",""
"C2167597","C0805C103J5GACTU","KEMET","3165","5","5","https://www.lcsc.com/product-detail/C2167597.html","0805","Tape & Reel (TR)","10nF","±5%","50V","C0G",""
"C2167623","GRM1555C1H102GA01D","muRata","52220","20","20","https://www.lcsc.com/product-detail/C2167623.html","0402","Tape & Reel (TR)","1nF","±2%","50V","C0G",""
"C2167697","C1206C102JGRACTU","KEMET","2365","5","5","https://www.lcsc.com/product-detail/C2167697.html","1206","Tape & Reel (TR)","1nF","±5%","2kV","X7R",""
"C2167736","C0603C121F5GACTU","KEMET","3980","5","5","https://www.lcsc.com/product-detail/C2167736.html","0603","Tape & Reel (TR)","120pF","±1%","50V","C0G",""
"C2167779","08051A471FAT2A","Kyocera AVX","1048","2","2","https://www.lcsc.com/product-detail/C2167779.html","0805","Tape & Reel (TR)","470pF","±1%","100V","C0G",""
"C2167786","C0805C101F5GACTU","KEMET","1870","5","5","https://www.lcsc.com/product-detail/C2167786.html","0805","Tape & Reel (TR)","100pF","±1%","50V","C0G",""
"C2167897","C0402C104J4RACTU","KEMET","3650","50","50","https://www.lcsc.com/product-detail/C2167897.html","0402","Tape & Reel (TR)","100nF","±5%","16V","X7R",""
"C2167903","C0603C103F3GACTU","KEMET","6878","1","1","https://www.lcsc.com/product-detail/C2167903.html","0603","Tape & Reel (TR)","10nF","±1%","25V","C0G",""
"C2167955","C0402C103J5RACTU","KEMET","10440","20","20","https://www.lcsc.com/product-detail/C2167955.html","0402","Tape & Reel (TR)","10nF","±5%","50V","X7R",""
"C2168016","GRM31A5C2J391JW01D","muRata","1200","20","20","https://www.lcsc.com/product-detail/C2168016.html","1206","Tape & Reel (TR)","390pF","±5%","630V","C0G",""
"C2168189","C0402C470J3GACTU","KEMET","20000","50","50","https://www.lcsc.com/product-detail/C2168189.html","0402","Tape & Reel (TR)","47pF","±5%","25V","C0G",""
"C2168192","C0402C220J4GACTU","KEMET","9900","50","50","https://www.lcsc.com/product-detail/C2168192.html","0402","Tape & Reel (TR)","22pF","±5%","16V","C0G",""
"C2168202","C0402C150J4GACTU","KEMET","10800","50","50","https://www.lcsc.com/product-detail/C2168202.html","0402","Tape & Reel (TR)","15pF","±5%","16V","C0G",""
"C2168236","GRM155R71H222JA01J","muRata","14400","100","100","https://www.lcsc.com/product-detail/C2168236.html","0402","Tape & Reel (TR)","2.2nF","±5%","50V","X7R",""
"C2168266","04025U100FAT2A","Kyocera AVX","9525","5","5","https://www.lcsc.com/product-detail/C2168266.html","0402","Tape & Reel (TR)","10pF","±1%","50V","C0G",""
"C2168319","C1206C104J3GACTU","KEMET","1997","1","1","https://www.lcsc.com/product-detail/C2168319.html","1206","Tape & Reel (TR)","100nF","±5%","25V","C0G",""
"C2168333","GQM1875C2E101GB12D","muRata","1970","5","5","https://www.lcsc.com/product-detail/C2168333.html","0603","Tape & Reel (TR)","100pF","±2%","250V","C0G",""
"C2168350","C0603C180J5GACTU","KEMET","6200","50","50","https://www.lcsc.com/product-detail/C2168350.html","0603","Tape & Reel (TR)","18pF","±5%","50V","C0G",""
"C2168411","C0402C121J5GACTU","KEMET","8600","50","50","https://www.lcsc.com/product-detail/C2168411.html","0402","Tape & Reel (TR)","120pF","±5%","50V","C0G",""
"C2168449","C0402C222J5RACTU","KEMET","7850","50","50","https://www.lcsc.com/product-detail/C2168449.html","0402","Tape & Reel (TR)","2.2nF","±5%","50V","X7R",""
"C2168507","AS1210KKX7R9BB475","YAGEO","210","5","5","https://www.lcsc.com/product-detail/C2168507.html","1210","Tape & Reel (TR)","4.7uF","±10%","50V","X7R",""
"C2168526","C0603C560J5GACTU","KEMET","11450","50","50","https://www.lcsc.com/product-detail/C2168526.html","0603","Tape & Reel (TR)","56pF","±5%","50V","C0G",""
"C2168575","C0603C121J5GACTU","KEMET","3800","50","50","https://www.lcsc.com/product-detail/C2168575.html","0603","Tape & Reel (TR)","120pF","±5%","50V","C0G",""
"C2168577","GRM1555C1H391JA01J","muRata","31400","100","100","https://www.lcsc.com/product-detail/C2168577.html","0402","Tape & Reel (TR)","390pF","±5%","50V","C0G",""
"C2168592","06035A100JAT4A","Kyocera AVX","12023","1","1","https://www.lcsc.com/product-detail/C2168592.html","0603","Tape & Reel (TR)","10pF","±5%","50V","C0G",""
"C2168605","AC0402KRX7R9BB562","YAGEO","1100","100","100","https://www.lcsc.com/product-detail/C2168605.html","0402","Tape & Reel (TR)","5.6nF","±10%","50V","X7R",""
"C2168611","C0603C680J5GACTU","KEMET","3300","50","50","https://www.lcsc.com/product-detail/C2168611.html","0603","Tape & Reel (TR)","68pF","±5%","50V","C0G",""
"C2168616","GRM1555C1H471JA01J","muRata","44100","100","100","https://www.lcsc.com/product-detail/C2168616.html","0402","Tape & Reel (TR)","470pF","±5%","50V","C0G",""
"C2168663","C0402C100J5GACTU","KEMET","1700","50","50","https://www.lcsc.com/product-detail/C2168663.html","0402","Tape & Reel (TR)","10pF","±5%","50V","C0G",""
"C2168670","C0402C271J5GAC7867","KEMET","9050","50","50","https://www.lcsc.com/product-detail/C2168670.html","0402","Tape & Reel (TR)","270pF","±5%","50V","C0G",""
"C2168735","C0603C221J1GACTU","KEMET","2100","20","20","https://www.lcsc.com/product-detail/C2168735.html","0603","Tape & Reel (TR)","220pF","±5%","100V","C0G",""
"C2168738","06035A330JAT2A","Kyocera AVX","2900","50","50","https://www.lcsc.com/product-detail/C2168738.html","0603","Tape & Reel (TR)","33pF","±5%","50V","C0G",""
"C2168758","C0805C331J5GACTU","KEMET","2080","20","20","https://www.lcsc.com/product-detail/C2168758.html","0805","Tape & Reel (TR)","330pF","±5%","50V","C0G",""
"C2168771","202R18N101JV4E","Johanson Dielectrics","1965","5","5","https://www.lcsc.com/product-detail/C2168771.html","1206","Tape & Reel (TR)","100pF","±5%","2kV","NP0",""
"C2168777","C0603C223J3RACTU","KEMET","3220","20","20","https://www.lcsc.com/product-detail/C2168777.html","0603","Tape & Reel (TR)","22nF","±5%","25V","X7R",""
"C2168780","C0805C151J5GACTU","KEMET","3920","20","20","https://www.lcsc.com/product-detail/C2168780.html","0805","Tape & Reel (TR)","150pF","±5%","50V","C0G",""
"C2168793","VJ0402A330JXACW1BC","VISHAY","6150","50","50","https://www.lcsc.com/product-detail/C2168793.html","0402","Tape & Reel (TR)","33pF","±5%","50V","C0G",""
"C2168823","C0402C680J5GACTU","KEMET","3850","50","50","https://www.lcsc.com/product-detail/C2168823.html","0402","Tape & Reel (TR)","68pF","±5%","50V","C0G",""
"C2168854","500R15N470JV4T","Johanson Dielectrics","2800","50","50","https://www.lcsc.com/product-detail/C2168854.html","0805","Tape & Reel (TR)","47pF","±5%","50V","NP0",""
"C2168860","C0603C181J5GACTU","KEMET","2540","20","20","https://www.lcsc.com/product-detail/C2168860.html","0603","Tape & Reel (TR)","180pF","±5%","50V","C0G",""
"C2168865","C0402C120J5GACAUTO","KEMET","9061","1","1","https://www.lcsc.com/product-detail/C2168865.html","0402","Tape & Reel (TR)","12pF","±5%","50V","C0G",""
"C2168873","C0603C100J1GACTU","KEMET","6650","50","50","https://www.lcsc.com/product-detail/C2168873.html","0603","Tape & Reel (TR)","10pF","±5%","100V","C0G",""
"C2168891","C0402C150J5GACAUTO","KEMET","4270","10","10","https://www.lcsc.com/product-detail/C2168891.html","0402","Tape & Reel (TR)","15pF","±5%","50V","C0G",""
"C2168919","C0805C150J5GACTU","KEMET","3300","50","50","https://www.lcsc.com/product-detail/C2168919.html","0805","Tape & Reel (TR)","15pF","±5%","50V","C0G",""
"C2168932","GRM1885C1H202JA01D","muRata","33600","20","20","https://www.lcsc.com/product-detail/C2168932.html","0603","Tape & Reel (TR)","2nF","±5%","50V","C0G",""
"C2168936","C0603C473J3RACTU","KEMET","1960","20","20","https://www.lcsc.com/product-detail/C2168936.html","0603","Tape & Reel (TR)","47nF","±5%","25V","X7R",""
"C2168941","C0805C181J5GACTU","KEMET","2300","20","20","https://www.lcsc.com/product-detail/C2168941.html","0805","Tape & Reel (TR)","180pF","±5%","50V","C0G",""
"C2168975","C0805C330J5GACTU","KEMET","8180","20","20","https://www.lcsc.com/product-detail/C2168975.html","0805","Tape & Reel (TR)","33pF","±5%","50V","C0G",""
"C2169002","C0805C101J1GACTU","KEMET","7040","20","20","https://www.lcsc.com/product-detail/C2169002.html","0805","Tape & Reel (TR)","100pF","±5%","100V","C0G",""
"C2169021","C0805C271J5GACTU","KEMET","3920","10","10","https://www.lcsc.com/product-detail/C2169021.html","0805","Tape & Reel (TR)","270pF","±5%","50V","C0G",""
"C2169023","04023C104JAT2A","Kyocera AVX","1190","10","10","https://www.lcsc.com/product-detail/C2169023.html","0402","Tape & Reel (TR)","100nF","±5%","25V","X7R",""
"C2169042","C0402C470J5GACTU","KEMET","5400","50","50","https://www.lcsc.com/product-detail/C2169042.html","0402","Tape & Reel (TR)","47pF","±5%","50V","C0G",""
"C2169047","C0402C330J4RACAUTO","KEMET","23200","50","50","https://www.lcsc.com/product-detail/C2169047.html","0402","Tape & Reel (TR)","33pF","±5%","16V","X7R",""
"C2169080","VJ0603A221JXACW1BC","VISHAY","3540","10","10","https://www.lcsc.com/product-detail/C2169080.html","0603","Tape & Reel (TR)","220pF","±5%","50V","C0G",""
"C2169092","C0603C331JAGACAUTO","KEMET","2280","10","10","https://www.lcsc.com/product-detail/C2169092.html","0603","Tape & Reel (TR)","330pF","±5%","250V","C0G",""
"C2169101","06035C822JAT2A","Kyocera AVX","1910","5","5","https://www.lcsc.com/product-detail/C2169101.html","0603","Tape & Reel (TR)","8.2nF","±5%","50V","X7R",""
"C2169111","C0603C270J5GACAUTO","KEMET","1300","50","50","https://www.lcsc.com/product-detail/C2169111.html","0603","Tape & Reel (TR)","27pF","±5%","50V","C0G",""
"C2169158","C0805C681J5GACTU","KEMET","1460","20","20","https://www.lcsc.com/product-detail/C2169158.html","0805","Tape & Reel (TR)","680pF","±5%","50V","C0G",""
"C2169164","C0603C561J5GACTU","KEMET","3880","20","20","https://www.lcsc.com/product-detail/C2169164.html","0603","Tape & Reel (TR)","560pF","±5%","50V","C0G",""
"C2169171","C0402C221J5GACAUTO","KEMET","3900","50","50","https://www.lcsc.com/product-detail/C2169171.html","0402","Tape & Reel (TR)","220pF","±5%","50V","C0G",""
"C2169175","GJM1555C1H200JB01D","muRata","7800","50","50","https://www.lcsc.com/product-detail/C2169175.html","0402","Tape & Reel (TR)","20pF","±5%","50V","C0G",""
"C2169188","0402YC102JAT2A","Kyocera AVX","7500","100","100","https://www.lcsc.com/product-detail/C2169188.html","0402","Tape & Reel (TR)","1nF","±5%","16V","X7R",""
"C2169189","AC0805KRX7R8BB103","YAGEO","4000","20","20","https://www.lcsc.com/product-detail/C2169189.html","0805","Tape & Reel (TR)","10nF","±10%","25V","X7R",""
"C2169191","C0805C470J1GACTU","KEMET","1080","20","20","https://www.lcsc.com/product-detail/C2169191.html","0805","Tape & Reel (TR)","47pF","±5%","100V","C0G",""
"C2169209","C0805C101J1GACAUTO","KEMET","3700","20","20","https://www.lcsc.com/product-detail/C2169209.html","0805","Tape & Reel (TR)","100pF","±5%","100V","C0G",""
"C2169253","C0603C820J5GACTU","KEMET","3600","50","50","https://www.lcsc.com/product-detail/C2169253.html","0603","Tape & Reel (TR)","82pF","±5%","50V","C0G",""
"C2169323","C0603C821J5RACTU","KEMET","3800","50","50","https://www.lcsc.com/product-detail/C2169323.html","0603","Tape & Reel (TR)","820pF","±5%","50V","X7R",""
"C2169326","C0402C101J5RACAUTO","KEMET","6650","50","50","https://www.lcsc.com/product-detail/C2169326.html","0402","Tape & Reel (TR)","100pF","±5%","50V","X7R",""
"C2169365","0603YC330JAT2A","Kyocera AVX","7320","5","5","https://www.lcsc.com/product-detail/C2169365.html","0603","Tape & Reel (TR)","33pF","±5%","16V","X7R",""
"C2169399","GRM1555C1H561JA01J","muRata","10400","100","100","https://www.lcsc.com/product-detail/C2169399.html","0402","Tape & Reel (TR)","560pF","±5%","50V","C0G",""
"C2169524","08051A151JAT2A","Kyocera AVX","3680","20","20","https://www.lcsc.com/product-detail/C2169524.html","0805","Tape & Reel (TR)","150pF","±5%","100V","C0G",""
"C2169606","C0805C222J5GACTU","KEMET","2520","20","20","https://www.lcsc.com/product-detail/C2169606.html","0805","Tape & Reel (TR)","2.2nF","±5%","50V","C0G",""
"C2169620","C1206C100J5GACTU","KEMET","3140","10","10","https://www.lcsc.com/product-detail/C2169620.html","1206","Tape & Reel (TR)","10pF","±5%","50V","C0G",""
"C2169708","GJM1555C1H110GB01D","muRata","20360","20","20","https://www.lcsc.com/product-detail/C2169708.html","0402","Tape & Reel (TR)","11pF","±2%","50V","C0G",""
"C2169777","C0402C390J5GACTU","KEMET","22500","50","50","https://www.lcsc.com/product-detail/C2169777.html","0402","Tape & Reel (TR)","39pF","±5%","50V","C0G",""
"C2169793","C0402C102J1GACAUTO","KEMET","4400","50","50","https://www.lcsc.com/product-detail/C2169793.html","0402","Tape & Reel (TR)","1nF","±5%","100V","C0G",""
"C2169800","04025U120FAT2A","Kyocera AVX","1040","5","5","https://www.lcsc.com/product-detail/C2169800.html","0402","Tape & Reel (TR)","12pF","±1%","50V","C0G",""
"C2169825","C0402C270J5GACTU","KEMET","9250","50","50","https://www.lcsc.com/product-detail/C2169825.html","0402","Tape & Reel (TR)","27pF","±5%","50V","C0G",""
"C2169828","C0603C221F5GACTU","KEMET","2065","5","5","https://www.lcsc.com/product-detail/C2169828.html","0603","Tape & Reel (TR)","220pF","±1%","50V","C0G",""
"C2169832","C0805C200J5GACTU","KEMET","3320","20","20","https://www.lcsc.com/product-detail/C2169832.html","0805","Tape & Reel (TR)","20pF","±5%","50V","C0G",""
"C2169945","C0603C200J5GACTU","KEMET","3100","50","50","https://www.lcsc.com/product-detail/C2169945.html","0603","Tape & Reel (TR)","20pF","±5%","50V","C0G",""
"C2169965","C0603C750J5GACTU","KEMET","3850","50","50","https://www.lcsc.com/product-detail/C2169965.html","0603","Tape & Reel (TR)","75pF","±5%","50V","C0G",""
"C2169968","C0603C180J4GACTU","KEMET","2200","50","50","https://www.lcsc.com/product-detail/C2169968.html","0603","Tape & Reel (TR)","18pF","±5%","16V","C0G",""
"C2170007","C0805C680J1GACTU","KEMET","3930","10","10","https://www.lcsc.com/product-detail/C2170007.html","0805","Tape & Reel (TR)","68pF","±5%","100V","C0G",""
"C2170021","08055A151FAT2A","Kyocera AVX","3820","5","5","https://www.lcsc.com/product-detail/C2170021.html","0805","Tape & Reel (TR)","150pF","±1%","50V","C0G",""
"C2170046","C0603C473J5RACTU","KEMET","7960","20","20","https://www.lcsc.com/product-detail/C2170046.html","0603","Tape & Reel (TR)","47nF","±5%","50V","X7R",""
"C2170103","C0603C102J4RACTU","KEMET","2850","50","50","https://www.lcsc.com/product-detail/C2170103.html","0603","Tape & Reel (TR)","1nF","±5%","16V","X7R",""
"C2170162","C0805C151J2GACTU","KEMET","1320","10","10","https://www.lcsc.com/product-detail/C2170162.html","0805","Tape & Reel (TR)","150pF","±5%","200V","C0G",""
"C2170186","C1206C101JDGACTU","KEMET","2055","5","5","https://www.lcsc.com/product-detail/C2170186.html","1206","Tape & Reel (TR)","100pF","±5%","1kV","C0G",""
"C2170278","GRM1885C1H182JA01J","muRata","7500","20","20","https://www.lcsc.com/product-detail/C2170278.html","0603","Tape & Reel (TR)","1.8nF","±5%","50V","C0G",""
"C2170355","C0402C300J5GACTU","KEMET","2340","10","10","https://www.lcsc.com/product-detail/C2170355.html","0402","Tape & Reel (TR)","30pF","±5%","50V","C0G",""
"C2170387","C0805C221J1GACTU","KEMET","1320","20","20","https://www.lcsc.com/product-detail/C2170387.html","0805","Tape & Reel (TR)","220pF","±5%","100V","C0G",""
"C2170401","C0603C102J1GACTU","KEMET","3770","10","10","https://www.lcsc.com/product-detail/C2170401.html","0603","Tape & Reel (TR)","1nF","±5%","100V","C0G",""
"C2170407","GRM21B5C1H203JA01L","muRata","5100","10","10","https://www.lcsc.com/product-detail/C2170407.html","0805","Tape & Reel (TR)","20nF","±5%","50V","C0G",""
"C2170504","04025C272JAT2A","Kyocera AVX","8700","100","100","https://www.lcsc.com/product-detail/C2170504.html","0402","Tape & Reel (TR)","2.7nF","±5%","50V","X7R",""
"C2170514","500R15N100JV4T","Johanson Dielectrics","7650","50","50","https://www.lcsc.com/product-detail/C2170514.html","0805","Tape & Reel (TR)","10pF","±5%","50V","NP0",""
"C2170544","C0805C102J1RACTU","KEMET","3960","20","20","https://www.lcsc.com/product-detail/C2170544.html","0805","Tape & Reel (TR)","1nF","±5%","100V","X7R",""
"C2170550","C0603C682J3GACTU","KEMET","3830","10","10","https://www.lcsc.com/product-detail/C2170550.html","0603","Tape & Reel (TR)","6.8nF","±5%","25V","C0G",""
"C2170675","C0603C332J5GACTU","KEMET","7930","10","10","https://www.lcsc.com/product-detail/C2170675.html","0603","Tape & Reel (TR)","3.3nF","±5%","50V","C0G",""
"C2170798","C0603C331J3GACTU","KEMET","2920","20","20","https://www.lcsc.com/product-detail/C2170798.html","0603","Tape & Reel (TR)","330pF","±5%","25V","C0G",""
"C2170892","GRM31A5C3A820JW01D","muRata","3905","5","5","https://www.lcsc.com/product-detail/C2170892.html","1206","Tape & Reel (TR)","82pF","±5%","1kV","C0G",""
"C2170896","AS0805KKX7R9BB104","YAGEO","80","20","20","https://www.lcsc.com/product-detail/C2170896.html","0805","Tape & Reel (TR)","100nF","±10%","50V","X7R",""
"C2170898","C0805C472J5GACTU","KEMET","1860","10","10","https://www.lcsc.com/product-detail/C2170898.html","0805","Tape & Reel (TR)","4.7nF","±5%","50V","C0G",""
"C2170901","C0805C182J5GACTU","KEMET","2650","10","10","https://www.lcsc.com/product-detail/C2170901.html","0805","Tape & Reel (TR)","1.8nF","±5%","50V","C0G",""
"C2170905","C0805C473J5RACTU","KEMET","3310","10","10","https://www.lcsc.com/product-detail/C2170905.html","0805","Tape & Reel (TR)","47nF","±5%","50V","X7R",""
"C2170957","C0603C153J5RACTU","KEMET","2980","20","20","https://www.lcsc.com/product-detail/C2170957.html","0603","Tape & Reel (TR)","15nF","±5%","50V","X7R",""
"C2170998","C0603C123J3GACTU","KEMET","8060","5","5","https://www.lcsc.com/product-detail/C2170998.html","0603","Tape & Reel (TR)","12nF","±5%","25V","C0G",""
"C2171129","06031A151JAT2A","Kyocera AVX","3120","20","20","https://www.lcsc.com/product-detail/C2171129.html","0603","Tape & Reel (TR)","150pF","±5%","100V","C0G",""
"C2171157","C1206C101JCGACTU","KEMET","1410","10","10","https://www.lcsc.com/product-detail/C2171157.html","1206","Tape & Reel (TR)","100pF","±5%","500V","C0G",""
"C2171171","C1206C105J3RACTU","KEMET","1215","5","5","https://www.lcsc.com/product-detail/C2171171.html","1206","Tape & Reel (TR)","1uF","±5%","25V","X7R",""
"C2171219","C0805C680F5GACTU","KEMET","3755","5","5","https://www.lcsc.com/product-detail/C2171219.html","0805","Tape & Reel (TR)","68pF","±1%","50V","C0G",""
"C2171238","12065C103JAT2A","Kyocera AVX","1680","10","10","https://www.lcsc.com/product-detail/C2171238.html","1206","Tape & Reel (TR)","10nF","±5%","50V","X7R",""
"C2171298","VJ0603A100JXACW1BC","VISHAY","4140","20","20","https://www.lcsc.com/product-detail/C2171298.html","0603","Tape & Reel (TR)","10pF","±5%","50V","C0G",""
"C2171393","C1206C270J5GACTU","KEMET","2350","10","10","https://www.lcsc.com/product-detail/C2171393.html","1206","Tape & Reel (TR)","27pF","±5%","50V","C0G",""
"C2171437","C1206C180J5GACTU","KEMET","3660","10","10","https://www.lcsc.com/product-detail/C2171437.html","1206","Tape & Reel (TR)","18pF","±5%","50V","C0G",""
"C2171621","C0805C470F5GACTU","KEMET","5240","5","5","https://www.lcsc.com/product-detail/C2171621.html","0805","Tape & Reel (TR)","47pF","±1%","50V","C0G",""
"C2172048","C1206C102J5GACTU","KEMET","3710","5","5","https://www.lcsc.com/product-detail/C2172048.html","1206","Tape & Reel (TR)","1nF","±5%","50V","C0G",""
"C2172210","AC1206KKX7R7BB105","YAGEO","1375","5","5","https://www.lcsc.com/product-detail/C2172210.html","1206","Tape & Reel (TR)","1uF","±10%","16V","X7R",""
"C2172400","C0805C681J1GACTU","KEMET","2620","20","20","https://www.lcsc.com/product-detail/C2172400.html","0805","Tape & Reel (TR)","680pF","±5%","100V","C0G",""
"C2172561","AC1206JRNPO9BN101","YAGEO","2740","20","20","https://www.lcsc.com/product-detail/C2172561.html","1206","Tape & Reel (TR)","100pF","±5%","50V","NP0",""
"C2172564","AC1206KRX7R0BB223","YAGEO","3890","5","5","https://www.lcsc.com/product-detail/C2172564.html","1206","Tape & Reel (TR)","22nF","±10%","100V","X7R",""
"C2172621","CC1210JKX7R9BB105","YAGEO","70","10","10","https://www.lcsc.com/product-detail/C2172621.html","1210","Tape & Reel (TR)","1uF","±5%","50V","X7R",""
"C2172913","AC1206JRNPO0BN101","YAGEO","1960","20","20","https://www.lcsc.com/product-detail/C2172913.html","1206","Tape & Reel (TR)","100pF","±5%","100V","NP0",""
"C2173127","AC1210KKX7R8BB224","YAGEO","190","5","5","https://www.lcsc.com/product-detail/C2173127.html","1210","Tape & Reel (TR)","220nF","±10%","25V","X7R",""
"C2173175","AC1210KKX7R9BB104","YAGEO","780","5","5","https://www.lcsc.com/product-detail/C2173175.html","1210","Tape & Reel (TR)","100nF","±10%","50V","X7R",""
"C2173242","AC1206JKNPOZBN221","YAGEO","1370","10","10","https://www.lcsc.com/product-detail/C2173242.html","1206","Tape & Reel (TR)","220pF","±5%","630V","NP0",""
"C2173292","CS1206KRX7R9BB102","YAGEO","3380","20","20","https://www.lcsc.com/product-detail/C2173292.html","1206","Tape & Reel (TR)","1nF","±10%","50V","X7R",""
"C2173617","AC1210KKX7R9BB474","YAGEO","15","5","5","https://www.lcsc.com/product-detail/C2173617.html","1210","Tape & Reel (TR)","470nF","±10%","50V","X7R",""
"C2173665","AC1206KKX7R9BB474","YAGEO","1490","5","5","https://www.lcsc.com/product-detail/C2173665.html","1206","Tape & Reel (TR)","470nF","±10%","50V","X7R",""
"C2174016","06033C183JAT2A","Kyocera AVX","1871","1","1","https://www.lcsc.com/product-detail/C2174016.html","0603","Tape & Reel (TR)","18nF","±5%","25V","X7R",""
"C2174206","AS0805KRX7R9BB223","YAGEO","1760","20","20","https://www.lcsc.com/product-detail/C2174206.html","0805","Tape & Reel (TR)","22nF","±10%","50V","X7R",""
"C2174332","VJ0805A100JXACW1BC","VISHAY","1110","10","10","https://www.lcsc.com/product-detail/C2174332.html","0805","Tape & Reel (TR)","10pF","±5%","50V","C0G",""
"C2174373","AS0805KRX7R9BB473","YAGEO","950","50","50","https://www.lcsc.com/product-detail/C2174373.html","0805","Tape & Reel (TR)","47nF","±10%","50V","X7R",""
"C2174387","AC1210KKX7R8BB105","YAGEO","2460","5","5","https://www.lcsc.com/product-detail/C2174387.html","1210","Tape & Reel (TR)","1uF","±10%","25V","X7R",""
"C2174465","C0805C182J2GACAUTO","KEMET","2430","10","10","https://www.lcsc.com/product-detail/C2174465.html","0805","Tape & Reel (TR)","1.8nF","±5%","200V","C0G",""
"C2174497","AS0805KRX7R0BB103","YAGEO","500","50","50","https://www.lcsc.com/product-detail/C2174497.html","0805","Tape & Reel (TR)","10nF","±10%","100V","X7R",""
"C2174642","AS0805KKX7R0BB104","YAGEO","2960","10","10","https://www.lcsc.com/product-detail/C2174642.html","0805","Tape & Reel (TR)","100nF","±10%","100V","X7R",""
"C2174671","VJ0603A102FXACW1BC","VISHAY","3350","5","5","https://www.lcsc.com/product-detail/C2174671.html","0603","Tape & Reel (TR)","1nF","±1%","50V","C0G",""
"C2174888","C0603C221J5RACAUTO","KEMET","3250","50","50","https://www.lcsc.com/product-detail/C2174888.html","0603","Tape & Reel (TR)","220pF","±5%","50V","X7R",""
"C2175066","AS0805KKX7R0BB473","YAGEO","2480","10","10","https://www.lcsc.com/product-detail/C2175066.html","0805","Tape & Reel (TR)","47nF","±10%","100V","X7R",""
"C2175278","CC1210JKNPO9BN103","YAGEO","1150","5","5","https://www.lcsc.com/product-detail/C2175278.html","1210","Tape & Reel (TR)","10nF","±5%","50V","NP0",""
"C2175333","CC1206KKX7R5BB106","YAGEO","1370","10","10","https://www.lcsc.com/product-detail/C2175333.html","1206","Tape & Reel (TR)","10uF","±10%","6.3V","X7R",""
"C2175707","1206AA471JAT2A","Kyocera AVX","1450","5","5","https://www.lcsc.com/product-detail/C2175707.html","1206","Tape & Reel (TR)","470pF","±5%","1kV","C0G",""
"C2175773","VJ0603Y103JXBAC","VISHAY","1200","5","5","https://www.lcsc.com/product-detail/C2175773.html","0603","Tape & Reel (TR)","10nF","±5%","100V","X7R",""
"C2175791","AC0402KPX7R9BB103","YAGEO","12800","100","100","https://www.lcsc.com/product-detail/C2175791.html","0402","Tape & Reel (TR)","10nF","±10%","50V","X7R",""
"C2175872","CC0402JRNPO7BN220","YAGEO","50300","100","100","https://www.lcsc.com/product-detail/C2175872.html","0402","Tape & Reel (TR)","22pF","±5%","16V","NP0",""
"C2176091","C0805X104J5RACAUTO","KEMET","5215","5","5","https://www.lcsc.com/product-detail/C2176091.html","0805","Tape & Reel (TR)","100nF","±5%","50V","X7R",""
"C2176139","VJ0603A100JXAAC","VISHAY","3630","5","5","https://www.lcsc.com/product-detail/C2176139.html","0603","Tape & Reel (TR)","10pF","±5%","50V","C0G",""
"C2176241","VJ0402A180JXJPW1BC","VISHAY","6640","10","10","https://www.lcsc.com/product-detail/C2176241.html","0402","Tape & Reel (TR)","18pF","±5%","16V","C0G",""
"C2176361","VJ0805Y104JXAAT","VISHAY","3495","5","5","https://www.lcsc.com/product-detail/C2176361.html","0805","Tape & Reel (TR)","100nF","±5%","50V","X7R",""
"C2176372","C0402C470J3RACAUTO","KEMET","1840","10","10","https://www.lcsc.com/product-detail/C2176372.html","0402","Tape & Reel (TR)","47pF","±5%","25V","X7R",""
"C2176537","C0805C331J5GACAUTO","KEMET","2100","20","20","https://www.lcsc.com/product-detail/C2176537.html","0805","Tape & Reel (TR)","330pF","±5%","50V","C0G",""
"C2176561","500R14N120JV4T","Johanson Dielectrics","8900","100","100","https://www.lcsc.com/product-detail/C2176561.html","0603","Tape & Reel (TR)","12pF","±5%","50V","NP0",""
"C2176577","GRM1555C1H102JA01J","muRata","39900","100","100","https://www.lcsc.com/product-detail/C2176577.html","0402","Tape & Reel (TR)","1nF","±5%","50V","C0G",""
"C2176641","08055A391JAT2A","Kyocera AVX","2360","10","10","https://www.lcsc.com/product-detail/C2176641.html","0805","Tape & Reel (TR)","390pF","±5%","50V","C0G",""
"C2176739","GRM2165C2A122JA01D","muRata","1760","20","20","https://www.lcsc.com/product-detail/C2176739.html","0805","Tape & Reel (TR)","1.2nF","±5%","100V","C0G",""
"C2176745","AC0805JRNPOYBN101","YAGEO","2300","50","50","https://www.lcsc.com/product-detail/C2176745.html","0805","Tape & Reel (TR)","100pF","±5%","250V","NP0",""
"C2176869","AC0402JRNPO9BN510","YAGEO","5900","100","100","https://www.lcsc.com/product-detail/C2176869.html","0402","Tape & Reel (TR)","51pF","±5%","50V","NP0",""
"C2176927","C0402C180J5GACAUTO","KEMET","4750","50","50","https://www.lcsc.com/product-detail/C2176927.html","0402","Tape & Reel (TR)","18pF","±5%","50V","C0G",""
"C2177011","0603YC105JAT2A","Kyocera AVX","4176","2","2","https://www.lcsc.com/product-detail/C2177011.html","0603","Tape & Reel (TR)","1uF","±5%","16V","X7R",""
"C2177058","C0402C220J5GACAUTO","KEMET","4800","50","50","https://www.lcsc.com/product-detail/C2177058.html","0402","Tape & Reel (TR)","22pF","±5%","50V","C0G",""
"C2177105","GRM1555C1H331FA01J","muRata","36660","20","20","https://www.lcsc.com/product-detail/C2177105.html","0402","Tape & Reel (TR)","330pF","±1%","50V","C0G",""
"C2177174","C1210C333JBGAC7800","KEMET","950","1","1","https://www.lcsc.com/product-detail/C2177174.html","1210","Tape & Reel (TR)","33nF","±5%","630V","C0G",""
"C2177214","GJM1555C1H240JB01D","muRata","10760","20","20","https://www.lcsc.com/product-detail/C2177214.html","0402","Tape & Reel (TR)","24pF","±5%","50V","C0G",""
"C2177281","12061A330JAT2A","Kyocera AVX","2815","5","5","https://www.lcsc.com/product-detail/C2177281.html","1206","Tape & Reel (TR)","33pF","±5%","100V","C0G",""
"C2177385","C0603C221JDGACAUTO","KEMET","2905","5","5","https://www.lcsc.com/product-detail/C2177385.html","0603","Tape & Reel (TR)","220pF","±5%","1kV","C0G",""
"C2177616","06035A500JAT2A","Kyocera AVX","3605","5","5","https://www.lcsc.com/product-detail/C2177616.html","0603","Tape & Reel (TR)","50pF","±5%","50V","C0G",""
"C2177660","C0603C332J5GACAUTO","KEMET","4000","1","1","https://www.lcsc.com/product-detail/C2177660.html","0603","Tape & Reel (TR)","3.3nF","±5%","50V","C0G",""
"C2177951","VJ0805A121JXACW1BC","VISHAY","1860","5","5","https://www.lcsc.com/product-detail/C2177951.html","0805","Tape & Reel (TR)","120pF","±5%","50V","C0G",""
"C2178000","AC1206JRNPO9BN470","YAGEO","3720","20","20","https://www.lcsc.com/product-detail/C2178000.html","1206","Tape & Reel (TR)","47pF","±5%","50V","NP0",""
"C2178063","C0805C222J2GACAUTO","KEMET","1060","10","10","https://www.lcsc.com/product-detail/C2178063.html","0805","Tape & Reel (TR)","2.2nF","±5%","200V","C0G",""
"C2178085","AC1206JRNPOYBN470","YAGEO","920","20","20","https://www.lcsc.com/product-detail/C2178085.html","1206","Tape & Reel (TR)","47pF","±5%","250V","NP0",""
"C2178111","AC1206JRNPO0BN100","YAGEO","4000","20","20","https://www.lcsc.com/product-detail/C2178111.html","1206","Tape & Reel (TR)","10pF","±5%","100V","NP0",""
"C2178183","AS0805KRX7R0BB223","YAGEO","600","50","50","https://www.lcsc.com/product-detail/C2178183.html","0805","Tape & Reel (TR)","22nF","±10%","100V","X7R",""
"C2178236","AC1206JRNPOBBN470","YAGEO","1720","20","20","https://www.lcsc.com/product-detail/C2178236.html","1206","Tape & Reel (TR)","47pF","±5%","500V","NP0",""
"C2178240","12065A181JAT2A","Kyocera AVX","3950","10","10","https://www.lcsc.com/product-detail/C2178240.html","1206","Tape & Reel (TR)","180pF","±5%","50V","C0G",""
"C2178478","GRM3195C2A432JA01D","muRata","1390","5","5","https://www.lcsc.com/product-detail/C2178478.html","1206","Tape & Reel (TR)","4.3nF","±5%","100V","C0G",""
"C2178686","AC1206JKNPOZBN101","YAGEO","2190","10","10","https://www.lcsc.com/product-detail/C2178686.html","1206","Tape & Reel (TR)","100pF","±5%","630V","NP0",""
"C2178689","C0402C103J5RACAUTO","KEMET","9500","50","50","https://www.lcsc.com/product-detail/C2178689.html","0402","Tape & Reel (TR)","10nF","±5%","50V","X7R",""
"C2179225","06031C102JAT2A","Kyocera AVX","1050","5","5","https://www.lcsc.com/product-detail/C2179225.html","0603","Tape & Reel (TR)","1nF","±5%","100V","X7R",""
"C2179269","GQM2195C2E150JB12D","muRata","2435","5","5","https://www.lcsc.com/product-detail/C2179269.html","0805","Tape & Reel (TR)","15pF","±5%","250V","C0G",""
"C2179278","GQM1875C2E120GB12D","muRata","2370","5","5","https://www.lcsc.com/product-detail/C2179278.html","0603","Tape & Reel (TR)","12pF","±2%","250V","C0G",""
"C2179339","GQM1875C2E220GB12D","muRata","4480","5","5","https://www.lcsc.com/product-detail/C2179339.html","0603","Tape & Reel (TR)","22pF","±2%","250V","C0G",""
"C2179493","06035A681FAT2A","Kyocera AVX","3790","10","10","https://www.lcsc.com/product-detail/C2179493.html","0603","Tape & Reel (TR)","680pF","±1%","50V","C0G",""
"C2179514","C0805C202J3GACTU","KEMET","2940","10","10","https://www.lcsc.com/product-detail/C2179514.html","0805","Tape & Reel (TR)","2nF","±5%","25V","C0G",""
"C2179722","AC1210KKX7RYBB104","YAGEO","50","5","5","https://www.lcsc.com/product-detail/C2179722.html","1210","Tape & Reel (TR)","100nF","±10%","250V","X7R",""
"C2179803","GQM2195C2E270JB12D","muRata","3505","5","5","https://www.lcsc.com/product-detail/C2179803.html","0805","Tape & Reel (TR)","27pF","±5%","250V","C0G",""
"C2179874","GQM2195C2E470JB12D","muRata","1935","5","5","https://www.lcsc.com/product-detail/C2179874.html","0805","Tape & Reel (TR)","47pF","±5%","250V","C0G",""
"C2180165","AC0603JRNPO9BN150","YAGEO","11000","100","100","https://www.lcsc.com/product-detail/C2180165.html","0603","Tape & Reel (TR)","15pF","±5%","50V","NP0",""
"C2180415","VJ0603A101FXACW1BC","VISHAY","8940","10","10","https://www.lcsc.com/product-detail/C2180415.html","0603","Tape & Reel (TR)","100pF","±1%","50V","C0G",""
"C2180486","AC0402KRX7R7BB221","YAGEO","4500","100","100","https://www.lcsc.com/product-detail/C2180486.html","0402","Tape & Reel (TR)","220pF","±10%","16V","X7R",""
"C2180806","C0402C103J3RACAUTO","KEMET","9290","10","10","https://www.lcsc.com/product-detail/C2180806.html","0402","Tape & Reel (TR)","10nF","±5%","25V","X7R",""
"C2180896","C0402C100J3GACAUTO","KEMET","7080","10","10","https://www.lcsc.com/product-detail/C2180896.html","0402","Tape & Reel (TR)","10pF","±5%","25V","C0G",""
"C2180901","06031A120JAT2A","Kyocera AVX","2140","20","20","https://www.lcsc.com/product-detail/C2180901.html","0603","Tape & Reel (TR)","12pF","±5%","100V","C0G",""
"C2180991","CC1206KRX7R7BB104","YAGEO","3000","50","50","https://www.lcsc.com/product-detail/C2180991.html","1206","Tape & Reel (TR)","100nF","±10%","16V","X7R",""
"C2181044","AC0603KRX7R7BB223","YAGEO","1900","100","100","https://www.lcsc.com/product-detail/C2181044.html","0603","Tape & Reel (TR)","22nF","±10%","16V","X7R",""
"C2181076","VJ0603Y104JXQPW1BC","VISHAY","7620","5","5","https://www.lcsc.com/product-detail/C2181076.html","0603","Tape & Reel (TR)","100nF","±5%","10V","X7R",""
"C2181354","GQM2195C2E180JB12D","muRata","3890","5","5","https://www.lcsc.com/product-detail/C2181354.html","0805","Tape & Reel (TR)","18pF","±5%","250V","C0G",""
"C2181554","GCM155R71H332JA37D","muRata","9600","50","50","https://www.lcsc.com/product-detail/C2181554.html","0402","Tape & Reel (TR)","3.3nF","±5%","50V","X7R",""
"C2181572","GQM1875C2E150JB12D","muRata","4070","5","5","https://www.lcsc.com/product-detail/C2181572.html","0603","Tape & Reel (TR)","15pF","±5%","250V","C0G",""
"C2181592","GRM21B5C1H223FA01L","muRata","1495","5","5","https://www.lcsc.com/product-detail/C2181592.html","0805","Tape & Reel (TR)","22nF","±1%","50V","C0G",""
"C2181800","C0402C101J5GACTU","KEMET","18400","100","100","https://www.lcsc.com/product-detail/C2181800.html","0402","Tape & Reel (TR)","100pF","±5%","50V","C0G",""
"C2181813","04025A680JAT2A","Kyocera AVX","1350","10","10","https://www.lcsc.com/product-detail/C2181813.html","0402","Tape & Reel (TR)","68pF","±5%","50V","C0G",""
"C2181836","GCM155R71C104JA55D","muRata","3000","50","50","https://www.lcsc.com/product-detail/C2181836.html","0402","Tape & Reel (TR)","100nF","±5%","16V","X7R",""
"C2181873","C0603C102J5GACTU","KEMET","5580","20","20","https://www.lcsc.com/product-detail/C2181873.html","0603","Tape & Reel (TR)","1nF","±5%","50V","C0G",""
"C2182056","C0402C151J5GACTU","KEMET","8900","50","50","https://www.lcsc.com/product-detail/C2182056.html","0402","Tape & Reel (TR)","150pF","±5%","50V","C0G",""
"C2182228","VJ0603A220FXACW1BC","VISHAY","1800","10","10","https://www.lcsc.com/product-detail/C2182228.html","0603","Tape & Reel (TR)","22pF","±1%","50V","C0G",""
"C2182290","C0603C103J1RACTU","KEMET","3150","50","50","https://www.lcsc.com/product-detail/C2182290.html","0603","Tape & Reel (TR)","10nF","±5%","100V","X7R",""
"C2182332","C0402C331JAGACAUTO","KEMET","11480","20","20","https://www.lcsc.com/product-detail/C2182332.html","0402","Tape & Reel (TR)","330pF","±5%","250V","C0G",""
"C2182341","0603ZC105JAT2A","Kyocera AVX","2670","10","10","https://www.lcsc.com/product-detail/C2182341.html","0603","Tape & Reel (TR)","1uF","±5%","10V","X7R",""
"C2182371","C0805C822J2GACAUTO","KEMET","2340","5","5","https://www.lcsc.com/product-detail/C2182371.html","0805","Tape & Reel (TR)","8.2nF","±5%","200V","C0G",""
"C2182728","06035A330J4T2A","Kyocera AVX","1600","20","20","https://www.lcsc.com/product-detail/C2182728.html","0603","Tape & Reel (TR)","33pF","±5%","50V","C0G",""
"C2182865","AC0805KRX7RBBB472","YAGEO","5020","20","20","https://www.lcsc.com/product-detail/C2182865.html","0805","Tape & Reel (TR)","4.7nF","±10%","500V","X7R",""
"C2183578","C0603C102F3GACTU","KEMET","1740","5","5","https://www.lcsc.com/product-detail/C2183578.html","0603","Tape & Reel (TR)","1nF","±1%","25V","C0G",""
"C2184409","GRM155R71A473JA01D","muRata","6950","50","50","https://www.lcsc.com/product-detail/C2184409.html","0402","Tape & Reel (TR)","47nF","±5%","10V","X7R",""
"C2185402","AC0402KRX7R9BB271","YAGEO","8000","100","100","https://www.lcsc.com/product-detail/C2185402.html","0402","Tape & Reel (TR)","270pF","±10%","50V","X7R",""
"C2190570","CC0603JRNPO7BN200","YAGEO","5800","100","100","https://www.lcsc.com/product-detail/C2190570.html","0603","Tape & Reel (TR)","20pF","±5%","16V","NP0",""
"C2190582","AC0402KRX7R8BB331","YAGEO","3200","100","100","https://www.lcsc.com/product-detail/C2190582.html","0402","Tape & Reel (TR)","330pF","±10%","25V","X7R",""
"C2190791","VJ0402Y102JXACW1BC","VISHAY","8600","20","20","https://www.lcsc.com/product-detail/C2190791.html","0402","Tape & Reel (TR)","1nF","±5%","50V","X7R",""
"C2191157","AC0603JRNPO9BN270","YAGEO","4020","20","20","https://www.lcsc.com/product-detail/C2191157.html","0603","Tape & Reel (TR)","27pF","±5%","50V","NP0",""
"C2191164","AC0603JRNPO9BN560","YAGEO","3850","50","50","https://www.lcsc.com/product-detail/C2191164.html","0603","Tape & Reel (TR)","56pF","±5%","50V","NP0",""
"C2191719","AC0402FRNPO9BN150","YAGEO","9750","50","50","https://www.lcsc.com/product-detail/C2191719.html","0402","Tape & Reel (TR)","15pF","±1%","50V","NP0",""
"C2194367","AC0603JRNPO0BN390","YAGEO","2200","100","100","https://www.lcsc.com/product-detail/C2194367.html","0603","Tape & Reel (TR)","39pF","±5%","100V","NP0",""
"C2194375","AC0603JRNPO0BN330","YAGEO","1300","100","100","https://www.lcsc.com/product-detail/C2194375.html","0603","Tape & Reel (TR)","33pF","±5%","100V","NP0",""
"C2194838","AC0603JRNPO9BN121","YAGEO","2400","100","100","https://www.lcsc.com/product-detail/C2194838.html","0603","Tape & Reel (TR)","120pF","±5%","50V","NP0",""
"C2196728","AC0603KRX7R9BB562","YAGEO","1600","50","50","https://www.lcsc.com/product-detail/C2196728.html","0603","Tape & Reel (TR)","5.6nF","±10%","50V","X7R",""
"C2197901","CQ0402JRNPO9BN270","YAGEO","14900","100","100","https://www.lcsc.com/product-detail/C2197901.html","0402","Tape & Reel (TR)","27pF","±5%","50V","NP0",""
"C2197922","AC0805JRNPO9BN120","YAGEO","2850","50","50","https://www.lcsc.com/product-detail/C2197922.html","0805","Tape & Reel (TR)","12pF","±5%","50V","NP0",""
"C2198055","AC0603KRX7R7BB472","YAGEO","200","100","100","https://www.lcsc.com/product-detail/C2198055.html","0603","Tape & Reel (TR)","4.7nF","±10%","16V","X7R",""
"C2198470","GA0402A121JXAAC31G","VISHAY","1000","1","1","https://www.lcsc.com/product-detail/C2198470.html","0402","Tape & Reel (TR)","120pF","±5%","50V","C0G",""
"C2198752","GA0402A390JXAAC31G","VISHAY","1000","1","1","https://www.lcsc.com/product-detail/C2198752.html","0402","Tape & Reel (TR)","39pF","±5%","50V","C0G",""
"C2198884","GA0603A151JXAAC31G","VISHAY","1000","5","5","https://www.lcsc.com/product-detail/C2198884.html","0603","Tape & Reel (TR)","150pF","±5%","50V","C0G",""
"C2202804","VJ0603A391GXAPW1BC","VISHAY","1220","5","5","https://www.lcsc.com/product-detail/C2202804.html","0603","Tape & Reel (TR)","390pF","±2%","50V","C0G",""
"C2202951","AC0603JRNPOYBN681","YAGEO","1000","50","50","https://www.lcsc.com/product-detail/C2202951.html","0603","Tape & Reel (TR)","680pF","±5%","250V","NP0",""
"C2203584","CS0603KRX7R8BB224","YAGEO","6180","20","20","https://www.lcsc.com/product-detail/C2203584.html","0603","Tape & Reel (TR)","220nF","±10%","25V","X7R",""
"C2203721","AC0805JRNPO0BN820","YAGEO","1350","50","50","https://www.lcsc.com/product-detail/C2203721.html","0805","Tape & Reel (TR)","82pF","±5%","100V","NP0",""
"C2203727","AC0805JRNPO0BN330","YAGEO","3940","20","20","https://www.lcsc.com/product-detail/C2203727.html","0805","Tape & Reel (TR)","33pF","±5%","100V","NP0",""
"C2204609","CQ0402JRNPO9BN300","YAGEO","7900","100","100","https://www.lcsc.com/product-detail/C2204609.html","0402","Tape & Reel (TR)","30pF","±5%","50V","NP0",""
"C2206419","CQ0402GRNPO9BN220","YAGEO","7680","20","20","https://www.lcsc.com/product-detail/C2206419.html","0402","Tape & Reel (TR)","22pF","±2%","50V","NP0",""
"C2210083","CS0805KRX7R0BB103","YAGEO","80","20","20","https://www.lcsc.com/product-detail/C2210083.html","0805","Tape & Reel (TR)","10nF","±10%","100V","X7R",""
"C2212994","VJ0603A390JXBAC","VISHAY","3810","5","5","https://www.lcsc.com/product-detail/C2212994.html","0603","Tape & Reel (TR)","39pF","±5%","100V","C0G",""
"C2214117","AC0805KKX7R0BB333","YAGEO","2620","20","20","https://www.lcsc.com/product-detail/C2214117.html","0805","Tape & Reel (TR)","33nF","±10%","100V","X7R",""
"C2215227","GRM1885C1H103JA01J","muRata","3190","10","10","https://www.lcsc.com/product-detail/C2215227.html","0603","Tape & Reel (TR)","10nF","±5%","50V","C0G",""
"C2216334","AC0805JRNPO9BN151","YAGEO","1550","50","50","https://www.lcsc.com/product-detail/C2216334.html","0805","Tape & Reel (TR)","150pF","±5%","50V","NP0",""
"C2217274","GJM1555C1H160JB01D","muRata","9320","20","20","https://www.lcsc.com/product-detail/C2217274.html","0402","Tape & Reel (TR)","16pF","±5%","50V","C0G",""
"C2217773","AC0805KKX7R7BB334","YAGEO","100","50","50","https://www.lcsc.com/product-detail/C2217773.html","0805","Tape & Reel (TR)","330nF","±10%","16V","X7R",""
"C2220358","CQ0603JRNPO9BN330","YAGEO","2820","20","20","https://www.lcsc.com/product-detail/C2220358.html","0603","Tape & Reel (TR)","33pF","±5%","50V","NP0",""
"C2224303","AC1206KRX7R9BB683","YAGEO","240","20","20","https://www.lcsc.com/product-detail/C2224303.html","1206","Tape & Reel (TR)","68nF","±10%","50V","X7R",""
"C2225066","CS1206KKX7RZBB332","YAGEO","2200","20","20","https://www.lcsc.com/product-detail/C2225066.html","1206","Tape & Reel (TR)","3.3nF","±10%","630V","X7R",""
"C2227865","AC1206JRNPO0BN150","YAGEO","1800","20","20","https://www.lcsc.com/product-detail/C2227865.html","1206","Tape & Reel (TR)","15pF","±5%","100V","NP0",""
"C2228260","C0805C225J4REC7210","KEMET","965","5","5","https://www.lcsc.com/product-detail/C2228260.html","0805","Tape & Reel (TR)","2.2uF","±5%","16V","X7R",""
"C2228477","AC1206JRNPO9BN680","YAGEO","2580","20","20","https://www.lcsc.com/product-detail/C2228477.html","1206","Tape & Reel (TR)","68pF","±5%","50V","NP0",""
"C2230885","CS0805KRX7RABB102","YAGEO","3640","20","20","https://www.lcsc.com/product-detail/C2230885.html","0805","Tape & Reel (TR)","1nF","±10%","200V","X7R",""
"C2231215","CS1206KKX7RZBB222","YAGEO","20","20","20","https://www.lcsc.com/product-detail/C2231215.html","1206","Tape & Reel (TR)","2.2nF","±10%","630V","X7R",""
"C2234478","VJ0402Y472JXBAC","VISHAY","2295","5","5","https://www.lcsc.com/product-detail/C2234478.html","0402","Tape & Reel (TR)","4.7nF","±5%","100V","X7R",""
"C2237257","CQ0402FRNPO9BN180","YAGEO","39440","20","20","https://www.lcsc.com/product-detail/C2237257.html","0402","Tape & Reel (TR)","18pF","±1%","50V","NP0",""
"C2237317","CQ0402FRNPO9BN100","YAGEO","5700","20","20","https://www.lcsc.com/product-detail/C2237317.html","0402","Tape & Reel (TR)","10pF","±1%","50V","NP0",""
"C2237338","AC1206KKX7R6BB105","YAGEO","2590","5","5","https://www.lcsc.com/product-detail/C2237338.html","1206","Tape & Reel (TR)","1uF","±10%","10V","X7R",""
"C2240294","AC0603FRNPO9BN220","YAGEO","2120","20","20","https://www.lcsc.com/product-detail/C2240294.html","0603","Tape & Reel (TR)","22pF","±1%","50V","NP0",""
"C2241350","VJ1206A681JXBAT","VISHAY","1775","5","5","https://www.lcsc.com/product-detail/C2241350.html","1206","Tape & Reel (TR)","680pF","±5%","100V","C0G",""
"C2241582","AC0603FRNPO9BN101","YAGEO","3750","50","50","https://www.lcsc.com/product-detail/C2241582.html","0603","Tape & Reel (TR)","100pF","±1%","50V","NP0",""
"C2241638","AC0603FRNPO9BN100","YAGEO","3500","20","20","https://www.lcsc.com/product-detail/C2241638.html","0603","Tape & Reel (TR)","10pF","±1%","50V","NP0",""
"C2243486","AC1206JRNPOBBN680","YAGEO","1560","20","20","https://www.lcsc.com/product-detail/C2243486.html","1206","Tape & Reel (TR)","68pF","±5%","500V","NP0",""
"C2243491","AC1206JRNPOBBN330","YAGEO","2360","20","20","https://www.lcsc.com/product-detail/C2243491.html","1206","Tape & Reel (TR)","33pF","±5%","500V","NP0",""
"C2250400","AC1206JKNPOZBN330","YAGEO","1710","10","10","https://www.lcsc.com/product-detail/C2250400.html","1206","Tape & Reel (TR)","33pF","±5%","630V","NP0",""
"C2254850","CC1210KKX7R9BB473","YAGEO","3660","10","10","https://www.lcsc.com/product-detail/C2254850.html","1210","Tape & Reel (TR)","47nF","±10%","50V","X7R",""
"C2257177","GRM31C5C1H623JA01L","muRata","970","5","5","https://www.lcsc.com/product-detail/C2257177.html","1206","Tape & Reel (TR)","62nF","±5%","50V","C0G",""
"C2261646","GRM31B5C2E103JWA1L","muRata","3025","5","5","https://www.lcsc.com/product-detail/C2261646.html","1206","Tape & Reel (TR)","10nF","±5%","250V","C0G",""
"C2267170","CS1206KKX7R0BB105","YAGEO","275","5","5","https://www.lcsc.com/product-detail/C2267170.html","1206","Tape & Reel (TR)","1uF","±10%","100V","X7R",""
"C2286335","GQM1555C2D100JB01D","muRata","5700","5","5","https://www.lcsc.com/product-detail/C2286335.html","0402","Tape & Reel (TR)","10pF","±5%","200V","C0G",""
"C2304952","GQM1875C2E200JB12D","muRata","2380","5","5","https://www.lcsc.com/product-detail/C2304952.html","0603","Tape & Reel (TR)","20pF","±5%","250V","C0G",""
"C2305085","GQM1875C2E360JB12D","muRata","930","5","5","https://www.lcsc.com/product-detail/C2305085.html","0603","Tape & Reel (TR)","36pF","±5%","250V","C0G",""
"C2312092","CQ0805JRNPOYBN101","YAGEO","1770","10","10","https://www.lcsc.com/product-detail/C2312092.html","0805","Tape & Reel (TR)","100pF","±5%","250V","NP0",""
"C2312635","CS1206KKX7R8BB225","YAGEO","230","5","5","https://www.lcsc.com/product-detail/C2312635.html","1206","Tape & Reel (TR)","2.2uF","±10%","25V","X7R",""
"C2319426","GQM2195C2E151JB12D","muRata","1315","5","5","https://www.lcsc.com/product-detail/C2319426.html","0805","Tape & Reel (TR)","150pF","±5%","250V","C0G",""
"C2330452","GQM2195C2E200JB12D","muRata","2085","5","5","https://www.lcsc.com/product-detail/C2330452.html","0805","Tape & Reel (TR)","20pF","±5%","250V","C0G",""
"C2336884","GQM1875C2E300GB12D","muRata","2810","5","5","https://www.lcsc.com/product-detail/C2336884.html","0603","Tape & Reel (TR)","30pF","±2%","250V","C0G",""
"C2336887","GQM1875C2E240GB12D","muRata","3990","5","5","https://www.lcsc.com/product-detail/C2336887.html","0603","Tape & Reel (TR)","24pF","±2%","250V","C0G",""
"C2352934","CQ0402JRNPO9BN180","YAGEO","4300","100","100","https://www.lcsc.com/product-detail/C2352934.html","0402","Tape & Reel (TR)","18pF","±5%","50V","NP0",""
"C2360428","GQM1875C2E330FB12D","muRata","1500","5","5","https://www.lcsc.com/product-detail/C2360428.html","0603","Tape & Reel (TR)","33pF","±1%","250V","C0G",""
"C2360437","GQM1875C2E220FB12D","muRata","5370","5","5","https://www.lcsc.com/product-detail/C2360437.html","0603","Tape & Reel (TR)","22pF","±1%","250V","C0G",""
"C2360460","GQM1875C2E470FB12D","muRata","1090","5","5","https://www.lcsc.com/product-detail/C2360460.html","0603","Tape & Reel (TR)","47pF","±1%","250V","C0G",""
"C2649551","C0603C151J5GACTU","KEMET","7050","50","50","https://www.lcsc.com/product-detail/C2649551.html","0603","Tape & Reel (TR)","150pF","±5%","50V","C0G",""
"C2838708","CC0603KRX7R8BB684","YAGEO","70300","50","50","https://www.lcsc.com/product-detail/C2838708.html","0603","Tape & Reel (TR)","680nF","±10%","25V","X7R",""
"C2888326","AC0402KRX7R9BB104","YAGEO","528400","100","100","https://www.lcsc.com/product-detail/C2888326.html","0402","Tape & Reel (TR)","100nF","±10%","50V","X7R",""
"C2913779","06035A220JAT2A","Kyocera AVX","60580","20","20","https://www.lcsc.com/product-detail/C2913779.html","0603","Tape & Reel (TR)","22pF","±5%","50V","C0G",""
"C2917711","201R14N221JV4T","Johanson Dielectrics","3000","20","20","https://www.lcsc.com/product-detail/C2917711.html","0603","Tape & Reel (TR)","220pF","±5%","200V","NP0",""
"C2917713","201R14N330JV4T","Johanson Dielectrics","3150","50","50","https://www.lcsc.com/product-detail/C2917713.html","0603","Tape & Reel (TR)","33pF","±5%","200V","NP0",""
"C2936583","CC0603KRX7RABB471","YAGEO","22200","100","100","https://www.lcsc.com/product-detail/C2936583.html","0603","Tape & Reel (TR)","470pF","±10%","200V","X7R",""
"C2936627","AC1206KKX7R0BB105","YAGEO","4660","5","5","https://www.lcsc.com/product-detail/C2936627.html","1206","Tape & Reel (TR)","1uF","±10%","100V","X7R",""
"C2941924","GCM1885C2A510JA16D","muRata","18650","50","50","https://www.lcsc.com/product-detail/C2941924.html","0603","Tape & Reel (TR)","51pF","±5%","100V","C0G",""
"C2941926","GCM1555C1H101FA16D","muRata","41150","50","50","https://www.lcsc.com/product-detail/C2941926.html","0402","Tape & Reel (TR)","100pF","±1%","50V","C0G",""
"C2941929","GCM1555C1H4R0JA16D","muRata","6000","50","50","https://www.lcsc.com/product-detail/C2941929.html","0402","Tape & Reel (TR)","4pF","±5%","50V","C0G",""
"C2941931","GCM1555C1H3R3GA16D","muRata","4450","50","50","https://www.lcsc.com/product-detail/C2941931.html","0402","Tape & Reel (TR)","3.3pF","±2%","50V","C0G",""
"C2941935","GCM1555C1H511JA16D","muRata","16350","50","50","https://www.lcsc.com/product-detail/C2941935.html","0402","Tape & Reel (TR)","510pF","±5%","50V","C0G",""
"C2941944","GCM1555C1H911JA16D","muRata","26950","50","50","https://www.lcsc.com/product-detail/C2941944.html","0402","Tape & Reel (TR)","910pF","±5%","50V","C0G",""
"C2941949","GCM1555C1H620JA16D","muRata","17300","100","100","https://www.lcsc.com/product-detail/C2941949.html","0402","Tape & Reel (TR)","62pF","±5%","50V","C0G",""
"C2941952","GCM31A5C2J330JX01D","muRata","1810","10","10","https://www.lcsc.com/product-detail/C2941952.html","1206","Tape & Reel (TR)","33pF","±5%","630V","C0G",""
"C2960663","CC0402KRX7R5BB474","YAGEO","8550","10","10","https://www.lcsc.com/product-detail/C2960663.html","0402","Tape & Reel (TR)","470nF","±10%","6.3V","X7R",""
"C2976066","GRM1555C1H562JE01D","muRata","3650","50","50","https://www.lcsc.com/product-detail/C2976066.html","0402","Tape & Reel (TR)","5.6nF","±5%","50V","C0G",""
"C2982813","AC0603JRNPO0BN221","YAGEO","21300","50","50","https://www.lcsc.com/product-detail/C2982813.html","0603","Tape & Reel (TR)","220pF","±5%","100V","NP0",""
"C2986280","GCM1885C2A271JA16D","muRata","4000","50","50","https://www.lcsc.com/product-detail/C2986280.html","0603","Tape & Reel (TR)","270pF","±5%","100V","C0G",""
"C2987938","GRM2165C1H272FA01D","muRata","3775","5","5","https://www.lcsc.com/product-detail/C2987938.html","0805","Tape & Reel (TR)","2.7nF","±1%","50V","C0G",""
"C2987940","GRM1555C1H222GA01D","muRata","124820","20","20","https://www.lcsc.com/product-detail/C2987940.html","0402","Tape & Reel (TR)","2.2nF","±2%","50V","C0G",""
"C2987942","GCM1555C1H680FA16D","muRata","7600","50","50","https://www.lcsc.com/product-detail/C2987942.html","0402","Tape & Reel (TR)","68pF","±1%","50V","C0G",""
"C2987943","GCM1555C1H300FA16D","muRata","10150","50","50","https://www.lcsc.com/product-detail/C2987943.html","0402","Tape & Reel (TR)","30pF","±1%","50V","C0G",""
"C3000824","VJ0805A101JXACW1BC","VISHAY","3360","20","20","https://www.lcsc.com/product-detail/C3000824.html","0805","Tape & Reel (TR)","100pF","±5%","50V","C0G",""
"C3010430","GRM1555C1H122JA01D","muRata","28640","20","20","https://www.lcsc.com/product-detail/C3010430.html","0402","Tape & Reel (TR)","1.2nF","±5%","50V","C0G",""
"C3010445","GRM1555C2A102GE01D","muRata","11300","10","10","https://www.lcsc.com/product-detail/C3010445.html","0402","Tape & Reel (TR)","1nF","±2%","100V","C0G",""
"C3831056","AC0603JRNPO0BN100","YAGEO","4000","50","50","https://www.lcsc.com/product-detail/C3831056.html","0603","Tape & Reel (TR)","10pF","±5%","100V","C0G",""
"C3831342","CBR04C680F3GAC","KEMET","8120","5","5","https://www.lcsc.com/product-detail/C3831342.html","0402","Tape & Reel (TR)","68pF","±1%","25V","C0G",""
"C3831975","GCQ1555C1H430JB01D","muRata","995","5","5","https://www.lcsc.com/product-detail/C3831975.html","0402","Tape & Reel (TR)","43pF","±5%","50V","C0G",""
"C3832557","GRT1555C1H101JA02J","muRata","1400","100","100","https://www.lcsc.com/product-detail/C3832557.html","0402","Tape & Reel (TR)","100pF","±5%","50V","C0G",""
"C3832736","CC0805KRNPO9BN471","YAGEO","1400","50","50","https://www.lcsc.com/product-detail/C3832736.html","0805","Tape & Reel (TR)","470pF","±10%","50V","C0G",""
"C3832875","AC0805JRNPOYBN471","YAGEO","4000","20","20","https://www.lcsc.com/product-detail/C3832875.html","0805","Tape & Reel (TR)","470pF","±5%","250V","C0G",""
"C3833550","VJ0603A271JXAAC","VISHAY","4000","5","5","https://www.lcsc.com/product-detail/C3833550.html","0603","Tape & Reel (TR)","270pF","±5%","50V","C0G",""
"C3834242","GCM1885C2A160JA16D","muRata","1150","50","50","https://www.lcsc.com/product-detail/C3834242.html","0603","Tape & Reel (TR)","16pF","±5%","100V","C0G",""
"C3834444","GRM31A5C3A471FWA1D","muRata","3410","5","5","https://www.lcsc.com/product-detail/C3834444.html","1206","Tape & Reel (TR)","470pF","±1%","1kV","C0G",""
"C3834562","CC1206KKX7RBBB562","YAGEO","3780","20","20","https://www.lcsc.com/product-detail/C3834562.html","1206","Tape & Reel (TR)","5.6nF","±10%","500V","X7R",""
"C3834692","GRM1555CYA103GE01D","muRata","10510","10","10","https://www.lcsc.com/product-detail/C3834692.html","0402","Tape & Reel (TR)","10nF","±2%","35V","C0G",""
"C3834925","VJ0603Y104JXQCW1BC","VISHAY","5665","5","5","https://www.lcsc.com/product-detail/C3834925.html","0603","Tape & Reel (TR)","100nF","±5%","10V","X7R",""
"C3836573","CC0805JRNPOBBN820","YAGEO","7550","50","50","https://www.lcsc.com/product-detail/C3836573.html","0805","Tape & Reel (TR)","82pF","±5%","500V","C0G",""
"C3836718","GRT1885C1E103FA02D","muRata","31760","5","5","https://www.lcsc.com/product-detail/C3836718.html","0603","Tape & Reel (TR)","10nF","±1%","25V","C0G",""
"C3837141","CQ0603JRNPOYBN220","YAGEO","20","10","10","https://www.lcsc.com/product-detail/C3837141.html","0603","Tape & Reel (TR)","22pF","±5%","250V","C0G",""
"C3837394","GCM1885C1H822JA16D","muRata","990","10","10","https://www.lcsc.com/product-detail/C3837394.html","0603","Tape & Reel (TR)","8.2nF","±5%","50V","C0G",""
"C3837965","GRM31C5C1E334JE01L","muRata","1370","5","5","https://www.lcsc.com/product-detail/C3837965.html","1206","Tape & Reel (TR)","330nF","±5%","25V","C0G",""
"C3838719","AC1206JKNPOCBN221","YAGEO","10","10","10","https://www.lcsc.com/product-detail/C3838719.html","1206","Tape & Reel (TR)","220pF","±5%","1kV","C0G",""
"C3839034","CQ0603JRNPOYBN680","YAGEO","3160","10","10","https://www.lcsc.com/product-detail/C3839034.html","0603","Tape & Reel (TR)","68pF","±5%","250V","C0G",""
"C3840010","GQM2195C2E100JB12D","muRata","3120","5","5","https://www.lcsc.com/product-detail/C3840010.html","0805","Tape & Reel (TR)","10pF","±5%","250V","C0G",""
"C3841321","GCM1555C1H751GA16D","muRata","7680","20","20","https://www.lcsc.com/product-detail/C3841321.html","0402","Tape & Reel (TR)","750pF","±2%","50V","C0G",""
"C3842058","AC0603JRNPOYBN151","YAGEO","350","50","50","https://www.lcsc.com/product-detail/C3842058.html","0603","Tape & Reel (TR)","150pF","±5%","250V","C0G",""
"C3842072","GQM1875C2E270JB12D","muRata","1555","5","5","https://www.lcsc.com/product-detail/C3842072.html","0603","Tape & Reel (TR)","27pF","±5%","250V","C0G",""
"C3843411","GJM1555C1H470GB01D","muRata","11920","10","10","https://www.lcsc.com/product-detail/C3843411.html","0402","Tape & Reel (TR)","47pF","±2%","50V","C0G",""
"C3843771","CC1206JRNPO0BN562","YAGEO","3300","10","10","https://www.lcsc.com/product-detail/C3843771.html","1206","Tape & Reel (TR)","5.6nF","±5%","100V","C0G",""
"C3844175","GRT1555C1H181FA02D","muRata","8000","50","50","https://www.lcsc.com/product-detail/C3844175.html","0402","Tape & Reel (TR)","180pF","±1%","50V","C0G",""
"C3844446","VJ0805Y223JXAAC","VISHAY","2875","5","5","https://www.lcsc.com/product-detail/C3844446.html","0805","Tape & Reel (TR)","22nF","±5%","50V","X7R",""
"C3845193","GCM1555C1H220JA16J","muRata","2100","20","20","https://www.lcsc.com/product-detail/C3845193.html","0402","Tape & Reel (TR)","22pF","±5%","50V","C0G",""
"C3845613","C1206C101JDGACAUTO","KEMET","2670","10","10","https://www.lcsc.com/product-detail/C3845613.html","1206","Tape & Reel (TR)","100pF","±5%","1kV","C0G",""
"C3845655","AC0402KRX7R9BB223","YAGEO","1400","100","100","https://www.lcsc.com/product-detail/C3845655.html","0402","Tape & Reel (TR)","22nF","±10%","50V","X7R",""
"C3845779","GQM1875C2E200GB12D","muRata","2495","5","5","https://www.lcsc.com/product-detail/C3845779.html","0603","Tape & Reel (TR)","20pF","±2%","250V","C0G",""
"C3845983","GJM1555C1H4R7GB01D","muRata","14380","20","20","https://www.lcsc.com/product-detail/C3845983.html","0402","Tape & Reel (TR)","4.7pF","±2%","50V","C0G",""
"C3846860","GRM1555C1H272GE01D","muRata","16760","10","10","https://www.lcsc.com/product-detail/C3846860.html","0402","Tape & Reel (TR)","2.7nF","±2%","50V","C0G",""
"C3847066","GRM21B5C2J222FWAAL","muRata","2725","5","5","https://www.lcsc.com/product-detail/C3847066.html","0805","Tape & Reel (TR)","2.2nF","±1%","630V","C0G",""
"C3847305","AQ0402JRNPO9BN150","YAGEO","1200","50","50","https://www.lcsc.com/product-detail/C3847305.html","0402","Tape & Reel (TR)","15pF","±5%","50V","NP0",""
"C3847777","GRM3195C1H683JA05D","muRata","11640","5","5","https://www.lcsc.com/product-detail/C3847777.html","1206","Tape & Reel (TR)","68nF","±5%","50V","C0G",""
"C3848507","C0402C470J5GACAUTO","KEMET","1550","50","50","https://www.lcsc.com/product-detail/C3848507.html","0402","Tape & Reel (TR)","47pF","±5%","50V","C0G",""
"C3848531","GCM1885C2A820JA16D","muRata","5250","50","50","https://www.lcsc.com/product-detail/C3848531.html","0603","Tape & Reel (TR)","82pF","±5%","100V","C0G",""
"C3849551","C1206C222JDGACAUTO","KEMET","5050","5","5","https://www.lcsc.com/product-detail/C3849551.html","1206","Tape & Reel (TR)","2.2nF","±5%","1kV","C0G",""
"C3851893","GQM1875C2E270GB12D","muRata","7375","5","5","https://www.lcsc.com/product-detail/C3851893.html","0603","Tape & Reel (TR)","27pF","±2%","250V","C0G",""
"C3852310","AC1206KRX7R0BB473","YAGEO","7900","10","10","https://www.lcsc.com/product-detail/C3852310.html","1206","Tape & Reel (TR)","47nF","±10%","100V","X7R",""
"C3852421","AQ0402JRNPO9BN101","YAGEO","3550","50","50","https://www.lcsc.com/product-detail/C3852421.html","0402","Tape & Reel (TR)","100pF","±5%","50V","C0G",""
"C3852627","GRM1555C2A820JA01D","muRata","3500","50","50","https://www.lcsc.com/product-detail/C3852627.html","0402","Tape & Reel (TR)","82pF","±5%","100V","C0G",""
"C3852667","CC0603JRNPOYBN121","YAGEO","300","100","100","https://www.lcsc.com/product-detail/C3852667.html","0603","Tape & Reel (TR)","120pF","±5%","250V","C0G",""
"C3852727","GCM1555C1H621FA16D","muRata","10960","20","20","https://www.lcsc.com/product-detail/C3852727.html","0402","Tape & Reel (TR)","620pF","±1%","50V","C0G",""
"C3852832","GCM1555C1H160FA16D","muRata","6550","50","50","https://www.lcsc.com/product-detail/C3852832.html","0402","Tape & Reel (TR)","16pF","±1%","50V","C0G",""
"C3853402","C0805C220J2GAC7800","KEMET","2380","20","20","https://www.lcsc.com/product-detail/C3853402.html","0805","Tape & Reel (TR)","22pF","±5%","200V","C0G",""
"C3853971","CC0402KRX7R8BB331","YAGEO","9600","100","100","https://www.lcsc.com/product-detail/C3853971.html","0402","Tape & Reel (TR)","330pF","±10%","25V","X7R",""
"C3854652","GCM1885C1H682JA16D","muRata","1920","10","10","https://www.lcsc.com/product-detail/C3854652.html","0603","Tape & Reel (TR)","6.8nF","±5%","50V","C0G",""
"C3855387","GRM1555C1E103JE01D","muRata","93070","10","10","https://www.lcsc.com/product-detail/C3855387.html","0402","Tape & Reel (TR)","10nF","±5%","25V","C0G",""
"C3856717","CQ0402GRNPO9BN180","YAGEO","1060","20","20","https://www.lcsc.com/product-detail/C3856717.html","0402","Tape & Reel (TR)","18pF","±2%","50V","C0G",""
"C3856821","GRM1555C1H682GE01D","muRata","4060","20","20","https://www.lcsc.com/product-detail/C3856821.html","0402","Tape & Reel (TR)","6.8nF","±2%","50V","C0G",""
"C3857251","GCM1885C1H152FA16D","muRata","1910","10","10","https://www.lcsc.com/product-detail/C3857251.html","0603","Tape & Reel (TR)","1.5nF","±1%","50V","C0G",""
"C3858050","GCM1885C1H220FA16J","muRata","1470","5","5","https://www.lcsc.com/product-detail/C3858050.html","0603","Tape & Reel (TR)","22pF","±1%","50V","C0G",""
"C3858061","C0603C472J1RACAUTO","KEMET","2250","10","10","https://www.lcsc.com/product-detail/C3858061.html","0603","Tape & Reel (TR)","4.7nF","±5%","100V","X7R",""
"C3859218","GCM31C5C3A102FX03L","muRata","1901","1","1","https://www.lcsc.com/product-detail/C3859218.html","1206","Tape & Reel (TR)","1nF","±1%","1kV","C0G",""
"C3859684","AC0603KRX7R0BB152","YAGEO","2800","50","50","https://www.lcsc.com/product-detail/C3859684.html","0603","Tape & Reel (TR)","1.5nF","±10%","100V","X7R",""
"C3860559","CC0603GRNPO9BN161","YAGEO","4300","100","100","https://www.lcsc.com/product-detail/C3860559.html","0603","Tape & Reel (TR)","160pF","±2%","50V","C0G",""
"C3861426","AC1210KKX7R0BB104","YAGEO","1510","5","5","https://www.lcsc.com/product-detail/C3861426.html","1210","Tape & Reel (TR)","100nF","±10%","100V","X7R",""
"C3862155","GCM31C5C2E223JX03L","muRata","11827","1","1","https://www.lcsc.com/product-detail/C3862155.html","1206","Tape & Reel (TR)","22nF","±5%","250V","C0G",""
"C3862330","GRT1555C1H200FA02D","muRata","1620","20","20","https://www.lcsc.com/product-detail/C3862330.html","0402","Tape & Reel (TR)","20pF","±1%","50V","C0G",""
"C3863730","AC0603KRX7R8BB222","YAGEO","200","100","100","https://www.lcsc.com/product-detail/C3863730.html","0603","Tape & Reel (TR)","2.2nF","±10%","25V","X7R",""
"C3864029","GRM1555C1H822JE01D","muRata","6950","50","50","https://www.lcsc.com/product-detail/C3864029.html","0402","Tape & Reel (TR)","8.2nF","±5%","50V","C0G",""
"C3864106","GCM1885C1H912JA16D","muRata","4000","5","5","https://www.lcsc.com/product-detail/C3864106.html","0603","Tape & Reel (TR)","9.1nF","±5%","50V","C0G",""
"C3865131","GRM155R71C473JA01D","muRata","7400","50","50","https://www.lcsc.com/product-detail/C3865131.html","0402","Tape & Reel (TR)","47nF","±5%","16V","X7R",""
"C3866175","GCM1885C2A330FA16D","muRata","9770","10","10","https://www.lcsc.com/product-detail/C3866175.html","0603","Tape & Reel (TR)","33pF","±1%","100V","C0G",""
"C3866262","C0805C471J5GACAUTO","KEMET","2620","10","10","https://www.lcsc.com/product-detail/C3866262.html","0805","Tape & Reel (TR)","470pF","±5%","50V","C0G",""
"C3866704","AC0603KRX7R8BB474","YAGEO","11080","20","20","https://www.lcsc.com/product-detail/C3866704.html","0603","Tape & Reel (TR)","470nF","±10%","25V","X7R",""
"C3867464","GRM1555C1H100JA01J","muRata","2250","50","50","https://www.lcsc.com/product-detail/C3867464.html","0402","Tape & Reel (TR)","10pF","±5%","50V","C0G",""
"C3867964","C1206C180J5GAC7800","KEMET","3150","10","10","https://www.lcsc.com/product-detail/C3867964.html","1206","Tape & Reel (TR)","18pF","±5%","50V","C0G",""
"C3868174","AC0603JRNPO0BN222","YAGEO","8880","20","20","https://www.lcsc.com/product-detail/C3868174.html","0603","Tape & Reel (TR)","2.2nF","±5%","100V","C0G",""
"C3869051","AC0805KKX7R5BB105","YAGEO","1020","20","20","https://www.lcsc.com/product-detail/C3869051.html","0805","Tape & Reel (TR)","1uF","±10%","6.3V","X7R",""
"C3870438","GJM1555C1H360GB01D","muRata","7300","20","20","https://www.lcsc.com/product-detail/C3870438.html","0402","Tape & Reel (TR)","36pF","±2%","50V","C0G",""
"C3870596","GJM1555C1H300JB01D","muRata","11050","50","50","https://www.lcsc.com/product-detail/C3870596.html","0402","Tape & Reel (TR)","30pF","±5%","50V","C0G",""
"C3870620","GRM21B5C2E103JWAAL","muRata","5850","5","5","https://www.lcsc.com/product-detail/C3870620.html","0805","Tape & Reel (TR)","10nF","±5%","250V","C0G",""
"C3871033","CC1210JKX7R0BB104","YAGEO","3315","5","5","https://www.lcsc.com/product-detail/C3871033.html","1210","Tape & Reel (TR)","100nF","±5%","100V","X7R",""
"C3871624","AC1206JRNPOBBN681","YAGEO","2880","20","20","https://www.lcsc.com/product-detail/C3871624.html","1206","Tape & Reel (TR)","680pF","±5%","500V","C0G",""
"C3871682","GCM21B5C2E103JX0AL","muRata","1925","5","5","https://www.lcsc.com/product-detail/C3871682.html","0805","Tape & Reel (TR)","10nF","±5%","250V","C0G",""
"C3871899","AC1206KKX7RCBB102","YAGEO","370","5","5","https://www.lcsc.com/product-detail/C3871899.html","1206","Tape & Reel (TR)","1nF","±10%","1kV","X7R",""
"C3872258","CC0402KRNPO9BN180","YAGEO","4200","100","100","https://www.lcsc.com/product-detail/C3872258.html","0402","Tape & Reel (TR)","18pF","±10%","50V","C0G",""
"C3872300","GRM1555C1E103GE01D","muRata","2250","10","10","https://www.lcsc.com/product-detail/C3872300.html","0402","Tape & Reel (TR)","10nF","±2%","25V","C0G",""
"C3872563","GRM31C5C2J472JWA3L","muRata","970","5","5","https://www.lcsc.com/product-detail/C3872563.html","1206","Tape & Reel (TR)","4.7nF","±5%","630V","C0G",""
"C3872661","VJ0603D390JXBQJHT","VISHAY","1000","1","1","https://www.lcsc.com/product-detail/C3872661.html","0603","Tape & Reel (TR)","39pF","±5%","100V","C0G",""
"C3872895","GCM1555C1H270GA16D","muRata","1440","20","20","https://www.lcsc.com/product-detail/C3872895.html","0402","Tape & Reel (TR)","27pF","±2%","50V","C0G",""
"C3873338","GRM3195C1H473JA05D","muRata","3995","5","5","https://www.lcsc.com/product-detail/C3873338.html","1206","Tape & Reel (TR)","47nF","±5%","50V","C0G",""
"C3873542","AC0805JRNPO0BN681","YAGEO","200","50","50","https://www.lcsc.com/product-detail/C3873542.html","0805","Tape & Reel (TR)","680pF","±5%","100V","C0G",""
"C3873632","GRT3195C2A103JA02D","muRata","2515","5","5","https://www.lcsc.com/product-detail/C3873632.html","1206","Tape & Reel (TR)","10nF","±5%","100V","C0G",""
"C3873855","GRM155R71H392JA01D","muRata","3600","50","50","https://www.lcsc.com/product-detail/C3873855.html","0402","Tape & Reel (TR)","3.9nF","±5%","50V","X7R",""
"C3874522","AC1210KKX7R9BB224","YAGEO","115","5","5","https://www.lcsc.com/product-detail/C3874522.html","1210","Tape & Reel (TR)","220nF","±10%","50V","X7R",""
"C3876299","AC0402KRX7R9BB473","YAGEO","31100","100","100","https://www.lcsc.com/product-detail/C3876299.html","0402","Tape & Reel (TR)","47nF","±10%","50V","X7R",""
"C3876934","AC0402KRX7R8BB471","YAGEO","4000","100","100","https://www.lcsc.com/product-detail/C3876934.html","0402","Tape & Reel (TR)","470pF","±10%","25V","X7R",""
"C3877267","GCM1885C1H332FA16D","muRata","4180","5","5","https://www.lcsc.com/product-detail/C3877267.html","0603","Tape & Reel (TR)","3.3nF","±1%","50V","C0G",""
"C3877727","GRM3195C2A563GA01D","muRata","1169","1","1","https://www.lcsc.com/product-detail/C3877727.html","1206","Tape & Reel (TR)","56nF","±2%","100V","C0G",""
"C3877770","GCM32E5C2J333FX0AL","muRata","1672","1","1","https://www.lcsc.com/product-detail/C3877770.html","1210","Tape & Reel (TR)","33nF","±1%","630V","C0G",""
"C3878107","GRT1555C1H161FA02D","muRata","3850","10","10","https://www.lcsc.com/product-detail/C3878107.html","0402","Tape & Reel (TR)","160pF","±1%","50V","C0G",""
"C3878161","GRM1555C1H221JA01J","muRata","35800","100","100","https://www.lcsc.com/product-detail/C3878161.html","0402","Tape & Reel (TR)","220pF","±5%","50V","C0G",""
"C3878497","GRM1555C2A821JE01D","muRata","28850","50","50","https://www.lcsc.com/product-detail/C3878497.html","0402","Tape & Reel (TR)","820pF","±5%","100V","C0G",""
"C3878619","GRM1555C1H562GE01D","muRata","4100","20","20","https://www.lcsc.com/product-detail/C3878619.html","0402","Tape & Reel (TR)","5.6nF","±2%","50V","C0G",""
"C3879512","GRT1555C1H240FA02D","muRata","9320","20","20","https://www.lcsc.com/product-detail/C3879512.html","0402","Tape & Reel (TR)","24pF","±1%","50V","C0G",""
"C3879676","CC0603JRNPO9BN501","YAGEO","6900","100","100","https://www.lcsc.com/product-detail/C3879676.html","0603","Tape & Reel (TR)","500pF","±5%","50V","C0G",""
"C3881585","GRM1555C1H332GE01D","muRata","8200","10","10","https://www.lcsc.com/product-detail/C3881585.html","0402","Tape & Reel (TR)","3.3nF","±2%","50V","C0G",""
"C3882271","GCM1885C1H472JA16J","muRata","1300","5","5","https://www.lcsc.com/product-detail/C3882271.html","0603","Tape & Reel (TR)","4.7nF","±5%","50V","C0G",""
"C3882413","GRM2165C1H273JA01D","muRata","3160","5","5","https://www.lcsc.com/product-detail/C3882413.html","0805","Tape & Reel (TR)","27nF","±5%","50V","C0G",""
"C3882814","GRM1555C1H152GA01D","muRata","3320","20","20","https://www.lcsc.com/product-detail/C3882814.html","0402","Tape & Reel (TR)","1.5nF","±2%","50V","C0G",""
"C3883536","GRM1555C1H392GE01D","muRata","3020","20","20","https://www.lcsc.com/product-detail/C3883536.html","0402","Tape & Reel (TR)","3.9nF","±2%","50V","C0G",""
"C3884201","GCM1885C1H512JA16D","muRata","3790","10","10","https://www.lcsc.com/product-detail/C3884201.html","0603","Tape & Reel (TR)","5.1nF","±5%","50V","C0G",""
"C3884582","AQ0402JRNPO9BN220","YAGEO","7550","50","50","https://www.lcsc.com/product-detail/C3884582.html","0402","Tape & Reel (TR)","22pF","±5%","50V","C0G",""
"C3885830","GJM1555C1H100RB01D","muRata","5300","50","50","https://www.lcsc.com/product-detail/C3885830.html","0402","Tape & Reel (TR)","10pF","±2.5%","50V","C0G",""
"C3885982","GCM1885C1H432JA16D","muRata","3030","10","10","https://www.lcsc.com/product-detail/C3885982.html","0603","Tape & Reel (TR)","4.3nF","±5%","50V","C0G",""
"C3886748","AC0603KRX7R9BB123","YAGEO","3700","50","50","https://www.lcsc.com/product-detail/C3886748.html","0603","Tape & Reel (TR)","12nF","±10%","50V","X7R",""
"C3887320","GRM1555C1H301GA01D","muRata","9015","5","5","https://www.lcsc.com/product-detail/C3887320.html","0402","Tape & Reel (TR)","300pF","±2%","50V","C0G",""
"C3887583","CC1210KKX7R7BB475","YAGEO","30","5","5","https://www.lcsc.com/product-detail/C3887583.html","1210","Tape & Reel (TR)","4.7uF","±10%","16V","X7R",""
"C3888349","CC1206KKX7R0BB154","YAGEO","4240","20","20","https://www.lcsc.com/product-detail/C3888349.html","1206","Tape & Reel (TR)","150nF","±10%","100V","X7R",""
"C3888469","C0402C222J5RAC7867","KEMET","5750","50","50","https://www.lcsc.com/product-detail/C3888469.html","0402","Tape & Reel (TR)","2.2nF","±5%","50V","X7R",""
"C3888756","GCM1555C1H101JA16J","muRata","2620","20","20","https://www.lcsc.com/product-detail/C3888756.html","0402","Tape & Reel (TR)","100pF","±5%","50V","C0G",""
"C3889037","GCM1555C1H270FA16J","muRata","29320","20","20","https://www.lcsc.com/product-detail/C3889037.html","0402","Tape & Reel (TR)","27pF","±1%","50V","C0G",""
"C3889886","C0603C103J5RACAUTO","KEMET","1960","20","20","https://www.lcsc.com/product-detail/C3889886.html","0603","Tape & Reel (TR)","10nF","±5%","50V","X7R",""
"C3890373","VJ0402A100JXACW1BC","VISHAY","2400","20","20","https://www.lcsc.com/product-detail/C3890373.html","0402","Tape & Reel (TR)","10pF","±5%","50V","C0G",""
"C3890653","GRT1555C1H471FA02D","muRata","7700","50","50","https://www.lcsc.com/product-detail/C3890653.html","0402","Tape & Reel (TR)","470pF","±1%","50V","C0G",""
"C3891122","CC0603KRX7R0BB683","YAGEO","3350","50","50","https://www.lcsc.com/product-detail/C3891122.html","0603","Tape & Reel (TR)","68nF","±10%","100V","X7R",""
"C3892269","GRM1555C1H270JA01J","muRata","8700","100","100","https://www.lcsc.com/product-detail/C3892269.html","0402","Tape & Reel (TR)","27pF","±5%","50V","C0G",""
"C3892498","C0402C222F3GECAUTO","KEMET","7310","5","5","https://www.lcsc.com/product-detail/C3892498.html","0402","Tape & Reel (TR)","2.2nF","±1%","25V","C0G",""
"C3892777","C0402C150J5GAC7867","KEMET","16800","50","50","https://www.lcsc.com/product-detail/C3892777.html","0402","Tape & Reel (TR)","15pF","±5%","50V","C0G",""
"C3893829","CC1210JKNPOBBN102","YAGEO","645","5","5","https://www.lcsc.com/product-detail/C3893829.html","1210","Tape & Reel (TR)","1nF","±5%","500V","C0G",""
"C3893965","GRT1555C1H102FA02D","muRata","11140","20","20","https://www.lcsc.com/product-detail/C3893965.html","0402","Tape & Reel (TR)","1nF","±1%","50V","C0G",""
"C3895668","GCM21B5C1H183FA16L","muRata","1275","5","5","https://www.lcsc.com/product-detail/C3895668.html","0805","Tape & Reel (TR)","18nF","±1%","50V","C0G",""
"C3895774","GCM1885C2A200FA16D","muRata","5560","10","10","https://www.lcsc.com/product-detail/C3895774.html","0603","Tape & Reel (TR)","20pF","±1%","100V","C0G",""
"C3896687","GRT1555C1H101FA02D","muRata","4250","50","50","https://www.lcsc.com/product-detail/C3896687.html","0402","Tape & Reel (TR)","100pF","±1%","50V","C0G",""
"C3896876","GRT1555C1H201FA02D","muRata","2980","20","20","https://www.lcsc.com/product-detail/C3896876.html","0402","Tape & Reel (TR)","200pF","±1%","50V","C0G",""
"C3897390","VJ0603D271JXJQJHT","VISHAY","985","1","1","https://www.lcsc.com/product-detail/C3897390.html","0603","Tape & Reel (TR)","270pF","±5%","16V","C0G",""
"C3898298","AC1206JRNPO9BN220","YAGEO","3420","20","20","https://www.lcsc.com/product-detail/C3898298.html","1206","Tape & Reel (TR)","22pF","±5%","50V","C0G",""
"C3898338","GCM1555C1H300GA16D","muRata","6320","20","20","https://www.lcsc.com/product-detail/C3898338.html","0402","Tape & Reel (TR)","30pF","±2%","50V","C0G",""
"C3898691","GJM1555C1H140FB01D","muRata","8940","20","20","https://www.lcsc.com/product-detail/C3898691.html","0402","Tape & Reel (TR)","14pF","±1%","50V","C0G",""
"C3899281","CQ0402FRNPO9BN360","YAGEO","8580","20","20","https://www.lcsc.com/product-detail/C3899281.html","0402","Tape & Reel (TR)","36pF","±1%","50V","C0G",""
"C3900904","GJM1555C1H190GB01D","muRata","11060","20","20","https://www.lcsc.com/product-detail/C3900904.html","0402","Tape & Reel (TR)","19pF","±2%","50V","C0G",""
"C3901662","GRT1555C1E100JA02D","muRata","1700","100","100","https://www.lcsc.com/product-detail/C3901662.html","0402","Tape & Reel (TR)","10pF","±5%","25V","C0G",""
"C3902053","CQ0402FRNPO9BN220","YAGEO","3020","20","20","https://www.lcsc.com/product-detail/C3902053.html","0402","Tape & Reel (TR)","22pF","±1%","50V","C0G",""
"C3903622","GRM1885C1H301GA01D","muRata","2870","10","10","https://www.lcsc.com/product-detail/C3903622.html","0603","Tape & Reel (TR)","300pF","±2%","50V","C0G",""
"C3904086","GRM1885C2E220JW07D","muRata","1980","20","20","https://www.lcsc.com/product-detail/C3904086.html","0603","Tape & Reel (TR)","22pF","±5%","250V","C0G",""
"C3904341","C0805C104J1RECAUTO","KEMET","2155","5","5","https://www.lcsc.com/product-detail/C3904341.html","0805","Tape & Reel (TR)","100nF","±5%","100V","X7R",""
"C3904388","GCM1885C1H472GA16D","muRata","3865","5","5","https://www.lcsc.com/product-detail/C3904388.html","0603","Tape & Reel (TR)","4.7nF","±2%","50V","C0G",""
"C3904553","GCM1885C1H222JA16J","muRata","1850","10","10","https://www.lcsc.com/product-detail/C3904553.html","0603","Tape & Reel (TR)","2.2nF","±5%","50V","C0G",""
"C3905119","GRM31C5C1E334GE01L","muRata","2876","1","1","https://www.lcsc.com/product-detail/C3905119.html","1206","Tape & Reel (TR)","330nF","±2%","25V","C0G",""
"C3905874","GCM1885C1H392FA16J","muRata","1330","5","5","https://www.lcsc.com/product-detail/C3905874.html","0603","Tape & Reel (TR)","3.9nF","±1%","50V","C0G",""
"C3906406","GRM3195C2A104GA01D","muRata","3175","1","1","https://www.lcsc.com/product-detail/C3906406.html","1206","Tape & Reel (TR)","100nF","±2%","100V","C0G",""
"C3907598","AC1206JKNPOCBN470","YAGEO","1475","5","5","https://www.lcsc.com/product-detail/C3907598.html","1206","Tape & Reel (TR)","47pF","±5%","1kV","C0G",""
"C3907958","CC0805JRNPOZBN221","YAGEO","100","50","50","https://www.lcsc.com/product-detail/C3907958.html","0805","Tape & Reel (TR)","220pF","±5%","630V","C0G",""
"C3908881","GRM2165C2A103JA01D","muRata","3500","5","5","https://www.lcsc.com/product-detail/C3908881.html","0805","Tape & Reel (TR)","10nF","±5%","100V","C0G",""
"C3909468","AC1206JKNPOCBN101","YAGEO","2760","10","10","https://www.lcsc.com/product-detail/C3909468.html","1206","Tape & Reel (TR)","100pF","±5%","1kV","C0G",""
"C3909570","GRM1555C2A181JE01D","muRata","19700","50","50","https://www.lcsc.com/product-detail/C3909570.html","0402","Tape & Reel (TR)","180pF","±5%","100V","C0G",""
"C3909605","CC1206JRNPO9BN333","YAGEO","2460","5","5","https://www.lcsc.com/product-detail/C3909605.html","1206","Tape & Reel (TR)","33nF","±5%","50V","C0G",""
"C5119306","GCM155R71H122JA37D","muRata","2500","50","50","https://www.lcsc.com/product-detail/C5119306.html","0402","Tape & Reel (TR)","1.2nF","±5%","50V","X7R",""
"C5119315","GRT1555C1H240JA02D","muRata","1100","20","20","https://www.lcsc.com/product-detail/C5119315.html","0402","Tape & Reel (TR)","24pF","±5%","50V","C0G",""
"C5119318","GRT1555C1H220GA02D","muRata","4450","50","50","https://www.lcsc.com/product-detail/C5119318.html","0402","Tape & Reel (TR)","22pF","±2%","50V","C0G",""
"C5125804","GRM1555C2A331JE01D","muRata","16450","50","50","https://www.lcsc.com/product-detail/C5125804.html","0402","Tape & Reel (TR)","330pF","±5%","100V","C0G",""
"C5128370","12061C103JAT2A","Kyocera AVX","3130","10","10","https://www.lcsc.com/product-detail/C5128370.html","1206","Tape & Reel (TR)","10nF","±5%","100V","X7R",""
"C5140553","CC0402KRX7R9BB393","YAGEO","32200","100","100","https://www.lcsc.com/product-detail/C5140553.html","0402","Tape & Reel (TR)","39nF","±10%","50V","X7R",""
"C5182419","CC0402KRX7R9BB563","YAGEO","81000","100","100","https://www.lcsc.com/product-detail/C5182419.html","0402","Tape & Reel (TR)","56nF","±10%","50V","X7R",""
"C5182423","CC0402JRX7R9BB393","YAGEO","800","100","100","https://www.lcsc.com/product-detail/C5182423.html","0402","Tape & Reel (TR)","39nF","±5%","50V","X7R",""
"C5182429","CC0402JRNPO9BN301","YAGEO","6200","100","100","https://www.lcsc.com/product-detail/C5182429.html","0402","Tape & Reel (TR)","300pF","±5%","50V","NP0",""
"C5182432","CC0402JRX7R9BB104","YAGEO","361200","50","50","https://www.lcsc.com/product-detail/C5182432.html","0402","Tape & Reel (TR)","100nF","±5%","50V","X7R",""
"C5182438","CC0805KRX7R8BB332","YAGEO","3300","100","100","https://www.lcsc.com/product-detail/C5182438.html","0805","Tape & Reel (TR)","3.3nF","±10%","25V","X7R",""
"C5182444","AS0603KRX7R9BB223","YAGEO","1650","50","50","https://www.lcsc.com/product-detail/C5182444.html","0603","Tape & Reel (TR)","22nF","±10%","50V","X7R",""
"C5182449","CS0805KRX7R9BB682","YAGEO","1520","20","20","https://www.lcsc.com/product-detail/C5182449.html","0805","Tape & Reel (TR)","6.8nF","±10%","50V","X7R",""
"C5182455","CC0402FRNPO9BN102","YAGEO","118900","50","50","https://www.lcsc.com/product-detail/C5182455.html","0402","Tape & Reel (TR)","1nF","±1%","50V","NP0",""
"C5182458","CC1206JKNPODBN180","YAGEO","1580","20","20","https://www.lcsc.com/product-detail/C5182458.html","1206","Tape & Reel (TR)","18pF","±5%","2kV","NP0",""
"C5182459","CC0603FRNPO9BN182","YAGEO","7420","20","20","https://www.lcsc.com/product-detail/C5182459.html","0603","Tape & Reel (TR)","1.8nF","±1%","50V","NP0",""
"C5182461","CC0805KKX7RYBB104","YAGEO","11140","10","10","https://www.lcsc.com/product-detail/C5182461.html","0805","Tape & Reel (TR)","100nF","±10%","250V","X7R",""
"C5182462","CC0603JRNPO9BN562","YAGEO","5420","20","20","https://www.lcsc.com/product-detail/C5182462.html","0603","Tape & Reel (TR)","5.6nF","±5%","50V","NP0",""
"C5182466","AC1210KKX7R0BB225","YAGEO","650","5","5","https://www.lcsc.com/product-detail/C5182466.html","1210","Tape & Reel (TR)","2.2uF","±10%","100V","X7R",""
"C5185461","CC1206KRX7RYBB182","YAGEO","20","20","20","https://www.lcsc.com/product-detail/C5185461.html","1206","Tape & Reel (TR)","1.8nF","±10%","250V","X7R",""
"C5200606","GRM3195C2A333JA01D","muRata","8675","5","5","https://www.lcsc.com/product-detail/C5200606.html","1206","Tape & Reel (TR)","33nF","±5%","100V","C0G",""
"C5299742","GRM1885C1H561JA01J","muRata","1950","50","50","https://www.lcsc.com/product-detail/C5299742.html","0603","Tape & Reel (TR)","560pF","±5%","50V","C0G",""
"C5341638","CC1210KKX7R8BB226","YAGEO","49612","1","1","https://www.lcsc.com/product-detail/C5341638.html","1210","Tape & Reel (TR)","22uF","±10%","25V","X7R",""
"C5348644","04025A6R8JAT2A","Kyocera AVX","5730","10","10","https://www.lcsc.com/product-detail/C5348644.html","0402","Tape & Reel (TR)","6.8pF","±5%","50V","NP0",""
"C5348699","06035C682JAT2A","Kyocera AVX","1140","20","20","https://www.lcsc.com/product-detail/C5348699.html","0603","Tape & Reel (TR)","6.8nF","±5%","50V","X7R",""
"C5348701","06035C821JAT2A","Kyocera AVX","14827","1","1","https://www.lcsc.com/product-detail/C5348701.html","0603","Tape & Reel (TR)","820pF","±5%","50V","X7R",""
"C5348770","12061A391JAT2A","Kyocera AVX","3910","10","10","https://www.lcsc.com/product-detail/C5348770.html","1206","Tape & Reel (TR)","390pF","±5%","100V","NP0",""
"C5348780","12065A151JAT2A","Kyocera AVX","3450","10","10","https://www.lcsc.com/product-detail/C5348780.html","1206","Tape & Reel (TR)","150pF","±5%","50V","NP0",""
"C5355266","AC0805KRX7R9BB272","YAGEO","1000","50","50","https://www.lcsc.com/product-detail/C5355266.html","0805","Tape & Reel (TR)","2.7nF","±10%","50V","X7R",""
"C5360746","C0603C103J5RACTU","KEMET","5350","50","50","https://www.lcsc.com/product-detail/C5360746.html","0603","Tape & Reel (TR)","10nF","±5%","50V","X7R",""
"C5370002","CC0805KKX7R0BB105","YAGEO","374630","10","10","https://www.lcsc.com/product-detail/C5370002.html","0805","Tape & Reel (TR)","1uF","±10%","100V","X7R",""
"C5554538","AS1206KKX7RYBB473","YAGEO","20","10","10","https://www.lcsc.com/product-detail/C5554538.html","1206","Tape & Reel (TR)","47nF","±10%","250V","X7R",""
"C5567681","CC0805KKX7RYBB473","YAGEO","50","50","50","https://www.lcsc.com/product-detail/C5567681.html","0805","Tape & Reel (TR)","47nF","±10%","250V","X7R",""
"C5575492","AC0402JRX7R9BB103","YAGEO","19800","50","50","https://www.lcsc.com/product-detail/C5575492.html","0402","Tape & Reel (TR)","10nF","±5%","50V","X7R",""
"C5578983","CS1210KKX7R0BB225","YAGEO","180","5","5","https://www.lcsc.com/product-detail/C5578983.html","1210","Tape & Reel (TR)","2.2uF","±10%","100V","X7R",""
"C5972986","CS0603KRX7R8BB105","YAGEO","120","20","20","https://www.lcsc.com/product-detail/C5972986.html","0603","Tape & Reel (TR)","1uF","±10%","25V","X7R",""
"C6113815","AC0603KRX7R9BB393","YAGEO","3950","50","50","https://www.lcsc.com/product-detail/C6113815.html","0603","Tape & Reel (TR)","39nF","±10%","50V","X7R",""
"C6117856","AC0805KFX7R9BB105","YAGEO","1","1","1","https://www.lcsc.com/product-detail/C6117856.html","0805","Tape & Reel (TR)","1uF","±10%","50V","X7R",""
"C6261800","GRM188R71E224JA88D","muRata","2980","20","20","https://www.lcsc.com/product-detail/C6261800.html","0603","Tape & Reel (TR)","220nF","±5%","25V","X7R",""
"C6289656","C0402C162J3GACTU","KEMET","9640","10","10","https://www.lcsc.com/product-detail/C6289656.html","0402","Tape & Reel (TR)","1.6nF","±5%","25V","C0G",""
"C6348878","VJ0603Y153JXAAC","VISHAY","4050","5","5","https://www.lcsc.com/product-detail/C6348878.html","0603","Tape & Reel (TR)","15nF","±5%","50V","X7R",""
"C6371538","C0805C100J1GACTU","KEMET","3880","20","20","https://www.lcsc.com/product-detail/C6371538.html","0805","Tape & Reel (TR)","10pF","±5%","100V","C0G",""
"C6465807","AS0805KRX7R9BB102","YAGEO","1650","50","50","https://www.lcsc.com/product-detail/C6465807.html","0805","Tape & Reel (TR)","1nF","±10%","50V","X7R",""
"C6492074","AC0603KRX7R9BB154","YAGEO","7050","50","50","https://www.lcsc.com/product-detail/C6492074.html","0603","Tape & Reel (TR)","150nF","±10%","50V","X7R",""
"C6492241","AC0805KKX7RGBB225","YAGEO","2280","10","10","https://www.lcsc.com/product-detail/C6492241.html","0805","Tape & Reel (TR)","2.2uF","±10%","35V","X7R",""
"C6565148","GCM188R71H333JA55D","muRata","3720","20","20","https://www.lcsc.com/product-detail/C6565148.html","0603","Tape & Reel (TR)","33nF","±5%","50V","X7R",""
"C6565261","GRM155R71H681JA01D","muRata","9240","20","20","https://www.lcsc.com/product-detail/C6565261.html","0402","Tape & Reel (TR)","680pF","±5%","50V","X7R",""
"C6641147","08055C104J4T2A","Kyocera AVX","5120","20","20","https://www.lcsc.com/product-detail/C6641147.html","0805","Tape & Reel (TR)","100nF","±5%","50V","X7R",""
"C6747006","AS0805KKX7R8BB105","YAGEO","40","10","10","https://www.lcsc.com/product-detail/C6747006.html","0805","Tape & Reel (TR)","1uF","±10%","25V","X7R",""
"C6853808","AC0402KRX7R0BB471","YAGEO","4500","100","100","https://www.lcsc.com/product-detail/C6853808.html","0402","Tape & Reel (TR)","470pF","±10%","100V","X7R",""
"C6854068","AC1206KKX7R0BB225","YAGEO","3545","5","5","https://www.lcsc.com/product-detail/C6854068.html","1206","Tape & Reel (TR)","2.2uF","±10%","100V","X7R",""
"C6876996","CC1210KKX7RBBB104","YAGEO","975","5","5","https://www.lcsc.com/product-detail/C6876996.html","1210","Tape & Reel (TR)","100nF","±10%","500V","X7R",""
"C7154080","08053C225JAT2A","Kyocera AVX","934","1","1","https://www.lcsc.com/product-detail/C7154080.html","0805","Tape & Reel (TR)","2.2uF","±5%","25V","X7R",""
"C7209274","AC1210KKX7R0BB105","YAGEO","730","5","5","https://www.lcsc.com/product-detail/C7209274.html","1210","Tape & Reel (TR)","1uF","±10%","100V","X7R",""
"C7209937","AC0402KRX7R0BB221","YAGEO","100","100","100","https://www.lcsc.com/product-detail/C7209937.html","0402","Tape & Reel (TR)","220pF","±10%","100V","X7R",""
"C7210087","AC0805KKX7R5BB106","YAGEO","2615","5","5","https://www.lcsc.com/product-detail/C7210087.html","0805","Tape & Reel (TR)","10uF","±10%","6.3V","X7R",""
"C7282379","GRM188R71E224JA88J","muRata","1240","10","10","https://www.lcsc.com/product-detail/C7282379.html","0603","Tape & Reel (TR)","220nF","±5%","25V","X7R",""
"C7435288","C0603C104J5RACTU","KEMET","10000","10","10","https://www.lcsc.com/product-detail/C7435288.html","0603","Tape & Reel (TR)","100nF","±5%","50V","X7R",""
"C7471456","C0805C100J5GACTU","KEMET","11280","20","20","https://www.lcsc.com/product-detail/C7471456.html","0805","Tape & Reel (TR)","10pF","±5%","50V","C0G",""
"C7498583","CC1206KKX7R0BB684","YAGEO","910","10","10","https://www.lcsc.com/product-detail/C7498583.html","1206","Tape & Reel (TR)","680nF","±10%","100V","X7R",""
"C7500381","CC0402KRX7R6BB105","YAGEO","42160","20","20","https://www.lcsc.com/product-detail/C7500381.html","0402","Tape & Reel (TR)","1uF","±10%","10V","X7R",""
"C7500383","CC0805KKX7R0BB334","YAGEO","1810","10","10","https://www.lcsc.com/product-detail/C7500383.html","0805","Tape & Reel (TR)","330nF","±10%","100V","X7R",""
"C7500385","CC0603FRNPO9BN103","YAGEO","7590","5","5","https://www.lcsc.com/product-detail/C7500385.html","0603","Tape & Reel (TR)","10nF","±1%","50V","NP0",""
"C7500386","CC1206JKNPOZBN103","YAGEO","845","5","5","https://www.lcsc.com/product-detail/C7500386.html","1206","Tape & Reel (TR)","10nF","±5%","630V","C0G;NP0",""
"C7500389","CC1206JRNPO9BN223","YAGEO","4935","5","5","https://www.lcsc.com/product-detail/C7500389.html","1206","Tape & Reel (TR)","22nF","±5%","50V","C0G;NP0",""
"C7500394","CC0805KKX7RYBB333","YAGEO","2820","20","20","https://www.lcsc.com/product-detail/C7500394.html","0805","Tape & Reel (TR)","33nF","±10%","250V","X7R",""
"C7500414","CC0402JRNPO0BN681","YAGEO","1500","100","100","https://www.lcsc.com/product-detail/C7500414.html","0402","Tape & Reel (TR)","680pF","±5%","100V","NP0",""
"C17252121","GCM1885C2A910FA16D","muRata","2595","5","5","https://www.lcsc.com/product-detail/C17252121.html","0603","Tape & Reel (TR)","91pF","±1%","100V","C0G",""
"C17305852","GCM1885C1H102GA16D","muRata","4915","5","5","https://www.lcsc.com/product-detail/C17305852.html","0603","Tape & Reel (TR)","1nF","±2%","50V","C0G",""
"C17338043","GCM31B5C3A561FX01L","muRata","1546","1","1","https://www.lcsc.com/product-detail/C17338043.html","1206","Tape & Reel (TR)","560pF","±1%","1kV","C0G",""
"C17373735","GQM1875C2E820FB12D","muRata","2950","5","5","https://www.lcsc.com/product-detail/C17373735.html","0603","Tape & Reel (TR)","82pF","±1%","250V","C0G",""
"C17401306","GCM21B5C2J222JX0AL","muRata","2070","5","5","https://www.lcsc.com/product-detail/C17401306.html","0805","Tape & Reel (TR)","2.2nF","±5%","630V","C0G",""
"C17495061","GCM1885C2A130FA16J","muRata","3140","10","10","https://www.lcsc.com/product-detail/C17495061.html","0603","Tape & Reel (TR)","13pF","±1%","100V","C0G",""
"C17504198","GQM1875C2E510FB12D","muRata","2365","5","5","https://www.lcsc.com/product-detail/C17504198.html","0603","Tape & Reel (TR)","51pF","±1%","250V","C0G",""
"C17560167","GCM31A5C2J101JX01D","muRata","5685","5","5","https://www.lcsc.com/product-detail/C17560167.html","1206","Tape & Reel (TR)","100pF","±5%","630V","C0G",""
"C17578242","GCM1885C2A751FA16J","muRata","3050","10","10","https://www.lcsc.com/product-detail/C17578242.html","0603","Tape & Reel (TR)","750pF","±1%","100V","C0G",""
"C17588990","GCM21B5C1H203FA16L","muRata","2190","5","5","https://www.lcsc.com/product-detail/C17588990.html","0805","Tape & Reel (TR)","20nF","±1%","50V","C0G",""
"C17688280","GQM1875C2E750FB12D","muRata","1505","5","5","https://www.lcsc.com/product-detail/C17688280.html","0603","Tape & Reel (TR)","75pF","±1%","250V","C0G",""
"C20042067","GCM1885C1H103GA16D","muRata","1210","5","5","https://www.lcsc.com/product-detail/C20042067.html","0603","Tape & Reel (TR)","10nF","±2%","50V","C0G;NP0",""
"C20043351","GCM2195C1H103FA16D","muRata","3415","5","5","https://www.lcsc.com/product-detail/C20043351.html","0805","Tape & Reel (TR)","10nF","±1%","50V","C0G;NP0",""
"C20141854","AC0402KRX7R8BB562","YAGEO","8400","100","100","https://www.lcsc.com/product-detail/C20141854.html","0402","Tape & Reel (TR)","5.6nF","±10%","25V","X7R",""
"C20142823","AC0805JKNPO0BN472","YAGEO","620","10","10","https://www.lcsc.com/product-detail/C20142823.html","0805","Tape & Reel (TR)","4.7nF","±5%","100V","C0G;NP0",""
"C20727560","GRM1555C2A470GA01D","muRata","1700","50","50","https://www.lcsc.com/product-detail/C20727560.html","0402","Tape & Reel (TR)","47pF","±2%","100V","C0G",""
"C20879544","GRM3195C2A683JA01D","muRata","2795","5","5","https://www.lcsc.com/product-detail/C20879544.html","1206","Tape & Reel (TR)","68nF","±5%","100V","C0G",""
"C21026790","GRM1555C2A100GA01D","muRata","910","10","10","https://www.lcsc.com/product-detail/C21026790.html","0402","Tape & Reel (TR)","10pF","±2%","100V","C0G",""
"C21355853","C0402C180J5GAC7411","KEMET","49450","50","50","https://www.lcsc.com/product-detail/C21355853.html","0402","Tape & Reel (TR)","18pF","±5%","50V","C0G",""
"C21366878","GRM1555C2A101GA01D","muRata","9900","20","20","https://www.lcsc.com/product-detail/C21366878.html","0402","Tape & Reel (TR)","100pF","±2%","100V","C0G",""
"C21390358","C0603C330J5GACTU","KEMET","11200","20","20","https://www.lcsc.com/product-detail/C21390358.html","0603","Tape & Reel (TR)","33pF","±5%","50V","C0G",""
"C21508747","GRM1555C1H122GA01D","muRata","2860","20","20","https://www.lcsc.com/product-detail/C21508747.html","0402","Tape & Reel (TR)","1.2nF","±2%","50V","C0G",""
"C21611209","GRM1555C2A220GA01D","muRata","1950","50","50","https://www.lcsc.com/product-detail/C21611209.html","0402","Tape & Reel (TR)","22pF","±2%","100V","C0G",""
"C21794793","GRM1555C2A680GA01D","muRata","9550","50","50","https://www.lcsc.com/product-detail/C21794793.html","0402","Tape & Reel (TR)","68pF","±2%","100V","C0G",""
"C21832726","GRM1555C2A560GA01D","muRata","5100","50","50","https://www.lcsc.com/product-detail/C21832726.html","0402","Tape & Reel (TR)","56pF","±2%","100V","C0G",""
"C22051146","GRM3195C2A473GA01D","muRata","3132","1","1","https://www.lcsc.com/product-detail/C22051146.html","1206","Tape & Reel (TR)","47nF","±2%","100V","C0G",""
"C22075527","GRM1555C1H182GA01D","muRata","6700","20","20","https://www.lcsc.com/product-detail/C22075527.html","0402","Tape & Reel (TR)","1.8nF","±2%","50V","C0G",""
"C22075528","GRM1555C1H392JE01D","muRata","1200","50","50","https://www.lcsc.com/product-detail/C22075528.html","0402","Tape & Reel (TR)","3.9nF","±5%","50V","C0G",""
"C22124185","GRM1885C2E390FW07D","muRata","1225","5","5","https://www.lcsc.com/product-detail/C22124185.html","0603","Tape & Reel (TR)","39pF","±1%","250V","C0G",""
"C22216038","GRM1555C2A180GA01D","muRata","6650","50","50","https://www.lcsc.com/product-detail/C22216038.html","0402","Tape & Reel (TR)","18pF","±2%","100V","C0G",""
"C22390273","C0603C622J5GACTU","KEMET","2840","10","10","https://www.lcsc.com/product-detail/C22390273.html","0603","Tape & Reel (TR)","6.2nF","±5%","50V","C0G",""
"C22400107","GRM1555C1H103JE01D","muRata","68280","5","5","https://www.lcsc.com/product-detail/C22400107.html","0402","Tape & Reel (TR)","10nF","±5%","50V","C0G",""
"C22401005","C0402C101J5GAC3121","KEMET","9350","50","50","https://www.lcsc.com/product-detail/C22401005.html","0402","Tape & Reel (TR)","100pF","±5%","50V","C0G",""
"C22401913","C0603C104J4RACTU","KEMET","3700","50","50","https://www.lcsc.com/product-detail/C22401913.html","0603","Tape & Reel (TR)","100nF","±5%","16V","X7R",""
"C22401914","C0805C220J5GACTU","KEMET","3700","20","20","https://www.lcsc.com/product-detail/C22401914.html","0805","Tape & Reel (TR)","22pF","±5%","50V","C0G",""
"C22401918","C0402C102J5GACTU","KEMET","24550","50","50","https://www.lcsc.com/product-detail/C22401918.html","0402","Tape & Reel (TR)","1nF","±5%","50V","C0G",""
"C22401934","C0402C221J5GACTU","KEMET","2950","50","50","https://www.lcsc.com/product-detail/C22401934.html","0402","Tape & Reel (TR)","220pF","±5%","50V","C0G",""
"C22401989","C0603C471J1GACTU","KEMET","3740","20","20","https://www.lcsc.com/product-detail/C22401989.html","0603","Tape & Reel (TR)","470pF","±5%","100V","C0G",""
"C22402031","C1206C470J5GACTU","KEMET","3750","10","10","https://www.lcsc.com/product-detail/C22402031.html","1206","Tape & Reel (TR)","47pF","±5%","50V","C0G",""
"C22402111","C1206C220J5GACTU","KEMET","1520","10","10","https://www.lcsc.com/product-detail/C22402111.html","1206","Tape & Reel (TR)","22pF","±5%","50V","C0G",""
"C22402183","C1206C151J1GACTU","KEMET","2105","5","5","https://www.lcsc.com/product-detail/C22402183.html","1206","Tape & Reel (TR)","150pF","±5%","100V","C0G",""
"C22408867","C0603C391J5GACTU","KEMET","3460","20","20","https://www.lcsc.com/product-detail/C22408867.html","0603","Tape & Reel (TR)","390pF","±5%","50V","C0G",""
"C22409055","C0603C474J4RACTU","KEMET","1455","5","5","https://www.lcsc.com/product-detail/C22409055.html","0603","Tape & Reel (TR)","470nF","±5%","16V","X7R",""
"C22409457","C0805C682J5GACTU","KEMET","1230","10","10","https://www.lcsc.com/product-detail/C22409457.html","0805","Tape & Reel (TR)","6.8nF","±5%","50V","C0G",""
"C22414064","C0402C101J1GACTU","KEMET","8740","20","20","https://www.lcsc.com/product-detail/C22414064.html","0402","Tape & Reel (TR)","100pF","±5%","100V","C0G",""
"C22415704","C1206C472J5GACTU","KEMET","3630","5","5","https://www.lcsc.com/product-detail/C22415704.html","1206","Tape & Reel (TR)","4.7nF","±5%","50V","C0G",""
"C22419147","C0603C103J3GACTU","KEMET","3710","5","5","https://www.lcsc.com/product-detail/C22419147.html","0603","Tape & Reel (TR)","10nF","±5%","25V","C0G",""
"C22937289","C0402C472J4RACTU","KEMET","9980","20","20","https://www.lcsc.com/product-detail/C22937289.html","0402","Tape & Reel (TR)","4.7nF","±5%","16V","X7R",""
"C24091609","C0603C562J5GACTU","KEMET","3560","10","10","https://www.lcsc.com/product-detail/C24091609.html","0603","Bag-packed","5.6nF","±5%","50V","C0G",""
"C26537618","C0805C472J1GACTU","KEMET","3700","10","10","https://www.lcsc.com/product-detail/C26537618.html","0805","Tape & Reel (TR)","4.7nF","±5%","100V","C0G",""
"C32179026","GCM1555C2A680JE02D","muRata","7040","20","20","https://www.lcsc.com/product-detail/C32179026.html","0402","Bag-packed","68pF","±5%","100V","C0G","-55℃~+125℃"
"C32964719","C0805C911J5GACTU","KEMET","4000","10","10","https://www.lcsc.com/product-detail/C32964719.html","0805","Tape & Reel (TR)","910pF","±5%","50V","C0G",""
"C34625660","AC1206KKX7RBBB103","YAGEO","2420","20","20","https://www.lcsc.com/product-detail/C34625660.html","1206","Tape & Reel (TR)","10nF","±10%","500V","X7R","-55℃~+125℃"
"C35224454","AC1206KKX7RZBB103","YAGEO","140","10","10","https://www.lcsc.com/product-detail/C35224454.html","1206","Tape & Reel (TR)","10nF","±10%","630V","X7R",""
"C42097139","AC1206KKX7R7BB106","YAGEO","240","5","5","https://www.lcsc.com/product-detail/C42097139.html","1206","Tape & Reel (TR)","10uF","±10%","16V","X7R",""
"C42324899","AC0603JRNPO9BN472","YAGEO","3730","10","10","https://www.lcsc.com/product-detail/C42324899.html","0603","Tape & Reel (TR)","4.7nF","±5%","50V","NP0",""
"C43724564","AC1206KKX7RBBB102","YAGEO","2160","20","20","https://www.lcsc.com/product-detail/C43724564.html","1206","Tape & Reel (TR)","1nF","±10%","500V","X7R",""
"C55208129","TFCP201G221J1GV001T","Johanson Dielectrics","4000","20","20","https://www.lcsc.com/product-detail/C55208129.html","0603","Tape & Reel (TR)","220pF","±5%","200V","C0G","-55℃~+125℃"
"C55208130","TFCP201G680J1GV001T","Johanson Dielectrics","4000","20","20","https://www.lcsc.com/product-detail/C55208130.html","0603","Tape & Reel (TR)","68pF","±5%","200V","C0G","-55℃~+125℃"
"C55208131","TFCT500G222J1GV001T","Johanson Dielectrics","4000","10","10","https://www.lcsc.com/product-detail/C55208131.html","0805","Tape & Reel (TR)","2.2nF","±5%","50V","C0G","-55℃~+125℃"
