"LCSC Part#","MPN","Manufacturer","Availability","Minimum","Multiples","Product Detail","Package","Packaging","Capacitance","Tolerance","Voltage Rating","Temperature Coefficient","Operating Temperature"
"C14663","CC0603KRX7R9BB104","YAGEO","6807250","50","50","https://www.lcsc.com/product-detail/C14663.html","0603","Tape & Reel (TR)","100nF","±10%","50V","X7R",""
"C23631","CC1206KKX7RDBB102","YAGEO","468850","50","50","https://www.lcsc.com/product-detail/C23631.html","1206","Tape & Reel (TR)","1nF","±10%","2kV","X7R",""
"C49678","CC0805KRX7R9BB104","YAGEO","2094500","20","20","https://www.lcsc.com/product-detail/C49678.html","0805","Tape & Reel (TR)","100nF","±10%","50V","X7R",""
"C58456","CC0805JRX7R9BB103","YAGEO","35400","100","100","https://www.lcsc.com/product-detail/C58456.html","0805","Tape & Reel (TR)","10nF","±5%","50V","X7R",""
"C60133","CC0402KRX7R9BB103","YAGEO","4434700","100","100","https://www.lcsc.com/product-detail/C60133.html","0402","Tape & Reel (TR)","10nF","±10%","50V","X7R",""
"C60474","CC0402KRX7R7BB104","YAGEO","4354500","100","100","https://www.lcsc.com/product-detail/C60474.html","0402","Tape & Reel (TR)","100nF","±10%","16V","X7R",""
"C70462","CC1206KKX7R8BB106","YAGEO","153585","5","5","https://www.lcsc.com/product-detail/C70462.html","1206","Tape & Reel (TR)","10uF","±10%","25V","X7R",""
"C70463","CC1206KKX7R0BB105","YAGEO","320510","5","5","https://www.lcsc.com/product-detail/C70463.html","1206","Tape & Reel (TR)","1uF","±10%","100V","X7R",""
"C82601","CC1206KRX7R9BB104","YAGEO","1369100","50","50","https://www.lcsc.com/product-detail/C82601.html","1206","Tape & Reel (TR)","100nF","±10%","50V","X7R",""
"C83170","CC0805KRX7R9BB103","YAGEO","352550","50","50","https://www.lcsc.com/product-detail/C83170.html","0805","Tape & Reel (TR)","10nF","±10%","50V","X7R",""
"C91183","CC0603JRX7R9BB104","YAGEO","1775100","20","20","https://www.lcsc.com/product-detail/C91183.html","0603","Tape & Reel (TR)","100nF","±5%","50V","X7R",""
"C91185","CC0805KKX7R9BB105","YAGEO","481860","10","10","https://www.lcsc.com/product-detail/C91185.html","0805","Tape & Reel (TR)","1uF","±10%","50V","X7R",""
"C91186","CC0805KKX7R8BB105","YAGEO","349280","10","10","https://www.lcsc.com/product-detail/C91186.html","0805","Tape & Reel (TR)","1uF","±10%","25V","X7R",""
"C92490","CC0603KRX7R8BB104","YAGEO","1768600","50","50","https://www.lcsc.com/product-detail/C92490.html","0603","Tape & Reel (TR)","100nF","±10%","25V","X7R",""
"C93654","CC0402KRX7R9BB682","YAGEO","523400","100","100","https://www.lcsc.com/product-detail/C93654.html","0402","Tape & Reel (TR)","6.8nF","±10%","50V","X7R",""
"C93920","CC0402JRX7R9BB102","YAGEO","472000","100","100","https://www.lcsc.com/product-detail/C93920.html","0402","Tape & Reel (TR)","1nF","±5%","50V","X7R",""
"C94121","CC0805KRX7R9BB102","YAGEO","662600","50","50","https://www.lcsc.com/product-detail/C94121.html","0805","Tape & Reel (TR)","1nF","±10%","50V","X7R",""
"C94122","CC0805KKX7R7BB105","YAGEO","141080","20","20","https://www.lcsc.com/product-detail/C94122.html","0805","Tape & Reel (TR)","1uF","±10%","16V","X7R",""
"C96090","CC0603KRX7R9BB152","YAGEO","1109000","100","100","https://www.lcsc.com/product-detail/C96090.html","0603","Tape & Reel (TR)","1.5nF","±10%","50V","X7R",""
"C100040","CC0603KRX7R9BB102","YAGEO","1751300","50","50","https://www.lcsc.com/product-detail/C100040.html","0603","Tape & Reel (TR)","1nF","±10%","50V","X7R",""
"C100042","CC0603KRX7R9BB103","YAGEO","3509000","50","50","https://www.lcsc.com/product-detail/C100042.html","0603","Tape & Reel (TR)","10nF","±10%","50V","X7R",""
"C105883","CC0402KRX7R8BB104","YAGEO","2027000","100","100","https://www.lcsc.com/product-detail/C105883.html","0402","Tape & Reel (TR)","100nF","±10%","25V","X7R",""
"C106205","CC0402KRX7R9BB102","YAGEO","3806000","100","100","https://www.lcsc.com/product-detail/C106205.html","0402","Tape & Reel (TR)","1nF","±10%","50V","X7R",""
"C106206","CC0402KRX7R9BB331","YAGEO","2035400","100","100","https://www.lcsc.com/product-detail/C106206.html","0402","Tape & Reel (TR)","330pF","±10%","50V","X7R",""
"C106207","CC0402KRX7R9BB471","YAGEO","776100","100","100","https://www.lcsc.com/product-detail/C106207.html","0402","Tape & Reel (TR)","470pF","±10%","50V","X7R",""
"C106208","CC0402KRX7R9BB472","YAGEO","929600","100","100","https://www.lcsc.com/product-detail/C106208.html","0402","Tape & Reel (TR)","4.7nF","±10%","50V","X7R",""
"C106216","CC0603KRX7R6BB224","YAGEO","3300","100","100","https://www.lcsc.com/product-detail/C106216.html","0603","Tape & Reel (TR)","220nF","±10%","10V","X7R",""
"C106217","CC0603KRX7R8BB223","YAGEO","155000","100","100","https://www.lcsc.com/product-detail/C106217.html","0603","Tape & Reel (TR)","22nF","±10%","25V","X7R",""
"C106218","CC0603KRX7R9BB472","YAGEO","1443400","100","100","https://www.lcsc.com/product-detail/C106218.html","0603","Tape & Reel (TR)","4.7nF","±10%","50V","X7R",""
"C106222","CC0603KRX7R9BB223","YAGEO","442900","100","100","https://www.lcsc.com/product-detail/C106222.html","0603","Tape & Reel (TR)","22nF","±10%","50V","X7R",""
"C106236","CC1206KKX7R7BB105","YAGEO","10640","10","10","https://www.lcsc.com/product-detail/C106236.html","1206","Tape & Reel (TR)","1uF","±10%","16V","X7R",""
"C106239","CC1206KRX7R9BB103","YAGEO","27160","20","20","https://www.lcsc.com/product-detail/C106239.html","1206","Tape & Reel (TR)","10nF","±10%","50V","X7R",""
"C106241","CC1206KKX7RYBB104","YAGEO","29070","10","10","https://www.lcsc.com/product-detail/C106241.html","1206","Tape & Reel (TR)","100nF","±10%","250V","X7R",""
"C106242","CC1206KKX7RBBB103","YAGEO","49500","20","20","https://www.lcsc.com/product-detail/C106242.html","1206","Tape & Reel (TR)","10nF","±10%","500V","X7R",""
"C106243","CC0805KKX7R0BB104","YAGEO","638740","20","20","https://www.lcsc.com/product-detail/C106243.html","0805","Tape & Reel (TR)","100nF","±10%","100V","X7R",""
"C106244","CC0805KRX7R0BB102","YAGEO","175450","50","50","https://www.lcsc.com/product-detail/C106244.html","0805","Tape & Reel (TR)","1nF","±10%","100V","X7R",""
"C106247","CC0603KRX7R0BB102","YAGEO","586200","100","100","https://www.lcsc.com/product-detail/C106247.html","0603","Tape & Reel (TR)","1nF","±10%","100V","X7R",""
"C106248","CC0603KRX7R7BB105","YAGEO","557500","50","50","https://www.lcsc.com/product-detail/C106248.html","0603","Tape & Reel (TR)","1uF","±10%","16V","X7R",""
"C106249","CC0603KRX7R7BB224","YAGEO","39900","50","50","https://www.lcsc.com/product-detail/C106249.html","0603","Tape & Reel (TR)","220nF","±10%","16V","X7R",""
"C106250","CC0603KRX7R6BB474","YAGEO","11500","20","20","https://www.lcsc.com/product-detail/C106250.html","0603","Tape & Reel (TR)","470nF","±10%","10V","X7R",""
"C106251","CC0402KRX7R9BB272","YAGEO","306700","100","100","https://www.lcsc.com/product-detail/C106251.html","0402","Tape & Reel (TR)","2.7nF","±10%","50V","X7R",""
"C106260","CC0402KRX7R7BB473","YAGEO","111600","100","100","https://www.lcsc.com/product-detail/C106260.html","0402","Tape & Reel (TR)","47nF","±10%","16V","X7R",""
"C106835","CC0805KRX7RYBB102","YAGEO","48350","50","50","https://www.lcsc.com/product-detail/C106835.html","0805","Tape & Reel (TR)","1nF","±10%","250V","X7R",""
"C106840","CC0805KKX7RBBB103","YAGEO","12460","20","20","https://www.lcsc.com/product-detail/C106840.html","0805","Tape & Reel (TR)","10nF","±10%","500V","X7R",""
"C106841","CC0805KKX7RYBB103","YAGEO","67700","50","50","https://www.lcsc.com/product-detail/C106841.html","0805","Tape & Reel (TR)","10nF","±10%","250V","X7R",""
"C106843","CC0805KKX7R9BB474","YAGEO","382840","20","20","https://www.lcsc.com/product-detail/C106843.html","0805","Tape & Reel (TR)","470nF","±10%","50V","X7R",""
"C106845","CC0805KKX7R7BB474","YAGEO","8850","50","50","https://www.lcsc.com/product-detail/C106845.html","0805","Tape & Reel (TR)","470nF","±10%","16V","X7R",""
"C106846","CC0805KKX7R8BB474","YAGEO","24260","20","20","https://www.lcsc.com/product-detail/C106846.html","0805","Tape & Reel (TR)","470nF","±10%","25V","X7R",""
"C106851","CC0603KRX7R7BB474","YAGEO","276800","50","50","https://www.lcsc.com/product-detail/C106851.html","0603","Tape & Reel (TR)","470nF","±10%","16V","X7R",""
"C106856","CC0603KRX7R9BB333","YAGEO","1452000","100","100","https://www.lcsc.com/product-detail/C106856.html","0603","Tape & Reel (TR)","33nF","±10%","50V","X7R",""
"C106857","CC0603KRX7R8BB224","YAGEO","45400","50","50","https://www.lcsc.com/product-detail/C106857.html","0603","Tape & Reel (TR)","220nF","±10%","25V","X7R",""
"C106858","CC0603KRX7R8BB105","YAGEO","63620","20","20","https://www.lcsc.com/product-detail/C106858.html","0603","Tape & Reel (TR)","1uF","±10%","25V","X7R",""
"C106861","CC0402KRX7R9BB222","YAGEO","2032500","100","100","https://www.lcsc.com/product-detail/C106861.html","0402","Tape & Reel (TR)","2.2nF","±10%","50V","X7R",""
"C106862","CC0402KRX7R9BB333","YAGEO","764500","100","100","https://www.lcsc.com/product-detail/C106862.html","0402","Tape & Reel (TR)","33nF","±10%","50V","X7R",""
"C106863","CC0402KRX7R7BB333","YAGEO","26400","100","100","https://www.lcsc.com/product-detail/C106863.html","0402","Tape & Reel (TR)","33nF","±10%","16V","X7R",""
"C107014","CC0402KRX7R6BB683","YAGEO","10000","100","100","https://www.lcsc.com/product-detail/C107014.html","0402","Tape & Reel (TR)","68nF","±10%","10V","X7R",""
"C107017","CC0402KRX7R7BB223","YAGEO","1278300","100","100","https://www.lcsc.com/product-detail/C107017.html","0402","Tape & Reel (TR)","22nF","±10%","16V","X7R",""
"C107018","CC0402KRX7R7BB563","YAGEO","45700","100","100","https://www.lcsc.com/product-detail/C107018.html","0402","Tape & Reel (TR)","56nF","±10%","16V","X7R",""
"C107019","CC0402KRX7R8BB223","YAGEO","262300","100","100","https://www.lcsc.com/product-detail/C107019.html","0402","Tape & Reel (TR)","22nF","±10%","25V","X7R",""
"C107020","CC0402KRX7R8BB473","YAGEO","26900","100","100","https://www.lcsc.com/product-detail/C107020.html","0402","Tape & Reel (TR)","47nF","±10%","25V","X7R",""
"C107021","CC0402KRX7R9BB122","YAGEO","90500","100","100","https://www.lcsc.com/product-detail/C107021.html","0402","Tape & Reel (TR)","1.2nF","±10%","50V","X7R",""
"C107022","CC0402KRX7R9BB152","YAGEO","651000","100","100","https://www.lcsc.com/product-detail/C107022.html","0402","Tape & Reel (TR)","1.5nF","±10%","50V","X7R",""
"C107023","CC0402KRX7R9BB181","YAGEO","51000","100","100","https://www.lcsc.com/product-detail/C107023.html","0402","Tape & Reel (TR)","180pF","±10%","50V","X7R",""
"C107024","CC0402KRX7R9BB182","YAGEO","313700","100","100","https://www.lcsc.com/product-detail/C107024.html","0402","Tape & Reel (TR)","1.8nF","±10%","50V","X7R",""
"C107025","CC0402KRX7R9BB221","YAGEO","1274200","100","100","https://www.lcsc.com/product-detail/C107025.html","0402","Tape & Reel (TR)","220pF","±10%","50V","X7R",""
"C107026","CC0402KRX7R9BB223","YAGEO","600500","100","100","https://www.lcsc.com/product-detail/C107026.html","0402","Tape & Reel (TR)","22nF","±10%","50V","X7R",""
"C107027","CC0402KRX7R9BB271","YAGEO","89200","100","100","https://www.lcsc.com/product-detail/C107027.html","0402","Tape & Reel (TR)","270pF","±10%","50V","X7R",""
"C107028","CC0402KRX7R9BB332","YAGEO","676400","100","100","https://www.lcsc.com/product-detail/C107028.html","0402","Tape & Reel (TR)","3.3nF","±10%","50V","X7R",""
"C107029","CC0402KRX7R9BB561","YAGEO","290800","100","100","https://www.lcsc.com/product-detail/C107029.html","0402","Tape & Reel (TR)","560pF","±10%","50V","X7R",""
"C107030","CC0402KRX7R9BB681","YAGEO","83400","100","100","https://www.lcsc.com/product-detail/C107030.html","0402","Tape & Reel (TR)","680pF","±10%","50V","X7R",""
"C107031","CC0402KRX7R9BB821","YAGEO","336600","100","100","https://www.lcsc.com/product-detail/C107031.html","0402","Tape & Reel (TR)","820pF","±10%","50V","X7R",""
"C107032","CC0402KRX7R9BB822","YAGEO","97600","100","100","https://www.lcsc.com/product-detail/C107032.html","0402","Tape & Reel (TR)","8.2nF","±10%","50V","X7R",""
"C107059","CC0603KRX7R0BB103","YAGEO","881450","50","50","https://www.lcsc.com/product-detail/C107059.html","0603","Tape & Reel (TR)","10nF","±10%","100V","X7R",""
"C107060","CC0603KRX7R0BB152","YAGEO","23850","50","50","https://www.lcsc.com/product-detail/C107060.html","0603","Tape & Reel (TR)","1.5nF","±10%","100V","X7R",""
"C107061","CC0603KRX7R0BB221","YAGEO","15900","50","50","https://www.lcsc.com/product-detail/C107061.html","0603","Tape & Reel (TR)","220pF","±10%","100V","X7R",""
"C107062","CC0603KRX7R0BB471","YAGEO","37150","50","50","https://www.lcsc.com/product-detail/C107062.html","0603","Tape & Reel (TR)","470pF","±10%","100V","X7R",""
"C107063","CC0603KRX7R6BB124","YAGEO","9350","50","50","https://www.lcsc.com/product-detail/C107063.html","0603","Tape & Reel (TR)","120nF","±10%","10V","X7R",""
"C107065","CC0603KRX7R7BB154","YAGEO","1050","50","50","https://www.lcsc.com/product-detail/C107065.html","0603","Tape & Reel (TR)","150nF","±10%","16V","X7R",""
"C107066","CC0603KRX7R7BB334","YAGEO","73050","50","50","https://www.lcsc.com/product-detail/C107066.html","0603","Tape & Reel (TR)","330nF","±10%","16V","X7R",""
"C107067","CC0603KRX7R7BB684","YAGEO","65800","50","50","https://www.lcsc.com/product-detail/C107067.html","0603","Tape & Reel (TR)","680nF","±10%","16V","X7R",""
"C107068","CC0603KRX7R8BB154","YAGEO","150","50","50","https://www.lcsc.com/product-detail/C107068.html","0603","Tape & Reel (TR)","150nF","±10%","25V","X7R",""
"C107070","CC0603KRX7R8BB334","YAGEO","131650","50","50","https://www.lcsc.com/product-detail/C107070.html","0603","Tape & Reel (TR)","330nF","±10%","25V","X7R",""
"C107071","CC0603KRX7R8BB683","YAGEO","23900","100","100","https://www.lcsc.com/product-detail/C107071.html","0603","Tape & Reel (TR)","68nF","±10%","25V","X7R",""
"C107072","CC0603KRX7R9BB121","YAGEO","57200","100","100","https://www.lcsc.com/product-detail/C107072.html","0603","Tape & Reel (TR)","120pF","±10%","50V","X7R",""
"C107073","CC0603KRX7R9BB122","YAGEO","164500","100","100","https://www.lcsc.com/product-detail/C107073.html","0603","Tape & Reel (TR)","1.2nF","±10%","50V","X7R",""
"C107074","CC0603KRX7R9BB123","YAGEO","9900","100","100","https://www.lcsc.com/product-detail/C107074.html","0603","Tape & Reel (TR)","12nF","±10%","50V","X7R",""
"C107075","CC0603KRX7R9BB151","YAGEO","101200","100","100","https://www.lcsc.com/product-detail/C107075.html","0603","Tape & Reel (TR)","150pF","±10%","50V","X7R",""
"C107076","CC0603KRX7R9BB153","YAGEO","334100","50","50","https://www.lcsc.com/product-detail/C107076.html","0603","Tape & Reel (TR)","15nF","±10%","50V","X7R",""
"C107077","CC0603KRX7R9BB181","YAGEO","54800","50","50","https://www.lcsc.com/product-detail/C107077.html","0603","Tape & Reel (TR)","180pF","±10%","50V","X7R",""
"C107078","CC0603KRX7R9BB182","YAGEO","36400","100","100","https://www.lcsc.com/product-detail/C107078.html","0603","Tape & Reel (TR)","1.8nF","±10%","50V","X7R",""
"C107079","CC0603KRX7R9BB183","YAGEO","80200","100","100","https://www.lcsc.com/product-detail/C107079.html","0603","Tape & Reel (TR)","18nF","±10%","50V","X7R",""
"C107080","CC0603KRX7R9BB201","YAGEO","177500","100","100","https://www.lcsc.com/product-detail/C107080.html","0603","Tape & Reel (TR)","200pF","±10%","50V","X7R",""
"C107081","CC0603KRX7R9BB221","YAGEO","596700","100","100","https://www.lcsc.com/product-detail/C107081.html","0603","Tape & Reel (TR)","220pF","±10%","50V","X7R",""
"C107082","CC0603KRX7R9BB222","YAGEO","1717000","50","50","https://www.lcsc.com/product-detail/C107082.html","0603","Tape & Reel (TR)","2.2nF","±10%","50V","X7R",""
"C107083","CC0603KRX7R9BB224","YAGEO","360100","50","50","https://www.lcsc.com/product-detail/C107083.html","0603","Tape & Reel (TR)","220nF","±10%","50V","X7R",""
"C107084","CC0603KRX7R9BB271","YAGEO","59900","100","100","https://www.lcsc.com/product-detail/C107084.html","0603","Tape & Reel (TR)","270pF","±10%","50V","X7R",""
"C107085","CC0603KRX7R9BB272","YAGEO","145000","100","100","https://www.lcsc.com/product-detail/C107085.html","0603","Tape & Reel (TR)","2.7nF","±10%","50V","X7R",""
"C107086","CC0603KRX7R9BB273","YAGEO","400500","100","100","https://www.lcsc.com/product-detail/C107086.html","0603","Tape & Reel (TR)","27nF","±10%","50V","X7R",""
"C107087","CC0603KRX7R9BB331","YAGEO","780100","100","100","https://www.lcsc.com/product-detail/C107087.html","0603","Tape & Reel (TR)","330pF","±10%","50V","X7R",""
"C107088","CC0603KRX7R9BB332","YAGEO","756800","100","100","https://www.lcsc.com/product-detail/C107088.html","0603","Tape & Reel (TR)","3.3nF","±10%","50V","X7R",""
"C107089","CC0603KRX7R9BB391","YAGEO","55600","50","50","https://www.lcsc.com/product-detail/C107089.html","0603","Tape & Reel (TR)","390pF","±10%","50V","X7R",""
"C107090","CC0603KRX7R9BB392","YAGEO","5700","100","100","https://www.lcsc.com/product-detail/C107090.html","0603","Tape & Reel (TR)","3.9nF","±10%","50V","X7R",""
"C107091","CC0603KRX7R9BB393","YAGEO","229200","100","100","https://www.lcsc.com/product-detail/C107091.html","0603","Tape & Reel (TR)","39nF","±10%","50V","X7R",""
"C107092","CC0603KRX7R9BB471","YAGEO","627600","100","100","https://www.lcsc.com/product-detail/C107092.html","0603","Tape & Reel (TR)","470pF","±10%","50V","X7R",""
"C107093","CC0603KRX7R9BB473","YAGEO","1239150","50","50","https://www.lcsc.com/product-detail/C107093.html","0603","Tape & Reel (TR)","47nF","±10%","50V","X7R",""
"C107094","CC0603KRX7R9BB561","YAGEO","174400","100","100","https://www.lcsc.com/product-detail/C107094.html","0603","Tape & Reel (TR)","560pF","±10%","50V","X7R",""
"C107095","CC0603KRX7R9BB562","YAGEO","259200","100","100","https://www.lcsc.com/product-detail/C107095.html","0603","Tape & Reel (TR)","5.6nF","±10%","50V","X7R",""
"C107096","CC0603KRX7R9BB681","YAGEO","438500","100","100","https://www.lcsc.com/product-detail/C107096.html","0603","Tape & Reel (TR)","680pF","±10%","50V","X7R",""
"C107097","CC0603KRX7R9BB682","YAGEO","465500","100","100","https://www.lcsc.com/product-detail/C107097.html","0603","Tape & Reel (TR)","6.8nF","±10%","50V","X7R",""
"C107098","CC0603KRX7R9BB683","YAGEO","325200","100","100","https://www.lcsc.com/product-detail/C107098.html","0603","Tape & Reel (TR)","68nF","±10%","50V","X7R",""
"C107099","CC0603KRX7R9BB821","YAGEO","76400","100","100","https://www.lcsc.com/product-detail/C107099.html","0603","Tape & Reel (TR)","820pF","±10%","50V","X7R",""
"C107100","CC0603KRX7R9BB823","YAGEO","268350","50","50","https://www.lcsc.com/product-detail/C107100.html","0603","Tape & Reel (TR)","82nF","±10%","50V","X7R",""
"C107101","CC0603KRX7RYBB221","YAGEO","4600","100","100","https://www.lcsc.com/product-detail/C107101.html","0603","Tape & Reel (TR)","220pF","±10%","250V","X7R",""
"C107126","CC0805KKX7R0BB473","YAGEO","140800","50","50","https://www.lcsc.com/product-detail/C107126.html","0805","Tape & Reel (TR)","47nF","±10%","100V","X7R",""
"C107127","CC0805KKX7R6BB225","YAGEO","10210","10","10","https://www.lcsc.com/product-detail/C107127.html","0805","Tape & Reel (TR)","2.2uF","±10%","10V","X7R",""
"C107128","CC0805KKX7R7BB225","YAGEO","53930","10","10","https://www.lcsc.com/product-detail/C107128.html","0805","Tape & Reel (TR)","2.2uF","±10%","16V","X7R",""
"C107129","CC0805KKX7R8BB334","YAGEO","4700","50","50","https://www.lcsc.com/product-detail/C107129.html","0805","Tape & Reel (TR)","330nF","±10%","25V","X7R",""
"C107130","CC0805KKX7R8BB684","YAGEO","17860","20","20","https://www.lcsc.com/product-detail/C107130.html","0805","Tape & Reel (TR)","680nF","±10%","25V","X7R",""
"C107131","CC0805KKX7R9BB224","YAGEO","238450","50","50","https://www.lcsc.com/product-detail/C107131.html","0805","Tape & Reel (TR)","220nF","±10%","50V","X7R",""
"C107132","CC0805KKX7R9BB334","YAGEO","431900","20","20","https://www.lcsc.com/product-detail/C107132.html","0805","Tape & Reel (TR)","330nF","±10%","50V","X7R",""
"C107133","CC0805KKX7R9BB684","YAGEO","36820","20","20","https://www.lcsc.com/product-detail/C107133.html","0805","Tape & Reel (TR)","680nF","±10%","50V","X7R",""
"C107135","CC0805KRX7R0BB103","YAGEO","319450","50","50","https://www.lcsc.com/product-detail/C107135.html","0805","Tape & Reel (TR)","10nF","±10%","100V","X7R",""
"C107136","CC0805KRX7R0BB222","YAGEO","172300","100","100","https://www.lcsc.com/product-detail/C107136.html","0805","Tape & Reel (TR)","2.2nF","±10%","100V","X7R",""
"C107137","CC0805KRX7R0BB223","YAGEO","161100","50","50","https://www.lcsc.com/product-detail/C107137.html","0805","Tape & Reel (TR)","22nF","±10%","100V","X7R",""
"C107138","CC0805KRX7R0BB471","YAGEO","154800","50","50","https://www.lcsc.com/product-detail/C107138.html","0805","Tape & Reel (TR)","470pF","±10%","100V","X7R",""
"C107139","CC0805KRX7R8BB224","YAGEO","100540","20","20","https://www.lcsc.com/product-detail/C107139.html","0805","Tape & Reel (TR)","220nF","±10%","25V","X7R",""
"C107140","CC0805KRX7R9BB101","YAGEO","229300","100","100","https://www.lcsc.com/product-detail/C107140.html","0805","Tape & Reel (TR)","100pF","±10%","50V","X7R",""
"C107141","CC0805KRX7R9BB123","YAGEO","8650","50","50","https://www.lcsc.com/product-detail/C107141.html","0805","Tape & Reel (TR)","12nF","±10%","50V","X7R",""
"C107142","CC0805KRX7R9BB152","YAGEO","46800","100","100","https://www.lcsc.com/product-detail/C107142.html","0805","Tape & Reel (TR)","1.5nF","±10%","50V","X7R",""
"C107143","CC0805KRX7R9BB153","YAGEO","178800","100","100","https://www.lcsc.com/product-detail/C107143.html","0805","Tape & Reel (TR)","15nF","±10%","50V","X7R",""
"C107144","CC0805KRX7R9BB154","YAGEO","176200","50","50","https://www.lcsc.com/product-detail/C107144.html","0805","Tape & Reel (TR)","150nF","±10%","50V","X7R",""
"C107145","CC0805KRX7R9BB221","YAGEO","781300","100","100","https://www.lcsc.com/product-detail/C107145.html","0805","Tape & Reel (TR)","220pF","±10%","50V","X7R",""
"C107146","CC0805KRX7R9BB222","YAGEO","293600","100","100","https://www.lcsc.com/product-detail/C107146.html","0805","Tape & Reel (TR)","2.2nF","±10%","50V","X7R",""
"C107147","CC0805KRX7R9BB223","YAGEO","359300","100","100","https://www.lcsc.com/product-detail/C107147.html","0805","Tape & Reel (TR)","22nF","±10%","50V","X7R",""
"C107148","CC0805KRX7R9BB331","YAGEO","123600","50","50","https://www.lcsc.com/product-detail/C107148.html","0805","Tape & Reel (TR)","330pF","±10%","50V","X7R",""
"C107149","CC0805KRX7R9BB332","YAGEO","99900","100","100","https://www.lcsc.com/product-detail/C107149.html","0805","Tape & Reel (TR)","3.3nF","±10%","50V","X7R",""
"C107150","CC0805KRX7R9BB333","YAGEO","1297700","100","100","https://www.lcsc.com/product-detail/C107150.html","0805","Tape & Reel (TR)","33nF","±10%","50V","X7R",""
"C107151","CC0805KRX7R9BB391","YAGEO","3450","50","50","https://www.lcsc.com/product-detail/C107151.html","0805","Tape & Reel (TR)","390pF","±10%","50V","X7R",""
"C107152","CC0805KRX7R9BB471","YAGEO","113700","50","50","https://www.lcsc.com/product-detail/C107152.html","0805","Tape & Reel (TR)","470pF","±10%","50V","X7R",""
"C107153","CC0805KRX7R9BB472","YAGEO","330100","100","100","https://www.lcsc.com/product-detail/C107153.html","0805","Tape & Reel (TR)","4.7nF","±10%","50V","X7R",""
"C107154","CC0805KRX7R9BB473","YAGEO","393900","100","100","https://www.lcsc.com/product-detail/C107154.html","0805","Tape & Reel (TR)","47nF","±10%","50V","X7R",""
"C107156","CC0805KRX7R9BB563","YAGEO","15300","100","100","https://www.lcsc.com/product-detail/C107156.html","0805","Tape & Reel (TR)","56nF","±10%","50V","X7R",""
"C107157","CC0805KRX7R9BB681","YAGEO","13350","50","50","https://www.lcsc.com/product-detail/C107157.html","0805","Tape & Reel (TR)","680pF","±10%","50V","X7R",""
"C107158","CC0805KRX7R9BB682","YAGEO","71500","50","50","https://www.lcsc.com/product-detail/C107158.html","0805","Tape & Reel (TR)","6.8nF","±10%","50V","X7R",""
"C107159","CC0805KRX7R9BB683","YAGEO","83800","100","100","https://www.lcsc.com/product-detail/C107159.html","0805","Tape & Reel (TR)","68nF","±10%","50V","X7R",""
"C107160","CC0805KRX7R9BB822","YAGEO","6400","50","50","https://www.lcsc.com/product-detail/C107160.html","0805","Tape & Reel (TR)","8.2nF","±10%","50V","X7R",""
"C107161","CC0805KRX7RABB102","YAGEO","109200","50","50","https://www.lcsc.com/product-detail/C107161.html","0805","Tape & Reel (TR)","1nF","±10%","200V","X7R",""
"C107162","CC0805KRX7RABB221","YAGEO","1450","50","50","https://www.lcsc.com/product-detail/C107162.html","0805","Tape & Reel (TR)","220pF","±10%","200V","X7R",""
"C107163","CC0805KRX7RABB471","YAGEO","27450","50","50","https://www.lcsc.com/product-detail/C107163.html","0805","Tape & Reel (TR)","470pF","±10%","200V","X7R",""
"C107165","CC0805KRX7RYBB221","YAGEO","1450","50","50","https://www.lcsc.com/product-detail/C107165.html","0805","Tape & Reel (TR)","220pF","±10%","250V","X7R",""
"C107166","CC0805KRX7RYBB222","YAGEO","4650","50","50","https://www.lcsc.com/product-detail/C107166.html","0805","Tape & Reel (TR)","2.2nF","±10%","250V","X7R",""
"C107167","CC0805KRX7RYBB471","YAGEO","3800","50","50","https://www.lcsc.com/product-detail/C107167.html","0805","Tape & Reel (TR)","470pF","±10%","250V","X7R",""
"C107168","CC0805KRX7RYBB472","YAGEO","18450","50","50","https://www.lcsc.com/product-detail/C107168.html","0805","Tape & Reel (TR)","4.7nF","±10%","250V","X7R",""
"C107169","CC0805KRX7RYBB681","YAGEO","1600","50","50","https://www.lcsc.com/product-detail/C107169.html","0805","Tape & Reel (TR)","680pF","±10%","250V","X7R",""
"C107181","CC1206KKX7R0BB104","YAGEO","10320","20","20","https://www.lcsc.com/product-detail/C107181.html","1206","Tape & Reel (TR)","100nF","±10%","100V","X7R",""
"C107182","CC1206KKX7R0BB474","YAGEO","15120","5","5","https://www.lcsc.com/product-detail/C107182.html","1206","Tape & Reel (TR)","470nF","±10%","100V","X7R",""
"C107183","CC1206KKX7R7BB225","YAGEO","4600","10","10","https://www.lcsc.com/product-detail/C107183.html","1206","Tape & Reel (TR)","2.2uF","±10%","16V","X7R",""
"C107184","CC1206KKX7R8BB105","YAGEO","23080","10","10","https://www.lcsc.com/product-detail/C107184.html","1206","Tape & Reel (TR)","1uF","±10%","25V","X7R",""
"C107185","CC1206KKX7R9BB105","YAGEO","67060","10","10","https://www.lcsc.com/product-detail/C107185.html","1206","Tape & Reel (TR)","1uF","±10%","50V","X7R",""
"C107186","CC1206KKX7R9BB224","YAGEO","119680","20","20","https://www.lcsc.com/product-detail/C107186.html","1206","Tape & Reel (TR)","220nF","±10%","50V","X7R",""
"C107188","CC1206KKX7RBBB222","YAGEO","80","20","20","https://www.lcsc.com/product-detail/C107188.html","1206","Tape & Reel (TR)","2.2nF","±10%","500V","X7R",""
"C107190","CC1206KKX7RBBB472","YAGEO","8700","20","20","https://www.lcsc.com/product-detail/C107190.html","1206","Tape & Reel (TR)","4.7nF","±10%","500V","X7R",""
"C107191","CC1206KKX7RCBB102","YAGEO","268950","50","50","https://www.lcsc.com/product-detail/C107191.html","1206","Tape & Reel (TR)","1nF","±10%","1kV","X7R",""
"C107192","CC1206KKX7RCBB103","YAGEO","555300","50","50","https://www.lcsc.com/product-detail/C107192.html","1206","Tape & Reel (TR)","10nF","±10%","1kV","X7R",""
"C107193","CC1206KKX7RCBB221","YAGEO","143700","20","20","https://www.lcsc.com/product-detail/C107193.html","1206","Tape & Reel (TR)","220pF","±10%","1kV","X7R",""
"C107194","CC1206KKX7RCBB222","YAGEO","68140","20","20","https://www.lcsc.com/product-detail/C107194.html","1206","Tape & Reel (TR)","2.2nF","±10%","1kV","X7R",""
"C107195","CC1206KKX7RCBB331","YAGEO","14240","20","20","https://www.lcsc.com/product-detail/C107195.html","1206","Tape & Reel (TR)","330pF","±10%","1kV","X7R",""
"C107196","CC1206KKX7RCBB332","YAGEO","115800","50","50","https://www.lcsc.com/product-detail/C107196.html","1206","Tape & Reel (TR)","3.3nF","±10%","1kV","X7R",""
"C107197","CC1206KKX7RCBB471","YAGEO","59620","20","20","https://www.lcsc.com/product-detail/C107197.html","1206","Tape & Reel (TR)","470pF","±10%","1kV","X7R",""
"C107198","CC1206KKX7RCBB472","YAGEO","104350","50","50","https://www.lcsc.com/product-detail/C107198.html","1206","Tape & Reel (TR)","4.7nF","±10%","1kV","X7R",""
"C107199","CC1206KKX7RCBB681","YAGEO","4380","20","20","https://www.lcsc.com/product-detail/C107199.html","1206","Tape & Reel (TR)","680pF","±10%","1kV","X7R",""
"C107200","CC1206KKX7RCBB682","YAGEO","19860","20","20","https://www.lcsc.com/product-detail/C107200.html","1206","Tape & Reel (TR)","6.8nF","±10%","1kV","X7R",""
"C107202","CC1206KKX7RZBB223","YAGEO","5395","5","5","https://www.lcsc.com/product-detail/C107202.html","1206","Tape & Reel (TR)","22nF","±10%","630V","X7R",""
"C107203","CC1206KRX7R0BB102","YAGEO","3620","20","20","https://www.lcsc.com/product-detail/C107203.html","1206","Tape & Reel (TR)","1nF","±10%","100V","X7R",""
"C107204","CC1206KRX7R0BB103","YAGEO","3100","50","50","https://www.lcsc.com/product-detail/C107204.html","1206","Tape & Reel (TR)","10nF","±10%","100V","X7R",""
"C107205","CC1206KRX7R0BB222","YAGEO","4420","20","20","https://www.lcsc.com/product-detail/C107205.html","1206","Tape & Reel (TR)","2.2nF","±10%","100V","X7R",""
"C107206","CC1206KRX7R0BB473","YAGEO","31650","50","50","https://www.lcsc.com/product-detail/C107206.html","1206","Tape & Reel (TR)","47nF","±10%","100V","X7R",""
"C107207","CC1206KRX7R9BB102","YAGEO","109050","50","50","https://www.lcsc.com/product-detail/C107207.html","1206","Tape & Reel (TR)","1nF","±10%","50V","X7R",""
"C107208","CC1206KRX7R9BB472","YAGEO","55040","20","20","https://www.lcsc.com/product-detail/C107208.html","1206","Tape & Reel (TR)","4.7nF","±10%","50V","X7R",""
"C107209","CC1206KRX7R9BB473","YAGEO","94180","20","20","https://www.lcsc.com/product-detail/C107209.html","1206","Tape & Reel (TR)","47nF","±10%","50V","X7R",""
"C107210","CC1206KRX7R9BB683","YAGEO","5360","20","20","https://www.lcsc.com/product-detail/C107210.html","1206","Tape & Reel (TR)","68nF","±10%","50V","X7R",""
"C107211","CC1206KRX7RYBB102","YAGEO","2250","50","50","https://www.lcsc.com/product-detail/C107211.html","1206","Tape & Reel (TR)","1nF","±10%","250V","X7R",""
"C108079","CC0603KRX7R7BB104","YAGEO","698460","20","20","https://www.lcsc.com/product-detail/C108079.html","0603","Tape & Reel (TR)","100nF","±10%","16V","X7R",""
"C109474","CC0603JRX7R7BB104","YAGEO","7770","10","10","https://www.lcsc.com/product-detail/C109474.html","0603","Tape & Reel (TR)","100nF","±5%","16V","X7R",""
"C110045","CC1206KKX7R6BB226","YAGEO","5395","5","5","https://www.lcsc.com/product-detail/C110045.html","1206","Tape & Reel (TR)","22uF","±10%","10V","X7R",""
"C111492","CC0805JRX7R9BB104","YAGEO","718300","50","50","https://www.lcsc.com/product-detail/C111492.html","0805","Tape & Reel (TR)","100nF","±5%","50V","X7R",""
"C113786","CC0402KRX7R8BB123","YAGEO","9800","100","100","https://www.lcsc.com/product-detail/C113786.html","0402","Tape & Reel (TR)","12nF","±10%","25V","X7R",""
"C113787","CC0402KRX7R8BB392","YAGEO","3700","100","100","https://www.lcsc.com/product-detail/C113787.html","0402","Tape & Reel (TR)","3.9nF","±10%","25V","X7R",""
"C113788","CC0402KRX7R9BB121","YAGEO","14100","100","100","https://www.lcsc.com/product-detail/C113788.html","0402","Tape & Reel (TR)","120pF","±10%","50V","X7R",""
"C113789","CC0402KRX7R9BB151","YAGEO","40100","100","100","https://www.lcsc.com/product-detail/C113789.html","0402","Tape & Reel (TR)","150pF","±10%","50V","X7R",""
"C113790","CC0402KRX7R9BB392","YAGEO","13000","100","100","https://www.lcsc.com/product-detail/C113790.html","0402","Tape & Reel (TR)","3.9nF","±10%","50V","X7R",""
"C113803","CC0603KRX7R0BB104","YAGEO","983300","50","50","https://www.lcsc.com/product-detail/C113803.html","0603","Tape & Reel (TR)","100nF","±10%","100V","X7R",""
"C113804","CC0603KRX7R0BB222","YAGEO","194200","50","50","https://www.lcsc.com/product-detail/C113804.html","0603","Tape & Reel (TR)","2.2nF","±10%","100V","X7R",""
"C113805","CC0603KRX7R0BB332","YAGEO","400","100","100","https://www.lcsc.com/product-detail/C113805.html","0603","Tape & Reel (TR)","3.3nF","±10%","100V","X7R",""
"C113806","CC0603KRX7R0BB681","YAGEO","3200","100","100","https://www.lcsc.com/product-detail/C113806.html","0603","Tape & Reel (TR)","680pF","±10%","100V","X7R",""
"C113807","CC0603KRX7R6BB105","YAGEO","203300","50","50","https://www.lcsc.com/product-detail/C113807.html","0603","Tape & Reel (TR)","1uF","±10%","10V","X7R",""
"C113809","CC0603KRX7R8BB153","YAGEO","9900","100","100","https://www.lcsc.com/product-detail/C113809.html","0603","Tape & Reel (TR)","15nF","±10%","25V","X7R",""
"C113811","CC0603KRX7R8BB473","YAGEO","67900","100","100","https://www.lcsc.com/product-detail/C113811.html","0603","Tape & Reel (TR)","47nF","±10%","25V","X7R",""
"C113812","CC0603KRX7R9BB822","YAGEO","130700","100","100","https://www.lcsc.com/product-detail/C113812.html","0603","Tape & Reel (TR)","8.2nF","±10%","50V","X7R",""
"C113844","CC0805KKX7R7BB334","YAGEO","2160","20","20","https://www.lcsc.com/product-detail/C113844.html","0805","Tape & Reel (TR)","330nF","±10%","16V","X7R",""
"C113845","CC0805KKX7R9BB274","YAGEO","5450","50","50","https://www.lcsc.com/product-detail/C113845.html","0805","Tape & Reel (TR)","270nF","±10%","50V","X7R",""
"C113846","CC0805KKX7RABB682","YAGEO","150","50","50","https://www.lcsc.com/product-detail/C113846.html","0805","Tape & Reel (TR)","6.8nF","±10%","200V","X7R",""
"C113849","CC0805KRX7R0BB221","YAGEO","3100","100","100","https://www.lcsc.com/product-detail/C113849.html","0805","Tape & Reel (TR)","220pF","±10%","100V","X7R",""
"C113850","CC0805KRX7R0BB331","YAGEO","26450","50","50","https://www.lcsc.com/product-detail/C113850.html","0805","Tape & Reel (TR)","330pF","±10%","100V","X7R",""
"C113851","CC0805KRX7R0BB332","YAGEO","9350","50","50","https://www.lcsc.com/product-detail/C113851.html","0805","Tape & Reel (TR)","3.3nF","±10%","100V","X7R",""
"C113852","CC0805KRX7R7BB154","YAGEO","200","20","20","https://www.lcsc.com/product-detail/C113852.html","0805","Tape & Reel (TR)","150nF","±10%","16V","X7R",""
"C113853","CC0805KRX7R7BB224","YAGEO","4850","50","50","https://www.lcsc.com/product-detail/C113853.html","0805","Tape & Reel (TR)","220nF","±10%","16V","X7R",""
"C113854","CC0805KRX7R9BB124","YAGEO","19250","50","50","https://www.lcsc.com/product-detail/C113854.html","0805","Tape & Reel (TR)","120nF","±10%","50V","X7R",""
"C113855","CC0805KRX7R9BB151","YAGEO","2750","50","50","https://www.lcsc.com/product-detail/C113855.html","0805","Tape & Reel (TR)","150pF","±10%","50V","X7R",""
"C113857","CC0805KRX7R9BB183","YAGEO","3300","100","100","https://www.lcsc.com/product-detail/C113857.html","0805","Tape & Reel (TR)","18nF","±10%","50V","X7R",""
"C113858","CC0805KRX7R9BB271","YAGEO","11200","50","50","https://www.lcsc.com/product-detail/C113858.html","0805","Tape & Reel (TR)","270pF","±10%","50V","X7R",""
"C113859","CC0805KRX7R9BB272","YAGEO","4150","50","50","https://www.lcsc.com/product-detail/C113859.html","0805","Tape & Reel (TR)","2.7nF","±10%","50V","X7R",""
"C113860","CC0805KRX7R9BB273","YAGEO","13550","50","50","https://www.lcsc.com/product-detail/C113860.html","0805","Tape & Reel (TR)","27nF","±10%","50V","X7R",""
"C113861","CC0805KRX7R9BB392","YAGEO","1900","50","50","https://www.lcsc.com/product-detail/C113861.html","0805","Tape & Reel (TR)","3.9nF","±10%","50V","X7R",""
"C113862","CC0805KRX7R9BB562","YAGEO","23750","50","50","https://www.lcsc.com/product-detail/C113862.html","0805","Tape & Reel (TR)","5.6nF","±10%","50V","X7R",""
"C113864","CC0805KRX7RABB222","YAGEO","29100","50","50","https://www.lcsc.com/product-detail/C113864.html","0805","Tape & Reel (TR)","2.2nF","±10%","200V","X7R",""
"C113865","CC0805KRX7RABB391","YAGEO","1150","50","50","https://www.lcsc.com/product-detail/C113865.html","0805","Tape & Reel (TR)","390pF","±10%","200V","X7R",""
"C113866","CC0805KRX7RABB472","YAGEO","18550","50","50","https://www.lcsc.com/product-detail/C113866.html","0805","Tape & Reel (TR)","4.7nF","±10%","200V","X7R",""
"C113867","CC0805KRX7RBBB471","YAGEO","18200","50","50","https://www.lcsc.com/product-detail/C113867.html","0805","Tape & Reel (TR)","470pF","±10%","500V","X7R",""
"C113868","CC0805KRX7RBBB472","YAGEO","8750","50","50","https://www.lcsc.com/product-detail/C113868.html","0805","Tape & Reel (TR)","4.7nF","±10%","500V","X7R",""
"C113869","CC0805KRX7RYBB331","YAGEO","200","50","50","https://www.lcsc.com/product-detail/C113869.html","0805","Tape & Reel (TR)","330pF","±10%","250V","X7R",""
"C113892","CC1206KKX7R0BB224","YAGEO","91880","20","20","https://www.lcsc.com/product-detail/C113892.html","1206","Tape & Reel (TR)","220nF","±10%","100V","X7R",""
"C113893","CC1206KKX7R8BB225","YAGEO","64010","10","10","https://www.lcsc.com/product-detail/C113893.html","1206","Tape & Reel (TR)","2.2uF","±10%","25V","X7R",""
"C113894","CC1206KKX7RABB104","YAGEO","32000","20","20","https://www.lcsc.com/product-detail/C113894.html","1206","Tape & Reel (TR)","100nF","±10%","200V","X7R",""
"C113896","CC1206KKX7RBBB331","YAGEO","1800","50","50","https://www.lcsc.com/product-detail/C113896.html","1206","Tape & Reel (TR)","330pF","±10%","500V","X7R",""
"C113897","CC1206KKX7RBBB332","YAGEO","5800","20","20","https://www.lcsc.com/product-detail/C113897.html","1206","Tape & Reel (TR)","3.3nF","±10%","500V","X7R",""
"C113898","CC1206KKX7RCBB561","YAGEO","1760","10","10","https://www.lcsc.com/product-detail/C113898.html","1206","Tape & Reel (TR)","560pF","±10%","1kV","X7R",""
"C113899","CC1206KKX7RYBB223","YAGEO","2440","20","20","https://www.lcsc.com/product-detail/C113899.html","1206","Tape & Reel (TR)","22nF","±10%","250V","X7R",""
"C113900","CC1206KKX7RYBB473","YAGEO","2480","20","20","https://www.lcsc.com/product-detail/C113900.html","1206","Tape & Reel (TR)","47nF","±10%","250V","X7R",""
"C113903","CC1206KRX7R7BB224","YAGEO","1120","20","20","https://www.lcsc.com/product-detail/C113903.html","1206","Tape & Reel (TR)","220nF","±10%","16V","X7R",""
"C113904","CC1206KRX7R9BB152","YAGEO","3280","20","20","https://www.lcsc.com/product-detail/C113904.html","1206","Tape & Reel (TR)","1.5nF","±10%","50V","X7R",""
"C113905","CC1206KRX7R9BB221","YAGEO","115960","20","20","https://www.lcsc.com/product-detail/C113905.html","1206","Tape & Reel (TR)","220pF","±10%","50V","X7R",""
"C113906","CC1206KRX7R9BB222","YAGEO","115720","20","20","https://www.lcsc.com/product-detail/C113906.html","1206","Tape & Reel (TR)","2.2nF","±10%","50V","X7R",""
"C113907","CC1206KRX7R9BB223","YAGEO","116720","20","20","https://www.lcsc.com/product-detail/C113907.html","1206","Tape & Reel (TR)","22nF","±10%","50V","X7R",""
"C113909","CC1206KRX7R9BB682","YAGEO","3680","20","20","https://www.lcsc.com/product-detail/C113909.html","1206","Tape & Reel (TR)","6.8nF","±10%","50V","X7R",""
"C113910","CC1206KRX7RABB102","YAGEO","17220","20","20","https://www.lcsc.com/product-detail/C113910.html","1206","Tape & Reel (TR)","1nF","±10%","200V","X7R",""
"C114386","CC0402JRX7R9BB821","YAGEO","7100","100","100","https://www.lcsc.com/product-detail/C114386.html","0402","Tape & Reel (TR)","820pF","±5%","50V","X7R",""
"C114397","CC0402KRX7R9BB391","YAGEO","173400","100","100","https://www.lcsc.com/product-detail/C114397.html","0402","Tape & Reel (TR)","390pF","±10%","50V","X7R",""
"C114401","CC0402JRX7R9BB221","YAGEO","39100","100","100","https://www.lcsc.com/product-detail/C114401.html","0402","Tape & Reel (TR)","220pF","±5%","50V","X7R",""
"C114405","CC0402KRX7R9BB153","YAGEO","717900","100","100","https://www.lcsc.com/product-detail/C114405.html","0402","Tape & Reel (TR)","15nF","±10%","50V","X7R",""
"C115046","CC0402KRX7R5BB105","YAGEO","71550","50","50","https://www.lcsc.com/product-detail/C115046.html","0402","Tape & Reel (TR)","1uF","±10%","6.3V","X7R",""
"C115052","CC0603KRX7R0BB472","YAGEO","216850","50","50","https://www.lcsc.com/product-detail/C115052.html","0603","Tape & Reel (TR)","4.7nF","±10%","100V","X7R",""
"C115056","CC0603JRX7R9BB103","YAGEO","693000","50","50","https://www.lcsc.com/product-detail/C115056.html","0603","Tape & Reel (TR)","10nF","±5%","50V","X7R",""
"C115058","CC0603KRX7R7BB473","YAGEO","2600","100","100","https://www.lcsc.com/product-detail/C115058.html","0603","Tape & Reel (TR)","47nF","±10%","16V","X7R",""
"C115059","CC0603JRX7R9BB222","YAGEO","1800","100","100","https://www.lcsc.com/product-detail/C115059.html","0603","Tape & Reel (TR)","2.2nF","±5%","50V","X7R",""
"C115060","CC0603JRX7R9BB472","YAGEO","10300","100","100","https://www.lcsc.com/product-detail/C115060.html","0603","Tape & Reel (TR)","4.7nF","±5%","50V","X7R",""
"C115061","CC0603KRX7R7BB683","YAGEO","1500","100","100","https://www.lcsc.com/product-detail/C115061.html","0603","Tape & Reel (TR)","68nF","±10%","16V","X7R",""
"C125847","CC0805KKX7R9BB225","YAGEO","72075","5","5","https://www.lcsc.com/product-detail/C125847.html","0805","Tape & Reel (TR)","2.2uF","±10%","50V","X7R",""
"C131031","CC0603JRX7R9BB102","YAGEO","382500","50","50","https://www.lcsc.com/product-detail/C131031.html","0603","Tape & Reel (TR)","1nF","±5%","50V","X7R",""
"C131394","CC0402KRX7R9BB104","YAGEO","5700800","50","50","https://www.lcsc.com/product-detail/C131394.html","0402","Tape & Reel (TR)","100nF","±10%","50V","X7R",""
"C132170","CC1206KKX7R9BB475","YAGEO","119870","10","10","https://www.lcsc.com/product-detail/C132170.html","1206","Tape & Reel (TR)","4.7uF","±10%","50V","X7R",""
"C133050","CC1206KKX7R9BB225","YAGEO","7630","10","10","https://www.lcsc.com/product-detail/C133050.html","1206","Tape & Reel (TR)","2.2uF","±10%","50V","X7R",""
"C145012","CC1206KKX7R9BB684","YAGEO","20370","10","10","https://www.lcsc.com/product-detail/C145012.html","1206","Tape & Reel (TR)","680nF","±10%","50V","X7R",""
"C149601","AC1206KKX7R0BB104","YAGEO","5920","10","10","https://www.lcsc.com/product-detail/C149601.html","1206","Tape & Reel (TR)","100nF","±10%","100V","X7R",""
"C149602","AC0603KRX7R0BB103","YAGEO","53400","50","50","https://www.lcsc.com/product-detail/C149602.html","0603","Tape & Reel (TR)","10nF","±10%","100V","X7R",""
"C149603","AC1206KRX7R9BB104","YAGEO","19160","10","10","https://www.lcsc.com/product-detail/C149603.html","1206","Tape & Reel (TR)","100nF","±10%","50V","X7R",""
"C149607","AC0805KRX7R9BB473","YAGEO","1900","50","50","https://www.lcsc.com/product-detail/C149607.html","0805","Tape & Reel (TR)","47nF","±10%","50V","X7R",""
"C149611","AC0603KRX7R7BB224","YAGEO","150","50","50","https://www.lcsc.com/product-detail/C149611.html","0603","Tape & Reel (TR)","220nF","±10%","16V","X7R",""
"C149615","AC0603KRX7R9BB472","YAGEO","31150","50","50","https://www.lcsc.com/product-detail/C149615.html","0603","Tape & Reel (TR)","4.7nF","±10%","50V","X7R",""
"C149619","AC0603KRX7R7BB103","YAGEO","3700","100","100","https://www.lcsc.com/product-detail/C149619.html","0603","Tape & Reel (TR)","10nF","±10%","16V","X7R",""
"C149620","AC0603KRX7R9BB104","YAGEO","1003650","50","50","https://www.lcsc.com/product-detail/C149620.html","0603","Tape & Reel (TR)","100nF","±10%","50V","X7R",""
"C156239","CC0805JRX7R0BB102","YAGEO","350","50","50","https://www.lcsc.com/product-detail/C156239.html","0805","Tape & Reel (TR)","1nF","±5%","100V","X7R",""
"C160903","CC0603KRX7R9BB101","YAGEO","759500","50","50","https://www.lcsc.com/product-detail/C160903.html","0603","Tape & Reel (TR)","100pF","±10%","50V","X7R",""
"C181747","CC0402KRX7R8BB472","YAGEO","7800","100","100","https://www.lcsc.com/product-detail/C181747.html","0402","Tape & Reel (TR)","4.7nF","±10%","25V","X7R",""
"C189467","CC0402KRX7R7BB102","YAGEO","379500","100","100","https://www.lcsc.com/product-detail/C189467.html","0402","Tape & Reel (TR)","1nF","±10%","16V","X7R",""
"C272874","CC0402KRX7R8BB332","YAGEO","11200","100","100","https://www.lcsc.com/product-detail/C272874.html","0402","Tape & Reel (TR)","3.3nF","±10%","25V","X7R",""
"C272875","CC0402KRX7R9BB473","YAGEO","1100100","100","100","https://www.lcsc.com/product-detail/C272875.html","0402","Tape & Reel (TR)","47nF","±10%","50V","X7R",""
"C272878","CC0402JRX7R9BB103","YAGEO","1161700","100","100","https://www.lcsc.com/product-detail/C272878.html","0402","Tape & Reel (TR)","10nF","±5%","50V","X7R",""
"C272879","AC0402KRX7R7BB104","YAGEO","332600","100","100","https://www.lcsc.com/product-detail/C272879.html","0402","Tape & Reel (TR)","100nF","±10%","16V","X7R",""
"C272887","CC0402JRX7R9BB471","YAGEO","8600","100","100","https://www.lcsc.com/product-detail/C272887.html","0402","Tape & Reel (TR)","470pF","±5%","50V","X7R",""
"C274377","CC1206KRX7R9BB334","YAGEO","123500","20","20","https://www.lcsc.com/product-detail/C274377.html","1206","Tape & Reel (TR)","330nF","±10%","50V","X7R",""
"C277470","CC0805KKX7R8BB225","YAGEO","155540","10","10","https://www.lcsc.com/product-detail/C277470.html","0805","Tape & Reel (TR)","2.2uF","±10%","25V","X7R",""
"C277475","AC0603KRX7R9BB102","YAGEO","222800","50","50","https://www.lcsc.com/product-detail/C277475.html","0603","Tape & Reel (TR)","1nF","±10%","50V","X7R",""
"C277481","CC0402KRX7R9BB201","YAGEO","9600","100","100","https://www.lcsc.com/product-detail/C277481.html","0402","Tape & Reel (TR)","200pF","±10%","50V","X7R",""
"C277483","CC1206KKX7R9BB474","YAGEO","146940","20","20","https://www.lcsc.com/product-detail/C277483.html","1206","Tape & Reel (TR)","470nF","±10%","50V","X7R",""
"C277485","CC1206KKX7RBBB221","YAGEO","6700","20","20","https://www.lcsc.com/product-detail/C277485.html","1206","Tape & Reel (TR)","220pF","±10%","500V","X7R",""
"C277494","CC0402KRX7R7BB393","YAGEO","9000","100","100","https://www.lcsc.com/product-detail/C277494.html","0402","Tape & Reel (TR)","39nF","±10%","16V","X7R",""
"C277499","CC0805KKX7R7BB475","YAGEO","177155","5","5","https://www.lcsc.com/product-detail/C277499.html","0805","Tape & Reel (TR)","4.7uF","±10%","16V","X7R",""
"C277500","AC0402KRX7R9BB103","YAGEO","351400","100","100","https://www.lcsc.com/product-detail/C277500.html","0402","Tape & Reel (TR)","10nF","±10%","50V","X7R",""
"C277502","AC0805KRX7R9BB104","YAGEO","176480","20","20","https://www.lcsc.com/product-detail/C277502.html","0805","Tape & Reel (TR)","100nF","±10%","50V","X7R",""
"C277508","CC1206KKX7R8BB475","YAGEO","3170","5","5","https://www.lcsc.com/product-detail/C277508.html","1206","Tape & Reel (TR)","4.7uF","±10%","25V","X7R",""
"C277509","CC0805KRX7RBBB102","YAGEO","35050","50","50","https://www.lcsc.com/product-detail/C277509.html","0805","Tape & Reel (TR)","1nF","±10%","500V","X7R",""
"C277510","CC0603KRX7RYBB102","YAGEO","171200","100","100","https://www.lcsc.com/product-detail/C277510.html","0603","Tape & Reel (TR)","1nF","±10%","250V","X7R",""
"C277511","CC0402KRX7R6BB823","YAGEO","800","100","100","https://www.lcsc.com/product-detail/C277511.html","0402","Tape & Reel (TR)","82nF","±10%","10V","X7R",""
"C277516","CC1206KRX7RABB471","YAGEO","3850","50","50","https://www.lcsc.com/product-detail/C277516.html","1206","Tape & Reel (TR)","470pF","±10%","200V","X7R",""
"C277517","CC0805KRX7RBBB331","YAGEO","5350","50","50","https://www.lcsc.com/product-detail/C277517.html","0805","Tape & Reel (TR)","330pF","±10%","500V","X7R",""
"C277522","AC0402KRX7R9BB102","YAGEO","22300","100","100","https://www.lcsc.com/product-detail/C277522.html","0402","Tape & Reel (TR)","1nF","±10%","50V","X7R",""
"C277524","CC0805KRX7R9BB182","YAGEO","9200","50","50","https://www.lcsc.com/product-detail/C277524.html","0805","Tape & Reel (TR)","1.8nF","±10%","50V","X7R",""
"C277528","CC0603JRX7R9BB223","YAGEO","515700","100","100","https://www.lcsc.com/product-detail/C277528.html","0603","Tape & Reel (TR)","22nF","±5%","50V","X7R",""
"C277529","CC0805KKX7RYBB223","YAGEO","6880","20","20","https://www.lcsc.com/product-detail/C277529.html","0805","Tape & Reel (TR)","22nF","±10%","250V","X7R",""
"C281750","CC0402JRX7R9BB101","YAGEO","167400","100","100","https://www.lcsc.com/product-detail/C281750.html","0402","Tape & Reel (TR)","100pF","±5%","50V","X7R",""
"C281751","CC0402KRX7R9BB101","YAGEO","7900","100","100","https://www.lcsc.com/product-detail/C281751.html","0402","Tape & Reel (TR)","100pF","±10%","50V","X7R",""
"C281752","CC0402JRX7R9BB152","YAGEO","188100","100","100","https://www.lcsc.com/product-detail/C281752.html","0402","Tape & Reel (TR)","1.5nF","±5%","50V","X7R",""
"C281757","CC0402JRX7R9BB472","YAGEO","109900","100","100","https://www.lcsc.com/product-detail/C281757.html","0402","Tape & Reel (TR)","4.7nF","±5%","50V","X7R",""
"C281760","CC0402KRX7R9BB562","YAGEO","155100","100","100","https://www.lcsc.com/product-detail/C281760.html","0402","Tape & Reel (TR)","5.6nF","±10%","50V","X7R",""
"C282065","CC0603KRX7R9BB203","YAGEO","67900","100","100","https://www.lcsc.com/product-detail/C282065.html","0603","Tape & Reel (TR)","20nF","±10%","50V","X7R",""
"C282072","CC0603KRX7R9BB563","YAGEO","194000","100","100","https://www.lcsc.com/product-detail/C282072.html","0603","Tape & Reel (TR)","56nF","±10%","50V","X7R",""
"C282077","CC0805KRX7R0BB472","YAGEO","3600","50","50","https://www.lcsc.com/product-detail/C282077.html","0805","Tape & Reel (TR)","4.7nF","±10%","100V","X7R",""
"C282080","CC1206KKX7RDBB331","YAGEO","11040","10","10","https://www.lcsc.com/product-detail/C282080.html","1206","Tape & Reel (TR)","330pF","±10%","2kV","X7R",""
"C282081","CC1206KKX7RDBB471","YAGEO","15580","20","20","https://www.lcsc.com/product-detail/C282081.html","1206","Tape & Reel (TR)","470pF","±10%","2kV","X7R",""
"C282243","CC0603KRX7RABB102","YAGEO","39500","50","50","https://www.lcsc.com/product-detail/C282243.html","0603","Tape & Reel (TR)","1nF","±10%","200V","X7R",""
"C282245","CC0603KRX7R9BB202","YAGEO","156500","100","100","https://www.lcsc.com/product-detail/C282245.html","0603","Tape & Reel (TR)","2nF","±10%","50V","X7R",""
"C282248","CC0603KRX7R9BB301","YAGEO","80200","100","100","https://www.lcsc.com/product-detail/C282248.html","0603","Tape & Reel (TR)","300pF","±10%","50V","X7R",""
"C309129","AC0402KRX7R9BB222","YAGEO","8900","100","100","https://www.lcsc.com/product-detail/C309129.html","0402","Tape & Reel (TR)","2.2nF","±10%","50V","X7R",""
"C309442","AC0603KRX7R9BB222","YAGEO","37500","100","100","https://www.lcsc.com/product-detail/C309442.html","0603","Tape & Reel (TR)","2.2nF","±10%","50V","X7R",""
"C309458","CC0402KRX7R6BB104","YAGEO","30000","50","50","https://www.lcsc.com/product-detail/C309458.html","0402","Tape & Reel (TR)","100nF","±10%","10V","X7R",""
"C309473","CC0603JRX7R9BB331","YAGEO","7400","100","100","https://www.lcsc.com/product-detail/C309473.html","0603","Tape & Reel (TR)","330pF","±5%","50V","X7R",""
"C309475","CC0603JRX7R9BB683","YAGEO","20000","100","100","https://www.lcsc.com/product-detail/C309475.html","0603","Tape & Reel (TR)","68nF","±5%","50V","X7R",""
"C309479","CC0603KRX7R5BB105","YAGEO","50","50","50","https://www.lcsc.com/product-detail/C309479.html","0603","Tape & Reel (TR)","1uF","±10%","6.3V","X7R",""
"C309480","CC0603KRX7R6BB394","YAGEO","50","50","50","https://www.lcsc.com/product-detail/C309480.html","0603","Tape & Reel (TR)","390nF","±10%","10V","X7R",""
"C309489","CC0805JRX7R0BB472","YAGEO","2000","50","50","https://www.lcsc.com/product-detail/C309489.html","0805","Tape & Reel (TR)","4.7nF","±5%","100V","X7R",""
"C309490","CC0805JRX7R9BB822","YAGEO","3250","50","50","https://www.lcsc.com/product-detail/C309490.html","0805","Tape & Reel (TR)","8.2nF","±5%","50V","X7R",""
"C309493","CC0805KRX7R9BB393","YAGEO","12200","100","100","https://www.lcsc.com/product-detail/C309493.html","0805","Tape & Reel (TR)","39nF","±10%","50V","X7R",""
"C309494","CC0805KRX7RBBB682","YAGEO","2700","50","50","https://www.lcsc.com/product-detail/C309494.html","0805","Tape & Reel (TR)","6.8nF","±10%","500V","X7R",""
"C309495","CC0805KRX7RCBB102","YAGEO","201840","20","20","https://www.lcsc.com/product-detail/C309495.html","0805","Tape & Reel (TR)","1nF","±10%","1kV","X7R",""
"C309501","CC1206JRX7R9BB103","YAGEO","320","20","20","https://www.lcsc.com/product-detail/C309501.html","1206","Tape & Reel (TR)","10nF","±5%","50V","X7R",""
"C309503","CC1206KRX7R9BB153","YAGEO","4040","20","20","https://www.lcsc.com/product-detail/C309503.html","1206","Tape & Reel (TR)","15nF","±10%","50V","X7R",""
"C309505","CC1210KKX7R9BB474","YAGEO","515","5","5","https://www.lcsc.com/product-detail/C309505.html","1210","Tape & Reel (TR)","470nF","±10%","50V","X7R",""
"C309517","CS0603KRX7R9BB222","YAGEO","1200","50","50","https://www.lcsc.com/product-detail/C309517.html","0603","Tape & Reel (TR)","2.2nF","±10%","50V","X7R",""
"C313105","CC0603KRX7R0BB223","YAGEO","95100","100","100","https://www.lcsc.com/product-detail/C313105.html","0603","Tape & Reel (TR)","22nF","±10%","100V","X7R",""
"C325463","CC0402JRX7R9BB331","YAGEO","5300","100","100","https://www.lcsc.com/product-detail/C325463.html","0402","Tape & Reel (TR)","330pF","±5%","50V","X7R",""
"C325466","CC0402KRX7R8BB153","YAGEO","4700","100","100","https://www.lcsc.com/product-detail/C325466.html","0402","Tape & Reel (TR)","15nF","±10%","25V","X7R",""
"C325467","CC0402KRX7R8BB683","YAGEO","6900","100","100","https://www.lcsc.com/product-detail/C325467.html","0402","Tape & Reel (TR)","68nF","±10%","25V","X7R",""
"C326058","CC0603KRX7R8BB474","YAGEO","276180","20","20","https://www.lcsc.com/product-detail/C326058.html","0603","Tape & Reel (TR)","470nF","±10%","25V","X7R",""
"C326565","CC1210KKX7R8BB225","YAGEO","335","5","5","https://www.lcsc.com/product-detail/C326565.html","1210","Tape & Reel (TR)","2.2uF","±10%","25V","X7R",""
"C326590","CC0402KRX7R7BB224","YAGEO","53700","50","50","https://www.lcsc.com/product-detail/C326590.html","0402","Tape & Reel (TR)","220nF","±10%","16V","X7R",""
"C326595","CC0805KKX7R7BB106","YAGEO","145365","5","5","https://www.lcsc.com/product-detail/C326595.html","0805","Tape & Reel (TR)","10uF","±10%","16V","X7R",""
"C326638","CC1210KKX7R8BB105","YAGEO","3360","5","5","https://www.lcsc.com/product-detail/C326638.html","1210","Tape & Reel (TR)","1uF","±10%","25V","X7R",""
"C326670","CC1206KRX7R9BB471","YAGEO","10800","20","20","https://www.lcsc.com/product-detail/C326670.html","1206","Tape & Reel (TR)","470pF","±10%","50V","X7R",""
"C326671","CC1210KKX7RYBB224","YAGEO","2125","5","5","https://www.lcsc.com/product-detail/C326671.html","1210","Tape & Reel (TR)","220nF","±10%","250V","X7R",""
"C326674","CC1206KRX7RABB472","YAGEO","120","20","20","https://www.lcsc.com/product-detail/C326674.html","1206","Tape & Reel (TR)","4.7nF","±10%","200V","X7R",""
"C326675","CC1206KRX7RYBB332","YAGEO","1650","50","50","https://www.lcsc.com/product-detail/C326675.html","1206","Tape & Reel (TR)","3.3nF","±10%","250V","X7R",""
"C326676","CC1206KRX7RABB222","YAGEO","4200","50","50","https://www.lcsc.com/product-detail/C326676.html","1206","Tape & Reel (TR)","2.2nF","±10%","200V","X7R",""
"C326677","CC1206KRX7RABB221","YAGEO","2920","20","20","https://www.lcsc.com/product-detail/C326677.html","1206","Tape & Reel (TR)","220pF","±10%","200V","X7R",""
"C326678","CC1206KRX7RABB103","YAGEO","17180","5","5","https://www.lcsc.com/product-detail/C326678.html","1206","Tape & Reel (TR)","10nF","±10%","200V","X7R",""
"C326699","CC1206KRX7RYBB103","YAGEO","7480","10","10","https://www.lcsc.com/product-detail/C326699.html","1206","Tape & Reel (TR)","10nF","±10%","250V","X7R",""
"C326709","CC1206KKX7RZBB102","YAGEO","2680","20","20","https://www.lcsc.com/product-detail/C326709.html","1206","Tape & Reel (TR)","1nF","±10%","630V","X7R",""
"C326712","CC0805JRX7R9BB473","YAGEO","24850","50","50","https://www.lcsc.com/product-detail/C326712.html","0805","Tape & Reel (TR)","47nF","±5%","50V","X7R",""
"C326760","CC0805KRX7RBBB222","YAGEO","5200","50","50","https://www.lcsc.com/product-detail/C326760.html","0805","Tape & Reel (TR)","2.2nF","±10%","500V","X7R",""
"C326763","CC1206KRX7RYBB472","YAGEO","1300","50","50","https://www.lcsc.com/product-detail/C326763.html","1206","Tape & Reel (TR)","4.7nF","±10%","250V","X7R",""
"C326771","CC1206KKX7RBBB681","YAGEO","200","50","50","https://www.lcsc.com/product-detail/C326771.html","1206","Tape & Reel (TR)","680pF","±10%","500V","X7R",""
"C326806","CC1206KRX7RABB681","YAGEO","650","50","50","https://www.lcsc.com/product-detail/C326806.html","1206","Tape & Reel (TR)","680pF","±10%","200V","X7R",""
"C326831","CC1206JRX7R0BB472","YAGEO","2740","20","20","https://www.lcsc.com/product-detail/C326831.html","1206","Tape & Reel (TR)","4.7nF","±5%","100V","X7R",""
"C326834","CC0603KRX7R6BB684","YAGEO","1300","50","50","https://www.lcsc.com/product-detail/C326834.html","0603","Tape & Reel (TR)","680nF","±10%","10V","X7R",""
"C326835","AC0805KRX7R9BB103","YAGEO","16900","50","50","https://www.lcsc.com/product-detail/C326835.html","0805","Tape & Reel (TR)","10nF","±10%","50V","X7R",""
"C326852","CC1206KKX7R6BB225","YAGEO","460","10","10","https://www.lcsc.com/product-detail/C326852.html","1206","Tape & Reel (TR)","2.2uF","±10%","10V","X7R",""
"C326855","CC0805KRX7R9BB122","YAGEO","3150","50","50","https://www.lcsc.com/product-detail/C326855.html","0805","Tape & Reel (TR)","1.2nF","±10%","50V","X7R",""
"C326938","CC0402KRX7R9BB301","YAGEO","1300","100","100","https://www.lcsc.com/product-detail/C326938.html","0402","Tape & Reel (TR)","300pF","±10%","50V","X7R",""
"C326966","AC0402KRX7R9BB332","YAGEO","8200","100","100","https://www.lcsc.com/product-detail/C326966.html","0402","Tape & Reel (TR)","3.3nF","±10%","50V","X7R",""
"C326967","CC0805KKX7RABB223","YAGEO","11550","50","50","https://www.lcsc.com/product-detail/C326967.html","0805","Tape & Reel (TR)","22nF","±10%","200V","X7R",""
"C326974","CC0402KRX7R8BB333","YAGEO","99300","100","100","https://www.lcsc.com/product-detail/C326974.html","0402","Tape & Reel (TR)","33nF","±10%","25V","X7R",""
"C326993","CC1206KKX7RBBB821","YAGEO","2360","20","20","https://www.lcsc.com/product-detail/C326993.html","1206","Tape & Reel (TR)","820pF","±10%","500V","X7R",""
"C327000","CC0402KRX7R7BB221","YAGEO","23200","100","100","https://www.lcsc.com/product-detail/C327000.html","0402","Tape & Reel (TR)","220pF","±10%","16V","X7R",""
"C327004","CC1206KKX7RABB473","YAGEO","3710","10","10","https://www.lcsc.com/product-detail/C327004.html","1206","Tape & Reel (TR)","47nF","±10%","200V","X7R",""
"C327009","CC0402KRX7R7BB103","YAGEO","46100","100","100","https://www.lcsc.com/product-detail/C327009.html","0402","Tape & Reel (TR)","10nF","±10%","16V","X7R",""
"C327011","AC0805KKX7RYBB103","YAGEO","3050","50","50","https://www.lcsc.com/product-detail/C327011.html","0805","Tape & Reel (TR)","10nF","±10%","250V","X7R",""
"C327019","CC0402KRX7R7BB683","YAGEO","64200","100","100","https://www.lcsc.com/product-detail/C327019.html","0402","Tape & Reel (TR)","68nF","±10%","16V","X7R",""
"C327025","CC0402KRX7R8BB103","YAGEO","627100","100","100","https://www.lcsc.com/product-detail/C327025.html","0402","Tape & Reel (TR)","10nF","±10%","25V","X7R",""
"C327054","CC0402KRX7R6BB473","YAGEO","33400","100","100","https://www.lcsc.com/product-detail/C327054.html","0402","Tape & Reel (TR)","47nF","±10%","10V","X7R",""
"C327094","CC0603KRX7R8BB124","YAGEO","1450","50","50","https://www.lcsc.com/product-detail/C327094.html","0603","Tape & Reel (TR)","120nF","±10%","25V","X7R",""
"C327095","CC1206KRX7R9BB122","YAGEO","180","20","20","https://www.lcsc.com/product-detail/C327095.html","1206","Tape & Reel (TR)","1.2nF","±10%","50V","X7R",""
"C327110","AC0603KRX7R9BB152","YAGEO","2700","100","100","https://www.lcsc.com/product-detail/C327110.html","0603","Tape & Reel (TR)","1.5nF","±10%","50V","X7R",""
"C327112","AC0603KRX7R9BB682","YAGEO","3250","50","50","https://www.lcsc.com/product-detail/C327112.html","0603","Tape & Reel (TR)","6.8nF","±10%","50V","X7R",""
"C327114","CC0805KKX7R0BB333","YAGEO","15500","50","50","https://www.lcsc.com/product-detail/C327114.html","0805","Tape & Reel (TR)","33nF","±10%","100V","X7R",""
"C327130","CC1206KKX7R0BB683","YAGEO","20","20","20","https://www.lcsc.com/product-detail/C327130.html","1206","Tape & Reel (TR)","68nF","±10%","100V","X7R",""
"C327132","CC0805KKX7R7BB394","YAGEO","2250","50","50","https://www.lcsc.com/product-detail/C327132.html","0805","Tape & Reel (TR)","390nF","±10%","16V","X7R",""
"C327148","CC0805KRX7R7BB184","YAGEO","6550","50","50","https://www.lcsc.com/product-detail/C327148.html","0805","Tape & Reel (TR)","180nF","±10%","16V","X7R",""
"C327158","AC0603KRX7R0BB472","YAGEO","5100","100","100","https://www.lcsc.com/product-detail/C327158.html","0603","Tape & Reel (TR)","4.7nF","±10%","100V","X7R",""
"C327162","CC0603JRX7R9BB333","YAGEO","148100","100","100","https://www.lcsc.com/product-detail/C327162.html","0603","Tape & Reel (TR)","33nF","±5%","50V","X7R",""
"C327166","CC0402KRX7R6BB273","YAGEO","900","100","100","https://www.lcsc.com/product-detail/C327166.html","0402","Tape & Reel (TR)","27nF","±10%","10V","X7R",""
"C327170","CC0805JRX7R9BB472","YAGEO","31800","50","50","https://www.lcsc.com/product-detail/C327170.html","0805","Tape & Reel (TR)","4.7nF","±5%","50V","X7R",""
"C327204","CC0603KRX7R8BB103","YAGEO","483400","100","100","https://www.lcsc.com/product-detail/C327204.html","0603","Tape & Reel (TR)","10nF","±10%","25V","X7R",""
"C327222","CC0805KRX7R9BB823","YAGEO","76750","50","50","https://www.lcsc.com/product-detail/C327222.html","0805","Tape & Reel (TR)","82nF","±10%","50V","X7R",""
"C327225","CC0603KRX7R7BB394","YAGEO","850","50","50","https://www.lcsc.com/product-detail/C327225.html","0603","Tape & Reel (TR)","390nF","±10%","16V","X7R",""
"C327239","CC0805KRX7R9BB202","YAGEO","39000","50","50","https://www.lcsc.com/product-detail/C327239.html","0805","Tape & Reel (TR)","2nF","±10%","50V","X7R",""
"C327270","CC0603JRX7R9BB221","YAGEO","200","100","100","https://www.lcsc.com/product-detail/C327270.html","0603","Tape & Reel (TR)","220pF","±5%","50V","X7R",""
"C327278","CC0805KRX7R8BB223","YAGEO","4700","50","50","https://www.lcsc.com/product-detail/C327278.html","0805","Tape & Reel (TR)","22nF","±10%","25V","X7R",""
"C327286","CC0603KRX7R7BB823","YAGEO","1500","100","100","https://www.lcsc.com/product-detail/C327286.html","0603","Tape & Reel (TR)","82nF","±10%","16V","X7R",""
"C327290","CC0603JRX7R8BB223","YAGEO","4650","50","50","https://www.lcsc.com/product-detail/C327290.html","0603","Tape & Reel (TR)","22nF","±5%","25V","X7R",""
"C354262","CC0805KKX7R8BB475","YAGEO","365845","5","5","https://www.lcsc.com/product-detail/C354262.html","0805","Tape & Reel (TR)","4.7uF","±10%","25V","X7R",""
"C354977","CC0402KRX7R9BB683","YAGEO","331900","100","100","https://www.lcsc.com/product-detail/C354977.html","0402","Tape & Reel (TR)","68nF","±10%","50V","X7R",""
"C364376","CS0402KRX7R8BB104","YAGEO","400","100","100","https://www.lcsc.com/product-detail/C364376.html","0402","Tape & Reel (TR)","100nF","±10%","25V","X7R",""
"C364377","CC1206JRX7R0BB103","YAGEO","3820","20","20","https://www.lcsc.com/product-detail/C364377.html","1206","Tape & Reel (TR)","10nF","±5%","100V","X7R",""
"C389104","CC0805JRX7R9BB223","YAGEO","63200","50","50","https://www.lcsc.com/product-detail/C389104.html","0805","Tape & Reel (TR)","22nF","±5%","50V","X7R",""
"C389105","AC0603KRX7R9BB473","YAGEO","93450","50","50","https://www.lcsc.com/product-detail/C389105.html","0603","Tape & Reel (TR)","47nF","±10%","50V","X7R",""
"C389111","AC0603KRX7R9BB223","YAGEO","78550","50","50","https://www.lcsc.com/product-detail/C389111.html","0603","Tape & Reel (TR)","22nF","±10%","50V","X7R",""
"C389112","AC1206KKX7R0BB224","YAGEO","2690","10","10","https://www.lcsc.com/product-detail/C389112.html","1206","Tape & Reel (TR)","220nF","±10%","100V","X7R",""
"C393665","CC1210KKX7R9BB105","YAGEO","60770","10","10","https://www.lcsc.com/product-detail/C393665.html","1210","Tape & Reel (TR)","1uF","±10%","50V","X7R",""
"C408909","AC0603KRX7R0BB104","YAGEO","330400","20","20","https://www.lcsc.com/product-detail/C408909.html","0603","Tape & Reel (TR)","100nF","±10%","100V","X7R",""
"C412504","CC1210KKX7R9BB104","YAGEO","19250","10","10","https://www.lcsc.com/product-detail/C412504.html","1210","Tape & Reel (TR)","100nF","±10%","50V","X7R",""
"C427013","AC0805KKX7R7BB225","YAGEO","1020","10","10","https://www.lcsc.com/product-detail/C427013.html","0805","Tape & Reel (TR)","2.2uF","±10%","16V","X7R",""
"C427112","AC0805KKX7R8BB105","YAGEO","14940","20","20","https://www.lcsc.com/product-detail/C427112.html","0805","Tape & Reel (TR)","1uF","±10%","25V","X7R",""
"C427113","AC0402KRX7R9BB152","YAGEO","8000","100","100","https://www.lcsc.com/product-detail/C427113.html","0402","Tape & Reel (TR)","1.5nF","±10%","50V","X7R",""
"C469624","AC0603KRX7R0BB473","YAGEO","200450","50","50","https://www.lcsc.com/product-detail/C469624.html","0603","Tape & Reel (TR)","47nF","±10%","100V","X7R",""
"C490787","CC0603JRX7R9BB822","YAGEO","1000","100","100","https://www.lcsc.com/product-detail/C490787.html","0603","Tape & Reel (TR)","8.2nF","±5%","50V","X7R",""
"C501242","CC0805KRX7RZBB102","YAGEO","2600","50","50","https://www.lcsc.com/product-detail/C501242.html","0805","Tape & Reel (TR)","1nF","±10%","630V","X7R",""
"C505466","CC0402KRX7R7BB154","YAGEO","40200","100","100","https://www.lcsc.com/product-detail/C505466.html","0402","Tape & Reel (TR)","150nF","±10%","16V","X7R",""
"C505480","CC0603KRX7R8BB472","YAGEO","8200","100","100","https://www.lcsc.com/product-detail/C505480.html","0603","Tape & Reel (TR)","4.7nF","±10%","25V","X7R",""
"C513396","CC0402KRX7R8BB273","YAGEO","9100","100","100","https://www.lcsc.com/product-detail/C513396.html","0402","Tape & Reel (TR)","27nF","±10%","25V","X7R",""
"C513560","CC0402JRX7R9BB681","YAGEO","11300","100","100","https://www.lcsc.com/product-detail/C513560.html","0402","Tape & Reel (TR)","680pF","±5%","50V","X7R",""
"C513563","CC0402KRX7R9BB751","YAGEO","12600","100","100","https://www.lcsc.com/product-detail/C513563.html","0402","Tape & Reel (TR)","750pF","±10%","50V","X7R",""
"C513577","CC0603KRX7R9BB474","YAGEO","1033880","20","20","https://www.lcsc.com/product-detail/C513577.html","0603","Tape & Reel (TR)","470nF","±10%","50V","X7R",""
"C513578","CC0805JRX7R9BB222","YAGEO","14100","50","50","https://www.lcsc.com/product-detail/C513578.html","0805","Tape & Reel (TR)","2.2nF","±5%","50V","X7R",""
"C513581","AC0603KRX7R9BB333","YAGEO","4100","50","50","https://www.lcsc.com/product-detail/C513581.html","0603","Tape & Reel (TR)","33nF","±10%","50V","X7R",""
"C513589","CC1206KKX7RYBB333","YAGEO","2340","20","20","https://www.lcsc.com/product-detail/C513589.html","1206","Tape & Reel (TR)","33nF","±10%","250V","X7R",""
"C513590","CC1206KKX7RCBB821","YAGEO","2860","20","20","https://www.lcsc.com/product-detail/C513590.html","1206","Tape & Reel (TR)","820pF","±10%","1kV","X7R",""
"C513632","CC0805KRX7R8BB154","YAGEO","150","50","50","https://www.lcsc.com/product-detail/C513632.html","0805","Tape & Reel (TR)","150nF","±10%","25V","X7R",""
"C513659","CC1206KKX7RCBB152","YAGEO","7380","20","20","https://www.lcsc.com/product-detail/C513659.html","1206","Tape & Reel (TR)","1.5nF","±10%","1kV","X7R",""
"C513662","CC1206KKX7RBBB471","YAGEO","1250","50","50","https://www.lcsc.com/product-detail/C513662.html","1206","Tape & Reel (TR)","470pF","±10%","500V","X7R",""
"C513667","CC0402JRX7R9BB222","YAGEO","281500","100","100","https://www.lcsc.com/product-detail/C513667.html","0402","Tape & Reel (TR)","2.2nF","±5%","50V","X7R",""
"C513671","CC1206KRX7R0BB223","YAGEO","18880","20","20","https://www.lcsc.com/product-detail/C513671.html","1206","Tape & Reel (TR)","22nF","±10%","100V","X7R",""
"C513685","AC1206KKX7RYBB223","YAGEO","990","10","10","https://www.lcsc.com/product-detail/C513685.html","1206","Tape & Reel (TR)","22nF","±10%","250V","X7R",""
"C513691","CC0603KRX7R6BB225","YAGEO","219780","20","20","https://www.lcsc.com/product-detail/C513691.html","0603","Tape & Reel (TR)","2.2uF","±10%","10V","X7R",""
"C513697","AC0402KRX7R9BB221","YAGEO","9150","50","50","https://www.lcsc.com/product-detail/C513697.html","0402","Tape & Reel (TR)","220pF","±10%","50V","X7R",""
"C513710","CC0805KKX7R0BB224","YAGEO","109160","20","20","https://www.lcsc.com/product-detail/C513710.html","0805","Tape & Reel (TR)","220nF","±10%","100V","X7R",""
"C513733","CC0805KRX7R0BB681","YAGEO","2550","50","50","https://www.lcsc.com/product-detail/C513733.html","0805","Tape & Reel (TR)","680pF","±10%","100V","X7R",""
"C513735","CC0603KRX7R9BB154","YAGEO","336950","50","50","https://www.lcsc.com/product-detail/C513735.html","0603","Tape & Reel (TR)","150nF","±10%","50V","X7R",""
"C519402","CC0603KRX7R6BB102","YAGEO","1500","100","100","https://www.lcsc.com/product-detail/C519402.html","0603","Tape & Reel (TR)","1nF","±10%","10V","X7R",""
"C519403","CC0603KRX7R7BB102","YAGEO","29000","50","50","https://www.lcsc.com/product-detail/C519403.html","0603","Tape & Reel (TR)","1nF","±10%","16V","X7R",""
"C519404","CC0603KRX7R8BB102","YAGEO","37000","100","100","https://www.lcsc.com/product-detail/C519404.html","0603","Tape & Reel (TR)","1nF","±10%","25V","X7R",""
"C519405","CC0603KRX7R6BB103","YAGEO","5600","100","100","https://www.lcsc.com/product-detail/C519405.html","0603","Tape & Reel (TR)","10nF","±10%","10V","X7R",""
"C519406","CC0603KRX7R7BB103","YAGEO","284850","50","50","https://www.lcsc.com/product-detail/C519406.html","0603","Tape & Reel (TR)","10nF","±10%","16V","X7R",""
"C519407","CC0603KRX7R7BB101","YAGEO","13000","100","100","https://www.lcsc.com/product-detail/C519407.html","0603","Tape & Reel (TR)","100pF","±10%","16V","X7R",""
"C519408","CC0603KRX7R7BB331","YAGEO","7600","100","100","https://www.lcsc.com/product-detail/C519408.html","0603","Tape & Reel (TR)","330pF","±10%","16V","X7R",""
"C519409","CC0603KRX7R7BB471","YAGEO","9600","100","100","https://www.lcsc.com/product-detail/C519409.html","0603","Tape & Reel (TR)","470pF","±10%","16V","X7R",""
"C519410","CC0603KRX7R8BB101","YAGEO","5000","50","50","https://www.lcsc.com/product-detail/C519410.html","0603","Tape & Reel (TR)","100pF","±10%","25V","X7R",""
"C519411","CC0603KRX7R8BB221","YAGEO","200","100","100","https://www.lcsc.com/product-detail/C519411.html","0603","Tape & Reel (TR)","220pF","±10%","25V","X7R",""
"C519413","CC0603KRX7R8BB471","YAGEO","14700","100","100","https://www.lcsc.com/product-detail/C519413.html","0603","Tape & Reel (TR)","470pF","±10%","25V","X7R",""
"C519414","CC0603KRX7R9BB361","YAGEO","9800","100","100","https://www.lcsc.com/product-detail/C519414.html","0603","Tape & Reel (TR)","360pF","±10%","50V","X7R",""
"C519415","CC0603KRX7R9BB501","YAGEO","6400","100","100","https://www.lcsc.com/product-detail/C519415.html","0603","Tape & Reel (TR)","500pF","±10%","50V","X7R",""
"C519416","CC0603KRX7R6BB222","YAGEO","5200","100","100","https://www.lcsc.com/product-detail/C519416.html","0603","Tape & Reel (TR)","2.2nF","±10%","10V","X7R",""
"C519417","CC0603KRX7R7BB222","YAGEO","7900","100","100","https://www.lcsc.com/product-detail/C519417.html","0603","Tape & Reel (TR)","2.2nF","±10%","16V","X7R",""
"C519418","CC0603KRX7R7BB332","YAGEO","11800","100","100","https://www.lcsc.com/product-detail/C519418.html","0603","Tape & Reel (TR)","3.3nF","±10%","16V","X7R",""
"C519419","CC0603KRX7R7BB472","YAGEO","2900","100","100","https://www.lcsc.com/product-detail/C519419.html","0603","Tape & Reel (TR)","4.7nF","±10%","16V","X7R",""
"C519422","CC0603KRX7R8BB222","YAGEO","37350","50","50","https://www.lcsc.com/product-detail/C519422.html","0603","Tape & Reel (TR)","2.2nF","±10%","25V","X7R",""
"C519425","CC0603KRX7R8BB682","YAGEO","4300","100","100","https://www.lcsc.com/product-detail/C519425.html","0603","Tape & Reel (TR)","6.8nF","±10%","25V","X7R",""
"C519429","CC0603KRX7R7BB223","YAGEO","9150","50","50","https://www.lcsc.com/product-detail/C519429.html","0603","Tape & Reel (TR)","22nF","±10%","16V","X7R",""
"C519430","CC0603KRX7R7BB273","YAGEO","2100","100","100","https://www.lcsc.com/product-detail/C519430.html","0603","Tape & Reel (TR)","27nF","±10%","16V","X7R",""
"C519439","CC0603KRX7R6BB154","YAGEO","2550","50","50","https://www.lcsc.com/product-detail/C519439.html","0603","Tape & Reel (TR)","150nF","±10%","10V","X7R",""
"C519440","CC0603KRX7R6BB184","YAGEO","4050","50","50","https://www.lcsc.com/product-detail/C519440.html","0603","Tape & Reel (TR)","180nF","±10%","10V","X7R",""
"C519442","CC0603KRX7R7BB184","YAGEO","2850","50","50","https://www.lcsc.com/product-detail/C519442.html","0603","Tape & Reel (TR)","180nF","±10%","16V","X7R",""
"C519443","CC0603KRX7R7BB274","YAGEO","5650","50","50","https://www.lcsc.com/product-detail/C519443.html","0603","Tape & Reel (TR)","270nF","±10%","16V","X7R",""
"C519444","CC0603KRX7R9BB124","YAGEO","1650","50","50","https://www.lcsc.com/product-detail/C519444.html","0603","Tape & Reel (TR)","120nF","±10%","50V","X7R",""
"C519507","CC0603JRX7R7BB102","YAGEO","2100","100","100","https://www.lcsc.com/product-detail/C519507.html","0603","Tape & Reel (TR)","1nF","±5%","16V","X7R",""
"C519508","CC0603JRX7R8BB102","YAGEO","1200","100","100","https://www.lcsc.com/product-detail/C519508.html","0603","Tape & Reel (TR)","1nF","±5%","25V","X7R",""
"C519509","CC0603JRX7R7BB103","YAGEO","2500","100","100","https://www.lcsc.com/product-detail/C519509.html","0603","Tape & Reel (TR)","10nF","±5%","16V","X7R",""
"C519512","CC0603JRX7R7BB471","YAGEO","100","100","100","https://www.lcsc.com/product-detail/C519512.html","0603","Tape & Reel (TR)","470pF","±5%","16V","X7R",""
"C519515","CC0603JRX7R9BB151","YAGEO","100","100","100","https://www.lcsc.com/product-detail/C519515.html","0603","Tape & Reel (TR)","150pF","±5%","50V","X7R",""
"C519518","CC0603JRX7R9BB391","YAGEO","4100","100","100","https://www.lcsc.com/product-detail/C519518.html","0603","Tape & Reel (TR)","390pF","±5%","50V","X7R",""
"C519519","CC0603JRX7R9BB471","YAGEO","3700","100","100","https://www.lcsc.com/product-detail/C519519.html","0603","Tape & Reel (TR)","470pF","±5%","50V","X7R",""
"C519521","CC0603JRX7R8BB152","YAGEO","1000","100","100","https://www.lcsc.com/product-detail/C519521.html","0603","Tape & Reel (TR)","1.5nF","±5%","25V","X7R",""
"C519523","CC0603JRX7R8BB332","YAGEO","100","100","100","https://www.lcsc.com/product-detail/C519523.html","0603","Tape & Reel (TR)","3.3nF","±5%","25V","X7R",""
"C519525","CC0603JRX7R8BB682","YAGEO","600","100","100","https://www.lcsc.com/product-detail/C519525.html","0603","Tape & Reel (TR)","6.8nF","±5%","25V","X7R",""
"C519526","CC0603JRX7R9BB122","YAGEO","1900","100","100","https://www.lcsc.com/product-detail/C519526.html","0603","Tape & Reel (TR)","1.2nF","±5%","50V","X7R",""
"C519527","CC0603JRX7R9BB152","YAGEO","3400","100","100","https://www.lcsc.com/product-detail/C519527.html","0603","Tape & Reel (TR)","1.5nF","±5%","50V","X7R",""
"C519528","CC0603JRX7R9BB182","YAGEO","200","100","100","https://www.lcsc.com/product-detail/C519528.html","0603","Tape & Reel (TR)","1.8nF","±5%","50V","X7R",""
"C519530","CC0603JRX7R9BB332","YAGEO","21400","100","100","https://www.lcsc.com/product-detail/C519530.html","0603","Tape & Reel (TR)","3.3nF","±5%","50V","X7R",""
"C519531","CC0603JRX7R9BB562","YAGEO","7100","100","100","https://www.lcsc.com/product-detail/C519531.html","0603","Tape & Reel (TR)","5.6nF","±5%","50V","X7R",""
"C519532","CC0603JRX7R7BB223","YAGEO","3650","50","50","https://www.lcsc.com/product-detail/C519532.html","0603","Tape & Reel (TR)","22nF","±5%","16V","X7R",""
"C519535","CC0603JRX7R7BB393","YAGEO","1500","100","100","https://www.lcsc.com/product-detail/C519535.html","0603","Tape & Reel (TR)","39nF","±5%","16V","X7R",""
"C519536","CC0603JRX7R7BB473","YAGEO","4050","50","50","https://www.lcsc.com/product-detail/C519536.html","0603","Tape & Reel (TR)","47nF","±5%","16V","X7R",""
"C519541","CC0603JRX7R8BB153","YAGEO","3000","100","100","https://www.lcsc.com/product-detail/C519541.html","0603","Tape & Reel (TR)","15nF","±5%","25V","X7R",""
"C519542","CC0603JRX7R8BB183","YAGEO","3100","100","100","https://www.lcsc.com/product-detail/C519542.html","0603","Tape & Reel (TR)","18nF","±5%","25V","X7R",""
"C519544","CC0603JRX7R8BB333","YAGEO","3700","50","50","https://www.lcsc.com/product-detail/C519544.html","0603","Tape & Reel (TR)","33nF","±5%","25V","X7R",""
"C519545","CC0603JRX7R8BB393","YAGEO","2900","100","100","https://www.lcsc.com/product-detail/C519545.html","0603","Tape & Reel (TR)","39nF","±5%","25V","X7R",""
"C519548","CC0603JRX7R8BB823","YAGEO","100","100","100","https://www.lcsc.com/product-detail/C519548.html","0603","Tape & Reel (TR)","82nF","±5%","25V","X7R",""
"C519549","CC0603JRX7R9BB123","YAGEO","200","100","100","https://www.lcsc.com/product-detail/C519549.html","0603","Tape & Reel (TR)","12nF","±5%","50V","X7R",""
"C519550","CC0603JRX7R9BB153","YAGEO","99300","100","100","https://www.lcsc.com/product-detail/C519550.html","0603","Tape & Reel (TR)","15nF","±5%","50V","X7R",""
"C519551","CC0603JRX7R9BB183","YAGEO","300","100","100","https://www.lcsc.com/product-detail/C519551.html","0603","Tape & Reel (TR)","18nF","±5%","50V","X7R",""
"C519553","CC0603JRX7R9BB393","YAGEO","1200","100","100","https://www.lcsc.com/product-detail/C519553.html","0603","Tape & Reel (TR)","39nF","±5%","50V","X7R",""
"C519554","CC0603JRX7R9BB473","YAGEO","361900","100","100","https://www.lcsc.com/product-detail/C519554.html","0603","Tape & Reel (TR)","47nF","±5%","50V","X7R",""
"C519555","CC0603JRX7R6BB224","YAGEO","1200","50","50","https://www.lcsc.com/product-detail/C519555.html","0603","Tape & Reel (TR)","220nF","±5%","10V","X7R",""
"C519556","CC0603JRX7R7BB224","YAGEO","300","50","50","https://www.lcsc.com/product-detail/C519556.html","0603","Tape & Reel (TR)","220nF","±5%","16V","X7R",""
"C519557","CC0603JRX7R6BB474","YAGEO","2450","50","50","https://www.lcsc.com/product-detail/C519557.html","0603","Tape & Reel (TR)","470nF","±5%","10V","X7R",""
"C519558","CC0603JRX7R7BB474","YAGEO","3820","20","20","https://www.lcsc.com/product-detail/C519558.html","0603","Tape & Reel (TR)","470nF","±5%","16V","X7R",""
"C519559","CC0603JRX7R6BB105","YAGEO","2750","50","50","https://www.lcsc.com/product-detail/C519559.html","0603","Tape & Reel (TR)","1uF","±5%","10V","X7R",""
"C519560","CC0603JRX7R7BB105","YAGEO","12140","20","20","https://www.lcsc.com/product-detail/C519560.html","0603","Tape & Reel (TR)","1uF","±5%","16V","X7R",""
"C519574","CC0603JRX7R8BB224","YAGEO","7300","20","20","https://www.lcsc.com/product-detail/C519574.html","0603","Tape & Reel (TR)","220nF","±5%","25V","X7R",""
"C519575","CC0603JRX7R9BB224","YAGEO","98220","20","20","https://www.lcsc.com/product-detail/C519575.html","0603","Tape & Reel (TR)","220nF","±5%","50V","X7R",""
"C519576","CC0603JRX7R8BB474","YAGEO","5250","50","50","https://www.lcsc.com/product-detail/C519576.html","0603","Tape & Reel (TR)","470nF","±5%","25V","X7R",""
"C519577","CC0603JRX7R7BB154","YAGEO","50","50","50","https://www.lcsc.com/product-detail/C519577.html","0603","Tape & Reel (TR)","150nF","±5%","16V","X7R",""
"C519578","CC0603JRX7R7BB334","YAGEO","8360","20","20","https://www.lcsc.com/product-detail/C519578.html","0603","Tape & Reel (TR)","330nF","±5%","16V","X7R",""
"C519579","CC0603JRX7R8BB334","YAGEO","7300","20","20","https://www.lcsc.com/product-detail/C519579.html","0603","Tape & Reel (TR)","330nF","±5%","25V","X7R",""
"C519909","CC0805KRX7R7BB103","YAGEO","19000","100","100","https://www.lcsc.com/product-detail/C519909.html","0805","Tape & Reel (TR)","10nF","±10%","16V","X7R",""
"C519911","CC0805KRX7R8BB103","YAGEO","97200","100","100","https://www.lcsc.com/product-detail/C519911.html","0805","Tape & Reel (TR)","10nF","±10%","25V","X7R",""
"C519912","CC0805KRX7R7BB222","YAGEO","2400","100","100","https://www.lcsc.com/product-detail/C519912.html","0805","Tape & Reel (TR)","2.2nF","±10%","16V","X7R",""
"C519913","CC0805KRX7R7BB332","YAGEO","300","100","100","https://www.lcsc.com/product-detail/C519913.html","0805","Tape & Reel (TR)","3.3nF","±10%","16V","X7R",""
"C519914","CC0805KRX7R7BB472","YAGEO","1300","100","100","https://www.lcsc.com/product-detail/C519914.html","0805","Tape & Reel (TR)","4.7nF","±10%","16V","X7R",""
"C519916","CC0805KRX7R8BB153","YAGEO","1500","100","100","https://www.lcsc.com/product-detail/C519916.html","0805","Tape & Reel (TR)","15nF","±10%","25V","X7R",""
"C519924","CC0805KRX7R9BB201","YAGEO","400","100","100","https://www.lcsc.com/product-detail/C519924.html","0805","Tape & Reel (TR)","200pF","±10%","50V","X7R",""
"C519925","CC0805KRX7R9BB301","YAGEO","2900","100","100","https://www.lcsc.com/product-detail/C519925.html","0805","Tape & Reel (TR)","300pF","±10%","50V","X7R",""
"C519961","CC0805KRX7R7BB223","YAGEO","3100","100","100","https://www.lcsc.com/product-detail/C519961.html","0805","Tape & Reel (TR)","22nF","±10%","16V","X7R",""
"C519973","CC0805KKX7R6BB105","YAGEO","33420","20","20","https://www.lcsc.com/product-detail/C519973.html","0805","Tape & Reel (TR)","1uF","±10%","10V","X7R",""
"C519977","CC0805KKX7R6BB474","YAGEO","700","50","50","https://www.lcsc.com/product-detail/C519977.html","0805","Tape & Reel (TR)","470nF","±10%","10V","X7R",""
"C519981","CC0805KRX7R8BB104","YAGEO","53700","50","50","https://www.lcsc.com/product-detail/C519981.html","0805","Tape & Reel (TR)","100nF","±10%","25V","X7R",""
"C520009","CC0805JRX7R8BB103","YAGEO","700","50","50","https://www.lcsc.com/product-detail/C520009.html","0805","Tape & Reel (TR)","10nF","±5%","25V","X7R",""
"C520011","CC0805JRX7R9BB331","YAGEO","3271","1","1","https://www.lcsc.com/product-detail/C520011.html","0805","Tape & Reel (TR)","330pF","±5%","50V","X7R",""
"C520012","CC0805JRX7R9BB332","YAGEO","6000","50","50","https://www.lcsc.com/product-detail/C520012.html","0805","Tape & Reel (TR)","3.3nF","±5%","50V","X7R",""
"C520015","CC0805JRX7R9BB682","YAGEO","1700","50","50","https://www.lcsc.com/product-detail/C520015.html","0805","Tape & Reel (TR)","6.8nF","±5%","50V","X7R",""
"C520016","CC0805JRX7R9BB153","YAGEO","3300","50","50","https://www.lcsc.com/product-detail/C520016.html","0805","Tape & Reel (TR)","15nF","±5%","50V","X7R",""
"C520019","CC0805KRX7R6BB224","YAGEO","4000","50","50","https://www.lcsc.com/product-detail/C520019.html","0805","Tape & Reel (TR)","220nF","±10%","10V","X7R",""
"C520020","CC0805JRX7R9BB122","YAGEO","7050","50","50","https://www.lcsc.com/product-detail/C520020.html","0805","Tape & Reel (TR)","1.2nF","±5%","50V","X7R",""
"C520021","CC0805JRX7R9BB182","YAGEO","2850","50","50","https://www.lcsc.com/product-detail/C520021.html","0805","Tape & Reel (TR)","1.8nF","±5%","50V","X7R",""
"C520022","CC0805JRX7R9BB202","YAGEO","7750","50","50","https://www.lcsc.com/product-detail/C520022.html","0805","Tape & Reel (TR)","2nF","±5%","50V","X7R",""
"C520024","CC0805JRX7R9BB272","YAGEO","850","50","50","https://www.lcsc.com/product-detail/C520024.html","0805","Tape & Reel (TR)","2.7nF","±5%","50V","X7R",""
"C520028","CC0805JRX7R9BB562","YAGEO","1000","50","50","https://www.lcsc.com/product-detail/C520028.html","0805","Tape & Reel (TR)","5.6nF","±5%","50V","X7R",""
"C520031","CC0805JRX7R9BB123","YAGEO","19600","50","50","https://www.lcsc.com/product-detail/C520031.html","0805","Tape & Reel (TR)","12nF","±5%","50V","X7R",""
"C520032","CC0805JRX7R9BB183","YAGEO","100","50","50","https://www.lcsc.com/product-detail/C520032.html","0805","Tape & Reel (TR)","18nF","±5%","50V","X7R",""
"C520035","CC0805JRX7R7BB473","YAGEO","2200","50","50","https://www.lcsc.com/product-detail/C520035.html","0805","Tape & Reel (TR)","47nF","±5%","16V","X7R",""
"C520036","CC0805JRX7R7BB683","YAGEO","550","50","50","https://www.lcsc.com/product-detail/C520036.html","0805","Tape & Reel (TR)","68nF","±5%","16V","X7R",""
"C520037","CC0805JRX7R8BB223","YAGEO","4000","50","50","https://www.lcsc.com/product-detail/C520037.html","0805","Tape & Reel (TR)","22nF","±5%","25V","X7R",""
"C520038","CC0805JRX7R8BB333","YAGEO","3850","50","50","https://www.lcsc.com/product-detail/C520038.html","0805","Tape & Reel (TR)","33nF","±5%","25V","X7R",""
"C520039","CC0805JRX7R8BB473","YAGEO","4700","50","50","https://www.lcsc.com/product-detail/C520039.html","0805","Tape & Reel (TR)","47nF","±5%","25V","X7R",""
"C520040","CC0805JRX7R8BB683","YAGEO","3850","50","50","https://www.lcsc.com/product-detail/C520040.html","0805","Tape & Reel (TR)","68nF","±5%","25V","X7R",""
"C520041","CC0805JRX7R8BB823","YAGEO","1950","50","50","https://www.lcsc.com/product-detail/C520041.html","0805","Tape & Reel (TR)","82nF","±5%","25V","X7R",""
"C520043","CC0805JRX7R9BB333","YAGEO","5100","50","50","https://www.lcsc.com/product-detail/C520043.html","0805","Tape & Reel (TR)","33nF","±5%","50V","X7R",""
"C520044","CC0805JRX7R9BB393","YAGEO","7700","50","50","https://www.lcsc.com/product-detail/C520044.html","0805","Tape & Reel (TR)","39nF","±5%","50V","X7R",""
"C520046","CC0805JRX7R9BB683","YAGEO","22300","50","50","https://www.lcsc.com/product-detail/C520046.html","0805","Tape & Reel (TR)","68nF","±5%","50V","X7R",""
"C520047","CC0805JRX7R9BB823","YAGEO","3900","50","50","https://www.lcsc.com/product-detail/C520047.html","0805","Tape & Reel (TR)","82nF","±5%","50V","X7R",""
"C520048","CC0805KKX7R6BB684","YAGEO","10","10","10","https://www.lcsc.com/product-detail/C520048.html","0805","Tape & Reel (TR)","680nF","±10%","10V","X7R",""
"C520074","CC0805KKX7R6BB475","YAGEO","270","10","10","https://www.lcsc.com/product-detail/C520074.html","0805","Tape & Reel (TR)","4.7uF","±10%","10V","X7R",""
"C520076","CC0805JKX7R9BB224","YAGEO","37120","20","20","https://www.lcsc.com/product-detail/C520076.html","0805","Tape & Reel (TR)","220nF","±5%","50V","X7R",""
"C520077","CC0805JKX7R7BB334","YAGEO","700","50","50","https://www.lcsc.com/product-detail/C520077.html","0805","Tape & Reel (TR)","330nF","±5%","16V","X7R",""
"C520078","CC0805JKX7R9BB334","YAGEO","3800","20","20","https://www.lcsc.com/product-detail/C520078.html","0805","Tape & Reel (TR)","330nF","±5%","50V","X7R",""
"C520082","CC0805JRX7R7BB104","YAGEO","2200","50","50","https://www.lcsc.com/product-detail/C520082.html","0805","Tape & Reel (TR)","100nF","±5%","16V","X7R",""
"C527004","CC0402JRX7R8BB332","YAGEO","15100","100","100","https://www.lcsc.com/product-detail/C527004.html","0402","Tape & Reel (TR)","3.3nF","±5%","25V","X7R",""
"C527007","CC0402JRX7R9BB182","YAGEO","5300","100","100","https://www.lcsc.com/product-detail/C527007.html","0402","Tape & Reel (TR)","1.8nF","±5%","50V","X7R",""
"C527013","CC0402KRX7R0BB102","YAGEO","96300","100","100","https://www.lcsc.com/product-detail/C527013.html","0402","Tape & Reel (TR)","1nF","±10%","100V","X7R",""
"C527014","CC0402KRX7R0BB103","YAGEO","298750","50","50","https://www.lcsc.com/product-detail/C527014.html","0402","Tape & Reel (TR)","10nF","±10%","100V","X7R",""
"C527015","CC0402KRX7R6BB393","YAGEO","300","100","100","https://www.lcsc.com/product-detail/C527015.html","0402","Tape & Reel (TR)","39nF","±10%","10V","X7R",""
"C527016","CC0402KRX7R8BB561","YAGEO","500","100","100","https://www.lcsc.com/product-detail/C527016.html","0402","Tape & Reel (TR)","560pF","±10%","25V","X7R",""
"C527017","CC0402KRX7R8BB562","YAGEO","9400","100","100","https://www.lcsc.com/product-detail/C527017.html","0402","Tape & Reel (TR)","5.6nF","±10%","25V","X7R",""
"C527018","CC0402KRX7R8BB821","YAGEO","900","100","100","https://www.lcsc.com/product-detail/C527018.html","0402","Tape & Reel (TR)","820pF","±10%","25V","X7R",""
"C527070","CC0603JRX7R0BB152","YAGEO","300","50","50","https://www.lcsc.com/product-detail/C527070.html","0603","Tape & Reel (TR)","1.5nF","±5%","100V","X7R",""
"C527071","CC0603KRX7R0BB562","YAGEO","100","50","50","https://www.lcsc.com/product-detail/C527071.html","0603","Tape & Reel (TR)","5.6nF","±10%","100V","X7R",""
"C527218","CC0805JRX7R0BB153","YAGEO","50","50","50","https://www.lcsc.com/product-detail/C527218.html","0805","Tape & Reel (TR)","15nF","±5%","100V","X7R",""
"C527219","CC0805JRX7R0BB222","YAGEO","1000","50","50","https://www.lcsc.com/product-detail/C527219.html","0805","Tape & Reel (TR)","2.2nF","±5%","100V","X7R",""
"C527221","CC0805JRX7RABB331","YAGEO","3850","50","50","https://www.lcsc.com/product-detail/C527221.html","0805","Tape & Reel (TR)","330pF","±5%","200V","X7R",""
"C527226","CC0805KKX7RYBB153","YAGEO","2000","50","50","https://www.lcsc.com/product-detail/C527226.html","0805","Tape & Reel (TR)","15nF","±10%","250V","X7R",""
"C527230","CC0805KRX7R8BB152","YAGEO","1000","100","100","https://www.lcsc.com/product-detail/C527230.html","0805","Tape & Reel (TR)","1.5nF","±10%","25V","X7R",""
"C527231","CC0805KRX7RABB331","YAGEO","250","50","50","https://www.lcsc.com/product-detail/C527231.html","0805","Tape & Reel (TR)","330pF","±10%","200V","X7R",""
"C527232","CC0805KRX7RABB332","YAGEO","2650","50","50","https://www.lcsc.com/product-detail/C527232.html","0805","Tape & Reel (TR)","3.3nF","±10%","200V","X7R",""
"C527234","CC0805KRX7RABB562","YAGEO","2050","50","50","https://www.lcsc.com/product-detail/C527234.html","0805","Tape & Reel (TR)","5.6nF","±10%","200V","X7R",""
"C527235","CC0805KRX7RYBB271","YAGEO","950","50","50","https://www.lcsc.com/product-detail/C527235.html","0805","Tape & Reel (TR)","270pF","±10%","250V","X7R",""
"C527236","CC0805KRX7RYBB391","YAGEO","3350","50","50","https://www.lcsc.com/product-detail/C527236.html","0805","Tape & Reel (TR)","390pF","±10%","250V","X7R",""
"C527237","CC0805KRX7RYBB392","YAGEO","100","50","50","https://www.lcsc.com/product-detail/C527237.html","0805","Tape & Reel (TR)","3.9nF","±10%","250V","X7R",""
"C527273","CC1206JKX7R9BB105","YAGEO","2365","5","5","https://www.lcsc.com/product-detail/C527273.html","1206","Tape & Reel (TR)","1uF","±5%","50V","X7R",""
"C527274","CC1206JKX7R9BB224","YAGEO","1890","10","10","https://www.lcsc.com/product-detail/C527274.html","1206","Tape & Reel (TR)","220nF","±5%","50V","X7R",""
"C527275","CC1206JKX7RBBB103","YAGEO","5340","20","20","https://www.lcsc.com/product-detail/C527275.html","1206","Tape & Reel (TR)","10nF","±5%","500V","X7R",""
"C527276","CC1206JKX7RBBB681","YAGEO","2940","20","20","https://www.lcsc.com/product-detail/C527276.html","1206","Tape & Reel (TR)","680pF","±5%","500V","X7R",""
"C527313","CC1206JRX7R0BB153","YAGEO","2960","20","20","https://www.lcsc.com/product-detail/C527313.html","1206","Tape & Reel (TR)","15nF","±5%","100V","X7R",""
"C527315","CC1206JRX7R0BB333","YAGEO","140","20","20","https://www.lcsc.com/product-detail/C527315.html","1206","Tape & Reel (TR)","33nF","±5%","100V","X7R",""
"C527317","CC1206JRX7R9BB152","YAGEO","60","10","10","https://www.lcsc.com/product-detail/C527317.html","1206","Tape & Reel (TR)","1.5nF","±5%","50V","X7R",""
"C527318","CC1206JRX7R9BB182","YAGEO","20","10","10","https://www.lcsc.com/product-detail/C527318.html","1206","Tape & Reel (TR)","1.8nF","±5%","50V","X7R",""
"C527321","CC1206JRX7R9BB223","YAGEO","1800","20","20","https://www.lcsc.com/product-detail/C527321.html","1206","Tape & Reel (TR)","22nF","±5%","50V","X7R",""
"C527322","CC1206JRX7R9BB472","YAGEO","2280","20","20","https://www.lcsc.com/product-detail/C527322.html","1206","Tape & Reel (TR)","4.7nF","±5%","50V","X7R",""
"C527323","CC1206JRX7R9BB473","YAGEO","160","20","20","https://www.lcsc.com/product-detail/C527323.html","1206","Tape & Reel (TR)","47nF","±5%","50V","X7R",""
"C527325","CC1206JRX7R9BB682","YAGEO","3100","20","20","https://www.lcsc.com/product-detail/C527325.html","1206","Tape & Reel (TR)","6.8nF","±5%","50V","X7R",""
"C527329","CC1206JRX7RABB153","YAGEO","380","10","10","https://www.lcsc.com/product-detail/C527329.html","1206","Tape & Reel (TR)","15nF","±5%","200V","X7R",""
"C527330","CC1206JRX7RABB222","YAGEO","40","20","20","https://www.lcsc.com/product-detail/C527330.html","1206","Tape & Reel (TR)","2.2nF","±5%","200V","X7R",""
"C527331","CC1206JRX7RYBB103","YAGEO","320","20","20","https://www.lcsc.com/product-detail/C527331.html","1206","Tape & Reel (TR)","10nF","±5%","250V","X7R",""
"C527333","CC1206KKX7RABB333","YAGEO","220","20","20","https://www.lcsc.com/product-detail/C527333.html","1206","Tape & Reel (TR)","33nF","±10%","200V","X7R",""
"C527334","CC1206KKX7RABB683","YAGEO","2960","20","20","https://www.lcsc.com/product-detail/C527334.html","1206","Tape & Reel (TR)","68nF","±10%","200V","X7R",""
"C527335","CC1206KKX7RDBB152","YAGEO","2860","10","10","https://www.lcsc.com/product-detail/C527335.html","1206","Tape & Reel (TR)","1.5nF","±10%","2kV","X7R",""
"C527336","CC1206KKX7RDBB221","YAGEO","5680","10","10","https://www.lcsc.com/product-detail/C527336.html","1206","Tape & Reel (TR)","220pF","±10%","2kV","X7R",""
"C527338","CC1206KKX7RZBB153","YAGEO","2550","50","50","https://www.lcsc.com/product-detail/C527338.html","1206","Tape & Reel (TR)","15nF","±10%","630V","X7R",""
"C527345","CC1206KRX7R0BB183","YAGEO","1900","50","50","https://www.lcsc.com/product-detail/C527345.html","1206","Tape & Reel (TR)","18nF","±10%","100V","X7R",""
"C527346","CC1206KRX7R7BB474","YAGEO","3740","20","20","https://www.lcsc.com/product-detail/C527346.html","1206","Tape & Reel (TR)","470nF","±10%","16V","X7R",""
"C527347","CC1206KRX7R8BB104","YAGEO","5680","20","20","https://www.lcsc.com/product-detail/C527347.html","1206","Tape & Reel (TR)","100nF","±10%","25V","X7R",""
"C527348","CC1206KRX7R8BB224","YAGEO","180","20","20","https://www.lcsc.com/product-detail/C527348.html","1206","Tape & Reel (TR)","220nF","±10%","25V","X7R",""
"C527350","CC1206KRX7R8BB474","YAGEO","3200","20","20","https://www.lcsc.com/product-detail/C527350.html","1206","Tape & Reel (TR)","470nF","±10%","25V","X7R",""
"C527351","CC1206KRX7R9BB182","YAGEO","2900","50","50","https://www.lcsc.com/product-detail/C527351.html","1206","Tape & Reel (TR)","1.8nF","±10%","50V","X7R",""
"C527354","CC1206KRX7R9BB273","YAGEO","420","20","20","https://www.lcsc.com/product-detail/C527354.html","1206","Tape & Reel (TR)","27nF","±10%","50V","X7R",""
"C527355","CC1206KRX7R9BB391","YAGEO","160","20","20","https://www.lcsc.com/product-detail/C527355.html","1206","Tape & Reel (TR)","390pF","±10%","50V","X7R",""
"C527357","CC1206KRX7R9BB393","YAGEO","200","20","20","https://www.lcsc.com/product-detail/C527357.html","1206","Tape & Reel (TR)","39nF","±10%","50V","X7R",""
"C527358","CC1206KRX7R9BB822","YAGEO","1400","20","20","https://www.lcsc.com/product-detail/C527358.html","1206","Tape & Reel (TR)","8.2nF","±10%","50V","X7R",""
"C527374","CC1210KKX7R0BB103","YAGEO","10","10","10","https://www.lcsc.com/product-detail/C527374.html","1210","Tape & Reel (TR)","10nF","±10%","100V","X7R",""
"C527375","CC1210KKX7R0BB104","YAGEO","2490","10","10","https://www.lcsc.com/product-detail/C527375.html","1210","Tape & Reel (TR)","100nF","±10%","100V","X7R",""
"C527377","CC1210KKX7RABB223","YAGEO","1520","5","5","https://www.lcsc.com/product-detail/C527377.html","1210","Tape & Reel (TR)","22nF","±10%","200V","X7R",""
"C527379","CC1210KKX7RBBB103","YAGEO","2595","5","5","https://www.lcsc.com/product-detail/C527379.html","1210","Tape & Reel (TR)","10nF","±10%","500V","X7R",""
"C527380","CC1210KKX7RDBB102","YAGEO","23845","5","5","https://www.lcsc.com/product-detail/C527380.html","1210","Tape & Reel (TR)","1nF","±10%","2kV","X7R",""
"C527382","CC1210KKX7RYBB473","YAGEO","195","5","5","https://www.lcsc.com/product-detail/C527382.html","1210","Tape & Reel (TR)","47nF","±10%","250V","X7R",""
"C541370","CC0402KRX7R5BB103","YAGEO","8800","100","100","https://www.lcsc.com/product-detail/C541370.html","0402","Tape & Reel (TR)","10nF","±10%","6.3V","X7R",""
"C541372","CC0402KRX7R8BB102","YAGEO","3500","100","100","https://www.lcsc.com/product-detail/C541372.html","0402","Tape & Reel (TR)","1nF","±10%","25V","X7R",""
"C541373","CC0402KRX7R6BB222","YAGEO","20200","100","100","https://www.lcsc.com/product-detail/C541373.html","0402","Tape & Reel (TR)","2.2nF","±10%","10V","X7R",""
"C541374","CC0402KRX7R7BB101","YAGEO","1800","100","100","https://www.lcsc.com/product-detail/C541374.html","0402","Tape & Reel (TR)","100pF","±10%","16V","X7R",""
"C541375","CC0402KRX7R7BB152","YAGEO","8200","100","100","https://www.lcsc.com/product-detail/C541375.html","0402","Tape & Reel (TR)","1.5nF","±10%","16V","X7R",""
"C541376","CC0402KRX7R7BB222","YAGEO","26400","100","100","https://www.lcsc.com/product-detail/C541376.html","0402","Tape & Reel (TR)","2.2nF","±10%","16V","X7R",""
"C541377","CC0402KRX7R7BB331","YAGEO","4300","100","100","https://www.lcsc.com/product-detail/C541377.html","0402","Tape & Reel (TR)","330pF","±10%","16V","X7R",""
"C541378","CC0402KRX7R7BB332","YAGEO","7600","100","100","https://www.lcsc.com/product-detail/C541378.html","0402","Tape & Reel (TR)","3.3nF","±10%","16V","X7R",""
"C541379","CC0402KRX7R7BB471","YAGEO","38600","100","100","https://www.lcsc.com/product-detail/C541379.html","0402","Tape & Reel (TR)","470pF","±10%","16V","X7R",""
"C541380","CC0402KRX7R7BB472","YAGEO","9000","100","100","https://www.lcsc.com/product-detail/C541380.html","0402","Tape & Reel (TR)","4.7nF","±10%","16V","X7R",""
"C541382","CC0402KRX7R7BB682","YAGEO","1500","100","100","https://www.lcsc.com/product-detail/C541382.html","0402","Tape & Reel (TR)","6.8nF","±10%","16V","X7R",""
"C541384","CC0402KRX7R8BB151","YAGEO","2100","100","100","https://www.lcsc.com/product-detail/C541384.html","0402","Tape & Reel (TR)","150pF","±10%","25V","X7R",""
"C541386","CC0402KRX7R8BB222","YAGEO","25800","100","100","https://www.lcsc.com/product-detail/C541386.html","0402","Tape & Reel (TR)","2.2nF","±10%","25V","X7R",""
"C541387","CC0402KRX7R8BB471","YAGEO","5900","100","100","https://www.lcsc.com/product-detail/C541387.html","0402","Tape & Reel (TR)","470pF","±10%","25V","X7R",""
"C541388","CC0402KRX7R8BB682","YAGEO","20700","100","100","https://www.lcsc.com/product-detail/C541388.html","0402","Tape & Reel (TR)","6.8nF","±10%","25V","X7R",""
"C541389","CC0402KRX7R7BB272","YAGEO","1800","100","100","https://www.lcsc.com/product-detail/C541389.html","0402","Tape & Reel (TR)","2.7nF","±10%","16V","X7R",""
"C541390","CC0402KRX7R7BB392","YAGEO","2400","100","100","https://www.lcsc.com/product-detail/C541390.html","0402","Tape & Reel (TR)","3.9nF","±10%","16V","X7R",""
"C541393","CC0402KRX7R9BB202","YAGEO","6200","100","100","https://www.lcsc.com/product-detail/C541393.html","0402","Tape & Reel (TR)","2nF","±10%","50V","X7R",""
"C541441","CC0402JRX7R7BB102","YAGEO","6800","100","100","https://www.lcsc.com/product-detail/C541441.html","0402","Tape & Reel (TR)","1nF","±5%","16V","X7R",""
"C541443","CC0402JRX7R8BB103","YAGEO","20400","100","100","https://www.lcsc.com/product-detail/C541443.html","0402","Tape & Reel (TR)","10nF","±5%","25V","X7R",""
"C541444","CC0402JRX7R7BB472","YAGEO","5900","100","100","https://www.lcsc.com/product-detail/C541444.html","0402","Tape & Reel (TR)","4.7nF","±5%","16V","X7R",""
"C541446","CC0402JRX7R9BB151","YAGEO","9800","100","100","https://www.lcsc.com/product-detail/C541446.html","0402","Tape & Reel (TR)","150pF","±5%","50V","X7R",""
"C541447","CC0402JRX7R9BB332","YAGEO","51900","100","100","https://www.lcsc.com/product-detail/C541447.html","0402","Tape & Reel (TR)","3.3nF","±5%","50V","X7R",""
"C541451","CC0402JRX7R9BB121","YAGEO","1900","100","100","https://www.lcsc.com/product-detail/C541451.html","0402","Tape & Reel (TR)","120pF","±5%","50V","X7R",""
"C541452","CC0402JRX7R9BB122","YAGEO","2500","100","100","https://www.lcsc.com/product-detail/C541452.html","0402","Tape & Reel (TR)","1.2nF","±5%","50V","X7R",""
"C541454","CC0402JRX7R9BB271","YAGEO","1900","100","100","https://www.lcsc.com/product-detail/C541454.html","0402","Tape & Reel (TR)","270pF","±5%","50V","X7R",""
"C541456","CC0402JRX7R9BB561","YAGEO","9200","100","100","https://www.lcsc.com/product-detail/C541456.html","0402","Tape & Reel (TR)","560pF","±5%","50V","X7R",""
"C541457","CC0402JRX7R9BB822","YAGEO","28000","100","100","https://www.lcsc.com/product-detail/C541457.html","0402","Tape & Reel (TR)","8.2nF","±5%","50V","X7R",""
"C541459","CC0402JRX7R7BB223","YAGEO","25800","100","100","https://www.lcsc.com/product-detail/C541459.html","0402","Tape & Reel (TR)","22nF","±5%","16V","X7R",""
"C541460","CC0402JRX7R9BB223","YAGEO","58300","100","100","https://www.lcsc.com/product-detail/C541460.html","0402","Tape & Reel (TR)","22nF","±5%","50V","X7R",""
"C541461","CC0402JRX7R7BB333","YAGEO","9900","100","100","https://www.lcsc.com/product-detail/C541461.html","0402","Tape & Reel (TR)","33nF","±5%","16V","X7R",""
"C541462","CC0402JRX7R8BB333","YAGEO","8400","100","100","https://www.lcsc.com/product-detail/C541462.html","0402","Tape & Reel (TR)","33nF","±5%","25V","X7R",""
"C541463","CC0402JRX7R9BB333","YAGEO","55700","100","100","https://www.lcsc.com/product-detail/C541463.html","0402","Tape & Reel (TR)","33nF","±5%","50V","X7R",""
"C541464","CC0402JRX7R7BB104","YAGEO","336900","100","100","https://www.lcsc.com/product-detail/C541464.html","0402","Tape & Reel (TR)","100nF","±5%","16V","X7R",""
"C541465","CC0402JRX7R8BB104","YAGEO","62500","100","100","https://www.lcsc.com/product-detail/C541465.html","0402","Tape & Reel (TR)","100nF","±5%","25V","X7R",""
"C541482","CC1206KRX7R9BB331","YAGEO","700","20","20","https://www.lcsc.com/product-detail/C541482.html","1206","Tape & Reel (TR)","330pF","±10%","50V","X7R",""
"C541485","CC1206KRX7R9BB561","YAGEO","500","20","20","https://www.lcsc.com/product-detail/C541485.html","1206","Tape & Reel (TR)","560pF","±10%","50V","X7R",""
"C541487","CC1206KRX7R9BB333","YAGEO","18620","20","20","https://www.lcsc.com/product-detail/C541487.html","1206","Tape & Reel (TR)","33nF","±10%","50V","X7R",""
"C541498","CC1206JKX7RDBB102","YAGEO","11120","20","20","https://www.lcsc.com/product-detail/C541498.html","1206","Tape & Reel (TR)","1nF","±5%","2kV","X7R",""
"C541525","CC0805JRX7R9BB154","YAGEO","7240","20","20","https://www.lcsc.com/product-detail/C541525.html","0805","Tape & Reel (TR)","150nF","±5%","50V","X7R",""
"C541527","CC0805JRX7R8BB224","YAGEO","2500","50","50","https://www.lcsc.com/product-detail/C541527.html","0805","Tape & Reel (TR)","220nF","±5%","25V","X7R",""
"C541529","CC1206JRX7R9BB102","YAGEO","1620","20","20","https://www.lcsc.com/product-detail/C541529.html","1206","Tape & Reel (TR)","1nF","±5%","50V","X7R",""
"C541539","CC1206JRX7R9BB153","YAGEO","120","20","20","https://www.lcsc.com/product-detail/C541539.html","1206","Tape & Reel (TR)","15nF","±5%","50V","X7R",""
"C541544","CC1206JRX7R9BB393","YAGEO","360","20","20","https://www.lcsc.com/product-detail/C541544.html","1206","Tape & Reel (TR)","39nF","±5%","50V","X7R",""
"C541545","CC1206JRX7R9BB823","YAGEO","2460","20","20","https://www.lcsc.com/product-detail/C541545.html","1206","Tape & Reel (TR)","82nF","±5%","50V","X7R",""
"C541546","CC1206JRX7R8BB104","YAGEO","5100","50","50","https://www.lcsc.com/product-detail/C541546.html","1206","Tape & Reel (TR)","100nF","±5%","25V","X7R",""
"C541547","CC1206JRX7R9BB104","YAGEO","23220","20","20","https://www.lcsc.com/product-detail/C541547.html","1206","Tape & Reel (TR)","100nF","±5%","50V","X7R",""
"C541549","CC1206JKX7R9BB474","YAGEO","70","10","10","https://www.lcsc.com/product-detail/C541549.html","1206","Tape & Reel (TR)","470nF","±5%","50V","X7R",""
"C559769","CC0603KRX7R9BB105","YAGEO","219020","20","20","https://www.lcsc.com/product-detail/C559769.html","0603","Tape & Reel (TR)","1uF","±10%","50V","X7R",""
"C560862","AC0805KKX7R0BB473","YAGEO","6080","20","20","https://www.lcsc.com/product-detail/C560862.html","0805","Tape & Reel (TR)","47nF","±10%","100V","X7R",""
"C576708","CC0402JRX7R7BB123","YAGEO","7800","100","100","https://www.lcsc.com/product-detail/C576708.html","0402","Tape & Reel (TR)","12nF","±5%","16V","X7R",""
"C576710","CC0402JRX7R7BB473","YAGEO","3400","100","100","https://www.lcsc.com/product-detail/C576710.html","0402","Tape & Reel (TR)","47nF","±5%","16V","X7R",""
"C576711","CC0402JRX7R7BB563","YAGEO","10000","100","100","https://www.lcsc.com/product-detail/C576711.html","0402","Tape & Reel (TR)","56nF","±5%","16V","X7R",""
"C576712","CC0402JRX7R7BB683","YAGEO","5100","100","100","https://www.lcsc.com/product-detail/C576712.html","0402","Tape & Reel (TR)","68nF","±5%","16V","X7R",""
"C576715","CC0402JRX7R9BB473","YAGEO","130500","100","100","https://www.lcsc.com/product-detail/C576715.html","0402","Tape & Reel (TR)","47nF","±5%","50V","X7R",""
"C576731","CC0402KRX7R0BB222","YAGEO","9100","100","100","https://www.lcsc.com/product-detail/C576731.html","0402","Tape & Reel (TR)","2.2nF","±10%","100V","X7R",""
"C576733","CC0402KRX7R0BB472","YAGEO","9800","100","100","https://www.lcsc.com/product-detail/C576733.html","0402","Tape & Reel (TR)","4.7nF","±10%","100V","X7R",""
"C576737","CC0402KRX7R8BB393","YAGEO","2800","100","100","https://www.lcsc.com/product-detail/C576737.html","0402","Tape & Reel (TR)","39nF","±10%","25V","X7R",""
"C576739","CC0402KRX7R9BB123","YAGEO","19800","100","100","https://www.lcsc.com/product-detail/C576739.html","0402","Tape & Reel (TR)","12nF","±10%","50V","X7R",""
"C576740","CC0402KRX7R9BB183","YAGEO","9100","100","100","https://www.lcsc.com/product-detail/C576740.html","0402","Tape & Reel (TR)","18nF","±10%","50V","X7R",""
"C576846","CC0603KRX7R0BB101","YAGEO","5050","50","50","https://www.lcsc.com/product-detail/C576846.html","0603","Tape & Reel (TR)","100pF","±10%","100V","X7R",""
"C576847","CC0603KRX7R0BB153","YAGEO","4100","20","20","https://www.lcsc.com/product-detail/C576847.html","0603","Tape & Reel (TR)","15nF","±10%","100V","X7R",""
"C576850","CC0603KRX7R0BB331","YAGEO","200","100","100","https://www.lcsc.com/product-detail/C576850.html","0603","Tape & Reel (TR)","330pF","±10%","100V","X7R",""
"C576851","CC0603KRX7R0BB333","YAGEO","3350","50","50","https://www.lcsc.com/product-detail/C576851.html","0603","Tape & Reel (TR)","33nF","±10%","100V","X7R",""
"C576852","CC0603KRX7R0BB473","YAGEO","208700","100","100","https://www.lcsc.com/product-detail/C576852.html","0603","Tape & Reel (TR)","47nF","±10%","100V","X7R",""
"C576853","CC0603KRX7R0BB561","YAGEO","100","100","100","https://www.lcsc.com/product-detail/C576853.html","0603","Tape & Reel (TR)","560pF","±10%","100V","X7R",""
"C576854","CC0603KRX7R0BB682","YAGEO","12550","50","50","https://www.lcsc.com/product-detail/C576854.html","0603","Tape & Reel (TR)","6.8nF","±10%","100V","X7R",""
"C576855","CC0603KRX7R0BB821","YAGEO","1500","100","100","https://www.lcsc.com/product-detail/C576855.html","0603","Tape & Reel (TR)","820pF","±10%","100V","X7R",""
"C576857","CC0603KRX7RYBB222","YAGEO","4400","100","100","https://www.lcsc.com/product-detail/C576857.html","0603","Tape & Reel (TR)","2.2nF","±10%","250V","X7R",""
"C576858","CC0603KRX7RYBB471","YAGEO","550","50","50","https://www.lcsc.com/product-detail/C576858.html","0603","Tape & Reel (TR)","470pF","±10%","250V","X7R",""
"C576994","CC0805JRX7R0BB332","YAGEO","2600","50","50","https://www.lcsc.com/product-detail/C576994.html","0805","Tape & Reel (TR)","3.3nF","±5%","100V","X7R",""
"C576996","CC0805JRX7R0BB471","YAGEO","50","50","50","https://www.lcsc.com/product-detail/C576996.html","0805","Tape & Reel (TR)","470pF","±5%","100V","X7R",""
"C576998","CC0805JRX7R0BB822","YAGEO","2300","50","50","https://www.lcsc.com/product-detail/C576998.html","0805","Tape & Reel (TR)","8.2nF","±5%","100V","X7R",""
"C577006","CC0805KKX7R8BB564","YAGEO","2450","50","50","https://www.lcsc.com/product-detail/C577006.html","0805","Tape & Reel (TR)","560nF","±10%","25V","X7R",""
"C577007","CC0805KKX7R9BB564","YAGEO","30460","20","20","https://www.lcsc.com/product-detail/C577007.html","0805","Tape & Reel (TR)","560nF","±10%","50V","X7R",""
"C577012","CC0805KRX7R0BB391","YAGEO","100","50","50","https://www.lcsc.com/product-detail/C577012.html","0805","Tape & Reel (TR)","390pF","±10%","100V","X7R",""
"C577014","CC0805KRX7R0BB561","YAGEO","7100","50","50","https://www.lcsc.com/product-detail/C577014.html","0805","Tape & Reel (TR)","560pF","±10%","100V","X7R",""
"C577024","CC0805KRX7RBBB332","YAGEO","3500","50","50","https://www.lcsc.com/product-detail/C577024.html","0805","Tape & Reel (TR)","3.3nF","±10%","500V","X7R",""
"C577025","CC0805KRX7RBBB681","YAGEO","3850","50","50","https://www.lcsc.com/product-detail/C577025.html","0805","Tape & Reel (TR)","680pF","±10%","500V","X7R",""
"C577028","CC0805KRX7RCBB331","YAGEO","1460","10","10","https://www.lcsc.com/product-detail/C577028.html","0805","Tape & Reel (TR)","330pF","±10%","1kV","X7R",""
"C577029","CC0805KRX7RCBB471","YAGEO","3120","10","10","https://www.lcsc.com/product-detail/C577029.html","0805","Tape & Reel (TR)","470pF","±10%","1kV","X7R",""
"C577124","CC1206JKNPOCBN200","YAGEO","12620","20","20","https://www.lcsc.com/product-detail/C577124.html","1206","Tape & Reel (TR)","20pF","±5%","1kV","C0G;NP0",""
"C577135","CC1206JKNPOZBN220","YAGEO","4200","50","50","https://www.lcsc.com/product-detail/C577135.html","1206","Tape & Reel (TR)","22pF","±5%","630V","C0G;NP0",""
"C577139","CC1206JKNPOZBN391","YAGEO","1440","20","20","https://www.lcsc.com/product-detail/C577139.html","1206","Tape & Reel (TR)","390pF","±5%","630V","C0G;NP0",""
"C577143","CC1206JKX7R8BB225","YAGEO","1070","10","10","https://www.lcsc.com/product-detail/C577143.html","1206","Tape & Reel (TR)","2.2uF","±5%","25V","X7R",""
"C577145","CC1206JKX7RBBB102","YAGEO","1800","20","20","https://www.lcsc.com/product-detail/C577145.html","1206","Tape & Reel (TR)","1nF","±5%","500V","X7R",""
"C577194","CC1206JRX7R0BB102","YAGEO","20","20","20","https://www.lcsc.com/product-detail/C577194.html","1206","Tape & Reel (TR)","1nF","±5%","100V","X7R",""
"C577211","CC1206KKX7R0BB225","YAGEO","584435","5","5","https://www.lcsc.com/product-detail/C577211.html","1206","Tape & Reel (TR)","2.2uF","±10%","100V","X7R",""
"C577212","CC1206KKX7R0BB334","YAGEO","980","10","10","https://www.lcsc.com/product-detail/C577212.html","1206","Tape & Reel (TR)","330nF","±10%","100V","X7R",""
"C577215","CC1206KKX7R6BB475","YAGEO","1190","10","10","https://www.lcsc.com/product-detail/C577215.html","1206","Tape & Reel (TR)","4.7uF","±10%","10V","X7R",""
"C577217","CC1206KKX7R7BB684","YAGEO","200","20","20","https://www.lcsc.com/product-detail/C577217.html","1206","Tape & Reel (TR)","680nF","±10%","16V","X7R",""
"C577218","CC1206KKX7R8BB334","YAGEO","1180","20","20","https://www.lcsc.com/product-detail/C577218.html","1206","Tape & Reel (TR)","330nF","±10%","25V","X7R",""
"C577219","CC1206KKX7R8BB684","YAGEO","880","10","10","https://www.lcsc.com/product-detail/C577219.html","1206","Tape & Reel (TR)","680nF","±10%","25V","X7R",""
"C577220","CC1206KKX7R9BB184","YAGEO","2820","20","20","https://www.lcsc.com/product-detail/C577220.html","1206","Tape & Reel (TR)","180nF","±10%","50V","X7R",""
"C577222","CC1206KKX7RCBB122","YAGEO","40","20","20","https://www.lcsc.com/product-detail/C577222.html","1206","Tape & Reel (TR)","1.2nF","±10%","1kV","X7R",""
"C577226","CC1206KKX7RDBB681","YAGEO","220","10","10","https://www.lcsc.com/product-detail/C577226.html","1206","Tape & Reel (TR)","680pF","±10%","2kV","X7R",""
"C577228","CC1206KKX7RZBB332","YAGEO","2200","50","50","https://www.lcsc.com/product-detail/C577228.html","1206","Tape & Reel (TR)","3.3nF","±10%","630V","X7R",""
"C577229","CC1206KKX7RZBB333","YAGEO","21980","10","10","https://www.lcsc.com/product-detail/C577229.html","1206","Tape & Reel (TR)","33nF","±10%","630V","X7R",""
"C577231","CC1206KRX7R0BB221","YAGEO","3640","20","20","https://www.lcsc.com/product-detail/C577231.html","1206","Tape & Reel (TR)","220pF","±10%","100V","X7R",""
"C577233","CC1206KRX7R0BB332","YAGEO","350","50","50","https://www.lcsc.com/product-detail/C577233.html","1206","Tape & Reel (TR)","3.3nF","±10%","100V","X7R",""
"C577234","CC1206KRX7R0BB472","YAGEO","4360","20","20","https://www.lcsc.com/product-detail/C577234.html","1206","Tape & Reel (TR)","4.7nF","±10%","100V","X7R",""
"C577236","CC1206KRX7R0BB682","YAGEO","900","50","50","https://www.lcsc.com/product-detail/C577236.html","1206","Tape & Reel (TR)","6.8nF","±10%","100V","X7R",""
"C577239","CC1206KRX7R8BB154","YAGEO","2120","20","20","https://www.lcsc.com/product-detail/C577239.html","1206","Tape & Reel (TR)","150nF","±10%","25V","X7R",""
"C577270","CC1210KKX7R0BB105","YAGEO","280","5","5","https://www.lcsc.com/product-detail/C577270.html","1210","Tape & Reel (TR)","1uF","±10%","100V","X7R",""
"C577272","CC1210KKX7R0BB474","YAGEO","280","5","5","https://www.lcsc.com/product-detail/C577272.html","1210","Tape & Reel (TR)","470nF","±10%","100V","X7R",""
"C577275","CC1210KKX7R9BB224","YAGEO","5560","10","10","https://www.lcsc.com/product-detail/C577275.html","1210","Tape & Reel (TR)","220nF","±10%","50V","X7R",""
"C577277","CC1210KKX7R9BB684","YAGEO","3005","5","5","https://www.lcsc.com/product-detail/C577277.html","1210","Tape & Reel (TR)","680nF","±10%","50V","X7R",""
"C577278","CC1210KKX7RBBB333","YAGEO","515","5","5","https://www.lcsc.com/product-detail/C577278.html","1210","Tape & Reel (TR)","33nF","±10%","500V","X7R",""
"C577280","CC1210KKX7RCBB102","YAGEO","1885","5","5","https://www.lcsc.com/product-detail/C577280.html","1210","Tape & Reel (TR)","1nF","±10%","1kV","X7R",""
"C577283","CC1210KKX7RCBB332","YAGEO","1100","5","5","https://www.lcsc.com/product-detail/C577283.html","1210","Tape & Reel (TR)","3.3nF","±10%","1kV","X7R",""
"C577284","CC1210KKX7RCBB472","YAGEO","7035","5","5","https://www.lcsc.com/product-detail/C577284.html","1210","Tape & Reel (TR)","4.7nF","±10%","1kV","X7R",""
"C577285","CC1210KKX7RDBB152","YAGEO","705","5","5","https://www.lcsc.com/product-detail/C577285.html","1210","Tape & Reel (TR)","1.5nF","±10%","2kV","X7R",""
"C577418","CS0603KRX7R7BB474","YAGEO","680","20","20","https://www.lcsc.com/product-detail/C577418.html","0603","Tape & Reel (TR)","470nF","±10%","16V","X7R",""
"C577421","CS0603KRX7R9BB102","YAGEO","4250","50","50","https://www.lcsc.com/product-detail/C577421.html","0603","Tape & Reel (TR)","1nF","±10%","50V","X7R",""
"C577423","CS0603KRX7R9BB471","YAGEO","400","50","50","https://www.lcsc.com/product-detail/C577423.html","0603","Tape & Reel (TR)","470pF","±10%","50V","X7R",""
"C577427","CS0805KRX7R9BB102","YAGEO","250","50","50","https://www.lcsc.com/product-detail/C577427.html","0805","Tape & Reel (TR)","1nF","±10%","50V","X7R",""
"C577436","CS1206KKX7RCBB103","YAGEO","3450","5","5","https://www.lcsc.com/product-detail/C577436.html","1206","Tape & Reel (TR)","10nF","±10%","1kV","X7R",""
"C577441","CS1206KRX7R9BB104","YAGEO","20","20","20","https://www.lcsc.com/product-detail/C577441.html","1206","Tape & Reel (TR)","100nF","±10%","50V","X7R",""
"C577442","CS1210KKX7R0BB105","YAGEO","2000","5","5","https://www.lcsc.com/product-detail/C577442.html","1210","Tape & Reel (TR)","1uF","±10%","100V","X7R",""
"C596318","CC1210KKX7R9BB475","YAGEO","14210","5","5","https://www.lcsc.com/product-detail/C596318.html","1210","Tape & Reel (TR)","4.7uF","±10%","50V","X7R",""
"C596323","CC0805KKX7R0BB474","YAGEO","98360","10","10","https://www.lcsc.com/product-detail/C596323.html","0805","Tape & Reel (TR)","470nF","±10%","100V","X7R",""
"C596328","CC0603KRX7RABB472","YAGEO","4600","100","100","https://www.lcsc.com/product-detail/C596328.html","0603","Tape & Reel (TR)","4.7nF","±10%","200V","X7R",""
"C605205","AC0402KRX7R9BB471","YAGEO","8000","100","100","https://www.lcsc.com/product-detail/C605205.html","0402","Tape & Reel (TR)","470pF","±10%","50V","X7R",""
"C605211","AC0603JRX7R9BB104","YAGEO","193580","20","20","https://www.lcsc.com/product-detail/C605211.html","0603","Tape & Reel (TR)","100nF","±5%","50V","X7R",""
"C605212","AC0603JRX7R9BB103","YAGEO","6600","50","50","https://www.lcsc.com/product-detail/C605212.html","0603","Tape & Reel (TR)","10nF","±5%","50V","X7R",""
"C605213","CC0603KRX7R8BB184","YAGEO","100","50","50","https://www.lcsc.com/product-detail/C605213.html","0603","Tape & Reel (TR)","180nF","±10%","25V","X7R",""
"C605216","AC0603JRX7R9BB223","YAGEO","4080","20","20","https://www.lcsc.com/product-detail/C605216.html","0603","Tape & Reel (TR)","22nF","±5%","50V","X7R",""
"C700527","CC1210KKX7R8BB106","YAGEO","3540","5","5","https://www.lcsc.com/product-detail/C700527.html","1210","Tape & Reel (TR)","10uF","±10%","25V","X7R",""
"C705014","AC0805JRX7R9BB223","YAGEO","2900","50","50","https://www.lcsc.com/product-detail/C705014.html","0805","Tape & Reel (TR)","22nF","±5%","50V","X7R",""
"C705052","CC0402KRX7R6BB224","YAGEO","1400","50","50","https://www.lcsc.com/product-detail/C705052.html","0402","Tape & Reel (TR)","220nF","±10%","10V","X7R",""
"C723358","CC0402KRX7R6BB474","YAGEO","26600","50","50","https://www.lcsc.com/product-detail/C723358.html","0402","Tape & Reel (TR)","470nF","±10%","10V","X7R",""
"C723382","AC0805KKX7R0BB104","YAGEO","70920","20","20","https://www.lcsc.com/product-detail/C723382.html","0805","Tape & Reel (TR)","100nF","±10%","100V","X7R",""
"C723475","AC0805KRX7R9BB222","YAGEO","3800","50","50","https://www.lcsc.com/product-detail/C723475.html","0805","Tape & Reel (TR)","2.2nF","±10%","50V","X7R",""
"C723492","AC0805KKX7R8BB225","YAGEO","15040","10","10","https://www.lcsc.com/product-detail/C723492.html","0805","Tape & Reel (TR)","2.2uF","±10%","25V","X7R",""
"C723566","CC0402KRX7R8BB224","YAGEO","60040","20","20","https://www.lcsc.com/product-detail/C723566.html","0402","Tape & Reel (TR)","220nF","±10%","25V","X7R",""
"C723619","AC0402KRX7R9BB472","YAGEO","10400","100","100","https://www.lcsc.com/product-detail/C723619.html","0402","Tape & Reel (TR)","4.7nF","±10%","50V","X7R",""
"C723620","AC0402KRX7R9BB682","YAGEO","8100","100","100","https://www.lcsc.com/product-detail/C723620.html","0402","Tape & Reel (TR)","6.8nF","±10%","50V","X7R",""
"C723703","AC0805KRX7R0BB103","YAGEO","9200","50","50","https://www.lcsc.com/product-detail/C723703.html","0805","Tape & Reel (TR)","10nF","±10%","100V","X7R",""
"C723735","AC0805KKX7R8BB684","YAGEO","2920","20","20","https://www.lcsc.com/product-detail/C723735.html","0805","Tape & Reel (TR)","680nF","±10%","25V","X7R",""
"C726514","AC0402KRX7R7BB102","YAGEO","3300","100","100","https://www.lcsc.com/product-detail/C726514.html","0402","Tape & Reel (TR)","1nF","±10%","16V","X7R",""
"C726515","AC0402KRX7R7BB103","YAGEO","7000","100","100","https://www.lcsc.com/product-detail/C726515.html","0402","Tape & Reel (TR)","10nF","±10%","16V","X7R",""
"C726516","AC0402KRX7R7BB223","YAGEO","7900","100","100","https://www.lcsc.com/product-detail/C726516.html","0402","Tape & Reel (TR)","22nF","±10%","16V","X7R",""
"C726517","AC0402KRX7R7BB333","YAGEO","6200","100","100","https://www.lcsc.com/product-detail/C726517.html","0402","Tape & Reel (TR)","33nF","±10%","16V","X7R",""
"C726520","AC0402KRX7R8BB102","YAGEO","100","100","100","https://www.lcsc.com/product-detail/C726520.html","0402","Tape & Reel (TR)","1nF","±10%","25V","X7R",""
"C726521","AC0402KRX7R8BB103","YAGEO","2200","100","100","https://www.lcsc.com/product-detail/C726521.html","0402","Tape & Reel (TR)","10nF","±10%","25V","X7R",""
"C726522","AC0402KRX7R8BB104","YAGEO","42650","50","50","https://www.lcsc.com/product-detail/C726522.html","0402","Tape & Reel (TR)","100nF","±10%","25V","X7R",""
"C726525","AC0402KRX7R8BB473","YAGEO","10400","100","100","https://www.lcsc.com/product-detail/C726525.html","0402","Tape & Reel (TR)","47nF","±10%","25V","X7R",""
"C726527","AC0402KRX7R9BB331","YAGEO","6100","100","100","https://www.lcsc.com/product-detail/C726527.html","0402","Tape & Reel (TR)","330pF","±10%","50V","X7R",""
"C726529","AC0402KRX7R9BB681","YAGEO","11900","100","100","https://www.lcsc.com/product-detail/C726529.html","0402","Tape & Reel (TR)","680pF","±10%","50V","X7R",""
"C726551","AC0603KRX7R0BB102","YAGEO","47700","100","100","https://www.lcsc.com/product-detail/C726551.html","0603","Tape & Reel (TR)","1nF","±10%","100V","X7R",""
"C726553","AC0603KRX7R0BB223","YAGEO","2700","50","50","https://www.lcsc.com/product-detail/C726553.html","0603","Tape & Reel (TR)","22nF","±10%","100V","X7R",""
"C726554","AC0603KRX7R6BB105","YAGEO","8400","50","50","https://www.lcsc.com/product-detail/C726554.html","0603","Tape & Reel (TR)","1uF","±10%","10V","X7R",""
"C726555","AC0603KRX7R7BB222","YAGEO","4000","100","100","https://www.lcsc.com/product-detail/C726555.html","0603","Tape & Reel (TR)","2.2nF","±10%","16V","X7R",""
"C726557","AC0603KRX7R7BB474","YAGEO","4750","50","50","https://www.lcsc.com/product-detail/C726557.html","0603","Tape & Reel (TR)","470nF","±10%","16V","X7R",""
"C726558","AC0603KRX7R8BB102","YAGEO","900","100","100","https://www.lcsc.com/product-detail/C726558.html","0603","Tape & Reel (TR)","1nF","±10%","25V","X7R",""
"C726559","AC0603KRX7R8BB103","YAGEO","25750","50","50","https://www.lcsc.com/product-detail/C726559.html","0603","Tape & Reel (TR)","10nF","±10%","25V","X7R",""
"C726563","AC0603KRX7R9BB153","YAGEO","3250","50","50","https://www.lcsc.com/product-detail/C726563.html","0603","Tape & Reel (TR)","15nF","±10%","50V","X7R",""
"C726565","AC0603KRX7R9BB224","YAGEO","79050","50","50","https://www.lcsc.com/product-detail/C726565.html","0603","Tape & Reel (TR)","220nF","±10%","50V","X7R",""
"C726566","AC0603KRX7R9BB273","YAGEO","2700","100","100","https://www.lcsc.com/product-detail/C726566.html","0603","Tape & Reel (TR)","27nF","±10%","50V","X7R",""
"C726567","AC0603KRX7R9BB683","YAGEO","2050","50","50","https://www.lcsc.com/product-detail/C726567.html","0603","Tape & Reel (TR)","68nF","±10%","50V","X7R",""
"C726583","AC0805KKX7R8BB474","YAGEO","800","50","50","https://www.lcsc.com/product-detail/C726583.html","0805","Tape & Reel (TR)","470nF","±10%","25V","X7R",""
"C726584","AC0805KKX7R9BB105","YAGEO","45300","10","10","https://www.lcsc.com/product-detail/C726584.html","0805","Tape & Reel (TR)","1uF","±10%","50V","X7R",""
"C726585","AC0805KKX7R9BB334","YAGEO","2880","10","10","https://www.lcsc.com/product-detail/C726585.html","0805","Tape & Reel (TR)","330nF","±10%","50V","X7R",""
"C726586","AC0805KKX7R9BB474","YAGEO","4180","10","10","https://www.lcsc.com/product-detail/C726586.html","0805","Tape & Reel (TR)","470nF","±10%","50V","X7R",""
"C726587","AC0805KRX7R0BB102","YAGEO","7500","50","50","https://www.lcsc.com/product-detail/C726587.html","0805","Tape & Reel (TR)","1nF","±10%","100V","X7R",""
"C726588","AC0805KRX7R0BB222","YAGEO","100","50","50","https://www.lcsc.com/product-detail/C726588.html","0805","Tape & Reel (TR)","2.2nF","±10%","100V","X7R",""
"C726590","AC0805KRX7R0BB472","YAGEO","2650","50","50","https://www.lcsc.com/product-detail/C726590.html","0805","Tape & Reel (TR)","4.7nF","±10%","100V","X7R",""
"C726591","AC0805KRX7R8BB104","YAGEO","100","50","50","https://www.lcsc.com/product-detail/C726591.html","0805","Tape & Reel (TR)","100nF","±10%","25V","X7R",""
"C726592","AC0805KRX7R9BB102","YAGEO","4050","50","50","https://www.lcsc.com/product-detail/C726592.html","0805","Tape & Reel (TR)","1nF","±10%","50V","X7R",""
"C726593","AC0805KRX7R9BB152","YAGEO","1550","50","50","https://www.lcsc.com/product-detail/C726593.html","0805","Tape & Reel (TR)","1.5nF","±10%","50V","X7R",""
"C726594","AC0805KRX7R9BB223","YAGEO","2350","50","50","https://www.lcsc.com/product-detail/C726594.html","0805","Tape & Reel (TR)","22nF","±10%","50V","X7R",""
"C726596","AC0805KRX7R9BB472","YAGEO","21950","50","50","https://www.lcsc.com/product-detail/C726596.html","0805","Tape & Reel (TR)","4.7nF","±10%","50V","X7R",""
"C726597","AC0805KRX7R9BB682","YAGEO","250","50","50","https://www.lcsc.com/product-detail/C726597.html","0805","Tape & Reel (TR)","6.8nF","±10%","50V","X7R",""
"C726603","AC1206KKX7R0BB474","YAGEO","25","5","5","https://www.lcsc.com/product-detail/C726603.html","1206","Tape & Reel (TR)","470nF","±10%","100V","X7R",""
"C726606","AC1206KKX7R9BB225","YAGEO","1615","5","5","https://www.lcsc.com/product-detail/C726606.html","1206","Tape & Reel (TR)","2.2uF","±10%","50V","X7R",""
"C726607","AC1206KRX7R9BB223","YAGEO","4000","20","20","https://www.lcsc.com/product-detail/C726607.html","1206","Tape & Reel (TR)","22nF","±10%","50V","X7R",""
"C726608","AC1206KRX7R9BB333","YAGEO","60","20","20","https://www.lcsc.com/product-detail/C726608.html","1206","Tape & Reel (TR)","33nF","±10%","50V","X7R",""
"C726609","AC1206KRX7R9BB473","YAGEO","100","20","20","https://www.lcsc.com/product-detail/C726609.html","1206","Tape & Reel (TR)","47nF","±10%","50V","X7R",""
"C726623","CC0805KRX7R0BB122","YAGEO","350","50","50","https://www.lcsc.com/product-detail/C726623.html","0805","Tape & Reel (TR)","1.2nF","±10%","100V","X7R",""
"C726625","CC0805KRX7RYBB122","YAGEO","2350","50","50","https://www.lcsc.com/product-detail/C726625.html","0805","Tape & Reel (TR)","1.2nF","±10%","250V","X7R",""
"C726629","CC1206JKX7R0BB104","YAGEO","2800","20","20","https://www.lcsc.com/product-detail/C726629.html","1206","Tape & Reel (TR)","100nF","±5%","100V","X7R",""
"C726632","CC1206KKX7R7BB824","YAGEO","40","20","20","https://www.lcsc.com/product-detail/C726632.html","1206","Tape & Reel (TR)","820nF","±10%","16V","X7R",""
"C726635","CS0603KRX7R8BB474","YAGEO","2620","20","20","https://www.lcsc.com/product-detail/C726635.html","0603","Tape & Reel (TR)","470nF","±10%","25V","X7R",""
"C726636","CS0603KRX7R9BB153","YAGEO","3500","50","50","https://www.lcsc.com/product-detail/C726636.html","0603","Tape & Reel (TR)","15nF","±10%","50V","X7R",""
"C726637","CS0603KRX7R9BB473","YAGEO","300","50","50","https://www.lcsc.com/product-detail/C726637.html","0603","Tape & Reel (TR)","47nF","±10%","50V","X7R",""
"C914769","CC0603KRX7R7BB225","YAGEO","104880","10","10","https://www.lcsc.com/product-detail/C914769.html","0603","Tape & Reel (TR)","2.2uF","±10%","16V","X7R",""
"C914880","CC0603KRX7R5BB225","YAGEO","4900","50","50","https://www.lcsc.com/product-detail/C914880.html","0603","Tape & Reel (TR)","2.2uF","±10%","6.3V","X7R",""
"C1852967","CC0805KRX7R6BB104","YAGEO","9580","20","20","https://www.lcsc.com/product-detail/C1852967.html","0805","Tape & Reel (TR)","100nF","±10%","10V","X7R",""
"C1853022","CC0603JRX7R7BB684","YAGEO","2150","50","50","https://www.lcsc.com/product-detail/C1853022.html","0603","Tape & Reel (TR)","680nF","±5%","16V","X7R",""
"C1853055","AC0603JRX7R8BB103","YAGEO","600","50","50","https://www.lcsc.com/product-detail/C1853055.html","0603","Tape & Reel (TR)","10nF","±5%","25V","X7R",""
"C1853238","AC0603JRX7R0BB103","YAGEO","4750","50","50","https://www.lcsc.com/product-detail/C1853238.html","0603","Tape & Reel (TR)","10nF","±5%","100V","X7R",""
"C1853251","AC0805KRX7R9BB153","YAGEO","450","50","50","https://www.lcsc.com/product-detail/C1853251.html","0805","Tape & Reel (TR)","15nF","±10%","50V","X7R",""
"C1853266","CC0603KPX7R8BB104","YAGEO","14740","20","20","https://www.lcsc.com/product-detail/C1853266.html","0603","Tape & Reel (TR)","100nF","±10%","25V","X7R",""
"C1853298","AS0805KRX7R0BB472","YAGEO","560","20","20","https://www.lcsc.com/product-detail/C1853298.html","0805","Tape & Reel (TR)","4.7nF","±10%","100V","X7R",""
"C1853443","CC0805KKX7RBBB223","YAGEO","5080","20","20","https://www.lcsc.com/product-detail/C1853443.html","0805","Tape & Reel (TR)","22nF","±10%","500V","X7R",""
"C1853547","CC0805JRX7R8BB393","YAGEO","900","50","50","https://www.lcsc.com/product-detail/C1853547.html","0805","Tape & Reel (TR)","39nF","±5%","25V","X7R",""
"C1853551","CC0805JKX7R0BB104","YAGEO","113340","20","20","https://www.lcsc.com/product-detail/C1853551.html","0805","Tape & Reel (TR)","100nF","±5%","100V","X7R",""
"C1853592","AC0805KKX7R9BB684","YAGEO","40","10","10","https://www.lcsc.com/product-detail/C1853592.html","0805","Tape & Reel (TR)","680nF","±10%","50V","X7R",""
"C1853626","AC1206KKX7R9BB105","YAGEO","920","5","5","https://www.lcsc.com/product-detail/C1853626.html","1206","Tape & Reel (TR)","1uF","±10%","50V","X7R",""
"C1853648","AC0603KRX7R8BB184","YAGEO","2550","50","50","https://www.lcsc.com/product-detail/C1853648.html","0603","Tape & Reel (TR)","180nF","±10%","25V","X7R",""
"C1853757","CC0805KKX7RZBB103","YAGEO","100","50","50","https://www.lcsc.com/product-detail/C1853757.html","0805","Tape & Reel (TR)","10nF","±10%","630V","X7R",""
"C1853771","CC0603JPX7R9BB223","YAGEO","5350","50","50","https://www.lcsc.com/product-detail/C1853771.html","0603","Tape & Reel (TR)","22nF","±5%","50V","X7R",""
"C1853786","CC0603JPX7R9BB102","YAGEO","650","50","50","https://www.lcsc.com/product-detail/C1853786.html","0603","Tape & Reel (TR)","1nF","±5%","50V","X7R",""
"C1853797","AC0603KRX7R8BB154","YAGEO","850","50","50","https://www.lcsc.com/product-detail/C1853797.html","0603","Tape & Reel (TR)","150nF","±10%","25V","X7R",""
"C1854109","CC0805KRX7R8BB101","YAGEO","3600","100","100","https://www.lcsc.com/product-detail/C1854109.html","0805","Tape & Reel (TR)","100pF","±10%","25V","X7R",""
"C1854118","CC0805KRX7R5BB104","YAGEO","7050","50","50","https://www.lcsc.com/product-detail/C1854118.html","0805","Tape & Reel (TR)","100nF","±10%","6.3V","X7R",""
"C1854166","CC0805KRX7R9BB622","YAGEO","3900","50","50","https://www.lcsc.com/product-detail/C1854166.html","0805","Tape & Reel (TR)","6.2nF","±10%","50V","X7R",""
"C1854190","CC1206KPX7R9BB104","YAGEO","20","20","20","https://www.lcsc.com/product-detail/C1854190.html","1206","Tape & Reel (TR)","100nF","±10%","50V","X7R",""
"C1854267","CC0805KKX7R9BB394","YAGEO","9540","20","20","https://www.lcsc.com/product-detail/C1854267.html","0805","Tape & Reel (TR)","390nF","±10%","50V","X7R",""
"C1854328","CC1206JKX7RCBB471","YAGEO","80","20","20","https://www.lcsc.com/product-detail/C1854328.html","1206","Tape & Reel (TR)","470pF","±5%","1kV","X7R",""
"C1854329","CC1206JKX7RCBB103","YAGEO","1460","20","20","https://www.lcsc.com/product-detail/C1854329.html","1206","Tape & Reel (TR)","10nF","±5%","1kV","X7R",""
"C1854427","CC1206KKX7RBBB272","YAGEO","1380","20","20","https://www.lcsc.com/product-detail/C1854427.html","1206","Tape & Reel (TR)","2.7nF","±10%","500V","X7R",""
"C1854493","CC0805JRX7RABB152","YAGEO","3950","50","50","https://www.lcsc.com/product-detail/C1854493.html","0805","Tape & Reel (TR)","1.5nF","±5%","200V","X7R",""
"C1855388","CS0805KRX7RCBB102","YAGEO","430","10","10","https://www.lcsc.com/product-detail/C1855388.html","0805","Tape & Reel (TR)","1nF","±10%","1kV","X7R",""
"C1855513","CC1210KKX7R0BB684","YAGEO","5","5","5","https://www.lcsc.com/product-detail/C1855513.html","1210","Tape & Reel (TR)","680nF","±10%","100V","X7R",""
"C1856545","CS1210KKX7R9BB475","YAGEO","260","5","5","https://www.lcsc.com/product-detail/C1856545.html","1210","Tape & Reel (TR)","4.7uF","±10%","50V","X7R",""
"C1952576","CC1210KKX7R6BB106","YAGEO","1440","5","5","https://www.lcsc.com/product-detail/C1952576.html","1210","Tape & Reel (TR)","10uF","±10%","10V","X7R",""
"C2168507","AS1210KKX7R9BB475","YAGEO","210","5","5","https://www.lcsc.com/product-detail/C2168507.html","1210","Tape & Reel (TR)","4.7uF","±10%","50V","X7R",""
"C2168605","AC0402KRX7R9BB562","YAGEO","1100","100","100","https://www.lcsc.com/product-detail/C2168605.html","0402","Tape & Reel (TR)","5.6nF","±10%","50V","X7R",""
"C2169189","AC0805KRX7R8BB103","YAGEO","4000","20","20","https://www.lcsc.com/product-detail/C2169189.html","0805","Tape & Reel (TR)","10nF","±10%","25V","X7R",""
"C2170896","AS0805KKX7R9BB104","YAGEO","80","20","20","https://www.lcsc.com/product-detail/C2170896.html","0805","Tape & Reel (TR)","100nF","±10%","50V","X7R",""
"C2172210","AC1206KKX7R7BB105","YAGEO","1375","5","5","https://www.lcsc.com/product-detail/C2172210.html","1206","Tape & Reel (TR)","1uF","±10%","16V","X7R",""
"C2172564","AC1206KRX7R0BB223","YAGEO","3890","5","5","https://www.lcsc.com/product-detail/C2172564.html","1206","Tape & Reel (TR)","22nF","±10%","100V","X7R",""
"C2172621","CC1210JKX7R9BB105","YAGEO","70","10","10","https://www.lcsc.com/product-detail/C2172621.html","1210","Tape & Reel (TR)","1uF","±5%","50V","X7R",""
"C2173127","AC1210KKX7R8BB224","YAGEO","190","5","5","https://www.lcsc.com/product-detail/C2173127.html","1210","Tape & Reel (TR)","220nF","±10%","25V","X7R",""
"C2173175","AC1210KKX7R9BB104","YAGEO","780","5","5","https://www.lcsc.com/product-detail/C2173175.html","1210","Tape & Reel (TR)","100nF","±10%","50V","X7R",""
"C2173292","CS1206KRX7R9BB102","YAGEO","3380","20","20","https://www.lcsc.com/product-detail/C2173292.html","1206","Tape & Reel (TR)","1nF","±10%","50V","X7R",""
"C2173617","AC1210KKX7R9BB474","YAGEO","15","5","5","https://www.lcsc.com/product-detail/C2173617.html","1210","Tape & Reel (TR)","470nF","±10%","50V","X7R",""
"C2173665","AC1206KKX7R9BB474","YAGEO","1490","5","5","https://www.lcsc.com/product-detail/C2173665.html","1206","Tape & Reel (TR)","470nF","±10%","50V","X7R",""
"C2174206","AS0805KRX7R9BB223","YAGEO","1760","20","20","https://www.lcsc.com/product-detail/C2174206.html","0805","Tape & Reel (TR)","22nF","±10%","50V","X7R",""
"C2174373","AS0805KRX7R9BB473","YAGEO","950","50","50","https://www.lcsc.com/product-detail/C2174373.html","0805","Tape & Reel (TR)","47nF","±10%","50V","X7R",""
"C2174387","AC1210KKX7R8BB105","YAGEO","2460","5","5","https://www.lcsc.com/product-detail/C2174387.html","1210","Tape & Reel (TR)","1uF","±10%","25V","X7R",""
"C2174497","AS0805KRX7R0BB103","YAGEO","500","50","50","https://www.lcsc.com/product-detail/C2174497.html","0805","Tape & Reel (TR)","10nF","±10%","100V","X7R",""
"C2174642","AS0805KKX7R0BB104","YAGEO","2960","10","10","https://www.lcsc.com/product-detail/C2174642.html","0805","Tape & Reel (TR)","100nF","±10%","100V","X7R",""
"C2175066","AS0805KKX7R0BB473","YAGEO","2480","10","10","https://www.lcsc.com/product-detail/C2175066.html","0805","Tape & Reel (TR)","47nF","±10%","100V","X7R",""
"C2175333","CC1206KKX7R5BB106","YAGEO","1370","10","10","https://www.lcsc.com/product-detail/C2175333.html","1206","Tape & Reel (TR)","10uF","±10%","6.3V","X7R",""
"C2175791","AC0402KPX7R9BB103","YAGEO","12800","100","100","https://www.lcsc.com/product-detail/C2175791.html","0402","Tape & Reel (TR)","10nF","±10%","50V","X7R",""
"C2178183","AS0805KRX7R0BB223","YAGEO","600","50","50","https://www.lcsc.com/product-detail/C2178183.html","0805","Tape & Reel (TR)","22nF","±10%","100V","X7R",""
"C2179722","AC1210KKX7RYBB104","YAGEO","50","5","5","https://www.lcsc.com/product-detail/C2179722.html","1210","Tape & Reel (TR)","100nF","±10%","250V","X7R",""
"C2180486","AC0402KRX7R7BB221","YAGEO","4500","100","100","https://www.lcsc.com/product-detail/C2180486.html","0402","Tape & Reel (TR)","220pF","±10%","16V","X7R",""
"C2180991","CC1206KRX7R7BB104","YAGEO","3000","50","50","https://www.lcsc.com/product-detail/C2180991.html","1206","Tape & Reel (TR)","100nF","±10%","16V","X7R",""
"C2181044","AC0603KRX7R7BB223","YAGEO","1900","100","100","https://www.lcsc.com/product-detail/C2181044.html","0603","Tape & Reel (TR)","22nF","±10%","16V","X7R",""
"C2182865","AC0805KRX7RBBB472","YAGEO","5020","20","20","https://www.lcsc.com/product-detail/C2182865.html","0805","Tape & Reel (TR)","4.7nF","±10%","500V","X7R",""
"C2185402","AC0402KRX7R9BB271","YAGEO","8000","100","100","https://www.lcsc.com/product-detail/C2185402.html","0402","Tape & Reel (TR)","270pF","±10%","50V","X7R",""
"C2190582","AC0402KRX7R8BB331","YAGEO","3200","100","100","https://www.lcsc.com/product-detail/C2190582.html","0402","Tape & Reel (TR)","330pF","±10%","25V","X7R",""
"C2196728","AC0603KRX7R9BB562","YAGEO","1600","50","50","https://www.lcsc.com/product-detail/C2196728.html","0603","Tape & Reel (TR)","5.6nF","±10%","50V","X7R",""
"C2198055","AC0603KRX7R7BB472","YAGEO","200","100","100","https://www.lcsc.com/product-detail/C2198055.html","0603","Tape & Reel (TR)","4.7nF","±10%","16V","X7R",""
"C2203584","CS0603KRX7R8BB224","YAGEO","6180","20","20","https://www.lcsc.com/product-detail/C2203584.html","0603","Tape & Reel (TR)","220nF","±10%","25V","X7R",""
"C2210083","CS0805KRX7R0BB103","YAGEO","80","20","20","https://www.lcsc.com/product-detail/C2210083.html","0805","Tape & Reel (TR)","10nF","±10%","100V","X7R",""
"C2214117","AC0805KKX7R0BB333","YAGEO","2620","20","20","https://www.lcsc.com/product-detail/C2214117.html","0805","Tape & Reel (TR)","33nF","±10%","100V","X7R",""
"C2217773","AC0805KKX7R7BB334","YAGEO","100","50","50","https://www.lcsc.com/product-detail/C2217773.html","0805","Tape & Reel (TR)","330nF","±10%","16V","X7R",""
"C2224303","AC1206KRX7R9BB683","YAGEO","240","20","20","https://www.lcsc.com/product-detail/C2224303.html","1206","Tape & Reel (TR)","68nF","±10%","50V","X7R",""
"C2225066","CS1206KKX7RZBB332","YAGEO","2200","20","20","https://www.lcsc.com/product-detail/C2225066.html","1206","Tape & Reel (TR)","3.3nF","±10%","630V","X7R",""
"C2230885","CS0805KRX7RABB102","YAGEO","3640","20","20","https://www.lcsc.com/product-detail/C2230885.html","0805","Tape & Reel (TR)","1nF","±10%","200V","X7R",""
"C2231215","CS1206KKX7RZBB222","YAGEO","20","20","20","https://www.lcsc.com/product-detail/C2231215.html","1206","Tape & Reel (TR)","2.2nF","±10%","630V","X7R",""
"C2237338","AC1206KKX7R6BB105","YAGEO","2590","5","5","https://www.lcsc.com/product-detail/C2237338.html","1206","Tape & Reel (TR)","1uF","±10%","10V","X7R",""
"C2254850","CC1210KKX7R9BB473","YAGEO","3660","10","10","https://www.lcsc.com/product-detail/C2254850.html","1210","Tape & Reel (TR)","47nF","±10%","50V","X7R",""
"C2267170","CS1206KKX7R0BB105","YAGEO","275","5","5","https://www.lcsc.com/product-detail/C2267170.html","1206","Tape & Reel (TR)","1uF","±10%","100V","X7R",""
"C2312635","CS1206KKX7R8BB225","YAGEO","230","5","5","https://www.lcsc.com/product-detail/C2312635.html","1206","Tape & Reel (TR)","2.2uF","±10%","25V","X7R",""
"C2838708","CC0603KRX7R8BB684","YAGEO","70300","50","50","https://www.lcsc.com/product-detail/C2838708.html","0603","Tape & Reel (TR)","680nF","±10%","25V","X7R",""
"C2888326","AC0402KRX7R9BB104","YAGEO","528400","100","100","https://www.lcsc.com/product-detail/C2888326.html","0402","Tape & Reel (TR)","100nF","±10%","50V","X7R",""
"C2936583","CC0603KRX7RABB471","YAGEO","22200","100","100","https://www.lcsc.com/product-detail/C2936583.html","0603","Tape & Reel (TR)","470pF","±10%","200V","X7R",""
"C2936627","AC1206KKX7R0BB105","YAGEO","4660","5","5","https://www.lcsc.com/product-detail/C2936627.html","1206","Tape & Reel (TR)","1uF","±10%","100V","X7R",""
"C2960663","CC0402KRX7R5BB474","YAGEO","8550","10","10","https://www.lcsc.com/product-detail/C2960663.html","0402","Tape & Reel (TR)","470nF","±10%","6.3V","X7R",""
"C3831056","AC0603JRNPO0BN100","YAGEO","4000","50","50","https://www.lcsc.com/product-detail/C3831056.html","0603","Tape & Reel (TR)","10pF","±5%","100V","C0G",""
"C3832736","CC0805KRNPO9BN471","YAGEO","1400","50","50","https://www.lcsc.com/product-detail/C3832736.html","0805","Tape & Reel (TR)","470pF","±10%","50V","C0G",""
"C3832875","AC0805JRNPOYBN471","YAGEO","4000","20","20","https://www.lcsc.com/product-detail/C3832875.html","0805","Tape & Reel (TR)","470pF","±5%","250V","C0G",""
"C3834562","CC1206KKX7RBBB562","YAGEO","3780","20","20","https://www.lcsc.com/product-detail/C3834562.html","1206","Tape & Reel (TR)","5.6nF","±10%","500V","X7R",""
"C3836573","CC0805JRNPOBBN820","YAGEO","7550","50","50","https://www.lcsc.com/product-detail/C3836573.html","0805","Tape & Reel (TR)","82pF","±5%","500V","C0G",""
"C3837141","CQ0603JRNPOYBN220","YAGEO","20","10","10","https://www.lcsc.com/product-detail/C3837141.html","0603","Tape & Reel (TR)","22pF","±5%","250V","C0G",""
"C3838719","AC1206JKNPOCBN221","YAGEO","10","10","10","https://www.lcsc.com/product-detail/C3838719.html","1206","Tape & Reel (TR)","220pF","±5%","1kV","C0G",""
"C3839034","CQ0603JRNPOYBN680","YAGEO","3160","10","10","https://www.lcsc.com/product-detail/C3839034.html","0603","Tape & Reel (TR)","68pF","±5%","250V","C0G",""
"C3842058","AC0603JRNPOYBN151","YAGEO","350","50","50","https://www.lcsc.com/product-detail/C3842058.html","0603","Tape & Reel (TR)","150pF","±5%","250V","C0G",""
"C3843771","CC1206JRNPO0BN562","YAGEO","3300","10","10","https://www.lcsc.com/product-detail/C3843771.html","1206","Tape & Reel (TR)","5.6nF","±5%","100V","C0G",""
"C3845655","AC0402KRX7R9BB223","YAGEO","1400","100","100","https://www.lcsc.com/product-detail/C3845655.html","0402","Tape & Reel (TR)","22nF","±10%","50V","X7R",""
"C3852310","AC1206KRX7R0BB473","YAGEO","7900","10","10","https://www.lcsc.com/product-detail/C3852310.html","1206","Tape & Reel (TR)","47nF","±10%","100V","X7R",""
"C3852421","AQ0402JRNPO9BN101","YAGEO","3550","50","50","https://www.lcsc.com/product-detail/C3852421.html","0402","Tape & Reel (TR)","100pF","±5%","50V","C0G",""
"C3852667","CC0603JRNPOYBN121","YAGEO","300","100","100","https://www.lcsc.com/product-detail/C3852667.html","0603","Tape & Reel (TR)","120pF","±5%","250V","C0G",""
"C3853971","CC0402KRX7R8BB331","YAGEO","9600","100","100","https://www.lcsc.com/product-detail/C3853971.html","0402","Tape & Reel (TR)","330pF","±10%","25V","X7R",""
"C3859684","AC0603KRX7R0BB152","YAGEO","2800","50","50","https://www.lcsc.com/product-detail/C3859684.html","0603","Tape & Reel (TR)","1.5nF","±10%","100V","X7R",""
"C3861426","AC1210KKX7R0BB104","YAGEO","1510","5","5","https://www.lcsc.com/product-detail/C3861426.html","1210","Tape & Reel (TR)","100nF","±10%","100V","X7R",""
"C3863730","AC0603KRX7R8BB222","YAGEO","200","100","100","https://www.lcsc.com/product-detail/C3863730.html","0603","Tape & Reel (TR)","2.2nF","±10%","25V","X7R",""
"C3866704","AC0603KRX7R8BB474","YAGEO","11080","20","20","https://www.lcsc.com/product-detail/C3866704.html","0603","Tape & Reel (TR)","470nF","±10%","25V","X7R",""
"C3868174","AC0603JRNPO0BN222","YAGEO","8880","20","20","https://www.lcsc.com/product-detail/C3868174.html","0603","Tape & Reel (TR)","2.2nF","±5%","100V","C0G",""
"C3869051","AC0805KKX7R5BB105","YAGEO","1020","20","20","https://www.lcsc.com/product-detail/C3869051.html","0805","Tape & Reel (TR)","1uF","±10%","6.3V","X7R",""
"C3871033","CC1210JKX7R0BB104","YAGEO","3315","5","5","https://www.lcsc.com/product-detail/C3871033.html","1210","Tape & Reel (TR)","100nF","±5%","100V","X7R",""
"C3871624","AC1206JRNPOBBN681","YAGEO","2880","20","20","https://www.lcsc.com/product-detail/C3871624.html","1206","Tape & Reel (TR)","680pF","±5%","500V","C0G",""
"C3871899","AC1206KKX7RCBB102","YAGEO","370","5","5","https://www.lcsc.com/product-detail/C3871899.html","1206","Tape & Reel (TR)","1nF","±10%","1kV","X7R",""
"C3872258","CC0402KRNPO9BN180","YAGEO","4200","100","100","https://www.lcsc.com/product-detail/C3872258.html","0402","Tape & Reel (TR)","18pF","±10%","50V","C0G",""
"C3873542","AC0805JRNPO0BN681","YAGEO","200","50","50","https://www.lcsc.com/product-detail/C3873542.html","0805","Tape & Reel (TR)","680pF","±5%","100V","C0G",""
"C3874522","AC1210KKX7R9BB224","YAGEO","115","5","5","https://www.lcsc.com/product-detail/C3874522.html","1210","Tape & Reel (TR)","220nF","±10%","50V","X7R",""
"C3876299","AC0402KRX7R9BB473","YAGEO","31100","100","100","https://www.lcsc.com/product-detail/C3876299.html","0402","Tape & Reel (TR)","47nF","±10%","50V","X7R",""
"C3876934","AC0402KRX7R8BB471","YAGEO","4000","100","100","https://www.lcsc.com/product-detail/C3876934.html","0402","Tape & Reel (TR)","470pF","±10%","25V","X7R",""
"C3879676","CC0603JRNPO9BN501","YAGEO","6900","100","100","https://www.lcsc.com/product-detail/C3879676.html","0603","Tape & Reel (TR)","500pF","±5%","50V","C0G",""
"C3884582","AQ0402JRNPO9BN220","YAGEO","7550","50","50","https://www.lcsc.com/product-detail/C3884582.html","0402","Tape & Reel (TR)","22pF","±5%","50V","C0G",""
"C3886748","AC0603KRX7R9BB123","YAGEO","3700","50","50","https://www.lcsc.com/product-detail/C3886748.html","0603","Tape & Reel (TR)","12nF","±10%","50V","X7R",""
"C3887583","CC1210KKX7R7BB475","YAGEO","30","5","5","https://www.lcsc.com/product-detail/C3887583.html","1210","Tape & Reel (TR)","4.7uF","±10%","16V","X7R",""
"C3888349","CC1206KKX7R0BB154","YAGEO","4240","20","20","https://www.lcsc.com/product-detail/C3888349.html","1206","Tape & Reel (TR)","150nF","±10%","100V","X7R",""
"C3891122","CC0603KRX7R0BB683","YAGEO","3350","50","50","https://www.lcsc.com/product-detail/C3891122.html","0603","Tape & Reel (TR)","68nF","±10%","100V","X7R",""
"C3893829","CC1210JKNPOBBN102","YAGEO","645","5","5","https://www.lcsc.com/product-detail/C3893829.html","1210","Tape & Reel (TR)","1nF","±5%","500V","C0G",""
"C3898298","AC1206JRNPO9BN220","YAGEO","3420","20","20","https://www.lcsc.com/product-detail/C3898298.html","1206","Tape & Reel (TR)","22pF","±5%","50V","C0G",""
"C3907598","AC1206JKNPOCBN470","YAGEO","1475","5","5","https://www.lcsc.com/product-detail/C3907598.html","1206","Tape & Reel (TR)","47pF","±5%","1kV","C0G",""
"C3907958","CC0805JRNPOZBN221","YAGEO","100","50","50","https://www.lcsc.com/product-detail/C3907958.html","0805","Tape & Reel (TR)","220pF","±5%","630V","C0G",""
"C3909468","AC1206JKNPOCBN101","YAGEO","2760","10","10","https://www.lcsc.com/product-detail/C3909468.html","1206","Tape & Reel (TR)","100pF","±5%","1kV","C0G",""
"C3909605","CC1206JRNPO9BN333","YAGEO","2460","5","5","https://www.lcsc.com/product-detail/C3909605.html","1206","Tape & Reel (TR)","33nF","±5%","50V","C0G",""
"C5140553","CC0402KRX7R9BB393","YAGEO","32200","100","100","https://www.lcsc.com/product-detail/C5140553.html","0402","Tape & Reel (TR)","39nF","±10%","50V","X7R",""
"C5182419","CC0402KRX7R9BB563","YAGEO","81000","100","100","https://www.lcsc.com/product-detail/C5182419.html","0402","Tape & Reel (TR)","56nF","±10%","50V","X7R",""
"C5182423","CC0402JRX7R9BB393","YAGEO","800","100","100","https://www.lcsc.com/product-detail/C5182423.html","0402","Tape & Reel (TR)","39nF","±5%","50V","X7R",""
"C5182432","CC0402JRX7R9BB104","YAGEO","361200","50","50","https://www.lcsc.com/product-detail/C5182432.html","0402","Tape & Reel (TR)","100nF","±5%","50V","X7R",""
"C5182438","CC0805KRX7R8BB332","YAGEO","3300","100","100","https://www.lcsc.com/product-detail/C5182438.html","0805","Tape & Reel (TR)","3.3nF","±10%","25V","X7R",""
"C5182444","AS0603KRX7R9BB223","YAGEO","1650","50","50","https://www.lcsc.com/product-detail/C5182444.html","0603","Tape & Reel (TR)","22nF","±10%","50V","X7R",""
"C5182449","CS0805KRX7R9BB682","YAGEO","1520","20","20","https://www.lcsc.com/product-detail/C5182449.html","0805","Tape & Reel (TR)","6.8nF","±10%","50V","X7R",""
"C5182461","CC0805KKX7RYBB104","YAGEO","11140","10","10","https://www.lcsc.com/product-detail/C5182461.html","0805","Tape & Reel (TR)","100nF","±10%","250V","X7R",""
"C5182466","AC1210KKX7R0BB225","YAGEO","650","5","5","https://www.lcsc.com/product-detail/C5182466.html","1210","Tape & Reel (TR)","2.2uF","±10%","100V","X7R",""
"C5185461","CC1206KRX7RYBB182","YAGEO","20","20","20","https://www.lcsc.com/product-detail/C5185461.html","1206","Tape & Reel (TR)","1.8nF","±10%","250V","X7R",""
"C5341638","CC1210KKX7R8BB226","YAGEO","49612","1","1","https://www.lcsc.com/product-detail/C5341638.html","1210","Tape & Reel (TR)","22uF","±10%","25V","X7R",""
"C5355266","AC0805KRX7R9BB272","YAGEO","1000","50","50","https://www.lcsc.com/product-detail/C5355266.html","0805","Tape & Reel (TR)","2.7nF","±10%","50V","X7R",""
"C5370002","CC0805KKX7R0BB105","YAGEO","374630","10","10","https://www.lcsc.com/product-detail/C5370002.html","0805","Tape & Reel (TR)","1uF","±10%","100V","X7R",""
"C5554538","AS1206KKX7RYBB473","YAGEO","20","10","10","https://www.lcsc.com/product-detail/C5554538.html","1206","Tape & Reel (TR)","47nF","±10%","250V","X7R",""
"C5567681","CC0805KKX7RYBB473","YAGEO","50","50","50","https://www.lcsc.com/product-detail/C5567681.html","0805","Tape & Reel (TR)","47nF","±10%","250V","X7R",""
"C5575492","AC0402JRX7R9BB103","YAGEO","19800","50","50","https://www.lcsc.com/product-detail/C5575492.html","0402","Tape & Reel (TR)","10nF","±5%","50V","X7R",""
"C5578983","CS1210KKX7R0BB225","YAGEO","180","5","5","https://www.lcsc.com/product-detail/C5578983.html","1210","Tape & Reel (TR)","2.2uF","±10%","100V","X7R",""
"C5972986","CS0603KRX7R8BB105","YAGEO","120","20","20","https://www.lcsc.com/product-detail/C5972986.html","0603","Tape & Reel (TR)","1uF","±10%","25V","X7R",""
"C6113815","AC0603KRX7R9BB393","YAGEO","3950","50","50","https://www.lcsc.com/product-detail/C6113815.html","0603","Tape & Reel (TR)","39nF","±10%","50V","X7R",""
"C6117856","AC0805KFX7R9BB105","YAGEO","1","1","1","https://www.lcsc.com/product-detail/C6117856.html","0805","Tape & Reel (TR)","1uF","±10%","50V","X7R",""
"C6465807","AS0805KRX7R9BB102","YAGEO","1650","50","50","https://www.lcsc.com/product-detail/C6465807.html","0805","Tape & Reel (TR)","1nF","±10%","50V","X7R",""
"C6492074","AC0603KRX7R9BB154","YAGEO","7050","50","50","https://www.lcsc.com/product-detail/C6492074.html","0603","Tape & Reel (TR)","150nF","±10%","50V","X7R",""
"C6492241","AC0805KKX7RGBB225","YAGEO","2280","10","10","https://www.lcsc.com/product-detail/C6492241.html","0805","Tape & Reel (TR)","2.2uF","±10%","35V","X7R",""
"C6747006","AS0805KKX7R8BB105","YAGEO","40","10","10","https://www.lcsc.com/product-detail/C6747006.html","0805","Tape & Reel (TR)","1uF","±10%","25V","X7R",""
"C6853808","AC0402KRX7R0BB471","YAGEO","4500","100","100","https://www.lcsc.com/product-detail/C6853808.html","0402","Tape & Reel (TR)","470pF","±10%","100V","X7R",""
"C6854068","AC1206KKX7R0BB225","YAGEO","3545","5","5","https://www.lcsc.com/product-detail/C6854068.html","1206","Tape & Reel (TR)","2.2uF","±10%","100V","X7R",""
"C6876996","CC1210KKX7RBBB104","YAGEO","975","5","5","https://www.lcsc.com/product-detail/C6876996.html","1210","Tape & Reel (TR)","100nF","±10%","500V","X7R",""
"C7209274","AC1210KKX7R0BB105","YAGEO","730","5","5","https://www.lcsc.com/product-detail/C7209274.html","1210","Tape & Reel (TR)","1uF","±10%","100V","X7R",""
"C7209937","AC0402KRX7R0BB221","YAGEO","100","100","100","https://www.lcsc.com/product-detail/C7209937.html","0402","Tape & Reel (TR)","220pF","±10%","100V","X7R",""
"C7210087","AC0805KKX7R5BB106","YAGEO","2615","5","5","https://www.lcsc.com/product-detail/C7210087.html","0805","Tape & Reel (TR)","10uF","±10%","6.3V","X7R",""
"C7498583","CC1206KKX7R0BB684","YAGEO","910","10","10","https://www.lcsc.com/product-detail/C7498583.html","1206","Tape & Reel (TR)","680nF","±10%","100V","X7R",""
"C7500381","CC0402KRX7R6BB105","YAGEO","42160","20","20","https://www.lcsc.com/product-detail/C7500381.html","0402","Tape & Reel (TR)","1uF","±10%","10V","X7R",""
"C7500383","CC0805KKX7R0BB334","YAGEO","1810","10","10","https://www.lcsc.com/product-detail/C7500383.html","0805","Tape & Reel (TR)","330nF","±10%","100V","X7R",""
"C7500386","CC1206JKNPOZBN103","YAGEO","845","5","5","https://www.lcsc.com/product-detail/C7500386.html","1206","Tape & Reel (TR)","10nF","±5%","630V","C0G;NP0",""
"C7500389","CC1206JRNPO9BN223","YAGEO","4935","5","5","https://www.lcsc.com/product-detail/C7500389.html","1206","Tape & Reel (TR)","22nF","±5%","50V","C0G;NP0",""
"C7500394","CC0805KKX7RYBB333","YAGEO","2820","20","20","https://www.lcsc.com/product-detail/C7500394.html","0805","Tape & Reel (TR)","33nF","±10%","250V","X7R",""
"C20141854","AC0402KRX7R8BB562","YAGEO","8400","100","100","https://www.lcsc.com/product-detail/C20141854.html","0402","Tape & Reel (TR)","5.6nF","±10%","25V","X7R",""
"C20142823","AC0805JKNPO0BN472","YAGEO","620","10","10","https://www.lcsc.com/product-detail/C20142823.html","0805","Tape & Reel (TR)","4.7nF","±5%","100V","C0G;NP0",""
"C34625660","AC1206KKX7RBBB103","YAGEO","2420","20","20","https://www.lcsc.com/product-detail/C34625660.html","1206","Tape & Reel (TR)","10nF","±10%","500V","X7R","-55℃~+125℃"
"C35224454","AC1206KKX7RZBB103","YAGEO","140","10","10","https://www.lcsc.com/product-detail/C35224454.html","1206","Tape & Reel (TR)","10nF","±10%","630V","X7R",""
"C42097139","AC1206KKX7R7BB106","YAGEO","240","5","5","https://www.lcsc.com/product-detail/C42097139.html","1206","Tape & Reel (TR)","10uF","±10%","16V","X7R",""
"C43724564","AC1206KKX7RBBB102","YAGEO","2160","20","20","https://www.lcsc.com/product-detail/C43724564.html","1206","Tape & Reel (TR)","1nF","±10%","500V","X7R",""
