"LCSC Part#","MPN","Manufacturer","Availability","Minimum","Multiples","Product Detail","Package","Packaging","Type","Resistance","Tolerance","Voltage Rating","Power(Watts)","Temperature Coefficient"
"C98220","RC0603FR-0710KL","YAGEO","11387600","100","100","https://www.lcsc.com/product-detail/C98220.html","0603","Tape & Reel (TR)","Thick Film Resistor","10kΩ","±1%","75V","100mW","±100ppm/℃"
"C22548","RC0603FR-071KL","YAGEO","7248200","100","100","https://www.lcsc.com/product-detail/C22548.html","0603","Tape & Reel (TR)","Thick Film Resistor","1kΩ","±1%","75V","100mW","±100ppm/℃"
"C606167","RC0402FR-7W100KL","YAGEO","3500","100","100","https://www.lcsc.com/product-detail/C606167.html","0402","Tape & Reel (TR)","Thick Film Resistor","100kΩ","±1%","50V","125mW","±100ppm/℃"
"C60490","RC0402FR-0710KL","YAGEO","4724500","100","100","https://www.lcsc.com/product-detail/C60490.html","0402","Tape & Reel (TR)","Thick Film Resistor","10kΩ","±1%","50V","62.5mW","±100ppm/℃"
"C105575","RC0603FR-0720KL","YAGEO","4310600","100","100","https://www.lcsc.com/product-detail/C105575.html","0603","Tape & Reel (TR)","Thick Film Resistor","20kΩ","±1%","75V","100mW","±100ppm/℃"
"C106232","RC0402FR-07100RL","YAGEO","4205200","100","100","https://www.lcsc.com/product-detail/C106232.html","0402","Tape & Reel (TR)","Thick Film Resistor","100Ω","±1%","50V","62.5mW","±100ppm/℃"
"C106235","RC0402FR-071KL","YAGEO","3511300","100","100","https://www.lcsc.com/product-detail/C106235.html","0402","Tape & Reel (TR)","Thick Film Resistor","1kΩ","±1%","50V","62.5mW","±100ppm/℃"
"C14675","RC0603FR-07100KL","YAGEO","2604600","100","100","https://www.lcsc.com/product-detail/C14675.html","0603","Tape & Reel (TR)","Thick Film Resistor","100kΩ","±1%","75V","100mW","±100ppm/℃"
"C138033","RC0402FR-071ML","YAGEO","1773400","100","100","https://www.lcsc.com/product-detail/C138033.html","0402","Tape & Reel (TR)","Thick Film Resistor","1MΩ","±1%","50V","62.5mW","±100ppm/℃"
"C84376","RC0805FR-0710KL","YAGEO","1745400","100","100","https://www.lcsc.com/product-detail/C84376.html","0805","Tape & Reel (TR)","Thick Film Resistor","10kΩ","±1%","150V","125mW","±100ppm/℃"
"C105574","RC0603FR-07200KL","YAGEO","1644100","100","100","https://www.lcsc.com/product-detail/C105574.html","0603","Tape & Reel (TR)","Thick Film Resistor","200kΩ","±1%","75V","100mW","±100ppm/℃"
"C114566","RC0805FR-0720KL","YAGEO","1565500","100","100","https://www.lcsc.com/product-detail/C114566.html","0805","Tape & Reel (TR)","Thick Film Resistor","20kΩ","±1%","150V","125mW","±100ppm/℃"
"C95781","RC0805FR-071KL","YAGEO","1134000","100","100","https://www.lcsc.com/product-detail/C95781.html","0805","Tape & Reel (TR)","Thick Film Resistor","1kΩ","±1%","150V","125mW","±100ppm/℃"
"C138031","RC0402FR-0720RL","YAGEO","1071700","100","100","https://www.lcsc.com/product-detail/C138031.html","0402","Tape & Reel (TR)","Thick Film Resistor","20Ω","±1%","50V","62.5mW","±100ppm/℃"
"C606169","RC0402FR-7W15KL","YAGEO","3000","100","100","https://www.lcsc.com/product-detail/C606169.html","0402","Tape & Reel (TR)","Thick Film Resistor","15kΩ","±1%","50V","125mW","±100ppm/℃"
"C93942","RC0402FR-0720KL","YAGEO","975700","100","100","https://www.lcsc.com/product-detail/C93942.html","0402","Tape & Reel (TR)","Thick Film Resistor","20kΩ","±1%","50V","62.5mW","±100ppm/℃"
"C6751129","RC0402FR-07200KP","YAGEO","900","100","100","https://www.lcsc.com/product-detail/C6751129.html","0402","Tape & Reel (TR)","Thick Film Resistor","200kΩ","±1%","","63mW","±100ppm/℃"
"C851820","RC0402FR-071K5P","YAGEO","9800","100","100","https://www.lcsc.com/product-detail/C851820.html","0402","Tape & Reel (TR)","Thick Film Resistor","1.5kΩ","±1%","","63mW","±100ppm/℃"
"C93947","RC0402FR-07150KL","YAGEO","828500","100","100","https://www.lcsc.com/product-detail/C93947.html","0402","Tape & Reel (TR)","Thick Film Resistor","150kΩ","±1%","50V","62.5mW","±100ppm/℃"
"C114664","RC0603FR-07200RL","YAGEO","813100","100","100","https://www.lcsc.com/product-detail/C114664.html","0603","Tape & Reel (TR)","Thick Film Resistor","200Ω","±1%","75V","100mW","±100ppm/℃"
"C5842895","RC0402FR-0740K2P","YAGEO","5100","100","100","https://www.lcsc.com/product-detail/C5842895.html","0402","Tape & Reel (TR)","Thick Film Resistor","40.2kΩ","±1%","","63mW","±100ppm/℃"
"C138065","RC0402FR-07110KL","YAGEO","777100","100","100","https://www.lcsc.com/product-detail/C138065.html","0402","Tape & Reel (TR)","Thick Film Resistor","110kΩ","±1%","50V","62.5mW","±100ppm/℃"
"C96346","RC0805FR-07100KL","YAGEO","774600","100","100","https://www.lcsc.com/product-detail/C96346.html","0805","Tape & Reel (TR)","Thick Film Resistor","100kΩ","±1%","150V","125mW","±100ppm/℃"
"C114660","RC0603FR-07150KL","YAGEO","765700","100","100","https://www.lcsc.com/product-detail/C114660.html","0603","Tape & Reel (TR)","Thick Film Resistor","150kΩ","±1%","75V","100mW","±100ppm/℃"
"C93946","RC0402FR-07130KL","YAGEO","749700","100","100","https://www.lcsc.com/product-detail/C93946.html","0402","Tape & Reel (TR)","Thick Film Resistor","130kΩ","±1%","50V","62.5mW","±100ppm/℃"
"C87044","RC0402FR-0749R9L","YAGEO","732200","100","100","https://www.lcsc.com/product-detail/C87044.html","0402","Tape & Reel (TR)","Thick Film Resistor","49.9Ω","±1%","50V","62.5mW","±100ppm/℃"
"C128059","RC0603FR-0715RL","YAGEO","713700","100","100","https://www.lcsc.com/product-detail/C128059.html","0603","Tape & Reel (TR)","Thick Film Resistor","15Ω","±1%","75V","100mW","±100ppm/℃"
"C114668","RC0603FR-071K5L","YAGEO","693400","100","100","https://www.lcsc.com/product-detail/C114668.html","0603","Tape & Reel (TR)","Thick Film Resistor","1.5kΩ","±1%","75V","100mW","±100ppm/℃"
"C137969","RC0402FR-0749K9L","YAGEO","675400","100","100","https://www.lcsc.com/product-detail/C137969.html","0402","Tape & Reel (TR)","Thick Film Resistor","49.9kΩ","±1%","50V","62.5mW","±100ppm/℃"
"C114567","RC0805FR-07200RL","YAGEO","674900","100","100","https://www.lcsc.com/product-detail/C114567.html","0805","Tape & Reel (TR)","Thick Film Resistor","200Ω","±1%","150V","125mW","±100ppm/℃"
"C114661","RC0603FR-0715KL","YAGEO","672700","100","100","https://www.lcsc.com/product-detail/C114661.html","0603","Tape & Reel (TR)","Thick Film Resistor","15kΩ","±1%","75V","100mW","±100ppm/℃"
"C105576","RC0603FR-072KL","YAGEO","660100","100","100","https://www.lcsc.com/product-detail/C105576.html","0603","Tape & Reel (TR)","Thick Film Resistor","2kΩ","±1%","75V","100mW","±100ppm/℃"
"C114572","RC0805FR-072KL","YAGEO","590500","100","100","https://www.lcsc.com/product-detail/C114572.html","0805","Tape & Reel (TR)","Thick Film Resistor","2kΩ","±1%","150V","125mW","±100ppm/℃"
"C114625","RC0603FR-0749R9L","YAGEO","469800","100","100","https://www.lcsc.com/product-detail/C114625.html","0603","Tape & Reel (TR)","Thick Film Resistor","49.9Ω","±1%","75V","100mW","±100ppm/℃"
"C137936","RC0402FR-07750RL","YAGEO","462100","100","100","https://www.lcsc.com/product-detail/C137936.html","0402","Tape & Reel (TR)","Thick Film Resistor","750Ω","±1%","50V","62.5mW","±100ppm/℃"
"C114558","RC0805FR-07150KL","YAGEO","460100","100","100","https://www.lcsc.com/product-detail/C114558.html","0805","Tape & Reel (TR)","Thick Film Resistor","150kΩ","±1%","150V","125mW","±100ppm/℃"
"C114555","RC0805FR-071K5L","YAGEO","436100","100","100","https://www.lcsc.com/product-detail/C114555.html","0805","Tape & Reel (TR)","Thick Film Resistor","1.5kΩ","±1%","150V","125mW","±100ppm/℃"
"C723351","RC0805FR-7W100RL","YAGEO","13780","20","20","https://www.lcsc.com/product-detail/C723351.html","0805","Tape & Reel (TR)","Thick Film Resistor","100Ω","±1%","150V","250mW","±100ppm/℃"
"C137934","RC0402FR-077K5L","YAGEO","406100","100","100","https://www.lcsc.com/product-detail/C137934.html","0402","Tape & Reel (TR)","Thick Film Resistor","7.5kΩ","±1%","50V","62.5mW","±100ppm/℃"
"C137745","RC0603FR-0730K1L","YAGEO","396300","100","100","https://www.lcsc.com/product-detail/C137745.html","0603","Tape & Reel (TR)","Thick Film Resistor","30.1kΩ","±1%","75V","100mW","±100ppm/℃"
"C97819","RC0402FR-076K04L","YAGEO","395000","100","100","https://www.lcsc.com/product-detail/C97819.html","0402","Tape & Reel (TR)","Thick Film Resistor","6.04kΩ","±1%","50V","62.5mW","±100ppm/℃"
"C114562","RC0805FR-07200KL","YAGEO","394800","100","100","https://www.lcsc.com/product-detail/C114562.html","0805","Tape & Reel (TR)","Thick Film Resistor","200kΩ","±1%","150V","125mW","±100ppm/℃"
"C185372","RC0603FR-07140KL","YAGEO","393100","100","100","https://www.lcsc.com/product-detail/C185372.html","0603","Tape & Reel (TR)","Thick Film Resistor","140kΩ","±1%","75V","100mW","±100ppm/℃"
"C114764","RC0402FR-07200RL","YAGEO","353700","100","100","https://www.lcsc.com/product-detail/C114764.html","0402","Tape & Reel (TR)","Thick Film Resistor","200Ω","±1%","50V","62.5mW","±100ppm/℃"
"C137761","RC0603FR-0724K9L","YAGEO","341700","100","100","https://www.lcsc.com/product-detail/C137761.html","0603","Tape & Reel (TR)","Thick Film Resistor","24.9kΩ","±1%","75V","100mW","±100ppm/℃"
"C107700","RC0805FR-071ML","YAGEO","324300","100","100","https://www.lcsc.com/product-detail/C107700.html","0805","Tape & Reel (TR)","Thick Film Resistor","1MΩ","±1%","150V","125mW","±100ppm/℃"
"C137773","RC0603FR-071M5L","YAGEO","322300","100","100","https://www.lcsc.com/product-detail/C137773.html","0603","Tape & Reel (TR)","Thick Film Resistor","1.5MΩ","±1%","75V","100mW","±100ppm/℃"
"C137714","RC0603FR-07499RL","YAGEO","269000","100","100","https://www.lcsc.com/product-detail/C137714.html","0603","Tape & Reel (TR)","Thick Film Resistor","499Ω","±1%","75V","100mW","±100ppm/℃"
"C114634","RC0603FR-077K5L","YAGEO","258200","100","100","https://www.lcsc.com/product-detail/C114634.html","0603","Tape & Reel (TR)","Thick Film Resistor","7.5kΩ","±1%","75V","100mW","±100ppm/℃"
"C114151","RC0402FR-07140KL","YAGEO","256400","100","100","https://www.lcsc.com/product-detail/C114151.html","0402","Tape & Reel (TR)","Thick Film Resistor","140kΩ","±1%","50V","62.5mW","±100ppm/℃"
"C114636","RC0603FR-0775KL","YAGEO","251700","100","100","https://www.lcsc.com/product-detail/C114636.html","0603","Tape & Reel (TR)","Thick Film Resistor","75kΩ","±1%","75V","100mW","±100ppm/℃"
"C276278","RC0402FR-078K06L","YAGEO","235400","100","100","https://www.lcsc.com/product-detail/C276278.html","0402","Tape & Reel (TR)","Thick Film Resistor","8.06kΩ","±1%","50V","62.5mW","±100ppm/℃"
"C141697","RC0805FR-0775RL","YAGEO","234300","100","100","https://www.lcsc.com/product-detail/C141697.html","0805","Tape & Reel (TR)","Thick Film Resistor","75Ω","±1%","150V","125mW","±100ppm/℃"
"C185455","RC0402FR-071K3L","YAGEO","231000","100","100","https://www.lcsc.com/product-detail/C185455.html","0402","Tape & Reel (TR)","Thick Film Resistor","1.3kΩ","±1%","50V","62.5mW","±100ppm/℃"
"C114523","RC0805FR-07150RL","YAGEO","228500","100","100","https://www.lcsc.com/product-detail/C114523.html","0805","Tape & Reel (TR)","Thick Film Resistor","150Ω","±1%","150V","125mW","±100ppm/℃"
"C155695","RC0402FR-077K68L","YAGEO","224300","100","100","https://www.lcsc.com/product-detail/C155695.html","0402","Tape & Reel (TR)","Thick Film Resistor","7.68kΩ","±1%","50V","62.5mW","±100ppm/℃"
"C138055","RC0402FR-0714K7L","YAGEO","216600","100","100","https://www.lcsc.com/product-detail/C138055.html","0402","Tape & Reel (TR)","Thick Film Resistor","14.7kΩ","±1%","50V","62.5mW","±100ppm/℃"
"C137768","RC0603FR-0722K1L","YAGEO","214200","100","100","https://www.lcsc.com/product-detail/C137768.html","0603","Tape & Reel (TR)","Thick Film Resistor","22.1kΩ","±1%","75V","100mW","±100ppm/℃"
"C477610","RC0402FR-07130RL","YAGEO","201100","100","100","https://www.lcsc.com/product-detail/C477610.html","0402","Tape & Reel (TR)","Thick Film Resistor","130Ω","±1%","50V","62.5mW","±100ppm/℃"
"C137965","RC0402FR-074K99L","YAGEO","194600","100","100","https://www.lcsc.com/product-detail/C137965.html","0402","Tape & Reel (TR)","Thick Film Resistor","4.99kΩ","±1%","50V","62.5mW","±100ppm/℃"
"C114546","RC0805FR-07750RL","YAGEO","186600","100","100","https://www.lcsc.com/product-detail/C114546.html","0805","Tape & Reel (TR)","Thick Film Resistor","750Ω","±1%","150V","125mW","±100ppm/℃"
"C185425","RC0402FR-0732K4L","YAGEO","175700","100","100","https://www.lcsc.com/product-detail/C185425.html","0402","Tape & Reel (TR)","Thick Film Resistor","32.4kΩ","±1%","50V","62.5mW","±100ppm/℃"
"C114621","RC0603FR-074K99L","YAGEO","173600","100","100","https://www.lcsc.com/product-detail/C114621.html","0603","Tape & Reel (TR)","Thick Film Resistor","4.99kΩ","±1%","75V","100mW","±100ppm/℃"
"C114557","RC0805FR-0720RL","YAGEO","168400","100","100","https://www.lcsc.com/product-detail/C114557.html","0805","Tape & Reel (TR)","Thick Film Resistor","20Ω","±1%","150V","125mW","±100ppm/℃"
"C274352","RC0402FR-0713K3L","YAGEO","162000","100","100","https://www.lcsc.com/product-detail/C274352.html","0402","Tape & Reel (TR)","Thick Film Resistor","13.3kΩ","±1%","50V","62.5mW","±100ppm/℃"
"C273695","RC0402FR-0725K5L","YAGEO","158300","100","100","https://www.lcsc.com/product-detail/C273695.html","0402","Tape & Reel (TR)","Thick Film Resistor","25.5kΩ","±1%","50V","62.5mW","±100ppm/℃"
"C137968","RC0402FR-074K02L","YAGEO","154500","100","100","https://www.lcsc.com/product-detail/C137968.html","0402","Tape & Reel (TR)","Thick Film Resistor","4.02kΩ","±1%","50V","62.5mW","±100ppm/℃"
"C185392","RC0402FR-0780R6L","YAGEO","151500","100","100","https://www.lcsc.com/product-detail/C185392.html","0402","Tape & Reel (TR)","Thick Film Resistor","80.6Ω","±1%","50V","62.5mW","±100ppm/℃"
"C105588","RC0603FR-07100RL","YAGEO","146400","100","100","https://www.lcsc.com/product-detail/C105588.html","0603","Tape & Reel (TR)","Thick Film Resistor","100Ω","±1%","75V","100mW","±100ppm/℃"
"C137970","RC0402FR-07499RL","YAGEO","142000","100","100","https://www.lcsc.com/product-detail/C137970.html","0402","Tape & Reel (TR)","Thick Film Resistor","499Ω","±1%","50V","62.5mW","±100ppm/℃"
"C137807","RC0603FR-07110KL","YAGEO","139400","100","100","https://www.lcsc.com/product-detail/C137807.html","0603","Tape & Reel (TR)","Thick Film Resistor","110kΩ","±1%","75V","100mW","±100ppm/℃"
"C114532","RC0805FR-072ML","YAGEO","137600","100","100","https://www.lcsc.com/product-detail/C114532.html","0805","Tape & Reel (TR)","Thick Film Resistor","2MΩ","±1%","150V","125mW","±100ppm/℃"
"C105578","RC0603FR-071ML","YAGEO","122300","100","100","https://www.lcsc.com/product-detail/C105578.html","0603","Tape & Reel (TR)","Thick Film Resistor","1MΩ","±1%","75V","100mW","±100ppm/℃"
"C327339","RC0402FR-0751K1L","YAGEO","113200","100","100","https://www.lcsc.com/product-detail/C327339.html","0402","Tape & Reel (TR)","Thick Film Resistor","51.1kΩ","±1%","50V","62.5mW","±100ppm/℃"
"C137491","RC0805FR-0775KL","YAGEO","103600","100","100","https://www.lcsc.com/product-detail/C137491.html","0805","Tape & Reel (TR)","Thick Film Resistor","75kΩ","±1%","150V","125mW","±100ppm/℃"
"C137801","RC0603FR-0711KL","YAGEO","102400","100","100","https://www.lcsc.com/product-detail/C137801.html","0603","Tape & Reel (TR)","Thick Film Resistor","11kΩ","±1%","75V","100mW","±100ppm/℃"
"C163452","RC0402FR-0790K9L","YAGEO","99300","100","100","https://www.lcsc.com/product-detail/C163452.html","0402","Tape & Reel (TR)","Thick Film Resistor","90.9kΩ","±1%","50V","62.5mW","±100ppm/℃"
"C274888","RC0402FR-0713K7L","YAGEO","95100","100","100","https://www.lcsc.com/product-detail/C274888.html","0402","Tape & Reel (TR)","Thick Film Resistor","13.7kΩ","±1%","50V","62.5mW","±100ppm/℃"
"C274889","RC0402FR-071K24L","YAGEO","94900","100","100","https://www.lcsc.com/product-detail/C274889.html","0402","Tape & Reel (TR)","Thick Film Resistor","1.24kΩ","±1%","50V","62.5mW","±100ppm/℃"
"C273691","RC0402FR-075K9L","YAGEO","93600","100","100","https://www.lcsc.com/product-detail/C273691.html","0402","Tape & Reel (TR)","Thick Film Resistor","5.9kΩ","±1%","50V","62.5mW","±100ppm/℃"
"C276264","RC0402FR-0724K3L","YAGEO","91500","100","100","https://www.lcsc.com/product-detail/C276264.html","0402","Tape & Reel (TR)","Thick Film Resistor","24.3kΩ","±1%","50V","62.5mW","±100ppm/℃"
"C165742","RC0603FR-0760K4L","YAGEO","90800","100","100","https://www.lcsc.com/product-detail/C165742.html","0603","Tape & Reel (TR)","Thick Film Resistor","60.4kΩ","±1%","75V","100mW","±100ppm/℃"
"C138042","RC0402FR-0719K1L","YAGEO","85700","100","100","https://www.lcsc.com/product-detail/C138042.html","0402","Tape & Reel (TR)","Thick Film Resistor","19.1kΩ","±1%","50V","62.5mW","±100ppm/℃"
"C114547","RC0805FR-077K5L","YAGEO","85700","100","100","https://www.lcsc.com/product-detail/C114547.html","0805","Tape & Reel (TR)","Thick Film Resistor","7.5kΩ","±1%","150V","125mW","±100ppm/℃"
"C137675","RC0603FR-078K87L","YAGEO","70700","100","100","https://www.lcsc.com/product-detail/C137675.html","0603","Tape & Reel (TR)","Thick Film Resistor","8.87kΩ","±1%","75V","100mW","±100ppm/℃"
"C138057","RC0402FR-0713KL","YAGEO","70300","100","100","https://www.lcsc.com/product-detail/C138057.html","0402","Tape & Reel (TR)","Thick Film Resistor","13kΩ","±1%","50V","62.5mW","±100ppm/℃"
"C273800","RC0603FR-07845RL","YAGEO","70000","100","100","https://www.lcsc.com/product-detail/C273800.html","0603","Tape & Reel (TR)","Thick Film Resistor","845Ω","±1%","75V","100mW","±100ppm/℃"
"C137977","RC0402FR-0745K3L","YAGEO","69500","100","100","https://www.lcsc.com/product-detail/C137977.html","0402","Tape & Reel (TR)","Thick Film Resistor","45.3kΩ","±1%","50V","62.5mW","±100ppm/℃"
"C137759","RC0603FR-0724R9L","YAGEO","69000","100","100","https://www.lcsc.com/product-detail/C137759.html","0603","Tape & Reel (TR)","Thick Film Resistor","24.9Ω","±1%","75V","100mW","±100ppm/℃"
"C137715","RC0603FR-0747K5L","YAGEO","66800","100","100","https://www.lcsc.com/product-detail/C137715.html","0603","Tape & Reel (TR)","Thick Film Resistor","47.5kΩ","±1%","75V","100mW","±100ppm/℃"
"C185422","RC0402FR-0737K4L","YAGEO","64600","100","100","https://www.lcsc.com/product-detail/C185422.html","0402","Tape & Reel (TR)","Thick Film Resistor","37.4kΩ","±1%","50V","62.5mW","±100ppm/℃"
"C163489","RC0402FR-07147KL","YAGEO","61000","100","100","https://www.lcsc.com/product-detail/C163489.html","0402","Tape & Reel (TR)","Thick Film Resistor","147kΩ","±1%","50V","62.5mW","±100ppm/℃"
"C137710","RC0603FR-074K75L","YAGEO","58400","100","100","https://www.lcsc.com/product-detail/C137710.html","0603","Tape & Reel (TR)","Thick Film Resistor","4.75kΩ","±1%","75V","100mW","±100ppm/℃"
"C185403","RC0402FR-0764K9L","YAGEO","56800","100","100","https://www.lcsc.com/product-detail/C185403.html","0402","Tape & Reel (TR)","Thick Film Resistor","64.9kΩ","±1%","50V","62.5mW","±100ppm/℃"
"C245950","RC0603FR-072K1L","YAGEO","55900","100","100","https://www.lcsc.com/product-detail/C245950.html","0603","Tape & Reel (TR)","Thick Film Resistor","2.1kΩ","±1%","75V","100mW","±100ppm/℃"
"C477738","RC0402FR-07422KL","YAGEO","54200","100","100","https://www.lcsc.com/product-detail/C477738.html","0402","Tape & Reel (TR)","Thick Film Resistor","422kΩ","±1%","50V","62.5mW","±100ppm/℃"
"C114559","RC0805FR-0715KL","YAGEO","52100","100","100","https://www.lcsc.com/product-detail/C114559.html","0805","Tape & Reel (TR)","Thick Film Resistor","15kΩ","±1%","150V","125mW","±100ppm/℃"
"C189473","RC0402FR-0711K3L","YAGEO","50900","100","100","https://www.lcsc.com/product-detail/C189473.html","0402","Tape & Reel (TR)","Thick Film Resistor","11.3kΩ","±1%","50V","62.5mW","±100ppm/℃"
"C185374","RC0603FR-0712K7L","YAGEO","49600","100","100","https://www.lcsc.com/product-detail/C185374.html","0603","Tape & Reel (TR)","Thick Film Resistor","12.7kΩ","±1%","75V","100mW","±100ppm/℃"
"C185465","RC0402FR-0714K3L","YAGEO","49200","100","100","https://www.lcsc.com/product-detail/C185465.html","0402","Tape & Reel (TR)","Thick Film Resistor","14.3kΩ","±1%","50V","62.5mW","±100ppm/℃"
"C185389","RC0402FR-078K25L","YAGEO","48800","100","100","https://www.lcsc.com/product-detail/C185389.html","0402","Tape & Reel (TR)","Thick Film Resistor","8.25kΩ","±1%","50V","62.5mW","±100ppm/℃"
"C137590","RC0805FR-0715RL","YAGEO","47100","100","100","https://www.lcsc.com/product-detail/C137590.html","0805","Tape & Reel (TR)","Thick Film Resistor","15Ω","±1%","150V","125mW","±100ppm/℃"
"C354260","RC0402FR-0744K2L","YAGEO","47000","100","100","https://www.lcsc.com/product-detail/C354260.html","0402","Tape & Reel (TR)","Thick Film Resistor","44.2kΩ","±1%","50V","62.5mW","±100ppm/℃"
"C141679","RC0603FR-074K02L","YAGEO","46700","100","100","https://www.lcsc.com/product-detail/C141679.html","0603","Tape & Reel (TR)","Thick Film Resistor","4.02kΩ","±1%","75V","100mW","±100ppm/℃"
"C276270","RC0402FR-0742K2L","YAGEO","45900","100","100","https://www.lcsc.com/product-detail/C276270.html","0402","Tape & Reel (TR)","Thick Film Resistor","42.2kΩ","±1%","50V","62.5mW","±100ppm/℃"
"C245990","RC0603FR-07634RL","YAGEO","44600","100","100","https://www.lcsc.com/product-detail/C245990.html","0603","Tape & Reel (TR)","Thick Film Resistor","634Ω","±1%","75V","100mW","±100ppm/℃"
"C137716","RC0603FR-07475RL","YAGEO","44600","100","100","https://www.lcsc.com/product-detail/C137716.html","0603","Tape & Reel (TR)","Thick Film Resistor","475Ω","±1%","75V","100mW","±100ppm/℃"
"C273724","RC0402FR-072K94L","YAGEO","43800","100","100","https://www.lcsc.com/product-detail/C273724.html","0402","Tape & Reel (TR)","Thick Film Resistor","2.94kΩ","±1%","50V","62.5mW","±100ppm/℃"
"C185391","RC0402FR-0782K5L","YAGEO","42100","100","100","https://www.lcsc.com/product-detail/C185391.html","0402","Tape & Reel (TR)","Thick Film Resistor","82.5kΩ","±1%","50V","62.5mW","±100ppm/℃"
"C171671","RC0402FR-07105KL","YAGEO","39000","100","100","https://www.lcsc.com/product-detail/C171671.html","0402","Tape & Reel (TR)","Thick Film Resistor","105kΩ","±1%","50V","62.5mW","±100ppm/℃"
"C273788","RC0603FR-07133KL","YAGEO","38600","100","100","https://www.lcsc.com/product-detail/C273788.html","0603","Tape & Reel (TR)","Thick Film Resistor","133kΩ","±1%","75V","100mW","±100ppm/℃"
"C163432","RC0603FR-07130KL","YAGEO","37900","100","100","https://www.lcsc.com/product-detail/C163432.html","0603","Tape & Reel (TR)","Thick Film Resistor","130kΩ","±1%","75V","100mW","±100ppm/℃"
"C138034","RC0402FR-071M5L","YAGEO","37500","100","100","https://www.lcsc.com/product-detail/C138034.html","0402","Tape & Reel (TR)","Thick Film Resistor","1.5MΩ","±1%","50V","62.5mW","±100ppm/℃"
"C483071","RC0805FR-07221RL","YAGEO","35800","100","100","https://www.lcsc.com/product-detail/C483071.html","0805","Tape & Reel (TR)","Thick Film Resistor","221Ω","±1%","150V","125mW","±100ppm/℃"
"C276276","RC0402FR-0768K1L","YAGEO","35600","100","100","https://www.lcsc.com/product-detail/C276276.html","0402","Tape & Reel (TR)","Thick Film Resistor","68.1kΩ","±1%","50V","62.5mW","±100ppm/℃"
"C138052","RC0402FR-0715RL","YAGEO","34900","100","100","https://www.lcsc.com/product-detail/C138052.html","0402","Tape & Reel (TR)","Thick Film Resistor","15Ω","±1%","50V","62.5mW","±100ppm/℃"
"C245987","RC0603FR-0760R4L","YAGEO","34800","100","100","https://www.lcsc.com/product-detail/C245987.html","0603","Tape & Reel (TR)","Thick Film Resistor","60.4Ω","±1%","75V","100mW","±100ppm/℃"
"C131052","RC0603FR-078K06L","YAGEO","34600","100","100","https://www.lcsc.com/product-detail/C131052.html","0603","Tape & Reel (TR)","Thick Film Resistor","8.06kΩ","±1%","75V","100mW","±100ppm/℃"
"C137517","RC0805FR-074K75L","YAGEO","34400","100","100","https://www.lcsc.com/product-detail/C137517.html","0805","Tape & Reel (TR)","Thick Film Resistor","4.75kΩ","±1%","150V","125mW","±100ppm/℃"
"C189472","RC0402FR-0711K8L","YAGEO","32100","100","100","https://www.lcsc.com/product-detail/C189472.html","0402","Tape & Reel (TR)","Thick Film Resistor","11.8kΩ","±1%","50V","62.5mW","±100ppm/℃"
"C327362","RC0402FR-0723K7L","YAGEO","31400","100","100","https://www.lcsc.com/product-detail/C327362.html","0402","Tape & Reel (TR)","Thick Film Resistor","23.7kΩ","±1%","50V","62.5mW","±100ppm/℃"
"C138005","RC0402FR-07332KL","YAGEO","31300","100","100","https://www.lcsc.com/product-detail/C138005.html","0402","Tape & Reel (TR)","Thick Film Resistor","332kΩ","±1%","50V","62.5mW","±100ppm/℃"
"C137966","RC0402FR-074K75L","YAGEO","30600","100","100","https://www.lcsc.com/product-detail/C137966.html","0402","Tape & Reel (TR)","Thick Film Resistor","4.75kΩ","±1%","50V","62.5mW","±100ppm/℃"
"C273341","RC0402FR-07115KL","YAGEO","30500","100","100","https://www.lcsc.com/product-detail/C273341.html","0402","Tape & Reel (TR)","Thick Film Resistor","115kΩ","±1%","50V","62.5mW","±100ppm/℃"
"C273330","RC0402FR-0753K6L","YAGEO","30300","100","100","https://www.lcsc.com/product-detail/C273330.html","0402","Tape & Reel (TR)","Thick Film Resistor","53.6kΩ","±1%","50V","62.5mW","±100ppm/℃"
"C185390","RC0402FR-0784K5L","YAGEO","29200","100","100","https://www.lcsc.com/product-detail/C185390.html","0402","Tape & Reel (TR)","Thick Film Resistor","84.5kΩ","±1%","50V","62.5mW","±100ppm/℃"
"C185348","RC0603FR-0723K2L","YAGEO","29200","100","100","https://www.lcsc.com/product-detail/C185348.html","0603","Tape & Reel (TR)","Thick Film Resistor","23.2kΩ","±1%","75V","100mW","±100ppm/℃"
"C137954","RC0402FR-0760R4L","YAGEO","28800","100","100","https://www.lcsc.com/product-detail/C137954.html","0402","Tape & Reel (TR)","Thick Film Resistor","60.4Ω","±1%","50V","62.5mW","±100ppm/℃"
"C185317","RC0603FR-075K23L","YAGEO","28600","100","100","https://www.lcsc.com/product-detail/C185317.html","0603","Tape & Reel (TR)","Thick Film Resistor","5.23kΩ","±1%","75V","100mW","±100ppm/℃"
"C138070","RC0402FR-07107KL","YAGEO","28500","100","100","https://www.lcsc.com/product-detail/C138070.html","0402","Tape & Reel (TR)","Thick Film Resistor","107kΩ","±1%","50V","62.5mW","±100ppm/℃"
"C137689","RC0603FR-0769K8L","YAGEO","28500","100","100","https://www.lcsc.com/product-detail/C137689.html","0603","Tape & Reel (TR)","Thick Film Resistor","69.8kΩ","±1%","75V","100mW","±100ppm/℃"
"C185449","RC0402FR-071K82L","YAGEO","28400","100","100","https://www.lcsc.com/product-detail/C185449.html","0402","Tape & Reel (TR)","Thick Film Resistor","1.82kΩ","±1%","50V","62.5mW","±100ppm/℃"
"C185290","RC0805FR-072K49L","YAGEO","27200","100","100","https://www.lcsc.com/product-detail/C185290.html","0805","Tape & Reel (TR)","Thick Film Resistor","2.49kΩ","±1%","150V","125mW","±100ppm/℃"
"C137978","RC0402FR-07453KL","YAGEO","27200","100","100","https://www.lcsc.com/product-detail/C137978.html","0402","Tape & Reel (TR)","Thick Film Resistor","453kΩ","±1%","50V","62.5mW","±100ppm/℃"
"C138037","RC0402FR-071K87L","YAGEO","26600","100","100","https://www.lcsc.com/product-detail/C138037.html","0402","Tape & Reel (TR)","Thick Film Resistor","1.87kΩ","±1%","50V","62.5mW","±100ppm/℃"
"C137703","RC0603FR-07511RL","YAGEO","26400","100","100","https://www.lcsc.com/product-detail/C137703.html","0603","Tape & Reel (TR)","Thick Film Resistor","511Ω","±1%","75V","100mW","±100ppm/℃"
"C477743","RC0402FR-07487KL","YAGEO","26300","100","100","https://www.lcsc.com/product-detail/C477743.html","0402","Tape & Reel (TR)","Thick Film Resistor","487kΩ","±1%","50V","62.5mW","±100ppm/℃"
"C137994","RC0402FR-073K01L","YAGEO","25900","100","100","https://www.lcsc.com/product-detail/C137994.html","0402","Tape & Reel (TR)","Thick Film Resistor","3.01kΩ","±1%","50V","62.5mW","±100ppm/℃"
"C482771","RC0603FR-0713K7L","YAGEO","25800","100","100","https://www.lcsc.com/product-detail/C482771.html","0603","Tape & Reel (TR)","Thick Film Resistor","13.7kΩ","±1%","75V","100mW","±100ppm/℃"
"C130458","RC0805FR-07499RL","YAGEO","25800","100","100","https://www.lcsc.com/product-detail/C130458.html","0805","Tape & Reel (TR)","Thick Film Resistor","499Ω","±1%","150V","125mW","±100ppm/℃"
"C138049","RC0402FR-0716R5L","YAGEO","25400","100","100","https://www.lcsc.com/product-detail/C138049.html","0402","Tape & Reel (TR)","Thick Film Resistor","16.5Ω","±1%","50V","62.5mW","±100ppm/℃"
"C138027","RC0402FR-0724K9L","YAGEO","25400","100","100","https://www.lcsc.com/product-detail/C138027.html","0402","Tape & Reel (TR)","Thick Film Resistor","24.9kΩ","±1%","50V","62.5mW","±100ppm/℃"
"C273771","RC0603FR-075K76L","YAGEO","24900","100","100","https://www.lcsc.com/product-detail/C273771.html","0603","Tape & Reel (TR)","Thick Film Resistor","5.76kΩ","±1%","75V","100mW","±100ppm/℃"
"C137792","RC0603FR-07165RL","YAGEO","24900","100","100","https://www.lcsc.com/product-detail/C137792.html","0603","Tape & Reel (TR)","Thick Film Resistor","165Ω","±1%","75V","100mW","±100ppm/℃"
"C482967","RC0805FR-071K4L","YAGEO","24400","100","100","https://www.lcsc.com/product-detail/C482967.html","0805","Tape & Reel (TR)","Thick Film Resistor","1.4kΩ","±1%","150V","125mW","±100ppm/℃"
"C137798","RC0603FR-0712K4L","YAGEO","24200","100","100","https://www.lcsc.com/product-detail/C137798.html","0603","Tape & Reel (TR)","Thick Film Resistor","12.4kΩ","±1%","75V","100mW","±100ppm/℃"
"C185305","RC0603FR-0790K9L","YAGEO","23100","100","100","https://www.lcsc.com/product-detail/C185305.html","0603","Tape & Reel (TR)","Thick Film Resistor","90.9kΩ","±1%","75V","100mW","±100ppm/℃"
"C138041","RC0402FR-071K1L","YAGEO","22900","100","100","https://www.lcsc.com/product-detail/C138041.html","0402","Tape & Reel (TR)","Thick Film Resistor","1.1kΩ","±1%","50V","62.5mW","±100ppm/℃"
"C327365","RC0402FR-07182KL","YAGEO","22800","100","100","https://www.lcsc.com/product-detail/C327365.html","0402","Tape & Reel (TR)","Thick Film Resistor","182kΩ","±1%","50V","62.5mW","±100ppm/℃"
"C137974","RC0402FR-0747K5L","YAGEO","22600","100","100","https://www.lcsc.com/product-detail/C137974.html","0402","Tape & Reel (TR)","Thick Film Resistor","47.5kΩ","±1%","50V","62.5mW","±100ppm/℃"
"C185441","RC0402FR-0721KL","YAGEO","22500","100","100","https://www.lcsc.com/product-detail/C185441.html","0402","Tape & Reel (TR)","Thick Film Resistor","21kΩ","±1%","50V","62.5mW","±100ppm/℃"
"C137687","RC0603FR-076K81L","YAGEO","22500","100","100","https://www.lcsc.com/product-detail/C137687.html","0603","Tape & Reel (TR)","Thick Film Resistor","6.81kΩ","±1%","75V","100mW","±100ppm/℃"
"C155698","RC0402FR-0780K6L","YAGEO","22100","100","100","https://www.lcsc.com/product-detail/C155698.html","0402","Tape & Reel (TR)","Thick Film Resistor","80.6kΩ","±1%","50V","62.5mW","±100ppm/℃"
"C114540","RC0805FR-0749K9L","YAGEO","22100","100","100","https://www.lcsc.com/product-detail/C114540.html","0805","Tape & Reel (TR)","Thick Film Resistor","49.9kΩ","±1%","150V","125mW","±100ppm/℃"
"C483116","RC0805FR-0731K6L","YAGEO","21000","100","100","https://www.lcsc.com/product-detail/C483116.html","0805","Tape & Reel (TR)","Thick Film Resistor","31.6kΩ","±1%","150V","125mW","±100ppm/℃"
"C137597","RC0805FR-0711KL","YAGEO","20800","100","100","https://www.lcsc.com/product-detail/C137597.html","0805","Tape & Reel (TR)","Thick Film Resistor","11kΩ","±1%","150V","125mW","±100ppm/℃"
"C276265","RC0402FR-0731K6L","YAGEO","20600","100","100","https://www.lcsc.com/product-detail/C276265.html","0402","Tape & Reel (TR)","Thick Film Resistor","31.6kΩ","±1%","50V","62.5mW","±100ppm/℃"
"C185445","RC0402FR-0720K5L","YAGEO","20600","100","100","https://www.lcsc.com/product-detail/C185445.html","0402","Tape & Reel (TR)","Thick Film Resistor","20.5kΩ","±1%","50V","62.5mW","±100ppm/℃"
"C483162","RC0805FR-0746K4L","YAGEO","20100","100","100","https://www.lcsc.com/product-detail/C483162.html","0805","Tape & Reel (TR)","Thick Film Resistor","46.4kΩ","±1%","150V","125mW","±100ppm/℃"
"C364360","RC0402FR-076K49L","YAGEO","19900","100","100","https://www.lcsc.com/product-detail/C364360.html","0402","Tape & Reel (TR)","Thick Film Resistor","6.49kΩ","±1%","50V","62.5mW","±100ppm/℃"
"C477184","RC0402FR-071M05L","YAGEO","19800","100","100","https://www.lcsc.com/product-detail/C477184.html","0402","Tape & Reel (TR)","Thick Film Resistor","1.05MΩ","±1%","50V","62.5mW","±100ppm/℃"
"C137949","RC0402FR-0763K4L","YAGEO","19700","100","100","https://www.lcsc.com/product-detail/C137949.html","0402","Tape & Reel (TR)","Thick Film Resistor","63.4kΩ","±1%","50V","62.5mW","±100ppm/℃"
"C137684","RC0603FR-07750KL","YAGEO","19700","100","100","https://www.lcsc.com/product-detail/C137684.html","0603","Tape & Reel (TR)","Thick Film Resistor","750kΩ","±1%","75V","100mW","±100ppm/℃"
"C477200","RC0402FR-071M27L","YAGEO","19600","100","100","https://www.lcsc.com/product-detail/C477200.html","0402","Tape & Reel (TR)","Thick Film Resistor","1.27MΩ","±1%","50V","62.5mW","±100ppm/℃"
"C274360","RC0805FR-07499KL","YAGEO","19500","100","100","https://www.lcsc.com/product-detail/C274360.html","0805","Tape & Reel (TR)","Thick Film Resistor","499kΩ","±1%","150V","125mW","±100ppm/℃"
"C137779","RC0603FR-071K21L","YAGEO","19500","100","100","https://www.lcsc.com/product-detail/C137779.html","0603","Tape & Reel (TR)","Thick Film Resistor","1.21kΩ","±1%","75V","100mW","±100ppm/℃"
"C163466","RC0402FR-073K16L","YAGEO","18700","100","100","https://www.lcsc.com/product-detail/C163466.html","0402","Tape & Reel (TR)","Thick Film Resistor","3.16kΩ","±1%","50V","62.5mW","±100ppm/℃"
"C137984","RC0402FR-07402RL","YAGEO","18600","100","100","https://www.lcsc.com/product-detail/C137984.html","0402","Tape & Reel (TR)","Thick Film Resistor","402Ω","±1%","50V","62.5mW","±100ppm/℃"
"C114608","RC0603FR-07150RL","YAGEO","18600","100","100","https://www.lcsc.com/product-detail/C114608.html","0603","Tape & Reel (TR)","Thick Film Resistor","150Ω","±1%","75V","100mW","±100ppm/℃"
"C137599","RC0805FR-07110KL","YAGEO","18400","100","100","https://www.lcsc.com/product-detail/C137599.html","0805","Tape & Reel (TR)","Thick Film Resistor","110kΩ","±1%","150V","125mW","±100ppm/℃"
"C327322","RC0402FR-07953RL","YAGEO","18100","100","100","https://www.lcsc.com/product-detail/C327322.html","0402","Tape & Reel (TR)","Thick Film Resistor","953Ω","±1%","50V","62.5mW","±100ppm/℃"
"C185338","RC0603FR-0733K2L","YAGEO","17900","100","100","https://www.lcsc.com/product-detail/C185338.html","0603","Tape & Reel (TR)","Thick Film Resistor","33.2kΩ","±1%","75V","100mW","±100ppm/℃"
"C185410","RC0402FR-074K22L","YAGEO","17800","100","100","https://www.lcsc.com/product-detail/C185410.html","0402","Tape & Reel (TR)","Thick Film Resistor","4.22kΩ","±1%","50V","62.5mW","±100ppm/℃"
"C273730","RC0402FR-0727K4L","YAGEO","17700","100","100","https://www.lcsc.com/product-detail/C273730.html","0402","Tape & Reel (TR)","Thick Film Resistor","27.4kΩ","±1%","50V","62.5mW","±100ppm/℃"
"C477806","RC0402FR-07845KL","YAGEO","17600","100","100","https://www.lcsc.com/product-detail/C477806.html","0402","Tape & Reel (TR)","Thick Film Resistor","845kΩ","±1%","50V","62.5mW","±100ppm/℃"
"C273820","RC0805FR-0716K5L","YAGEO","17500","100","100","https://www.lcsc.com/product-detail/C273820.html","0805","Tape & Reel (TR)","Thick Film Resistor","16.5kΩ","±1%","150V","125mW","±100ppm/℃"
"C327350","RC0402FR-0734K8L","YAGEO","17400","100","100","https://www.lcsc.com/product-detail/C327350.html","0402","Tape & Reel (TR)","Thick Film Resistor","34.8kΩ","±1%","50V","62.5mW","±100ppm/℃"
"C185463","RC0402FR-0715K4L","YAGEO","17000","100","100","https://www.lcsc.com/product-detail/C185463.html","0402","Tape & Reel (TR)","Thick Film Resistor","15.4kΩ","±1%","50V","62.5mW","±100ppm/℃"
"C273765","RC0603FR-07453KL","YAGEO","16700","100","100","https://www.lcsc.com/product-detail/C273765.html","0603","Tape & Reel (TR)","Thick Film Resistor","453kΩ","±1%","75V","100mW","±100ppm/℃"
"C477740","RC0402FR-07464KL","YAGEO","16600","100","100","https://www.lcsc.com/product-detail/C477740.html","0402","Tape & Reel (TR)","Thick Film Resistor","464kΩ","±1%","50V","62.5mW","±100ppm/℃"
"C273719","RC0402FR-0738K3L","YAGEO","16500","100","100","https://www.lcsc.com/product-detail/C273719.html","0402","Tape & Reel (TR)","Thick Film Resistor","38.3kΩ","±1%","50V","62.5mW","±100ppm/℃"
"C477808","RC0402FR-0788K7L","YAGEO","16400","100","100","https://www.lcsc.com/product-detail/C477808.html","0402","Tape & Reel (TR)","Thick Film Resistor","88.7kΩ","±1%","50V","62.5mW","±100ppm/℃"
"C273713","RC0402FR-07348KL","YAGEO","15900","100","100","https://www.lcsc.com/product-detail/C273713.html","0402","Tape & Reel (TR)","Thick Film Resistor","348kΩ","±1%","50V","62.5mW","±100ppm/℃"
"C163477","RC0402FR-0723K2L","YAGEO","15700","100","100","https://www.lcsc.com/product-detail/C163477.html","0402","Tape & Reel (TR)","Thick Film Resistor","23.2kΩ","±1%","50V","62.5mW","±100ppm/℃"
"C273335","RC0402FR-07261RL","YAGEO","15500","100","100","https://www.lcsc.com/product-detail/C273335.html","0402","Tape & Reel (TR)","Thick Film Resistor","261Ω","±1%","50V","62.5mW","±100ppm/℃"
"C185433","RC0402FR-0728K7L","YAGEO","15300","100","100","https://www.lcsc.com/product-detail/C185433.html","0402","Tape & Reel (TR)","Thick Film Resistor","28.7kΩ","±1%","50V","62.5mW","±100ppm/℃"
"C163407","RC0805FR-0730K1L","YAGEO","15300","100","100","https://www.lcsc.com/product-detail/C163407.html","0805","Tape & Reel (TR)","Thick Film Resistor","30.1kΩ","±1%","150V","125mW","±100ppm/℃"
"C185431","RC0402FR-072K55L","YAGEO","15200","100","100","https://www.lcsc.com/product-detail/C185431.html","0402","Tape & Reel (TR)","Thick Film Resistor","2.55kΩ","±1%","50V","62.5mW","±100ppm/℃"
"C185387","RC0402FR-078K66L","YAGEO","15100","100","100","https://www.lcsc.com/product-detail/C185387.html","0402","Tape & Reel (TR)","Thick Film Resistor","8.66kΩ","±1%","50V","62.5mW","±100ppm/℃"
"C275642","RC0805FR-071M5L","YAGEO","15000","100","100","https://www.lcsc.com/product-detail/C275642.html","0805","Tape & Reel (TR)","Thick Film Resistor","1.5MΩ","±1%","150V","125mW","±100ppm/℃"
"C132320","RC0805FR-0749R9L","YAGEO","14800","100","100","https://www.lcsc.com/product-detail/C132320.html","0805","Tape & Reel (TR)","Thick Film Resistor","49.9Ω","±1%","150V","125mW","±100ppm/℃"
"C114635","RC0603FR-07750RL","YAGEO","14800","100","100","https://www.lcsc.com/product-detail/C114635.html","0603","Tape & Reel (TR)","Thick Film Resistor","750Ω","±1%","75V","100mW","±100ppm/℃"
"C137685","RC0603FR-07715KL","YAGEO","14700","100","100","https://www.lcsc.com/product-detail/C137685.html","0603","Tape & Reel (TR)","Thick Film Resistor","715kΩ","±1%","75V","100mW","±100ppm/℃"
"C185330","RC0603FR-0741K2L","YAGEO","14600","100","100","https://www.lcsc.com/product-detail/C185330.html","0603","Tape & Reel (TR)","Thick Film Resistor","41.2kΩ","±1%","75V","100mW","±100ppm/℃"
"C185314","RC0603FR-076K34L","YAGEO","14600","100","100","https://www.lcsc.com/product-detail/C185314.html","0603","Tape & Reel (TR)","Thick Film Resistor","6.34kΩ","±1%","75V","100mW","±100ppm/℃"
"C327367","RC0402FR-07169KL","YAGEO","14500","100","100","https://www.lcsc.com/product-detail/C327367.html","0402","Tape & Reel (TR)","Thick Film Resistor","169kΩ","±1%","50V","62.5mW","±100ppm/℃"
"C327357","RC0402FR-07294KL","YAGEO","14500","100","100","https://www.lcsc.com/product-detail/C327357.html","0402","Tape & Reel (TR)","Thick Film Resistor","294kΩ","±1%","50V","62.5mW","±100ppm/℃"
"C185459","RC0402FR-07178KL","YAGEO","14500","100","100","https://www.lcsc.com/product-detail/C185459.html","0402","Tape & Reel (TR)","Thick Film Resistor","178kΩ","±1%","50V","62.5mW","±100ppm/℃"
"C125319","RC0603FR-071K3L","YAGEO","14500","100","100","https://www.lcsc.com/product-detail/C125319.html","0603","Tape & Reel (TR)","Thick Film Resistor","1.3kΩ","±1%","75V","100mW","±100ppm/℃"
"C483008","RC0805FR-07130KL","YAGEO","14400","100","100","https://www.lcsc.com/product-detail/C483008.html","0805","Tape & Reel (TR)","Thick Film Resistor","130kΩ","±1%","150V","125mW","±100ppm/℃"
"C477198","RC0402FR-071M24L","YAGEO","14400","100","100","https://www.lcsc.com/product-detail/C477198.html","0402","Tape & Reel (TR)","Thick Film Resistor","1.24MΩ","±1%","50V","62.5mW","±100ppm/℃"
"C185398","RC0402FR-0773K2L","YAGEO","14400","100","100","https://www.lcsc.com/product-detail/C185398.html","0402","Tape & Reel (TR)","Thick Film Resistor","73.2kΩ","±1%","50V","62.5mW","±100ppm/℃"
"C188263","RC0603FR-075K49L","YAGEO","14200","100","100","https://www.lcsc.com/product-detail/C188263.html","0603","Tape & Reel (TR)","Thick Film Resistor","5.49kΩ","±1%","75V","100mW","±100ppm/℃"
"C165760","RC0603FR-07162KL","YAGEO","14000","100","100","https://www.lcsc.com/product-detail/C165760.html","0603","Tape & Reel (TR)","Thick Film Resistor","162kΩ","±1%","75V","100mW","±100ppm/℃"
"C137592","RC0805FR-0713KL","YAGEO","14000","100","100","https://www.lcsc.com/product-detail/C137592.html","0805","Tape & Reel (TR)","Thick Film Resistor","13kΩ","±1%","150V","125mW","±100ppm/℃"
"C137519","RC0805FR-0747K5L","YAGEO","13800","100","100","https://www.lcsc.com/product-detail/C137519.html","0805","Tape & Reel (TR)","Thick Film Resistor","47.5kΩ","±1%","150V","125mW","±100ppm/℃"
"C477191","RC0402FR-071K15L","YAGEO","13700","100","100","https://www.lcsc.com/product-detail/C477191.html","0402","Tape & Reel (TR)","Thick Film Resistor","1.15kΩ","±1%","50V","62.5mW","±100ppm/℃"
"C274895","RC0402FR-075K11L","YAGEO","13200","100","100","https://www.lcsc.com/product-detail/C274895.html","0402","Tape & Reel (TR)","Thick Film Resistor","5.11kΩ","±1%","50V","62.5mW","±100ppm/℃"
"C185351","RC0603FR-07205KL","YAGEO","13200","100","100","https://www.lcsc.com/product-detail/C185351.html","0603","Tape & Reel (TR)","Thick Film Resistor","205kΩ","±1%","75V","100mW","±100ppm/℃"
"C245925","RC0603FR-0719K6L","YAGEO","13100","100","100","https://www.lcsc.com/product-detail/C245925.html","0603","Tape & Reel (TR)","Thick Film Resistor","19.6kΩ","±1%","75V","100mW","±100ppm/℃"
"C185355","RC0603FR-071K87L","YAGEO","13000","100","100","https://www.lcsc.com/product-detail/C185355.html","0603","Tape & Reel (TR)","Thick Film Resistor","1.87kΩ","±1%","75V","100mW","±100ppm/℃"
"C137741","RC0603FR-0734K8L","YAGEO","12900","100","100","https://www.lcsc.com/product-detail/C137741.html","0603","Tape & Reel (TR)","Thick Film Resistor","34.8kΩ","±1%","75V","100mW","±100ppm/℃"
"C137702","RC0603FR-0751R1L","YAGEO","12900","100","100","https://www.lcsc.com/product-detail/C137702.html","0603","Tape & Reel (TR)","Thick Film Resistor","51.1Ω","±1%","75V","100mW","±100ppm/℃"
"C185333","RC0603FR-073K16L","YAGEO","12400","100","100","https://www.lcsc.com/product-detail/C185333.html","0603","Tape & Reel (TR)","Thick Film Resistor","3.16kΩ","±1%","75V","100mW","±100ppm/℃"
"C327373","RC0402FR-07133RL","YAGEO","12100","100","100","https://www.lcsc.com/product-detail/C327373.html","0402","Tape & Reel (TR)","Thick Film Resistor","133Ω","±1%","50V","62.5mW","±100ppm/℃"
"C137732","RC0603FR-073K01L","YAGEO","11800","100","100","https://www.lcsc.com/product-detail/C137732.html","0603","Tape & Reel (TR)","Thick Film Resistor","3.01kΩ","±1%","75V","100mW","±100ppm/℃"
"C6961616","RC0402FR-073K32P","YAGEO","1400","100","100","https://www.lcsc.com/product-detail/C6961616.html","0402","Tape & Reel (TR)","Thick Film Resistor","3.32kΩ","±1%","","63mW","±100ppm/℃"
"C295883","RC0402FR-079K53L","YAGEO","11400","100","100","https://www.lcsc.com/product-detail/C295883.html","0402","Tape & Reel (TR)","Thick Film Resistor","9.53kΩ","±1%","50V","62.5mW","±100ppm/℃"
"C273746","RC0603FR-07348KL","YAGEO","11400","100","100","https://www.lcsc.com/product-detail/C273746.html","0603","Tape & Reel (TR)","Thick Film Resistor","348kΩ","±1%","75V","100mW","±100ppm/℃"
"C273811","RC0805FR-0712K1L","YAGEO","11300","100","100","https://www.lcsc.com/product-detail/C273811.html","0805","Tape & Reel (TR)","Thick Film Resistor","12.1kΩ","±1%","150V","125mW","±100ppm/℃"
"C273840","RC0805FR-0722K1L","YAGEO","11200","100","100","https://www.lcsc.com/product-detail/C273840.html","0805","Tape & Reel (TR)","Thick Film Resistor","22.1kΩ","±1%","150V","125mW","±100ppm/℃"
"C137723","RC0603FR-0740K2L","YAGEO","10700","100","100","https://www.lcsc.com/product-detail/C137723.html","0603","Tape & Reel (TR)","Thick Film Resistor","40.2kΩ","±1%","75V","100mW","±100ppm/℃"
"C245963","RC0603FR-07392KL","YAGEO","10600","100","100","https://www.lcsc.com/product-detail/C245963.html","0603","Tape & Reel (TR)","Thick Film Resistor","392kΩ","±1%","75V","100mW","±100ppm/℃"
"C364359","RC0603FR-0751K1L","YAGEO","10500","100","100","https://www.lcsc.com/product-detail/C364359.html","0603","Tape & Reel (TR)","Thick Film Resistor","51.1kΩ","±1%","75V","100mW","±100ppm/℃"
"C273976","RC0805FR-073K24L","YAGEO","10500","100","100","https://www.lcsc.com/product-detail/C273976.html","0805","Tape & Reel (TR)","Thick Film Resistor","3.24kΩ","±1%","150V","125mW","±100ppm/℃"
"C141698","RC0805FR-07750KL","YAGEO","10500","100","100","https://www.lcsc.com/product-detail/C141698.html","0805","Tape & Reel (TR)","Thick Film Resistor","750kΩ","±1%","150V","125mW","±100ppm/℃"
"C482778","RC0603FR-07174KL","YAGEO","10400","100","100","https://www.lcsc.com/product-detail/C482778.html","0603","Tape & Reel (TR)","Thick Film Resistor","174kΩ","±1%","75V","100mW","±100ppm/℃"
"C412133","RC0805FR-074K87L","YAGEO","10400","100","100","https://www.lcsc.com/product-detail/C412133.html","0805","Tape & Reel (TR)","Thick Film Resistor","4.87kΩ","±1%","150V","125mW","±100ppm/℃"
"C185419","RC0402FR-073K09L","YAGEO","10200","100","100","https://www.lcsc.com/product-detail/C185419.html","0402","Tape & Reel (TR)","Thick Film Resistor","3.09kΩ","±1%","50V","62.5mW","±100ppm/℃"
"C477227","RC0402FR-071M78L","YAGEO","10000","100","100","https://www.lcsc.com/product-detail/C477227.html","0402","Tape & Reel (TR)","Thick Film Resistor","1.78MΩ","±1%","50V","62.5mW","±100ppm/℃"
"C477186","RC0402FR-071K07L","YAGEO","10000","100","100","https://www.lcsc.com/product-detail/C477186.html","0402","Tape & Reel (TR)","Thick Film Resistor","1.07kΩ","±1%","50V","62.5mW","±100ppm/℃"
"C327330","RC0402FR-07634RL","YAGEO","10000","100","100","https://www.lcsc.com/product-detail/C327330.html","0402","Tape & Reel (TR)","Thick Film Resistor","634Ω","±1%","50V","62.5mW","±100ppm/℃"
"C470022","RC0402FR-072M74L","YAGEO","9900","100","100","https://www.lcsc.com/product-detail/C470022.html","0402","Tape & Reel (TR)","Thick Film Resistor","2.74MΩ","±1%","50V","62.5mW","±100ppm/℃"
"C327366","RC0402FR-0717K4L","YAGEO","9900","100","100","https://www.lcsc.com/product-detail/C327366.html","0402","Tape & Reel (TR)","Thick Film Resistor","17.4kΩ","±1%","50V","62.5mW","±100ppm/℃"
"C273950","RC0805FR-074K12L","YAGEO","9900","100","100","https://www.lcsc.com/product-detail/C273950.html","0805","Tape & Reel (TR)","Thick Film Resistor","4.12kΩ","±1%","150V","125mW","±100ppm/℃"
"C273728","RC0402FR-0710R7L","YAGEO","9900","100","100","https://www.lcsc.com/product-detail/C273728.html","0402","Tape & Reel (TR)","Thick Film Resistor","10.7Ω","±1%","50V","62.5mW","±100ppm/℃"
"C245955","RC0603FR-07357RL","YAGEO","9900","100","100","https://www.lcsc.com/product-detail/C245955.html","0603","Tape & Reel (TR)","Thick Film Resistor","357Ω","±1%","75V","100mW","±100ppm/℃"
"C185435","RC0402FR-07274KL","YAGEO","9900","100","100","https://www.lcsc.com/product-detail/C185435.html","0402","Tape & Reel (TR)","Thick Film Resistor","274kΩ","±1%","50V","62.5mW","±100ppm/℃"
"C185356","RC0603FR-071K69L","YAGEO","9900","100","100","https://www.lcsc.com/product-detail/C185356.html","0603","Tape & Reel (TR)","Thick Film Resistor","1.69kΩ","±1%","75V","100mW","±100ppm/℃"
"C137756","RC0603FR-0726K7L","YAGEO","9900","100","100","https://www.lcsc.com/product-detail/C137756.html","0603","Tape & Reel (TR)","Thick Film Resistor","26.7kΩ","±1%","75V","100mW","±100ppm/℃"
"C137728","RC0603FR-073K74L","YAGEO","9900","100","100","https://www.lcsc.com/product-detail/C137728.html","0603","Tape & Reel (TR)","Thick Film Resistor","3.74kΩ","±1%","75V","100mW","±100ppm/℃"
"C273699","RC0402FR-07976KL","YAGEO","9800","100","100","https://www.lcsc.com/product-detail/C273699.html","0402","Tape & Reel (TR)","Thick Film Resistor","976kΩ","±1%","50V","62.5mW","±100ppm/℃"
"C273336","RC0402FR-07340KL","YAGEO","9800","100","100","https://www.lcsc.com/product-detail/C273336.html","0402","Tape & Reel (TR)","Thick Film Resistor","340kΩ","±1%","50V","62.5mW","±100ppm/℃"
"C185440","RC0402FR-07221RL","YAGEO","9800","100","100","https://www.lcsc.com/product-detail/C185440.html","0402","Tape & Reel (TR)","Thick Film Resistor","221Ω","±1%","50V","62.5mW","±100ppm/℃"
"C171696","RC0402FR-07105RL","YAGEO","9800","100","100","https://www.lcsc.com/product-detail/C171696.html","0402","Tape & Reel (TR)","Thick Film Resistor","105Ω","±1%","50V","62.5mW","±100ppm/℃"
"C6373810","RC0402FR-07681RP","YAGEO","9700","100","100","https://www.lcsc.com/product-detail/C6373810.html","0402","Tape & Reel (TR)","Thick Film Resistor","681Ω","±1%","","63mW","±100ppm/℃"
"C276261","RC0402FR-071K33L","YAGEO","9700","100","100","https://www.lcsc.com/product-detail/C276261.html","0402","Tape & Reel (TR)","Thick Film Resistor","1.33kΩ","±1%","50V","62.5mW","±100ppm/℃"
"C273834","RC0805FR-0716K9L","YAGEO","9700","100","100","https://www.lcsc.com/product-detail/C273834.html","0805","Tape & Reel (TR)","Thick Film Resistor","16.9kΩ","±1%","150V","125mW","±100ppm/℃"
"C273712","RC0402FR-07226KL","YAGEO","9700","100","100","https://www.lcsc.com/product-detail/C273712.html","0402","Tape & Reel (TR)","Thick Film Resistor","226kΩ","±1%","50V","62.5mW","±100ppm/℃"
"C185428","RC0402FR-0730K9L","YAGEO","9700","100","100","https://www.lcsc.com/product-detail/C185428.html","0402","Tape & Reel (TR)","Thick Film Resistor","30.9kΩ","±1%","50V","62.5mW","±100ppm/℃"
"C163469","RC0402FR-0737R4L","YAGEO","9700","100","100","https://www.lcsc.com/product-detail/C163469.html","0402","Tape & Reel (TR)","Thick Film Resistor","37.4Ω","±1%","50V","62.5mW","±100ppm/℃"
"C145072","RC0603FR-071K24L","YAGEO","9700","100","100","https://www.lcsc.com/product-detail/C145072.html","0603","Tape & Reel (TR)","Thick Film Resistor","1.24kΩ","±1%","75V","100mW","±100ppm/℃"
"C477762","RC0402FR-07523RL","YAGEO","9600","100","100","https://www.lcsc.com/product-detail/C477762.html","0402","Tape & Reel (TR)","Thick Film Resistor","523Ω","±1%","50V","62.5mW","±100ppm/℃"
"C477225","RC0402FR-071M74L","YAGEO","9600","100","100","https://www.lcsc.com/product-detail/C477225.html","0402","Tape & Reel (TR)","Thick Film Resistor","1.74MΩ","±1%","50V","62.5mW","±100ppm/℃"
"C327358","RC0402FR-07287KL","YAGEO","9600","100","100","https://www.lcsc.com/product-detail/C327358.html","0402","Tape & Reel (TR)","Thick Film Resistor","287kΩ","±1%","50V","62.5mW","±100ppm/℃"
"C137941","RC0402FR-07715RL","YAGEO","9600","100","100","https://www.lcsc.com/product-detail/C137941.html","0402","Tape & Reel (TR)","Thick Film Resistor","715Ω","±1%","50V","62.5mW","±100ppm/℃"
"C185464","RC0402FR-07158KL","YAGEO","9500","100","100","https://www.lcsc.com/product-detail/C185464.html","0402","Tape & Reel (TR)","Thick Film Resistor","158kΩ","±1%","50V","62.5mW","±100ppm/℃"
"C138036","RC0402FR-071K96L","YAGEO","9500","100","100","https://www.lcsc.com/product-detail/C138036.html","0402","Tape & Reel (TR)","Thick Film Resistor","1.96kΩ","±1%","50V","62.5mW","±100ppm/℃"
"C138016","RC0402FR-072K8L","YAGEO","9500","100","100","https://www.lcsc.com/product-detail/C138016.html","0402","Tape & Reel (TR)","Thick Film Resistor","2.8kΩ","±1%","50V","62.5mW","±100ppm/℃"
"C137964","RC0402FR-074M53L","YAGEO","9500","100","100","https://www.lcsc.com/product-detail/C137964.html","0402","Tape & Reel (TR)","Thick Film Resistor","4.53MΩ","±1%","50V","62.5mW","±100ppm/℃"
"C137940","RC0402FR-07732KL","YAGEO","9500","100","100","https://www.lcsc.com/product-detail/C137940.html","0402","Tape & Reel (TR)","Thick Film Resistor","732kΩ","±1%","50V","62.5mW","±100ppm/℃"
"C477790","RC0402FR-077M87L","YAGEO","9400","100","100","https://www.lcsc.com/product-detail/C477790.html","0402","Tape & Reel (TR)","Thick Film Resistor","7.87MΩ","±1%","50V","62.5mW","±100ppm/℃"
"C477680","RC0402FR-0728R7L","YAGEO","9400","100","100","https://www.lcsc.com/product-detail/C477680.html","0402","Tape & Reel (TR)","Thick Film Resistor","28.7Ω","±1%","50V","62.5mW","±100ppm/℃"
"C477641","RC0402FR-072K26L","YAGEO","9400","100","100","https://www.lcsc.com/product-detail/C477641.html","0402","Tape & Reel (TR)","Thick Film Resistor","2.26kΩ","±1%","50V","62.5mW","±100ppm/℃"
"C327324","RC0402FR-07909RL","YAGEO","9400","100","100","https://www.lcsc.com/product-detail/C327324.html","0402","Tape & Reel (TR)","Thick Film Resistor","909Ω","±1%","50V","62.5mW","±100ppm/℃"
"C273332","RC0402FR-07113KL","YAGEO","9400","100","100","https://www.lcsc.com/product-detail/C273332.html","0402","Tape & Reel (TR)","Thick Film Resistor","113kΩ","±1%","50V","62.5mW","±100ppm/℃"
"C245960","RC0603FR-07383KL","YAGEO","9400","100","100","https://www.lcsc.com/product-detail/C245960.html","0603","Tape & Reel (TR)","Thick Film Resistor","383kΩ","±1%","75V","100mW","±100ppm/℃"
"C185327","RC0603FR-07442KL","YAGEO","9400","100","100","https://www.lcsc.com/product-detail/C185327.html","0603","Tape & Reel (TR)","Thick Film Resistor","442kΩ","±1%","75V","100mW","±100ppm/℃"
"C137939","RC0402FR-07732RL","YAGEO","9400","100","100","https://www.lcsc.com/product-detail/C137939.html","0402","Tape & Reel (TR)","Thick Film Resistor","732Ω","±1%","50V","62.5mW","±100ppm/℃"
"C137802","RC0603FR-0711K5L","YAGEO","9300","100","100","https://www.lcsc.com/product-detail/C137802.html","0603","Tape & Reel (TR)","Thick Film Resistor","11.5kΩ","±1%","75V","100mW","±100ppm/℃"
"C114542","RC0805FR-074K99L","YAGEO","9300","100","100","https://www.lcsc.com/product-detail/C114542.html","0805","Tape & Reel (TR)","Thick Film Resistor","4.99kΩ","±1%","150V","125mW","±100ppm/℃"
"C276266","RC0402FR-0733R2L","YAGEO","9200","100","100","https://www.lcsc.com/product-detail/C276266.html","0402","Tape & Reel (TR)","Thick Film Resistor","33.2Ω","±1%","50V","62.5mW","±100ppm/℃"
"C183219","RC0603FR-0710K2L","YAGEO","9200","100","100","https://www.lcsc.com/product-detail/C183219.html","0603","Tape & Reel (TR)","Thick Film Resistor","10.2kΩ","±1%","75V","100mW","±100ppm/℃"
"C482816","RC0603FR-0726K1L","YAGEO","9100","100","100","https://www.lcsc.com/product-detail/C482816.html","0603","Tape & Reel (TR)","Thick Film Resistor","26.1kΩ","±1%","75V","100mW","±100ppm/℃"
"C477719","RC0402FR-074M12L","YAGEO","9100","100","100","https://www.lcsc.com/product-detail/C477719.html","0402","Tape & Reel (TR)","Thick Film Resistor","4.12MΩ","±1%","50V","62.5mW","±100ppm/℃"
"C273780","RC0603FR-0793K1L","YAGEO","9100","100","100","https://www.lcsc.com/product-detail/C273780.html","0603","Tape & Reel (TR)","Thick Film Resistor","93.1kΩ","±1%","75V","100mW","±100ppm/℃"
"C482652","RC0603FR-071K74L","YAGEO","9000","50","50","https://www.lcsc.com/product-detail/C482652.html","0603","Tape & Reel (TR)","Thick Film Resistor","1.74kΩ","±1%","75V","100mW","±100ppm/℃"
"C477782","RC0402FR-07681KL","YAGEO","9000","100","100","https://www.lcsc.com/product-detail/C477782.html","0402","Tape & Reel (TR)","Thick Film Resistor","681kΩ","±1%","50V","62.5mW","±100ppm/℃"
"C327326","RC0402FR-07806RL","YAGEO","9000","100","100","https://www.lcsc.com/product-detail/C327326.html","0402","Tape & Reel (TR)","Thick Film Resistor","806Ω","±1%","50V","62.5mW","±100ppm/℃"
"C273690","RC0402FR-07649KL","YAGEO","9000","100","100","https://www.lcsc.com/product-detail/C273690.html","0402","Tape & Reel (TR)","Thick Film Resistor","649kΩ","±1%","50V","62.5mW","±100ppm/℃"
"C185416","RC0402FR-0741K2L","YAGEO","9000","100","100","https://www.lcsc.com/product-detail/C185416.html","0402","Tape & Reel (TR)","Thick Film Resistor","41.2kΩ","±1%","50V","62.5mW","±100ppm/℃"
"C163485","RC0402FR-071K02L","YAGEO","9000","100","100","https://www.lcsc.com/product-detail/C163485.html","0402","Tape & Reel (TR)","Thick Film Resistor","1.02kΩ","±1%","50V","62.5mW","±100ppm/℃"
"C477644","RC0402FR-072K32L","YAGEO","8900","100","100","https://www.lcsc.com/product-detail/C477644.html","0402","Tape & Reel (TR)","Thick Film Resistor","2.32kΩ","±1%","50V","62.5mW","±100ppm/℃"
"C171695","RC0402FR-0710K5L","YAGEO","8900","100","100","https://www.lcsc.com/product-detail/C171695.html","0402","Tape & Reel (TR)","Thick Film Resistor","10.5kΩ","±1%","50V","62.5mW","±100ppm/℃"
"C163488","RC0402FR-0716K9L","YAGEO","8900","100","100","https://www.lcsc.com/product-detail/C163488.html","0402","Tape & Reel (TR)","Thick Film Resistor","16.9kΩ","±1%","50V","62.5mW","±100ppm/℃"
"C477792","RC0402FR-07715KL","YAGEO","8800","100","100","https://www.lcsc.com/product-detail/C477792.html","0402","Tape & Reel (TR)","Thick Film Resistor","715kΩ","±1%","50V","62.5mW","±100ppm/℃"
"C477742","RC0402FR-07475KL","YAGEO","8800","100","100","https://www.lcsc.com/product-detail/C477742.html","0402","Tape & Reel (TR)","Thick Film Resistor","475kΩ","±1%","50V","62.5mW","±100ppm/℃"
"C477613","RC0402FR-07143RL","YAGEO","8800","100","100","https://www.lcsc.com/product-detail/C477613.html","0402","Tape & Reel (TR)","Thick Film Resistor","143Ω","±1%","50V","62.5mW","±100ppm/℃"
"C137595","RC0805FR-0712K4L","YAGEO","8700","100","100","https://www.lcsc.com/product-detail/C137595.html","0805","Tape & Reel (TR)","Thick Film Resistor","12.4kΩ","±1%","150V","125mW","±100ppm/℃"
"C477207","RC0402FR-071M3L","YAGEO","8600","100","100","https://www.lcsc.com/product-detail/C477207.html","0402","Tape & Reel (TR)","Thick Film Resistor","1.3MΩ","±1%","50V","62.5mW","±100ppm/℃"
"C273722","RC0402FR-07768KL","YAGEO","8600","100","100","https://www.lcsc.com/product-detail/C273722.html","0402","Tape & Reel (TR)","Thick Film Resistor","768kΩ","±1%","50V","62.5mW","±100ppm/℃"
"C273706","RC0402FR-0730R1L","YAGEO","8600","100","100","https://www.lcsc.com/product-detail/C273706.html","0402","Tape & Reel (TR)","Thick Film Resistor","30.1Ω","±1%","50V","62.5mW","±100ppm/℃"
"C138020","RC0402FR-0728KL","YAGEO","8600","100","100","https://www.lcsc.com/product-detail/C138020.html","0402","Tape & Reel (TR)","Thick Film Resistor","28kΩ","±1%","50V","62.5mW","±100ppm/℃"
"C138018","RC0402FR-072K67L","YAGEO","8600","100","100","https://www.lcsc.com/product-detail/C138018.html","0402","Tape & Reel (TR)","Thick Film Resistor","2.67kΩ","±1%","50V","62.5mW","±100ppm/℃"
"C137972","RC0402FR-0748K7L","YAGEO","8600","100","100","https://www.lcsc.com/product-detail/C137972.html","0402","Tape & Reel (TR)","Thick Film Resistor","48.7kΩ","±1%","50V","62.5mW","±100ppm/℃"
"C137486","RC0805FR-078K66L","YAGEO","8600","100","100","https://www.lcsc.com/product-detail/C137486.html","0805","Tape & Reel (TR)","Thick Film Resistor","8.66kΩ","±1%","150V","125mW","±100ppm/℃"
"C477694","RC0402FR-073M48L","YAGEO","8500","100","100","https://www.lcsc.com/product-detail/C477694.html","0402","Tape & Reel (TR)","Thick Film Resistor","3.48MΩ","±1%","50V","62.5mW","±100ppm/℃"
"C482887","RC0603FR-0756K2L","YAGEO","8400","100","100","https://www.lcsc.com/product-detail/C482887.html","0603","Tape & Reel (TR)","Thick Film Resistor","56.2kΩ","±1%","75V","100mW","±100ppm/℃"
"C185344","RC0603FR-072K61L","YAGEO","8400","100","100","https://www.lcsc.com/product-detail/C185344.html","0603","Tape & Reel (TR)","Thick Film Resistor","2.61kΩ","±1%","75V","100mW","±100ppm/℃"
"C60488","RC0402FR-072KL","YAGEO","8400","100","100","https://www.lcsc.com/product-detail/C60488.html","0402","Tape & Reel (TR)","Thick Film Resistor","2kΩ","±1%","50V","62.5mW","±100ppm/℃"
"C5859215","RC0402FR-0756K2P","YAGEO","8300","100","100","https://www.lcsc.com/product-detail/C5859215.html","0402","Tape & Reel (TR)","Thick Film Resistor","56.2kΩ","±1%","","63mW","±100ppm/℃"
"C185462","RC0402FR-07162KL","YAGEO","8300","100","100","https://www.lcsc.com/product-detail/C185462.html","0402","Tape & Reel (TR)","Thick Film Resistor","162kΩ","±1%","50V","62.5mW","±100ppm/℃"
"C185406","RC0402FR-075K62L","YAGEO","8300","100","100","https://www.lcsc.com/product-detail/C185406.html","0402","Tape & Reel (TR)","Thick Film Resistor","5.62kΩ","±1%","50V","62.5mW","±100ppm/℃"
"C327335","RC0402FR-07590RL","YAGEO","8200","100","100","https://www.lcsc.com/product-detail/C327335.html","0402","Tape & Reel (TR)","Thick Film Resistor","590Ω","±1%","50V","62.5mW","±100ppm/℃"
"C185343","RC0603FR-072K67L","YAGEO","8200","100","100","https://www.lcsc.com/product-detail/C185343.html","0603","Tape & Reel (TR)","Thick Film Resistor","2.67kΩ","±1%","75V","100mW","±100ppm/℃"
"C482819","RC0603FR-07274RL","YAGEO","8100","100","100","https://www.lcsc.com/product-detail/C482819.html","0603","Tape & Reel (TR)","Thick Film Resistor","274Ω","±1%","75V","100mW","±100ppm/℃"
"C477182","RC0402FR-071M02L","YAGEO","8100","100","100","https://www.lcsc.com/product-detail/C477182.html","0402","Tape & Reel (TR)","Thick Film Resistor","1.02MΩ","±1%","50V","62.5mW","±100ppm/℃"
"C185315","RC0603FR-0768K1L","YAGEO","8100","100","100","https://www.lcsc.com/product-detail/C185315.html","0603","Tape & Reel (TR)","Thick Film Resistor","68.1kΩ","±1%","75V","100mW","±100ppm/℃"
"C276268","RC0402FR-07365KL","YAGEO","8000","100","100","https://www.lcsc.com/product-detail/C276268.html","0402","Tape & Reel (TR)","Thick Film Resistor","365kΩ","±1%","50V","62.5mW","±100ppm/℃"
"C274891","RC0402FR-07392RL","YAGEO","8000","100","100","https://www.lcsc.com/product-detail/C274891.html","0402","Tape & Reel (TR)","Thick Film Resistor","392Ω","±1%","50V","62.5mW","±100ppm/℃"
"C273769","RC0603FR-0716K5L","YAGEO","8000","100","100","https://www.lcsc.com/product-detail/C273769.html","0603","Tape & Reel (TR)","Thick Film Resistor","16.5kΩ","±1%","75V","100mW","±100ppm/℃"
"C185326","RC0603FR-0747R5L","YAGEO","8000","100","100","https://www.lcsc.com/product-detail/C185326.html","0603","Tape & Reel (TR)","Thick Film Resistor","47.5Ω","±1%","75V","100mW","±100ppm/℃"
"C327361","RC0402FR-07255KL","YAGEO","7900","100","100","https://www.lcsc.com/product-detail/C327361.html","0402","Tape & Reel (TR)","Thick Film Resistor","255kΩ","±1%","50V","62.5mW","±100ppm/℃"
"C294439","RC0402FR-072K37L","YAGEO","7900","100","100","https://www.lcsc.com/product-detail/C294439.html","0402","Tape & Reel (TR)","Thick Film Resistor","2.37kΩ","±1%","50V","62.5mW","±100ppm/℃"
"C273709","RC0402FR-071K18L","YAGEO","7900","100","100","https://www.lcsc.com/product-detail/C273709.html","0402","Tape & Reel (TR)","Thick Film Resistor","1.18kΩ","±1%","50V","62.5mW","±100ppm/℃"
"C273696","RC0402FR-0752R3L","YAGEO","7900","100","100","https://www.lcsc.com/product-detail/C273696.html","0402","Tape & Reel (TR)","Thick Film Resistor","52.3Ω","±1%","50V","62.5mW","±100ppm/℃"
"C477215","RC0402FR-071M54L","YAGEO","7800","100","100","https://www.lcsc.com/product-detail/C477215.html","0402","Tape & Reel (TR)","Thick Film Resistor","1.54MΩ","±1%","50V","62.5mW","±100ppm/℃"
"C137996","RC0402FR-0739K2L","YAGEO","7800","100","100","https://www.lcsc.com/product-detail/C137996.html","0402","Tape & Reel (TR)","Thick Film Resistor","39.2kΩ","±1%","50V","62.5mW","±100ppm/℃"
"C477599","RC0402FR-071M91L","YAGEO","7700","100","100","https://www.lcsc.com/product-detail/C477599.html","0402","Tape & Reel (TR)","Thick Film Resistor","1.91MΩ","±1%","50V","62.5mW","±100ppm/℃"
"C326920","RC0603FR-0784K5L","YAGEO","7700","100","100","https://www.lcsc.com/product-detail/C326920.html","0603","Tape & Reel (TR)","Thick Film Resistor","84.5kΩ","±1%","75V","100mW","±100ppm/℃"
"C137981","RC0402FR-07432RL","YAGEO","7700","100","100","https://www.lcsc.com/product-detail/C137981.html","0402","Tape & Reel (TR)","Thick Film Resistor","432Ω","±1%","50V","62.5mW","±100ppm/℃"
"C477629","RC0402FR-0719K6L","YAGEO","7500","100","100","https://www.lcsc.com/product-detail/C477629.html","0402","Tape & Reel (TR)","Thick Film Resistor","19.6kΩ","±1%","50V","62.5mW","±100ppm/℃"
"C163405","RC0805FR-0757K6L","YAGEO","7500","100","100","https://www.lcsc.com/product-detail/C163405.html","0805","Tape & Reel (TR)","Thick Film Resistor","57.6kΩ","±1%","150V","125mW","±100ppm/℃"
"C138064","RC0402FR-07110RL","YAGEO","7500","100","100","https://www.lcsc.com/product-detail/C138064.html","0402","Tape & Reel (TR)","Thick Film Resistor","110Ω","±1%","50V","62.5mW","±100ppm/℃"
"C137709","RC0603FR-074K87L","YAGEO","7500","100","100","https://www.lcsc.com/product-detail/C137709.html","0603","Tape & Reel (TR)","Thick Film Resistor","4.87kΩ","±1%","75V","100mW","±100ppm/℃"
"C273725","RC0402FR-0766R5L","YAGEO","7400","100","100","https://www.lcsc.com/product-detail/C273725.html","0402","Tape & Reel (TR)","Thick Film Resistor","66.5Ω","±1%","50V","62.5mW","±100ppm/℃"
"C327345","RC0402FR-07402KL","YAGEO","7300","100","100","https://www.lcsc.com/product-detail/C327345.html","0402","Tape & Reel (TR)","Thick Film Resistor","402kΩ","±1%","50V","62.5mW","±100ppm/℃"
"C276304","RC0805FR-0737K4L","YAGEO","7300","100","100","https://www.lcsc.com/product-detail/C276304.html","0805","Tape & Reel (TR)","Thick Film Resistor","37.4kΩ","±1%","150V","125mW","±100ppm/℃"
"C163479","RC0402FR-07221KL","YAGEO","7200","100","100","https://www.lcsc.com/product-detail/C163479.html","0402","Tape & Reel (TR)","Thick Film Resistor","221kΩ","±1%","50V","62.5mW","±100ppm/℃"
"C137988","RC0402FR-073K92L","YAGEO","7200","100","100","https://www.lcsc.com/product-detail/C137988.html","0402","Tape & Reel (TR)","Thick Film Resistor","3.92kΩ","±1%","50V","62.5mW","±100ppm/℃"
"C112314","RC0603FR-075K11L","YAGEO","7200","100","100","https://www.lcsc.com/product-detail/C112314.html","0603","Tape & Reel (TR)","Thick Film Resistor","5.11kΩ","±1%","75V","100mW","±100ppm/℃"
"C273881","RC0805FR-07348RL","YAGEO","7100","100","100","https://www.lcsc.com/product-detail/C273881.html","0805","Tape & Reel (TR)","Thick Film Resistor","348Ω","±1%","150V","125mW","±100ppm/℃"
"C137554","RC0805FR-072K74L","YAGEO","7100","100","100","https://www.lcsc.com/product-detail/C137554.html","0805","Tape & Reel (TR)","Thick Film Resistor","2.74kΩ","±1%","150V","125mW","±100ppm/℃"
"C327331","RC0402FR-0761K9L","YAGEO","7000","100","100","https://www.lcsc.com/product-detail/C327331.html","0402","Tape & Reel (TR)","Thick Film Resistor","61.9kΩ","±1%","50V","62.5mW","±100ppm/℃"
"C274894","RC0402FR-07549RL","YAGEO","7000","100","100","https://www.lcsc.com/product-detail/C274894.html","0402","Tape & Reel (TR)","Thick Film Resistor","549Ω","±1%","50V","62.5mW","±100ppm/℃"
"C245981","RC0603FR-07576KL","YAGEO","6900","100","100","https://www.lcsc.com/product-detail/C245981.html","0603","Tape & Reel (TR)","Thick Film Resistor","576kΩ","±1%","75V","100mW","±100ppm/℃"
"C477205","RC0402FR-071M37L","YAGEO","6800","100","100","https://www.lcsc.com/product-detail/C477205.html","0402","Tape & Reel (TR)","Thick Film Resistor","1.37MΩ","±1%","50V","62.5mW","±100ppm/℃"
"C245890","RC0402FR-07412RL","YAGEO","6800","100","100","https://www.lcsc.com/product-detail/C245890.html","0402","Tape & Reel (TR)","Thick Film Resistor","412Ω","±1%","50V","62.5mW","±100ppm/℃"
"C185407","RC0402FR-075K36L","YAGEO","6800","100","100","https://www.lcsc.com/product-detail/C185407.html","0402","Tape & Reel (TR)","Thick Film Resistor","5.36kΩ","±1%","50V","62.5mW","±100ppm/℃"
"C137781","RC0603FR-071K15L","YAGEO","6800","100","100","https://www.lcsc.com/product-detail/C137781.html","0603","Tape & Reel (TR)","Thick Film Resistor","1.15kΩ","±1%","75V","100mW","±100ppm/℃"
"C327337","RC0402FR-07536KL","YAGEO","6700","100","100","https://www.lcsc.com/product-detail/C327337.html","0402","Tape & Reel (TR)","Thick Film Resistor","536kΩ","±1%","50V","62.5mW","±100ppm/℃"
"C477669","RC0402FR-07205KL","YAGEO","6600","100","100","https://www.lcsc.com/product-detail/C477669.html","0402","Tape & Reel (TR)","Thick Film Resistor","205kΩ","±1%","50V","62.5mW","±100ppm/℃"
"C185418","RC0402FR-073K48L","YAGEO","6600","100","100","https://www.lcsc.com/product-detail/C185418.html","0402","Tape & Reel (TR)","Thick Film Resistor","3.48kΩ","±1%","50V","62.5mW","±100ppm/℃"
"C137665","RC0603FR-079K76L","YAGEO","6600","100","100","https://www.lcsc.com/product-detail/C137665.html","0603","Tape & Reel (TR)","Thick Film Resistor","9.76kΩ","±1%","75V","100mW","±100ppm/℃"
"C295879","RC0402FR-07562RL","YAGEO","6500","100","100","https://www.lcsc.com/product-detail/C295879.html","0402","Tape & Reel (TR)","Thick Film Resistor","562Ω","±1%","50V","62.5mW","±100ppm/℃"
"C138024","RC0402FR-0725R5L","YAGEO","6500","100","100","https://www.lcsc.com/product-detail/C138024.html","0402","Tape & Reel (TR)","Thick Film Resistor","25.5Ω","±1%","50V","62.5mW","±100ppm/℃"
"C137795","RC0603FR-0714KL","YAGEO","6500","100","100","https://www.lcsc.com/product-detail/C137795.html","0603","Tape & Reel (TR)","Thick Film Resistor","14kΩ","±1%","75V","100mW","±100ppm/℃"
"C163473","RC0402FR-072K1L","YAGEO","6400","100","100","https://www.lcsc.com/product-detail/C163473.html","0402","Tape & Reel (TR)","Thick Film Resistor","2.1kΩ","±1%","50V","62.5mW","±100ppm/℃"
"C138023","RC0402FR-0726K7L","YAGEO","6400","100","100","https://www.lcsc.com/product-detail/C138023.html","0402","Tape & Reel (TR)","Thick Film Resistor","26.7kΩ","±1%","50V","62.5mW","±100ppm/℃"
"C185337","RC0603FR-07340KL","YAGEO","6300","100","100","https://www.lcsc.com/product-detail/C185337.html","0603","Tape & Reel (TR)","Thick Film Resistor","340kΩ","±1%","75V","100mW","±100ppm/℃"
"C137544","RC0805FR-07332KL","YAGEO","6300","100","100","https://www.lcsc.com/product-detail/C137544.html","0805","Tape & Reel (TR)","Thick Film Resistor","332kΩ","±1%","150V","125mW","±100ppm/℃"
"C273759","RC0603FR-0740R2L","YAGEO","6200","100","100","https://www.lcsc.com/product-detail/C273759.html","0603","Tape & Reel (TR)","Thick Film Resistor","40.2Ω","±1%","75V","100mW","±100ppm/℃"
"C185426","RC0402FR-07324KL","YAGEO","6200","100","100","https://www.lcsc.com/product-detail/C185426.html","0402","Tape & Reel (TR)","Thick Film Resistor","324kΩ","±1%","50V","62.5mW","±100ppm/℃"
"C477741","RC0402FR-07464RL","YAGEO","6100","100","100","https://www.lcsc.com/product-detail/C477741.html","0402","Tape & Reel (TR)","Thick Film Resistor","464Ω","±1%","50V","62.5mW","±100ppm/℃"
"C185452","RC0402FR-071K69L","YAGEO","6000","100","100","https://www.lcsc.com/product-detail/C185452.html","0402","Tape & Reel (TR)","Thick Film Resistor","1.69kΩ","±1%","50V","62.5mW","±100ppm/℃"
"C163486","RC0402FR-07187KL","YAGEO","6000","100","100","https://www.lcsc.com/product-detail/C163486.html","0402","Tape & Reel (TR)","Thick Film Resistor","187kΩ","±1%","50V","62.5mW","±100ppm/℃"
"C137764","RC0603FR-07243KL","YAGEO","6000","100","100","https://www.lcsc.com/product-detail/C137764.html","0603","Tape & Reel (TR)","Thick Film Resistor","243kΩ","±1%","75V","100mW","±100ppm/℃"
"C327341","RC0402FR-07487RL","YAGEO","5900","100","100","https://www.lcsc.com/product-detail/C327341.html","0402","Tape & Reel (TR)","Thick Film Resistor","487Ω","±1%","50V","62.5mW","±100ppm/℃"
"C163480","RC0402FR-071M82L","YAGEO","5900","100","100","https://www.lcsc.com/product-detail/C163480.html","0402","Tape & Reel (TR)","Thick Film Resistor","1.82MΩ","±1%","50V","62.5mW","±100ppm/℃"
"C6164249","RC0402FR-0712K4P","YAGEO","600","100","100","https://www.lcsc.com/product-detail/C6164249.html","0402","Tape & Reel (TR)","Thick Film Resistor","12.4kΩ","±1%","","63mW","±100ppm/℃"
"C274351","RC0402FR-0718K2L","YAGEO","5800","100","100","https://www.lcsc.com/product-detail/C274351.html","0402","Tape & Reel (TR)","Thick Film Resistor","18.2kΩ","±1%","50V","62.5mW","±100ppm/℃"
"C246034","RC0805FR-074K02L","YAGEO","5800","100","100","https://www.lcsc.com/product-detail/C246034.html","0805","Tape & Reel (TR)","Thick Film Resistor","4.02kΩ","±1%","150V","125mW","±100ppm/℃"
"C185434","RC0402FR-07280KL","YAGEO","5800","100","100","https://www.lcsc.com/product-detail/C185434.html","0402","Tape & Reel (TR)","Thick Film Resistor","280kΩ","±1%","50V","62.5mW","±100ppm/℃"
"C137711","RC0603FR-074K64L","YAGEO","5800","100","100","https://www.lcsc.com/product-detail/C137711.html","0603","Tape & Reel (TR)","Thick Film Resistor","4.64kΩ","±1%","75V","100mW","±100ppm/℃"
"C482904","RC0603FR-0761R9L","YAGEO","5700","100","100","https://www.lcsc.com/product-detail/C482904.html","0603","Tape & Reel (TR)","Thick Film Resistor","61.9Ω","±1%","75V","100mW","±100ppm/℃"
"C273778","RC0603FR-073K48L","YAGEO","5700","100","100","https://www.lcsc.com/product-detail/C273778.html","0603","Tape & Reel (TR)","Thick Film Resistor","3.48kΩ","±1%","75V","100mW","±100ppm/℃"
"C273735","RC0402FR-07536RL","YAGEO","5700","100","100","https://www.lcsc.com/product-detail/C273735.html","0402","Tape & Reel (TR)","Thick Film Resistor","536Ω","±1%","50V","62.5mW","±100ppm/℃"
"C185456","RC0402FR-07191RL","YAGEO","5600","100","100","https://www.lcsc.com/product-detail/C185456.html","0402","Tape & Reel (TR)","Thick Film Resistor","191Ω","±1%","50V","62.5mW","±100ppm/℃"
"C155690","RC0603FR-0718K7L","YAGEO","5500","100","100","https://www.lcsc.com/product-detail/C155690.html","0603","Tape & Reel (TR)","Thick Film Resistor","18.7kΩ","±1%","75V","100mW","±100ppm/℃"
"C137546","RC0805FR-07301KL","YAGEO","5500","100","100","https://www.lcsc.com/product-detail/C137546.html","0805","Tape & Reel (TR)","Thick Film Resistor","301kΩ","±1%","150V","125mW","±100ppm/℃"
"C185365","RC0603FR-0717K4L","YAGEO","5400","100","100","https://www.lcsc.com/product-detail/C185365.html","0603","Tape & Reel (TR)","Thick Film Resistor","17.4kΩ","±1%","75V","100mW","±100ppm/℃"
"C137717","RC0603FR-07475KL","YAGEO","5400","100","100","https://www.lcsc.com/product-detail/C137717.html","0603","Tape & Reel (TR)","Thick Film Resistor","475kΩ","±1%","75V","100mW","±100ppm/℃"
"C309542","RC0402FR-07232KL","YAGEO","5300","100","100","https://www.lcsc.com/product-detail/C309542.html","0402","Tape & Reel (TR)","Thick Film Resistor","232kΩ","±1%","50V","62.5mW","±100ppm/℃"
"C246015","RC0603FR-07887KL","YAGEO","5300","100","100","https://www.lcsc.com/product-detail/C246015.html","0603","Tape & Reel (TR)","Thick Film Resistor","887kΩ","±1%","75V","100mW","±100ppm/℃"
"C245910","RC0603FR-07140RL","YAGEO","5300","100","100","https://www.lcsc.com/product-detail/C245910.html","0603","Tape & Reel (TR)","Thick Film Resistor","140Ω","±1%","75V","100mW","±100ppm/℃"
"C138014","RC0402FR-072ML","YAGEO","5300","100","100","https://www.lcsc.com/product-detail/C138014.html","0402","Tape & Reel (TR)","Thick Film Resistor","2MΩ","±1%","50V","62.5mW","±100ppm/℃"
"C273777","RC0603FR-0728KL","YAGEO","5200","100","100","https://www.lcsc.com/product-detail/C273777.html","0603","Tape & Reel (TR)","Thick Film Resistor","28kΩ","±1%","75V","100mW","±100ppm/℃"
"C185412","RC0402FR-0746K4L","YAGEO","5200","100","100","https://www.lcsc.com/product-detail/C185412.html","0402","Tape & Reel (TR)","Thick Film Resistor","46.4kΩ","±1%","50V","62.5mW","±100ppm/℃"
"C165741","RC0603FR-07604RL","YAGEO","5200","100","100","https://www.lcsc.com/product-detail/C165741.html","0603","Tape & Reel (TR)","Thick Film Resistor","604Ω","±1%","75V","100mW","±100ppm/℃"
"C273747","RC0603FR-07165KL","YAGEO","5100","100","100","https://www.lcsc.com/product-detail/C273747.html","0603","Tape & Reel (TR)","Thick Film Resistor","165kΩ","±1%","75V","100mW","±100ppm/℃"
"C163449","RC0402FR-079K76L","YAGEO","5100","100","100","https://www.lcsc.com/product-detail/C163449.html","0402","Tape & Reel (TR)","Thick Film Resistor","9.76kΩ","±1%","50V","62.5mW","±100ppm/℃"
"C137989","RC0402FR-073K74L","YAGEO","5100","100","100","https://www.lcsc.com/product-detail/C137989.html","0402","Tape & Reel (TR)","Thick Film Resistor","3.74kΩ","±1%","50V","62.5mW","±100ppm/℃"
"C483249","RC0805FR-07866RL","YAGEO","5000","100","100","https://www.lcsc.com/product-detail/C483249.html","0805","Tape & Reel (TR)","Thick Film Resistor","866Ω","±1%","150V","125mW","±100ppm/℃"
"C483157","RC0805FR-0743R2L","YAGEO","5000","100","100","https://www.lcsc.com/product-detail/C483157.html","0805","Tape & Reel (TR)","Thick Film Resistor","43.2Ω","±1%","150V","125mW","±100ppm/℃"
"C482991","RC0805FR-071M91L","YAGEO","5000","100","100","https://www.lcsc.com/product-detail/C482991.html","0805","Tape & Reel (TR)","Thick Film Resistor","1.91MΩ","±1%","150V","125mW","±100ppm/℃"
"C276296","RC0805FR-07133KL","YAGEO","5000","100","100","https://www.lcsc.com/product-detail/C276296.html","0805","Tape & Reel (TR)","Thick Film Resistor","133kΩ","±1%","150V","125mW","±100ppm/℃"
"C276290","RC0603FR-0724K3L","YAGEO","5000","100","100","https://www.lcsc.com/product-detail/C276290.html","0603","Tape & Reel (TR)","Thick Film Resistor","24.3kΩ","±1%","75V","100mW","±100ppm/℃"
"C274002","RC0805FR-073K09L","YAGEO","5000","100","100","https://www.lcsc.com/product-detail/C274002.html","0805","Tape & Reel (TR)","Thick Film Resistor","3.09kΩ","±1%","150V","125mW","±100ppm/℃"
"C273913","RC0805FR-07619RL","YAGEO","5000","100","100","https://www.lcsc.com/product-detail/C273913.html","0805","Tape & Reel (TR)","Thick Film Resistor","619Ω","±1%","150V","125mW","±100ppm/℃"
"C273841","RC0805FR-0714K7L","YAGEO","5000","100","100","https://www.lcsc.com/product-detail/C273841.html","0805","Tape & Reel (TR)","Thick Film Resistor","14.7kΩ","±1%","150V","125mW","±100ppm/℃"
"C273789","RC0603FR-0720K5L","YAGEO","5000","100","100","https://www.lcsc.com/product-detail/C273789.html","0603","Tape & Reel (TR)","Thick Film Resistor","20.5kΩ","±1%","75V","100mW","±100ppm/℃"
"C137566","RC0805FR-0722K6L","YAGEO","5000","100","100","https://www.lcsc.com/product-detail/C137566.html","0805","Tape & Reel (TR)","Thick Film Resistor","22.6kΩ","±1%","150V","125mW","±100ppm/℃"
"C137555","RC0805FR-072K43L","YAGEO","5000","100","100","https://www.lcsc.com/product-detail/C137555.html","0805","Tape & Reel (TR)","Thick Film Resistor","2.43kΩ","±1%","150V","125mW","±100ppm/℃"
"C114525","RC0805FR-0710ML","YAGEO","4950","50","50","https://www.lcsc.com/product-detail/C114525.html","0805","Tape & Reel (TR)","Thick Film Resistor","10MΩ","±1%","150V","125mW","±100ppm/℃"
"C483094","RC0805FR-073K32L","YAGEO","4900","100","100","https://www.lcsc.com/product-detail/C483094.html","0805","Tape & Reel (TR)","Thick Film Resistor","3.32kΩ","±1%","150V","125mW","±100ppm/℃"
"C482847","RC0603FR-07301RL","YAGEO","4900","100","100","https://www.lcsc.com/product-detail/C482847.html","0603","Tape & Reel (TR)","Thick Film Resistor","301Ω","±1%","75V","100mW","±100ppm/℃"
"C477809","RC0402FR-0788R7L","YAGEO","4900","100","100","https://www.lcsc.com/product-detail/C477809.html","0402","Tape & Reel (TR)","Thick Film Resistor","88.7Ω","±1%","50V","62.5mW","±100ppm/℃"
"C477681","RC0402FR-0728RL","YAGEO","4900","100","100","https://www.lcsc.com/product-detail/C477681.html","0402","Tape & Reel (TR)","Thick Film Resistor","28Ω","±1%","50V","62.5mW","±100ppm/℃"
"C295887","RC0603FR-07255KL","YAGEO","4900","100","100","https://www.lcsc.com/product-detail/C295887.html","0603","Tape & Reel (TR)","Thick Film Resistor","255kΩ","±1%","75V","100mW","±100ppm/℃"
"C273871","RC0805FR-07255KL","YAGEO","4900","100","100","https://www.lcsc.com/product-detail/C273871.html","0805","Tape & Reel (TR)","Thick Film Resistor","255kΩ","±1%","150V","125mW","±100ppm/℃"
"C273328","RC0402FR-0771K5L","YAGEO","4900","100","100","https://www.lcsc.com/product-detail/C273328.html","0402","Tape & Reel (TR)","Thick Film Resistor","71.5kΩ","±1%","50V","62.5mW","±100ppm/℃"
"C245930","RC0603FR-071K27L","YAGEO","4900","100","100","https://www.lcsc.com/product-detail/C245930.html","0603","Tape & Reel (TR)","Thick Film Resistor","1.27kΩ","±1%","75V","100mW","±100ppm/℃"
"C188252","RC0603FR-073K92L","YAGEO","4900","100","100","https://www.lcsc.com/product-detail/C188252.html","0603","Tape & Reel (TR)","Thick Film Resistor","3.92kΩ","±1%","75V","100mW","±100ppm/℃"
"C185358","RC0603FR-071K54L","YAGEO","4900","100","100","https://www.lcsc.com/product-detail/C185358.html","0603","Tape & Reel (TR)","Thick Film Resistor","1.54kΩ","±1%","75V","100mW","±100ppm/℃"
"C185336","RC0603FR-07365KL","YAGEO","4900","100","100","https://www.lcsc.com/product-detail/C185336.html","0603","Tape & Reel (TR)","Thick Film Resistor","365kΩ","±1%","75V","100mW","±100ppm/℃"
"C137775","RC0603FR-071K78L","YAGEO","4900","100","100","https://www.lcsc.com/product-detail/C137775.html","0603","Tape & Reel (TR)","Thick Film Resistor","1.78kΩ","±1%","75V","100mW","±100ppm/℃"
"C137757","RC0603FR-07255RL","YAGEO","4900","100","100","https://www.lcsc.com/product-detail/C137757.html","0603","Tape & Reel (TR)","Thick Film Resistor","255Ω","±1%","75V","100mW","±100ppm/℃"
"C137668","RC0603FR-07953RL","YAGEO","4900","100","100","https://www.lcsc.com/product-detail/C137668.html","0603","Tape & Reel (TR)","Thick Film Resistor","953Ω","±1%","75V","100mW","±100ppm/℃"
"C137557","RC0805FR-072K21L","YAGEO","4900","100","100","https://www.lcsc.com/product-detail/C137557.html","0805","Tape & Reel (TR)","Thick Film Resistor","2.21kΩ","±1%","150V","125mW","±100ppm/℃"
"C137522","RC0805FR-07464KL","YAGEO","4900","100","100","https://www.lcsc.com/product-detail/C137522.html","0805","Tape & Reel (TR)","Thick Film Resistor","464kΩ","±1%","150V","125mW","±100ppm/℃"
"C141682","RC0603FR-078K66L","YAGEO","4850","50","50","https://www.lcsc.com/product-detail/C141682.html","0603","Tape & Reel (TR)","Thick Film Resistor","8.66kΩ","±1%","75V","100mW","±100ppm/℃"
"C482962","RC0805FR-071K43L","YAGEO","4800","100","100","https://www.lcsc.com/product-detail/C482962.html","0805","Tape & Reel (TR)","Thick Film Resistor","1.43kΩ","±1%","150V","125mW","±100ppm/℃"
"C482838","RC0603FR-073M74L","YAGEO","4800","100","100","https://www.lcsc.com/product-detail/C482838.html","0603","Tape & Reel (TR)","Thick Film Resistor","3.74MΩ","±1%","75V","100mW","±100ppm/℃"
"C482634","RC0603FR-071K47L","YAGEO","4800","100","100","https://www.lcsc.com/product-detail/C482634.html","0603","Tape & Reel (TR)","Thick Film Resistor","1.47kΩ","±1%","75V","100mW","±100ppm/℃"
"C327371","RC0402FR-0714R3L","YAGEO","4800","100","100","https://www.lcsc.com/product-detail/C327371.html","0402","Tape & Reel (TR)","Thick Film Resistor","14.3Ω","±1%","50V","62.5mW","±100ppm/℃"
"C327368","RC0402FR-07165KL","YAGEO","4800","100","100","https://www.lcsc.com/product-detail/C327368.html","0402","Tape & Reel (TR)","Thick Film Resistor","165kΩ","±1%","50V","62.5mW","±100ppm/℃"
"C273905","RC0805FR-079K31L","YAGEO","4800","100","100","https://www.lcsc.com/product-detail/C273905.html","0805","Tape & Reel (TR)","Thick Film Resistor","9.31kΩ","±1%","150V","125mW","±100ppm/℃"
"C245942","RC0603FR-0725R5L","YAGEO","4800","100","100","https://www.lcsc.com/product-detail/C245942.html","0603","Tape & Reel (TR)","Thick Film Resistor","25.5Ω","±1%","75V","100mW","±100ppm/℃"
"C137680","RC0603FR-077K87L","YAGEO","4800","100","100","https://www.lcsc.com/product-detail/C137680.html","0603","Tape & Reel (TR)","Thick Film Resistor","7.87kΩ","±1%","75V","100mW","±100ppm/℃"
"C273860","RC0805FR-07205KL","YAGEO","4750","50","50","https://www.lcsc.com/product-detail/C273860.html","0805","Tape & Reel (TR)","Thick Film Resistor","205kΩ","±1%","150V","125mW","±100ppm/℃"
"C483018","RC0805FR-0716R9L","YAGEO","4700","100","100","https://www.lcsc.com/product-detail/C483018.html","0805","Tape & Reel (TR)","Thick Film Resistor","16.9Ω","±1%","150V","125mW","±100ppm/℃"
"C482951","RC0805FR-071M21L","YAGEO","4700","100","100","https://www.lcsc.com/product-detail/C482951.html","0805","Tape & Reel (TR)","Thick Film Resistor","1.21MΩ","±1%","150V","125mW","±100ppm/℃"
"C295872","RC0402FR-07115RL","YAGEO","4700","100","100","https://www.lcsc.com/product-detail/C295872.html","0402","Tape & Reel (TR)","Thick Film Resistor","115Ω","±1%","50V","62.5mW","±100ppm/℃"
"C273962","RC0805FR-071K82L","YAGEO","4700","100","100","https://www.lcsc.com/product-detail/C273962.html","0805","Tape & Reel (TR)","Thick Film Resistor","1.82kΩ","±1%","150V","125mW","±100ppm/℃"
"C273897","RC0805FR-0760R4L","YAGEO","4700","100","100","https://www.lcsc.com/product-detail/C273897.html","0805","Tape & Reel (TR)","Thick Film Resistor","60.4Ω","±1%","150V","125mW","±100ppm/℃"
"C273853","RC0805FR-0717K4L","YAGEO","4700","100","100","https://www.lcsc.com/product-detail/C273853.html","0805","Tape & Reel (TR)","Thick Film Resistor","17.4kΩ","±1%","150V","125mW","±100ppm/℃"
"C273848","RC0805FR-07121KL","YAGEO","4700","100","100","https://www.lcsc.com/product-detail/C273848.html","0805","Tape & Reel (TR)","Thick Film Resistor","121kΩ","±1%","150V","125mW","±100ppm/℃"
"C273804","RC0805FR-073K01L","YAGEO","4700","100","100","https://www.lcsc.com/product-detail/C273804.html","0805","Tape & Reel (TR)","Thick Film Resistor","3.01kΩ","±1%","150V","125mW","±100ppm/℃"
"C188254","RC0402FR-07102KL","YAGEO","4700","100","100","https://www.lcsc.com/product-detail/C188254.html","0402","Tape & Reel (TR)","Thick Film Resistor","102kΩ","±1%","50V","62.5mW","±100ppm/℃"
"C185427","RC0402FR-07316KL","YAGEO","4700","100","100","https://www.lcsc.com/product-detail/C185427.html","0402","Tape & Reel (TR)","Thick Film Resistor","316kΩ","±1%","50V","62.5mW","±100ppm/℃"
"C137701","RC0603FR-07536KL","YAGEO","4700","100","100","https://www.lcsc.com/product-detail/C137701.html","0603","Tape & Reel (TR)","Thick Film Resistor","536kΩ","±1%","75V","100mW","±100ppm/℃"
"C137553","RC0805FR-072K87L","YAGEO","4700","100","100","https://www.lcsc.com/product-detail/C137553.html","0805","Tape & Reel (TR)","Thick Film Resistor","2.87kΩ","±1%","150V","125mW","±100ppm/℃"
"C137525","RC0805FR-0743K2L","YAGEO","4700","100","100","https://www.lcsc.com/product-detail/C137525.html","0805","Tape & Reel (TR)","Thick Film Resistor","43.2kΩ","±1%","150V","125mW","±100ppm/℃"
"C483130","RC0805FR-07392RL","YAGEO","4600","100","100","https://www.lcsc.com/product-detail/C483130.html","0805","Tape & Reel (TR)","Thick Film Resistor","392Ω","±1%","150V","125mW","±100ppm/℃"
"C477783","RC0402FR-077M15L","YAGEO","4600","100","100","https://www.lcsc.com/product-detail/C477783.html","0402","Tape & Reel (TR)","Thick Film Resistor","7.15MΩ","±1%","50V","62.5mW","±100ppm/℃"
"C477189","RC0402FR-071M13L","YAGEO","4600","100","100","https://www.lcsc.com/product-detail/C477189.html","0402","Tape & Reel (TR)","Thick Film Resistor","1.13MΩ","±1%","50V","62.5mW","±100ppm/℃"
"C276311","RC0805FR-075K11L","YAGEO","4600","50","50","https://www.lcsc.com/product-detail/C276311.html","0805","Tape & Reel (TR)","Thick Film Resistor","5.11kΩ","±1%","150V","125mW","±100ppm/℃"
"C185357","RC0603FR-071K65L","YAGEO","4600","100","100","https://www.lcsc.com/product-detail/C185357.html","0603","Tape & Reel (TR)","Thick Film Resistor","1.65kΩ","±1%","75V","100mW","±100ppm/℃"
"C137967","RC0402FR-074K42L","YAGEO","4600","100","100","https://www.lcsc.com/product-detail/C137967.html","0402","Tape & Reel (TR)","Thick Film Resistor","4.42kΩ","±1%","50V","62.5mW","±100ppm/℃"
"C137780","RC0603FR-071K1L","YAGEO","4600","100","100","https://www.lcsc.com/product-detail/C137780.html","0603","Tape & Reel (TR)","Thick Film Resistor","1.1kΩ","±1%","75V","100mW","±100ppm/℃"
"C137497","RC0805FR-076K04L","YAGEO","4600","100","100","https://www.lcsc.com/product-detail/C137497.html","0805","Tape & Reel (TR)","Thick Film Resistor","6.04kΩ","±1%","150V","125mW","±100ppm/℃"
"C273994","RC0805FR-0760K4L","YAGEO","4500","100","100","https://www.lcsc.com/product-detail/C273994.html","0805","Tape & Reel (TR)","Thick Film Resistor","60.4kΩ","±1%","150V","125mW","±100ppm/℃"
"C245978","RC0603FR-07549KL","YAGEO","4500","100","100","https://www.lcsc.com/product-detail/C245978.html","0603","Tape & Reel (TR)","Thick Film Resistor","549kΩ","±1%","75V","100mW","±100ppm/℃"
"C137767","RC0603FR-0722R1L","YAGEO","4500","100","100","https://www.lcsc.com/product-detail/C137767.html","0603","Tape & Reel (TR)","Thick Film Resistor","22.1Ω","±1%","75V","100mW","±100ppm/℃"
"C137736","RC0603FR-0738K3L","YAGEO","4500","100","100","https://www.lcsc.com/product-detail/C137736.html","0603","Tape & Reel (TR)","Thick Film Resistor","38.3kΩ","±1%","75V","100mW","±100ppm/℃"
"C483159","RC0805FR-0744R2L","YAGEO","4400","100","100","https://www.lcsc.com/product-detail/C483159.html","0805","Tape & Reel (TR)","Thick Film Resistor","44.2Ω","±1%","150V","125mW","±100ppm/℃"
"C483109","RC0805FR-073M83L","YAGEO","4400","100","100","https://www.lcsc.com/product-detail/C483109.html","0805","Tape & Reel (TR)","Thick Film Resistor","3.83MΩ","±1%","150V","125mW","±100ppm/℃"
"C274350","RC0402FR-07187RL","YAGEO","4400","100","100","https://www.lcsc.com/product-detail/C274350.html","0402","Tape & Reel (TR)","Thick Film Resistor","187Ω","±1%","50V","62.5mW","±100ppm/℃"
"C273980","RC0805FR-0717R4L","YAGEO","4400","100","100","https://www.lcsc.com/product-detail/C273980.html","0805","Tape & Reel (TR)","Thick Film Resistor","17.4Ω","±1%","150V","125mW","±100ppm/℃"
"C273802","RC0603FR-074K53L","YAGEO","4400","100","100","https://www.lcsc.com/product-detail/C273802.html","0603","Tape & Reel (TR)","Thick Film Resistor","4.53kΩ","±1%","75V","100mW","±100ppm/℃"
"C273793","RC0603FR-0725K5L","YAGEO","4400","100","100","https://www.lcsc.com/product-detail/C273793.html","0603","Tape & Reel (TR)","Thick Film Resistor","25.5kΩ","±1%","75V","100mW","±100ppm/℃"
"C245895","RC0603FR-07107RL","YAGEO","4400","100","100","https://www.lcsc.com/product-detail/C245895.html","0603","Tape & Reel (TR)","Thick Film Resistor","107Ω","±1%","75V","100mW","±100ppm/℃"
"C185364","RC0603FR-0717K8L","YAGEO","4400","100","100","https://www.lcsc.com/product-detail/C185364.html","0603","Tape & Reel (TR)","Thick Film Resistor","17.8kΩ","±1%","75V","100mW","±100ppm/℃"
"C185316","RC0603FR-075K36L","YAGEO","4400","100","100","https://www.lcsc.com/product-detail/C185316.html","0603","Tape & Reel (TR)","Thick Film Resistor","5.36kΩ","±1%","75V","100mW","±100ppm/℃"
"C183220","RC0603FR-075K62L","YAGEO","4400","100","100","https://www.lcsc.com/product-detail/C183220.html","0603","Tape & Reel (TR)","Thick Film Resistor","5.62kΩ","±1%","75V","100mW","±100ppm/℃"
"C138038","RC0402FR-071K62L","YAGEO","4400","100","100","https://www.lcsc.com/product-detail/C138038.html","0402","Tape & Reel (TR)","Thick Film Resistor","1.62kΩ","±1%","50V","62.5mW","±100ppm/℃"
"C137582","RC0805FR-071K3L","YAGEO","4400","100","100","https://www.lcsc.com/product-detail/C137582.html","0805","Tape & Reel (TR)","Thick Film Resistor","1.3kΩ","±1%","150V","125mW","±100ppm/℃"
"C482841","RC0603FR-073M83L","YAGEO","4300","100","100","https://www.lcsc.com/product-detail/C482841.html","0603","Tape & Reel (TR)","Thick Film Resistor","3.83MΩ","±1%","75V","100mW","±100ppm/℃"
"C482789","RC0603FR-072M26L","YAGEO","4300","100","100","https://www.lcsc.com/product-detail/C482789.html","0603","Tape & Reel (TR)","Thick Film Resistor","2.26MΩ","±1%","75V","100mW","±100ppm/℃"
"C477679","RC0402FR-0726R7L","YAGEO","4300","100","100","https://www.lcsc.com/product-detail/C477679.html","0402","Tape & Reel (TR)","Thick Film Resistor","26.7Ω","±1%","50V","62.5mW","±100ppm/℃"
"C273984","RC0805FR-0710K2L","YAGEO","4300","100","100","https://www.lcsc.com/product-detail/C273984.html","0805","Tape & Reel (TR)","Thick Film Resistor","10.2kΩ","±1%","150V","125mW","±100ppm/℃"
"C246004","RC0603FR-07732RL","YAGEO","4300","100","100","https://www.lcsc.com/product-detail/C246004.html","0603","Tape & Reel (TR)","Thick Film Resistor","732Ω","±1%","75V","100mW","±100ppm/℃"
"C165744","RC0603FR-07226KL","YAGEO","4300","100","100","https://www.lcsc.com/product-detail/C165744.html","0603","Tape & Reel (TR)","Thick Film Resistor","226kΩ","±1%","75V","100mW","±100ppm/℃"
"C163458","RC0402FR-075K49L","YAGEO","4300","100","100","https://www.lcsc.com/product-detail/C163458.html","0402","Tape & Reel (TR)","Thick Film Resistor","5.49kΩ","±1%","50V","62.5mW","±100ppm/℃"
"C163422","RC0603FR-0763K4L","YAGEO","4300","100","100","https://www.lcsc.com/product-detail/C163422.html","0603","Tape & Reel (TR)","Thick Film Resistor","63.4kΩ","±1%","75V","100mW","±100ppm/℃"
"C137769","RC0603FR-0721KL","YAGEO","4300","100","100","https://www.lcsc.com/product-detail/C137769.html","0603","Tape & Reel (TR)","Thick Film Resistor","21kΩ","±1%","75V","100mW","±100ppm/℃"
"C137488","RC0805FR-0786K6L","YAGEO","4300","100","100","https://www.lcsc.com/product-detail/C137488.html","0805","Tape & Reel (TR)","Thick Film Resistor","86.6kΩ","±1%","150V","125mW","±100ppm/℃"
"C482791","RC0603FR-072M32L","YAGEO","4200","100","100","https://www.lcsc.com/product-detail/C482791.html","0603","Tape & Reel (TR)","Thick Film Resistor","2.32MΩ","±1%","75V","100mW","±100ppm/℃"
"C274356","RC0603FR-07210KL","YAGEO","4200","100","100","https://www.lcsc.com/product-detail/C274356.html","0603","Tape & Reel (TR)","Thick Film Resistor","210kΩ","±1%","75V","100mW","±100ppm/℃"
"C273756","RC0603FR-071K82L","YAGEO","4200","100","100","https://www.lcsc.com/product-detail/C273756.html","0603","Tape & Reel (TR)","Thick Film Resistor","1.82kΩ","±1%","75V","100mW","±100ppm/℃"
"C245991","RC0603FR-07649KL","YAGEO","4200","100","100","https://www.lcsc.com/product-detail/C245991.html","0603","Tape & Reel (TR)","Thick Film Resistor","649kΩ","±1%","75V","100mW","±100ppm/℃"
"C163427","RC0603FR-07221RL","YAGEO","4200","100","100","https://www.lcsc.com/product-detail/C163427.html","0603","Tape & Reel (TR)","Thick Film Resistor","221Ω","±1%","75V","100mW","±100ppm/℃"
"C137790","RC0603FR-0716K2L","YAGEO","4200","100","100","https://www.lcsc.com/product-detail/C137790.html","0603","Tape & Reel (TR)","Thick Film Resistor","16.2kΩ","±1%","75V","100mW","±100ppm/℃"
"C137686","RC0603FR-076K98L","YAGEO","4200","100","100","https://www.lcsc.com/product-detail/C137686.html","0603","Tape & Reel (TR)","Thick Film Resistor","6.98kΩ","±1%","75V","100mW","±100ppm/℃"
"C137667","RC0603FR-0795K3L","YAGEO","4200","100","100","https://www.lcsc.com/product-detail/C137667.html","0603","Tape & Reel (TR)","Thick Film Resistor","95.3kΩ","±1%","75V","100mW","±100ppm/℃"
"C483246","RC0805FR-07806RL","YAGEO","4100","100","100","https://www.lcsc.com/product-detail/C483246.html","0805","Tape & Reel (TR)","Thick Film Resistor","806Ω","±1%","150V","125mW","±100ppm/℃"
"C275641","RC0805FR-071M65L","YAGEO","4100","100","100","https://www.lcsc.com/product-detail/C275641.html","0805","Tape & Reel (TR)","Thick Film Resistor","1.65MΩ","±1%","150V","125mW","±100ppm/℃"
"C245935","RC0603FR-0721R5L","YAGEO","4100","100","100","https://www.lcsc.com/product-detail/C245935.html","0603","Tape & Reel (TR)","Thick Film Resistor","21.5Ω","±1%","75V","100mW","±100ppm/℃"
"C137800","RC0603FR-07124KL","YAGEO","4100","100","100","https://www.lcsc.com/product-detail/C137800.html","0603","Tape & Reel (TR)","Thick Film Resistor","124kΩ","±1%","75V","100mW","±100ppm/℃"
"C477607","RC0402FR-0712R4L","YAGEO","4000","100","100","https://www.lcsc.com/product-detail/C477607.html","0402","Tape & Reel (TR)","Thick Film Resistor","12.4Ω","±1%","50V","62.5mW","±100ppm/℃"
"C245953","RC0603FR-0730R9L","YAGEO","4000","100","100","https://www.lcsc.com/product-detail/C245953.html","0603","Tape & Reel (TR)","Thick Film Resistor","30.9Ω","±1%","75V","100mW","±100ppm/℃"
"C137677","RC0603FR-0782R5L","YAGEO","4000","100","100","https://www.lcsc.com/product-detail/C137677.html","0603","Tape & Reel (TR)","Thick Film Resistor","82.5Ω","±1%","75V","100mW","±100ppm/℃"
"C137496","RC0805FR-076K34L","YAGEO","4000","100","100","https://www.lcsc.com/product-detail/C137496.html","0805","Tape & Reel (TR)","Thick Film Resistor","6.34kΩ","±1%","150V","125mW","±100ppm/℃"
"C483219","RC0805FR-077M32L","YAGEO","3900","100","100","https://www.lcsc.com/product-detail/C483219.html","0805","Tape & Reel (TR)","Thick Film Resistor","7.32MΩ","±1%","150V","125mW","±100ppm/℃"
"C482918","RC0603FR-078M06L","YAGEO","3900","100","100","https://www.lcsc.com/product-detail/C482918.html","0603","Tape & Reel (TR)","Thick Film Resistor","8.06MΩ","±1%","75V","100mW","±100ppm/℃"
"C482870","RC0603FR-07442RL","YAGEO","3900","100","100","https://www.lcsc.com/product-detail/C482870.html","0603","Tape & Reel (TR)","Thick Film Resistor","442Ω","±1%","75V","100mW","±100ppm/℃"
"C482628","RC0603FR-071M33L","YAGEO","3900","100","100","https://www.lcsc.com/product-detail/C482628.html","0603","Tape & Reel (TR)","Thick Film Resistor","1.33MΩ","±1%","75V","100mW","±100ppm/℃"
"C477654","RC0402FR-072M55L","YAGEO","3900","100","100","https://www.lcsc.com/product-detail/C477654.html","0402","Tape & Reel (TR)","Thick Film Resistor","2.55MΩ","±1%","50V","62.5mW","±100ppm/℃"
"C375493","RC0402FR-07287RL","YAGEO","3900","100","100","https://www.lcsc.com/product-detail/C375493.html","0402","Tape & Reel (TR)","Thick Film Resistor","287Ω","±1%","50V","62.5mW","±100ppm/℃"
"C123417","RC0603FR-0712K1L","YAGEO","3900","100","100","https://www.lcsc.com/product-detail/C123417.html","0603","Tape & Reel (TR)","Thick Film Resistor","12.1kΩ","±1%","75V","100mW","±100ppm/℃"
"C483142","RC0805FR-074M42L","YAGEO","3800","100","100","https://www.lcsc.com/product-detail/C483142.html","0805","Tape & Reel (TR)","Thick Film Resistor","4.42MΩ","±1%","150V","125mW","±100ppm/℃"
"C483087","RC0805FR-07294KL","YAGEO","3800","100","100","https://www.lcsc.com/product-detail/C483087.html","0805","Tape & Reel (TR)","Thick Film Resistor","294kΩ","±1%","150V","125mW","±100ppm/℃"
"C482806","RC0603FR-072M74L","YAGEO","3800","100","100","https://www.lcsc.com/product-detail/C482806.html","0603","Tape & Reel (TR)","Thick Film Resistor","2.74MΩ","±1%","75V","100mW","±100ppm/℃"
"C273869","RC0805FR-07124KL","YAGEO","3800","100","100","https://www.lcsc.com/product-detail/C273869.html","0805","Tape & Reel (TR)","Thick Film Resistor","124kΩ","±1%","150V","125mW","±100ppm/℃"
"C273751","RC0603FR-0764R9L","YAGEO","3800","100","100","https://www.lcsc.com/product-detail/C273751.html","0603","Tape & Reel (TR)","Thick Film Resistor","64.9Ω","±1%","75V","100mW","±100ppm/℃"
"C137778","RC0603FR-071K33L","YAGEO","3800","100","100","https://www.lcsc.com/product-detail/C137778.html","0603","Tape & Reel (TR)","Thick Film Resistor","1.33kΩ","±1%","75V","100mW","±100ppm/℃"
"C137738","RC0603FR-0736K5L","YAGEO","3800","100","100","https://www.lcsc.com/product-detail/C137738.html","0603","Tape & Reel (TR)","Thick Film Resistor","36.5kΩ","±1%","75V","100mW","±100ppm/℃"
"C483204","RC0805FR-07604KL","YAGEO","3700","100","100","https://www.lcsc.com/product-detail/C483204.html","0805","Tape & Reel (TR)","Thick Film Resistor","604kΩ","±1%","150V","125mW","±100ppm/℃"
"C483023","RC0805FR-0718K2L","YAGEO","3700","100","100","https://www.lcsc.com/product-detail/C483023.html","0805","Tape & Reel (TR)","Thick Film Resistor","18.2kΩ","±1%","150V","125mW","±100ppm/℃"
"C482858","RC0603FR-074K42L","YAGEO","3700","100","100","https://www.lcsc.com/product-detail/C482858.html","0603","Tape & Reel (TR)","Thick Film Resistor","4.42kΩ","±1%","75V","100mW","±100ppm/℃"
"C276295","RC0805FR-07107KL","YAGEO","3700","100","100","https://www.lcsc.com/product-detail/C276295.html","0805","Tape & Reel (TR)","Thick Film Resistor","107kΩ","±1%","150V","125mW","±100ppm/℃"
"C273898","RC0805FR-07432RL","YAGEO","3700","100","100","https://www.lcsc.com/product-detail/C273898.html","0805","Tape & Reel (TR)","Thick Film Resistor","432Ω","±1%","150V","125mW","±100ppm/℃"
"C273786","RC0603FR-07590RL","YAGEO","3700","100","100","https://www.lcsc.com/product-detail/C273786.html","0603","Tape & Reel (TR)","Thick Film Resistor","590Ω","±1%","75V","100mW","±100ppm/℃"
"C273742","RC0603FR-07301KL","YAGEO","3700","100","100","https://www.lcsc.com/product-detail/C273742.html","0603","Tape & Reel (TR)","Thick Film Resistor","301kΩ","±1%","75V","100mW","±100ppm/℃"
"C246018","RC0603FR-07976KL","YAGEO","3700","100","100","https://www.lcsc.com/product-detail/C246018.html","0603","Tape & Reel (TR)","Thick Film Resistor","976kΩ","±1%","75V","100mW","±100ppm/℃"
"C245983","RC0603FR-0757K6L","YAGEO","3700","100","100","https://www.lcsc.com/product-detail/C245983.html","0603","Tape & Reel (TR)","Thick Film Resistor","57.6kΩ","±1%","75V","100mW","±100ppm/℃"
"C185458","RC0402FR-0717K8L","YAGEO","3700","100","100","https://www.lcsc.com/product-detail/C185458.html","0402","Tape & Reel (TR)","Thick Film Resistor","17.8kΩ","±1%","50V","62.5mW","±100ppm/℃"
"C165749","RC0603FR-0748K7L","YAGEO","3700","100","100","https://www.lcsc.com/product-detail/C165749.html","0603","Tape & Reel (TR)","Thick Film Resistor","48.7kΩ","±1%","75V","100mW","±100ppm/℃"
"C137731","RC0603FR-073K32L","YAGEO","3700","100","100","https://www.lcsc.com/product-detail/C137731.html","0603","Tape & Reel (TR)","Thick Film Resistor","3.32kΩ","±1%","75V","100mW","±100ppm/℃"
"C483196","RC0805FR-076M49L","YAGEO","3600","100","100","https://www.lcsc.com/product-detail/C483196.html","0805","Tape & Reel (TR)","Thick Film Resistor","6.49MΩ","±1%","150V","125mW","±100ppm/℃"
"C477682","RC0402FR-07294RL","YAGEO","3600","100","100","https://www.lcsc.com/product-detail/C477682.html","0402","Tape & Reel (TR)","Thick Film Resistor","294Ω","±1%","50V","62.5mW","±100ppm/℃"
"C274362","RC0805FR-0710K5L","YAGEO","3600","100","100","https://www.lcsc.com/product-detail/C274362.html","0805","Tape & Reel (TR)","Thick Film Resistor","10.5kΩ","±1%","150V","125mW","±100ppm/℃"
"C273965","RC0805FR-072K61L","YAGEO","3600","100","100","https://www.lcsc.com/product-detail/C273965.html","0805","Tape & Reel (TR)","Thick Film Resistor","2.61kΩ","±1%","150V","125mW","±100ppm/℃"
"C273801","RC0603FR-0759RL","YAGEO","3600","100","100","https://www.lcsc.com/product-detail/C273801.html","0603","Tape & Reel (TR)","Thick Film Resistor","59Ω","±1%","75V","100mW","±100ppm/℃"
"C245894","RC0603FR-07107KL","YAGEO","3600","100","100","https://www.lcsc.com/product-detail/C245894.html","0603","Tape & Reel (TR)","Thick Film Resistor","107kΩ","±1%","75V","100mW","±100ppm/℃"
"C163425","RC0603FR-0737K4L","YAGEO","3600","100","100","https://www.lcsc.com/product-detail/C163425.html","0603","Tape & Reel (TR)","Thick Film Resistor","37.4kΩ","±1%","75V","100mW","±100ppm/℃"
"C137734","RC0603FR-0739K2L","YAGEO","3600","100","100","https://www.lcsc.com/product-detail/C137734.html","0603","Tape & Reel (TR)","Thick Film Resistor","39.2kΩ","±1%","75V","100mW","±100ppm/℃"
"C483160","RC0805FR-07442RL","YAGEO","3500","100","100","https://www.lcsc.com/product-detail/C483160.html","0805","Tape & Reel (TR)","Thick Film Resistor","442Ω","±1%","150V","125mW","±100ppm/℃"
"C483099","RC0805FR-073K4L","YAGEO","3500","100","100","https://www.lcsc.com/product-detail/C483099.html","0805","Tape & Reel (TR)","Thick Film Resistor","3.4kΩ","±1%","150V","125mW","±100ppm/℃"
"C483050","RC0805FR-072M61L","YAGEO","3500","100","100","https://www.lcsc.com/product-detail/C483050.html","0805","Tape & Reel (TR)","Thick Film Resistor","2.61MΩ","±1%","150V","125mW","±100ppm/℃"
"C273920","RC0805FR-0784K5L","YAGEO","3500","100","100","https://www.lcsc.com/product-detail/C273920.html","0805","Tape & Reel (TR)","Thick Film Resistor","84.5kΩ","±1%","150V","125mW","±100ppm/℃"
"C273870","RC0805FR-07169KL","YAGEO","3500","100","100","https://www.lcsc.com/product-detail/C273870.html","0805","Tape & Reel (TR)","Thick Film Resistor","169kΩ","±1%","150V","125mW","±100ppm/℃"
"C273867","RC0805FR-073K74L","YAGEO","3500","100","100","https://www.lcsc.com/product-detail/C273867.html","0805","Tape & Reel (TR)","Thick Film Resistor","3.74kΩ","±1%","150V","125mW","±100ppm/℃"
"C245934","RC0603FR-0720R5L","YAGEO","3500","100","100","https://www.lcsc.com/product-detail/C245934.html","0603","Tape & Reel (TR)","Thick Film Resistor","20.5Ω","±1%","75V","100mW","±100ppm/℃"
"C185377","RC0603FR-07113KL","YAGEO","3500","100","100","https://www.lcsc.com/product-detail/C185377.html","0603","Tape & Reel (TR)","Thick Film Resistor","113kΩ","±1%","75V","100mW","±100ppm/℃"
"C137937","RC0402FR-07750KL","YAGEO","3500","100","100","https://www.lcsc.com/product-detail/C137937.html","0402","Tape & Reel (TR)","Thick Film Resistor","750kΩ","±1%","50V","62.5mW","±100ppm/℃"
"C273705","RC0402FR-07634KL","YAGEO","3400","100","100","https://www.lcsc.com/product-detail/C273705.html","0402","Tape & Reel (TR)","Thick Film Resistor","634kΩ","±1%","50V","62.5mW","±100ppm/℃"
"C185371","RC0603FR-07147KL","YAGEO","3400","100","100","https://www.lcsc.com/product-detail/C185371.html","0603","Tape & Reel (TR)","Thick Film Resistor","147kΩ","±1%","75V","100mW","±100ppm/℃"
"C185359","RC0603FR-071K4L","YAGEO","3400","100","100","https://www.lcsc.com/product-detail/C185359.html","0603","Tape & Reel (TR)","Thick Film Resistor","1.4kΩ","±1%","75V","100mW","±100ppm/℃"
"C483259","RC0805FR-079M76L","YAGEO","3300","100","100","https://www.lcsc.com/product-detail/C483259.html","0805","Tape & Reel (TR)","Thick Film Resistor","9.76MΩ","±1%","150V","125mW","±100ppm/℃"
"C470026","RC0805FR-0739R2L","YAGEO","3300","100","100","https://www.lcsc.com/product-detail/C470026.html","0805","Tape & Reel (TR)","Thick Film Resistor","39.2Ω","±1%","150V","125mW","±100ppm/℃"
"C276305","RC0805FR-07453KL","YAGEO","3300","100","100","https://www.lcsc.com/product-detail/C276305.html","0805","Tape & Reel (TR)","Thick Film Resistor","453kΩ","±1%","150V","125mW","±100ppm/℃"
"C276300","RC0805FR-07210KL","YAGEO","3300","100","100","https://www.lcsc.com/product-detail/C276300.html","0805","Tape & Reel (TR)","Thick Film Resistor","210kΩ","±1%","150V","125mW","±100ppm/℃"
"C273910","RC0805FR-077K87L","YAGEO","3300","100","100","https://www.lcsc.com/product-detail/C273910.html","0805","Tape & Reel (TR)","Thick Film Resistor","7.87kΩ","±1%","150V","125mW","±100ppm/℃"
"C246007","RC0603FR-0776R8L","YAGEO","3300","100","100","https://www.lcsc.com/product-detail/C246007.html","0603","Tape & Reel (TR)","Thick Film Resistor","76.8Ω","±1%","75V","100mW","±100ppm/℃"
"C245965","RC0603FR-0739R2L","YAGEO","3300","100","100","https://www.lcsc.com/product-detail/C245965.html","0603","Tape & Reel (TR)","Thick Film Resistor","39.2Ω","±1%","75V","100mW","±100ppm/℃"
"C245938","RC0603FR-0722R6L","YAGEO","3300","100","100","https://www.lcsc.com/product-detail/C245938.html","0603","Tape & Reel (TR)","Thick Film Resistor","22.6Ω","±1%","75V","100mW","±100ppm/℃"
"C185340","RC0603FR-07316KL","YAGEO","3300","100","100","https://www.lcsc.com/product-detail/C185340.html","0603","Tape & Reel (TR)","Thick Film Resistor","316kΩ","±1%","75V","100mW","±100ppm/℃"
"C185310","RC0603FR-0782K5L","YAGEO","3300","100","100","https://www.lcsc.com/product-detail/C185310.html","0603","Tape & Reel (TR)","Thick Film Resistor","82.5kΩ","±1%","75V","100mW","±100ppm/℃"
"C171693","RC0402FR-07301KL","YAGEO","3300","100","100","https://www.lcsc.com/product-detail/C171693.html","0402","Tape & Reel (TR)","Thick Film Resistor","301kΩ","±1%","50V","62.5mW","±100ppm/℃"
"C163468","RC0402FR-07383KL","YAGEO","3300","100","100","https://www.lcsc.com/product-detail/C163468.html","0402","Tape & Reel (TR)","Thick Film Resistor","383kΩ","±1%","50V","62.5mW","±100ppm/℃"
"C137794","RC0603FR-07154KL","YAGEO","3300","100","100","https://www.lcsc.com/product-detail/C137794.html","0603","Tape & Reel (TR)","Thick Film Resistor","154kΩ","±1%","75V","100mW","±100ppm/℃"
"C483241","RC0805FR-078M66L","YAGEO","3200","50","50","https://www.lcsc.com/product-detail/C483241.html","0805","Tape & Reel (TR)","Thick Film Resistor","8.66MΩ","±1%","150V","125mW","±100ppm/℃"
"C483066","RC0805FR-07210RL","YAGEO","3200","100","100","https://www.lcsc.com/product-detail/C483066.html","0805","Tape & Reel (TR)","Thick Film Resistor","210Ω","±1%","150V","125mW","±100ppm/℃"
"C483029","RC0805FR-072K05L","YAGEO","3200","100","100","https://www.lcsc.com/product-detail/C483029.html","0805","Tape & Reel (TR)","Thick Film Resistor","2.05kΩ","±1%","150V","125mW","±100ppm/℃"
"C483257","RC0805FR-079M53L","YAGEO","3100","100","100","https://www.lcsc.com/product-detail/C483257.html","0805","Tape & Reel (TR)","Thick Film Resistor","9.53MΩ","±1%","150V","125mW","±100ppm/℃"
"C483223","RC0805FR-077M68L","YAGEO","3100","100","100","https://www.lcsc.com/product-detail/C483223.html","0805","Tape & Reel (TR)","Thick Film Resistor","7.68MΩ","±1%","150V","125mW","±100ppm/℃"
"C483144","RC0805FR-074M53L","YAGEO","3100","100","100","https://www.lcsc.com/product-detail/C483144.html","0805","Tape & Reel (TR)","Thick Film Resistor","4.53MΩ","±1%","150V","125mW","±100ppm/℃"
"C483140","RC0805FR-074M32L","YAGEO","3100","100","100","https://www.lcsc.com/product-detail/C483140.html","0805","Tape & Reel (TR)","Thick Film Resistor","4.32MΩ","±1%","150V","125mW","±100ppm/℃"
"C295889","RC0805FR-07243RL","YAGEO","3100","100","100","https://www.lcsc.com/product-detail/C295889.html","0805","Tape & Reel (TR)","Thick Film Resistor","243Ω","±1%","150V","125mW","±100ppm/℃"
"C295875","RC0402FR-0711RL","YAGEO","3100","100","100","https://www.lcsc.com/product-detail/C295875.html","0402","Tape & Reel (TR)","Thick Film Resistor","11Ω","±1%","50V","62.5mW","±100ppm/℃"
"C273951","RC0805FR-077K68L","YAGEO","3100","100","100","https://www.lcsc.com/product-detail/C273951.html","0805","Tape & Reel (TR)","Thick Film Resistor","7.68kΩ","±1%","150V","125mW","±100ppm/℃"
"C273714","RC0402FR-07698KL","YAGEO","3100","100","100","https://www.lcsc.com/product-detail/C273714.html","0402","Tape & Reel (TR)","Thick Film Resistor","698kΩ","±1%","50V","62.5mW","±100ppm/℃"
"C185332","RC0603FR-073K57L","YAGEO","3100","100","100","https://www.lcsc.com/product-detail/C185332.html","0603","Tape & Reel (TR)","Thick Film Resistor","3.57kΩ","±1%","75V","100mW","±100ppm/℃"
"C163454","RC0402FR-0778K7L","YAGEO","3100","100","100","https://www.lcsc.com/product-detail/C163454.html","0402","Tape & Reel (TR)","Thick Film Resistor","78.7kΩ","±1%","50V","62.5mW","±100ppm/℃"
"C482781","RC0603FR-072M05L","YAGEO","3000","100","100","https://www.lcsc.com/product-detail/C482781.html","0603","Tape & Reel (TR)","Thick Film Resistor","2.05MΩ","±1%","75V","100mW","±100ppm/℃"
"C276271","RC0402FR-074K53L","YAGEO","3000","100","100","https://www.lcsc.com/product-detail/C276271.html","0402","Tape & Reel (TR)","Thick Film Resistor","4.53kΩ","±1%","50V","62.5mW","±100ppm/℃"
"C273922","RC0805FR-072K1L","YAGEO","3000","100","100","https://www.lcsc.com/product-detail/C273922.html","0805","Tape & Reel (TR)","Thick Film Resistor","2.1kΩ","±1%","150V","125mW","±100ppm/℃"
"C273912","RC0805FR-074K22L","YAGEO","3000","100","100","https://www.lcsc.com/product-detail/C273912.html","0805","Tape & Reel (TR)","Thick Film Resistor","4.22kΩ","±1%","150V","125mW","±100ppm/℃"
"C273822","RC0805FR-076K98L","YAGEO","3000","100","100","https://www.lcsc.com/product-detail/C273822.html","0805","Tape & Reel (TR)","Thick Film Resistor","6.98kΩ","±1%","150V","125mW","±100ppm/℃"
"C273743","RC0603FR-079K53L","YAGEO","3000","100","100","https://www.lcsc.com/product-detail/C273743.html","0603","Tape & Reel (TR)","Thick Film Resistor","9.53kΩ","±1%","75V","100mW","±100ppm/℃"
"C112303","RC0402FR-07121KL","YAGEO","3000","100","100","https://www.lcsc.com/product-detail/C112303.html","0402","Tape & Reel (TR)","Thick Film Resistor","121kΩ","±1%","50V","62.5mW","±100ppm/℃"
"C483230","RC0805FR-07732KL","YAGEO","2900","100","100","https://www.lcsc.com/product-detail/C483230.html","0805","Tape & Reel (TR)","Thick Film Resistor","732kΩ","±1%","150V","125mW","±100ppm/℃"
"C483097","RC0805FR-073M48L","YAGEO","2900","100","100","https://www.lcsc.com/product-detail/C483097.html","0805","Tape & Reel (TR)","Thick Film Resistor","3.48MΩ","±1%","150V","125mW","±100ppm/℃"
"C273926","RC0805FR-07825RL","YAGEO","2900","100","100","https://www.lcsc.com/product-detail/C273926.html","0805","Tape & Reel (TR)","Thick Film Resistor","825Ω","±1%","150V","125mW","±100ppm/℃"
"C273814","RC0805FR-07301RL","YAGEO","2900","100","100","https://www.lcsc.com/product-detail/C273814.html","0805","Tape & Reel (TR)","Thick Film Resistor","301Ω","±1%","150V","125mW","±100ppm/℃"
"C273808","RC0805FR-072K15L","YAGEO","2900","100","100","https://www.lcsc.com/product-detail/C273808.html","0805","Tape & Reel (TR)","Thick Film Resistor","2.15kΩ","±1%","150V","125mW","±100ppm/℃"
"C273787","RC0603FR-0788R7L","YAGEO","2900","100","100","https://www.lcsc.com/product-detail/C273787.html","0603","Tape & Reel (TR)","Thick Film Resistor","88.7Ω","±1%","75V","100mW","±100ppm/℃"
"C273761","RC0603FR-07196KL","YAGEO","2900","100","100","https://www.lcsc.com/product-detail/C273761.html","0603","Tape & Reel (TR)","Thick Film Resistor","196kΩ","±1%","75V","100mW","±100ppm/℃"
"C273741","RC0603FR-0742K2L","YAGEO","2900","100","100","https://www.lcsc.com/product-detail/C273741.html","0603","Tape & Reel (TR)","Thick Film Resistor","42.2kΩ","±1%","75V","100mW","±100ppm/℃"
"C95684","RC0603FR-0744K2L","YAGEO","2900","100","100","https://www.lcsc.com/product-detail/C95684.html","0603","Tape & Reel (TR)","Thick Film Resistor","44.2kΩ","±1%","75V","100mW","±100ppm/℃"
"C483121","RC0805FR-07332RL","YAGEO","2800","100","100","https://www.lcsc.com/product-detail/C483121.html","0805","Tape & Reel (TR)","Thick Film Resistor","332Ω","±1%","150V","125mW","±100ppm/℃"
"C273839","RC0805FR-0719K1L","YAGEO","2800","100","100","https://www.lcsc.com/product-detail/C273839.html","0805","Tape & Reel (TR)","Thick Film Resistor","19.1kΩ","±1%","150V","125mW","±100ppm/℃"
"C165758","RC0603FR-073K4L","YAGEO","2800","100","100","https://www.lcsc.com/product-detail/C165758.html","0603","Tape & Reel (TR)","Thick Film Resistor","3.4kΩ","±1%","75V","100mW","±100ppm/℃"
"C163409","RC0805FR-0715K4L","YAGEO","2800","100","100","https://www.lcsc.com/product-detail/C163409.html","0805","Tape & Reel (TR)","Thick Film Resistor","15.4kΩ","±1%","150V","125mW","±100ppm/℃"
"C137945","RC0402FR-076K81L","YAGEO","2800","100","100","https://www.lcsc.com/product-detail/C137945.html","0402","Tape & Reel (TR)","Thick Film Resistor","6.81kΩ","±1%","50V","62.5mW","±100ppm/℃"
"C483124","RC0805FR-0734R8L","YAGEO","2700","100","100","https://www.lcsc.com/product-detail/C483124.html","0805","Tape & Reel (TR)","Thick Film Resistor","34.8Ω","±1%","150V","125mW","±100ppm/℃"
"C483058","RC0805FR-072M87L","YAGEO","2700","50","50","https://www.lcsc.com/product-detail/C483058.html","0805","Tape & Reel (TR)","Thick Film Resistor","2.87MΩ","±1%","150V","125mW","±100ppm/℃"
"C483022","RC0805FR-07178RL","YAGEO","2700","100","100","https://www.lcsc.com/product-detail/C483022.html","0805","Tape & Reel (TR)","Thick Film Resistor","178Ω","±1%","150V","125mW","±100ppm/℃"
"C477747","RC0402FR-075M23L","YAGEO","2700","100","100","https://www.lcsc.com/product-detail/C477747.html","0402","Tape & Reel (TR)","Thick Film Resistor","5.23MΩ","±1%","50V","62.5mW","±100ppm/℃"
"C245892","RC0402FR-07931KL","YAGEO","2700","100","100","https://www.lcsc.com/product-detail/C245892.html","0402","Tape & Reel (TR)","Thick Film Resistor","931kΩ","±1%","50V","62.5mW","±100ppm/℃"
"C165762","RC0603FR-07187KL","YAGEO","2700","100","100","https://www.lcsc.com/product-detail/C165762.html","0603","Tape & Reel (TR)","Thick Film Resistor","187kΩ","±1%","75V","100mW","±100ppm/℃"
"C163459","RC0402FR-0759KL","YAGEO","2700","100","100","https://www.lcsc.com/product-detail/C163459.html","0402","Tape & Reel (TR)","Thick Film Resistor","59kΩ","±1%","50V","62.5mW","±100ppm/℃"
"C163419","RC0603FR-077K68L","YAGEO","2700","100","100","https://www.lcsc.com/product-detail/C163419.html","0603","Tape & Reel (TR)","Thick Film Resistor","7.68kΩ","±1%","75V","100mW","±100ppm/℃"
"C138061","RC0402FR-07127KL","YAGEO","2700","100","100","https://www.lcsc.com/product-detail/C138061.html","0402","Tape & Reel (TR)","Thick Film Resistor","127kΩ","±1%","50V","62.5mW","±100ppm/℃"
"C483089","RC0805FR-073M09L","YAGEO","2600","100","100","https://www.lcsc.com/product-detail/C483089.html","0805","Tape & Reel (TR)","Thick Film Resistor","3.09MΩ","±1%","150V","125mW","±100ppm/℃"
"C482825","RC0603FR-073M16L","YAGEO","2600","100","100","https://www.lcsc.com/product-detail/C482825.html","0603","Tape & Reel (TR)","Thick Film Resistor","3.16MΩ","±1%","75V","100mW","±100ppm/℃"
"C276299","RC0805FR-0720K5L","YAGEO","2600","100","100","https://www.lcsc.com/product-detail/C276299.html","0805","Tape & Reel (TR)","Thick Film Resistor","20.5kΩ","±1%","150V","125mW","±100ppm/℃"
"C273805","RC0805FR-07121RL","YAGEO","2600","100","100","https://www.lcsc.com/product-detail/C273805.html","0805","Tape & Reel (TR)","Thick Film Resistor","121Ω","±1%","150V","125mW","±100ppm/℃"
"C245940","RC0603FR-0723R7L","YAGEO","2600","100","100","https://www.lcsc.com/product-detail/C245940.html","0603","Tape & Reel (TR)","Thick Film Resistor","23.7Ω","±1%","75V","100mW","±100ppm/℃"
"C185303","RC0603FR-0793R1L","YAGEO","2600","100","100","https://www.lcsc.com/product-detail/C185303.html","0603","Tape & Reel (TR)","Thick Film Resistor","93.1Ω","±1%","75V","100mW","±100ppm/℃"
"C483251","RC0805FR-079M09L","YAGEO","2500","100","100","https://www.lcsc.com/product-detail/C483251.html","0805","Tape & Reel (TR)","Thick Film Resistor","9.09MΩ","±1%","150V","125mW","±100ppm/℃"
"C483175","RC0805FR-075M62L","YAGEO","2500","100","100","https://www.lcsc.com/product-detail/C483175.html","0805","Tape & Reel (TR)","Thick Film Resistor","5.62MΩ","±1%","150V","125mW","±100ppm/℃"
"C483088","RC0805FR-073M01L","YAGEO","2500","100","100","https://www.lcsc.com/product-detail/C483088.html","0805","Tape & Reel (TR)","Thick Film Resistor","3.01MΩ","±1%","150V","125mW","±100ppm/℃"
"C482988","RC0805FR-071M87L","YAGEO","2500","100","100","https://www.lcsc.com/product-detail/C482988.html","0805","Tape & Reel (TR)","Thick Film Resistor","1.87MΩ","±1%","150V","125mW","±100ppm/℃"
"C482775","RC0603FR-0716R2L","YAGEO","2500","100","100","https://www.lcsc.com/product-detail/C482775.html","0603","Tape & Reel (TR)","Thick Film Resistor","16.2Ω","±1%","75V","100mW","±100ppm/℃"
"C274349","RC0402FR-0727R4L","YAGEO","2500","100","100","https://www.lcsc.com/product-detail/C274349.html","0402","Tape & Reel (TR)","Thick Film Resistor","27.4Ω","±1%","50V","62.5mW","±100ppm/℃"
"C132157","RC0402FR-0712K1L","YAGEO","2500","100","100","https://www.lcsc.com/product-detail/C132157.html","0402","Tape & Reel (TR)","Thick Film Resistor","12.1kΩ","±1%","50V","62.5mW","±100ppm/℃"
"C483078","RC0805FR-07267RL","YAGEO","2400","100","100","https://www.lcsc.com/product-detail/C483078.html","0805","Tape & Reel (TR)","Thick Film Resistor","267Ω","±1%","150V","125mW","±100ppm/℃"
"C482890","RC0603FR-076M19L","YAGEO","2400","100","100","https://www.lcsc.com/product-detail/C482890.html","0603","Tape & Reel (TR)","Thick Film Resistor","6.19MΩ","±1%","75V","100mW","±100ppm/℃"
"C246013","RC0603FR-07845KL","YAGEO","2400","100","100","https://www.lcsc.com/product-detail/C246013.html","0603","Tape & Reel (TR)","Thick Film Resistor","845kΩ","±1%","75V","100mW","±100ppm/℃"
"C185342","RC0603FR-072K74L","YAGEO","2400","100","100","https://www.lcsc.com/product-detail/C185342.html","0603","Tape & Reel (TR)","Thick Film Resistor","2.74kΩ","±1%","75V","100mW","±100ppm/℃"
"C137931","RC0402FR-07866KL","YAGEO","2400","100","100","https://www.lcsc.com/product-detail/C137931.html","0402","Tape & Reel (TR)","Thick Film Resistor","866kΩ","±1%","50V","62.5mW","±100ppm/℃"
"C482835","RC0603FR-073M65L","YAGEO","2300","100","100","https://www.lcsc.com/product-detail/C482835.html","0603","Tape & Reel (TR)","Thick Film Resistor","3.65MΩ","±1%","75V","100mW","±100ppm/℃"
"C477709","RC0402FR-073M92L","YAGEO","2300","100","100","https://www.lcsc.com/product-detail/C477709.html","0402","Tape & Reel (TR)","Thick Film Resistor","3.92MΩ","±1%","50V","62.5mW","±100ppm/℃"
"C327329","RC0402FR-0766K5L","YAGEO","2300","100","100","https://www.lcsc.com/product-detail/C327329.html","0402","Tape & Reel (TR)","Thick Film Resistor","66.5kΩ","±1%","50V","62.5mW","±100ppm/℃"
"C273847","RC0805FR-07392KL","YAGEO","2300","100","100","https://www.lcsc.com/product-detail/C273847.html","0805","Tape & Reel (TR)","Thick Film Resistor","392kΩ","±1%","150V","125mW","±100ppm/℃"
"C273827","RC0805FR-0740K2L","YAGEO","2300","100","100","https://www.lcsc.com/product-detail/C273827.html","0805","Tape & Reel (TR)","Thick Film Resistor","40.2kΩ","±1%","150V","125mW","±100ppm/℃"
"C273750","RC0603FR-0714K3L","YAGEO","2300","100","100","https://www.lcsc.com/product-detail/C273750.html","0603","Tape & Reel (TR)","Thick Film Resistor","14.3kΩ","±1%","75V","100mW","±100ppm/℃"
"C185395","RC0402FR-077K15L","YAGEO","2300","100","100","https://www.lcsc.com/product-detail/C185395.html","0402","Tape & Reel (TR)","Thick Film Resistor","7.15kΩ","±1%","50V","62.5mW","±100ppm/℃"
"C185373","RC0603FR-0713K3L","YAGEO","2300","100","100","https://www.lcsc.com/product-detail/C185373.html","0603","Tape & Reel (TR)","Thick Film Resistor","13.3kΩ","±1%","75V","100mW","±100ppm/℃"
"C483055","RC0805FR-072M74L","YAGEO","2200","100","100","https://www.lcsc.com/product-detail/C483055.html","0805","Tape & Reel (TR)","Thick Film Resistor","2.74MΩ","±1%","150V","125mW","±100ppm/℃"
"C273790","RC0603FR-0731R6L","YAGEO","2200","100","100","https://www.lcsc.com/product-detail/C273790.html","0603","Tape & Reel (TR)","Thick Film Resistor","31.6Ω","±1%","75V","100mW","±100ppm/℃"
"C246005","RC0603FR-0773R2L","YAGEO","2200","100","100","https://www.lcsc.com/product-detail/C246005.html","0603","Tape & Reel (TR)","Thick Film Resistor","73.2Ω","±1%","75V","100mW","±100ppm/℃"
"C188257","RC0603FR-07511KL","YAGEO","2200","100","100","https://www.lcsc.com/product-detail/C188257.html","0603","Tape & Reel (TR)","Thick Film Resistor","511kΩ","±1%","75V","100mW","±100ppm/℃"
"C185307","RC0603FR-078K25L","YAGEO","2200","100","100","https://www.lcsc.com/product-detail/C185307.html","0603","Tape & Reel (TR)","Thick Film Resistor","8.25kΩ","±1%","75V","100mW","±100ppm/℃"
"C163416","RC0603FR-07931RL","YAGEO","2200","100","100","https://www.lcsc.com/product-detail/C163416.html","0603","Tape & Reel (TR)","Thick Film Resistor","931Ω","±1%","75V","100mW","±100ppm/℃"
"C125758","RC0603FR-0720RL","YAGEO","2200","100","100","https://www.lcsc.com/product-detail/C125758.html","0603","Tape & Reel (TR)","Thick Film Resistor","20Ω","±1%","75V","100mW","±100ppm/℃"
"C482980","RC0805FR-071K74L","YAGEO","2100","100","100","https://www.lcsc.com/product-detail/C482980.html","0805","Tape & Reel (TR)","Thick Film Resistor","1.74kΩ","±1%","150V","125mW","±100ppm/℃"
"C273796","RC0603FR-0735K7L","YAGEO","2100","100","100","https://www.lcsc.com/product-detail/C273796.html","0603","Tape & Reel (TR)","Thick Film Resistor","35.7kΩ","±1%","75V","100mW","±100ppm/℃"
"C245912","RC0603FR-0714K7L","YAGEO","2100","100","100","https://www.lcsc.com/product-detail/C245912.html","0603","Tape & Reel (TR)","Thick Film Resistor","14.7kΩ","±1%","75V","100mW","±100ppm/℃"
"C185353","RC0603FR-071K91L","YAGEO","2100","100","100","https://www.lcsc.com/product-detail/C185353.html","0603","Tape & Reel (TR)","Thick Film Resistor","1.91kΩ","±1%","75V","100mW","±100ppm/℃"
"C141683","RC0603FR-0786K6L","YAGEO","2100","100","100","https://www.lcsc.com/product-detail/C141683.html","0603","Tape & Reel (TR)","Thick Film Resistor","86.6kΩ","±1%","75V","100mW","±100ppm/℃"
"C483188","RC0805FR-0757R6L","YAGEO","2000","100","100","https://www.lcsc.com/product-detail/C483188.html","0805","Tape & Reel (TR)","Thick Film Resistor","57.6Ω","±1%","150V","125mW","±100ppm/℃"
"C482851","RC0603FR-074M12L","YAGEO","2000","100","100","https://www.lcsc.com/product-detail/C482851.html","0603","Tape & Reel (TR)","Thick Film Resistor","4.12MΩ","±1%","75V","100mW","±100ppm/℃"
"C470024","RC0603FR-071M4L","YAGEO","2000","100","100","https://www.lcsc.com/product-detail/C470024.html","0603","Tape & Reel (TR)","Thick Film Resistor","1.4MΩ","±1%","75V","100mW","±100ppm/℃"
"C273857","RC0805FR-0719K6L","YAGEO","2000","100","100","https://www.lcsc.com/product-detail/C273857.html","0805","Tape & Reel (TR)","Thick Film Resistor","19.6kΩ","±1%","150V","125mW","±100ppm/℃"
"C137942","RC0402FR-076M98L","YAGEO","2000","100","100","https://www.lcsc.com/product-detail/C137942.html","0402","Tape & Reel (TR)","Thick Film Resistor","6.98MΩ","±1%","50V","62.5mW","±100ppm/℃"
"C273973","RC0805FR-07287KL","YAGEO","1900","100","100","https://www.lcsc.com/product-detail/C273973.html","0805","Tape & Reel (TR)","Thick Film Resistor","287kΩ","±1%","150V","125mW","±100ppm/℃"
"C245929","RC0603FR-071K18L","YAGEO","1900","100","100","https://www.lcsc.com/product-detail/C245929.html","0603","Tape & Reel (TR)","Thick Film Resistor","1.18kΩ","±1%","75V","100mW","±100ppm/℃"
"C137991","RC0402FR-073K57L","YAGEO","1900","100","100","https://www.lcsc.com/product-detail/C137991.html","0402","Tape & Reel (TR)","Thick Film Resistor","3.57kΩ","±1%","50V","62.5mW","±100ppm/℃"
"C477192","RC0402FR-071M15L","YAGEO","1800","100","100","https://www.lcsc.com/product-detail/C477192.html","0402","Tape & Reel (TR)","Thick Film Resistor","1.15MΩ","±1%","50V","62.5mW","±100ppm/℃"
"C273844","RC0805FR-0739K2L","YAGEO","1800","100","100","https://www.lcsc.com/product-detail/C273844.html","0805","Tape & Reel (TR)","Thick Film Resistor","39.2kΩ","±1%","150V","125mW","±100ppm/℃"
"C273745","RC0603FR-07158KL","YAGEO","1800","100","100","https://www.lcsc.com/product-detail/C273745.html","0603","Tape & Reel (TR)","Thick Film Resistor","158kΩ","±1%","75V","100mW","±100ppm/℃"
"C137483","RC0805FR-0793K1L","YAGEO","1800","100","100","https://www.lcsc.com/product-detail/C137483.html","0805","Tape & Reel (TR)","Thick Film Resistor","93.1kΩ","±1%","150V","125mW","±100ppm/℃"
"C483212","RC0805FR-0766K5L","YAGEO","1700","100","100","https://www.lcsc.com/product-detail/C483212.html","0805","Tape & Reel (TR)","Thick Film Resistor","66.5kΩ","±1%","150V","125mW","±100ppm/℃"
"C483005","RC0805FR-0712R7L","YAGEO","1700","100","100","https://www.lcsc.com/product-detail/C483005.html","0805","Tape & Reel (TR)","Thick Film Resistor","12.7Ω","±1%","150V","125mW","±100ppm/℃"
"C482993","RC0805FR-071M96L","YAGEO","1700","50","50","https://www.lcsc.com/product-detail/C482993.html","0805","Tape & Reel (TR)","Thick Film Resistor","1.96MΩ","±1%","150V","125mW","±100ppm/℃"
"C477612","RC0402FR-0714R7L","YAGEO","1700","100","100","https://www.lcsc.com/product-detail/C477612.html","0402","Tape & Reel (TR)","Thick Film Resistor","14.7Ω","±1%","50V","62.5mW","±100ppm/℃"
"C273858","RC0805FR-07562KL","YAGEO","1700","100","100","https://www.lcsc.com/product-detail/C273858.html","0805","Tape & Reel (TR)","Thick Film Resistor","562kΩ","±1%","150V","125mW","±100ppm/℃"
"C273842","RC0805FR-079K09L","YAGEO","1700","100","100","https://www.lcsc.com/product-detail/C273842.html","0805","Tape & Reel (TR)","Thick Film Resistor","9.09kΩ","±1%","150V","125mW","±100ppm/℃"
"C185339","RC0603FR-0731K6L","YAGEO","1700","100","100","https://www.lcsc.com/product-detail/C185339.html","0603","Tape & Reel (TR)","Thick Film Resistor","31.6kΩ","±1%","75V","100mW","±100ppm/℃"
"C137565","RC0805FR-07237KL","YAGEO","1700","100","100","https://www.lcsc.com/product-detail/C137565.html","0805","Tape & Reel (TR)","Thick Film Resistor","237kΩ","±1%","150V","125mW","±100ppm/℃"
"C137504","RC0805FR-0761K9L","YAGEO","1700","100","100","https://www.lcsc.com/product-detail/C137504.html","0805","Tape & Reel (TR)","Thick Film Resistor","61.9kΩ","±1%","150V","125mW","±100ppm/℃"
"C477801","RC0402FR-078M66L","YAGEO","1600","100","100","https://www.lcsc.com/product-detail/C477801.html","0402","Tape & Reel (TR)","Thick Film Resistor","8.66MΩ","±1%","50V","62.5mW","±100ppm/℃"
"C327093","RC0805FR-07226RL","YAGEO","1600","100","100","https://www.lcsc.com/product-detail/C327093.html","0805","Tape & Reel (TR)","Thick Film Resistor","226Ω","±1%","150V","125mW","±100ppm/℃"
"C245902","RC0603FR-0711R8L","YAGEO","1600","100","100","https://www.lcsc.com/product-detail/C245902.html","0603","Tape & Reel (TR)","Thick Film Resistor","11.8Ω","±1%","75V","100mW","±100ppm/℃"
"C245900","RC0603FR-0711R3L","YAGEO","1600","100","100","https://www.lcsc.com/product-detail/C245900.html","0603","Tape & Reel (TR)","Thick Film Resistor","11.3Ω","±1%","75V","100mW","±100ppm/℃"
"C138009","RC0402FR-0730K1L","YAGEO","1600","100","100","https://www.lcsc.com/product-detail/C138009.html","0402","Tape & Reel (TR)","Thick Film Resistor","30.1kΩ","±1%","50V","62.5mW","±100ppm/℃"
"C137749","RC0603FR-072K32L","YAGEO","1600","100","100","https://www.lcsc.com/product-detail/C137749.html","0603","Tape & Reel (TR)","Thick Film Resistor","2.32kΩ","±1%","75V","100mW","±100ppm/℃"
"C137600","RC0805FR-07102KL","YAGEO","1600","100","100","https://www.lcsc.com/product-detail/C137600.html","0805","Tape & Reel (TR)","Thick Film Resistor","102kΩ","±1%","150V","125mW","±100ppm/℃"
"C7038504","RC0402FR-0757K6P","YAGEO","1500","100","100","https://www.lcsc.com/product-detail/C7038504.html","0402","Tape & Reel (TR)","Thick Film Resistor","57.6kΩ","±1%","","63mW","±100ppm/℃"
"C412507","RC0402FR-0734KL","YAGEO","1500","100","100","https://www.lcsc.com/product-detail/C412507.html","0402","Tape & Reel (TR)","Thick Film Resistor","34kΩ","±1%","50V","62.5mW","±100ppm/℃"
"C309570","RC0805FR-07261RL","YAGEO","1500","100","100","https://www.lcsc.com/product-detail/C309570.html","0805","Tape & Reel (TR)","Thick Film Resistor","261Ω","±1%","150V","125mW","±100ppm/℃"
"C273878","RC0805FR-07887RL","YAGEO","1500","100","100","https://www.lcsc.com/product-detail/C273878.html","0805","Tape & Reel (TR)","Thick Film Resistor","887Ω","±1%","150V","125mW","±100ppm/℃"
"C273874","RC0805FR-07309KL","YAGEO","1500","100","100","https://www.lcsc.com/product-detail/C273874.html","0805","Tape & Reel (TR)","Thick Film Resistor","309kΩ","±1%","150V","125mW","±100ppm/℃"
"C273795","RC0603FR-074K32L","YAGEO","1500","100","100","https://www.lcsc.com/product-detail/C273795.html","0603","Tape & Reel (TR)","Thick Film Resistor","4.32kΩ","±1%","75V","100mW","±100ppm/℃"
"C98868","RC0402FR-07549KL","YAGEO","1500","100","100","https://www.lcsc.com/product-detail/C98868.html","0402","Tape & Reel (TR)","Thick Film Resistor","549kΩ","±1%","50V","62.5mW","±100ppm/℃"
"C477614","RC0402FR-0714RL","YAGEO","1400","100","100","https://www.lcsc.com/product-detail/C477614.html","0402","Tape & Reel (TR)","Thick Film Resistor","14Ω","±1%","50V","62.5mW","±100ppm/℃"
"C477601","RC0402FR-071M96L","YAGEO","1400","100","100","https://www.lcsc.com/product-detail/C477601.html","0402","Tape & Reel (TR)","Thick Film Resistor","1.96MΩ","±1%","50V","62.5mW","±100ppm/℃"
"C327364","RC0402FR-071K27L","YAGEO","1400","100","100","https://www.lcsc.com/product-detail/C327364.html","0402","Tape & Reel (TR)","Thick Film Resistor","1.27kΩ","±1%","50V","62.5mW","±100ppm/℃"
"C137691","RC0603FR-0766K5L","YAGEO","1400","100","100","https://www.lcsc.com/product-detail/C137691.html","0603","Tape & Reel (TR)","Thick Film Resistor","66.5kΩ","±1%","75V","100mW","±100ppm/℃"
"C483214","RC0805FR-07681RL","YAGEO","1300","100","100","https://www.lcsc.com/product-detail/C483214.html","0805","Tape & Reel (TR)","Thick Film Resistor","681Ω","±1%","150V","125mW","±100ppm/℃"
"C482777","RC0603FR-0717R8L","YAGEO","1300","100","100","https://www.lcsc.com/product-detail/C482777.html","0603","Tape & Reel (TR)","Thick Film Resistor","17.8Ω","±1%","75V","100mW","±100ppm/℃"
"C273772","RC0603FR-072K15L","YAGEO","1300","100","100","https://www.lcsc.com/product-detail/C273772.html","0603","Tape & Reel (TR)","Thick Film Resistor","2.15kΩ","±1%","75V","100mW","±100ppm/℃"
"C137796","RC0603FR-0713KL","YAGEO","1300","100","100","https://www.lcsc.com/product-detail/C137796.html","0603","Tape & Reel (TR)","Thick Film Resistor","13kΩ","±1%","75V","100mW","±100ppm/℃"
"C483201","RC0805FR-076M81L","YAGEO","1250","50","50","https://www.lcsc.com/product-detail/C483201.html","0805","Tape & Reel (TR)","Thick Film Resistor","6.81MΩ","±1%","150V","125mW","±100ppm/℃"
"C482910","RC0603FR-077M5L","YAGEO","1200","100","100","https://www.lcsc.com/product-detail/C482910.html","0603","Tape & Reel (TR)","Thick Film Resistor","7.5MΩ","±1%","75V","100mW","±100ppm/℃"
"C482826","RC0603FR-073M24L","YAGEO","1200","100","100","https://www.lcsc.com/product-detail/C482826.html","0603","Tape & Reel (TR)","Thick Film Resistor","3.24MΩ","±1%","75V","100mW","±100ppm/℃"
"C273956","RC0805FR-0729K4L","YAGEO","1200","100","100","https://www.lcsc.com/product-detail/C273956.html","0805","Tape & Reel (TR)","Thick Film Resistor","29.4kΩ","±1%","150V","125mW","±100ppm/℃"
"C185370","RC0603FR-0715K4L","YAGEO","1200","100","100","https://www.lcsc.com/product-detail/C185370.html","0603","Tape & Reel (TR)","Thick Film Resistor","15.4kΩ","±1%","75V","100mW","±100ppm/℃"
"C483034","RC0805FR-072M1L","YAGEO","1100","100","100","https://www.lcsc.com/product-detail/C483034.html","0805","Tape & Reel (TR)","Thick Film Resistor","2.1MΩ","±1%","150V","125mW","±100ppm/℃"
"C482949","RC0805FR-071M18L","YAGEO","1100","50","50","https://www.lcsc.com/product-detail/C482949.html","0805","Tape & Reel (TR)","Thick Film Resistor","1.18MΩ","±1%","150V","125mW","±100ppm/℃"
"C309564","RC0603FR-0759KL","YAGEO","1100","100","100","https://www.lcsc.com/product-detail/C309564.html","0603","Tape & Reel (TR)","Thick Film Resistor","59kΩ","±1%","75V","100mW","±100ppm/℃"
"C274363","RC0805FR-07422RL","YAGEO","1100","100","100","https://www.lcsc.com/product-detail/C274363.html","0805","Tape & Reel (TR)","Thick Film Resistor","422Ω","±1%","150V","125mW","±100ppm/℃"
"C273958","RC0805FR-07412RL","YAGEO","1100","100","100","https://www.lcsc.com/product-detail/C273958.html","0805","Tape & Reel (TR)","Thick Film Resistor","412Ω","±1%","150V","125mW","±100ppm/℃"
"C273781","RC0603FR-07309RL","YAGEO","1100","100","100","https://www.lcsc.com/product-detail/C273781.html","0603","Tape & Reel (TR)","Thick Film Resistor","309Ω","±1%","75V","100mW","±100ppm/℃"
"C273760","RC0603FR-07357KL","YAGEO","1100","100","100","https://www.lcsc.com/product-detail/C273760.html","0603","Tape & Reel (TR)","Thick Film Resistor","357kΩ","±1%","75V","100mW","±100ppm/℃"
"C273694","RC0402FR-0716R9L","YAGEO","1100","100","100","https://www.lcsc.com/product-detail/C273694.html","0402","Tape & Reel (TR)","Thick Film Resistor","16.9Ω","±1%","50V","62.5mW","±100ppm/℃"
"C273344","RC0402FR-0747R5L","YAGEO","1100","100","100","https://www.lcsc.com/product-detail/C273344.html","0402","Tape & Reel (TR)","Thick Film Resistor","47.5Ω","±1%","50V","62.5mW","±100ppm/℃"
"C163418","RC0603FR-0788K7L","YAGEO","1100","100","100","https://www.lcsc.com/product-detail/C163418.html","0603","Tape & Reel (TR)","Thick Film Resistor","88.7kΩ","±1%","75V","100mW","±100ppm/℃"
"C483217","RC0805FR-077M15L","YAGEO","1000","100","100","https://www.lcsc.com/product-detail/C483217.html","0805","Tape & Reel (TR)","Thick Film Resistor","7.15MΩ","±1%","150V","125mW","±100ppm/℃"
"C246031","RC0805FR-07110RL","YAGEO","1000","100","100","https://www.lcsc.com/product-detail/C246031.html","0805","Tape & Reel (TR)","Thick Film Resistor","110Ω","±1%","150V","125mW","±100ppm/℃"
"C171694","RC0402FR-07309KL","YAGEO","1000","100","100","https://www.lcsc.com/product-detail/C171694.html","0402","Tape & Reel (TR)","Thick Film Resistor","309kΩ","±1%","50V","62.5mW","±100ppm/℃"
"C137569","RC0805FR-0721KL","YAGEO","1000","100","100","https://www.lcsc.com/product-detail/C137569.html","0805","Tape & Reel (TR)","Thick Film Resistor","21kΩ","±1%","150V","125mW","±100ppm/℃"
"C483021","RC0805FR-0717R8L","YAGEO","900","50","50","https://www.lcsc.com/product-detail/C483021.html","0805","Tape & Reel (TR)","Thick Film Resistor","17.8Ω","±1%","150V","125mW","±100ppm/℃"
"C483000","RC0805FR-0711R8L","YAGEO","900","100","100","https://www.lcsc.com/product-detail/C483000.html","0805","Tape & Reel (TR)","Thick Film Resistor","11.8Ω","±1%","150V","125mW","±100ppm/℃"
"C245906","RC0603FR-0712R1L","YAGEO","900","100","100","https://www.lcsc.com/product-detail/C245906.html","0603","Tape & Reel (TR)","Thick Film Resistor","12.1Ω","±1%","75V","100mW","±100ppm/℃"
"C185367","RC0603FR-07169RL","YAGEO","900","100","100","https://www.lcsc.com/product-detail/C185367.html","0603","Tape & Reel (TR)","Thick Film Resistor","169Ω","±1%","75V","100mW","±100ppm/℃"
"C163417","RC0603FR-078K45L","YAGEO","900","100","100","https://www.lcsc.com/product-detail/C163417.html","0603","Tape & Reel (TR)","Thick Film Resistor","8.45kΩ","±1%","75V","100mW","±100ppm/℃"
"C483017","RC0805FR-0716R5L","YAGEO","800","100","100","https://www.lcsc.com/product-detail/C483017.html","0805","Tape & Reel (TR)","Thick Film Resistor","16.5Ω","±1%","150V","125mW","±100ppm/℃"
"C483014","RC0805FR-0715K8L","YAGEO","800","100","100","https://www.lcsc.com/product-detail/C483014.html","0805","Tape & Reel (TR)","Thick Film Resistor","15.8kΩ","±1%","150V","125mW","±100ppm/℃"
"C482859","RC0603FR-074M42L","YAGEO","800","100","100","https://www.lcsc.com/product-detail/C482859.html","0603","Tape & Reel (TR)","Thick Film Resistor","4.42MΩ","±1%","75V","100mW","±100ppm/℃"
"C477603","RC0402FR-0710R5L","YAGEO","800","100","100","https://www.lcsc.com/product-detail/C477603.html","0402","Tape & Reel (TR)","Thick Film Resistor","10.5Ω","±1%","50V","62.5mW","±100ppm/℃"
"C273983","RC0805FR-0711R5L","YAGEO","800","100","100","https://www.lcsc.com/product-detail/C273983.html","0805","Tape & Reel (TR)","Thick Film Resistor","11.5Ω","±1%","150V","125mW","±100ppm/℃"
"C163428","RC0603FR-07182KL","YAGEO","800","100","100","https://www.lcsc.com/product-detail/C163428.html","0603","Tape & Reel (TR)","Thick Film Resistor","182kΩ","±1%","75V","100mW","±100ppm/℃"
"C137998","RC0402FR-0738R3L","YAGEO","800","100","100","https://www.lcsc.com/product-detail/C137998.html","0402","Tape & Reel (TR)","Thick Film Resistor","38.3Ω","±1%","50V","62.5mW","±100ppm/℃"
"C137730","RC0603FR-073K65L","YAGEO","800","100","100","https://www.lcsc.com/product-detail/C137730.html","0603","Tape & Reel (TR)","Thick Film Resistor","3.65kΩ","±1%","75V","100mW","±100ppm/℃"
"C483189","RC0805FR-07576RL","YAGEO","700","100","100","https://www.lcsc.com/product-detail/C483189.html","0805","Tape & Reel (TR)","Thick Film Resistor","576Ω","±1%","150V","125mW","±100ppm/℃"
"C483037","RC0805FR-072M26L","YAGEO","700","100","100","https://www.lcsc.com/product-detail/C483037.html","0805","Tape & Reel (TR)","Thick Film Resistor","2.26MΩ","±1%","150V","125mW","±100ppm/℃"
"C482625","RC0603FR-071M27L","YAGEO","700","100","100","https://www.lcsc.com/product-detail/C482625.html","0603","Tape & Reel (TR)","Thick Film Resistor","1.27MΩ","±1%","75V","100mW","±100ppm/℃"
"C273928","RC0805FR-0745R3L","YAGEO","700","100","100","https://www.lcsc.com/product-detail/C273928.html","0805","Tape & Reel (TR)","Thick Film Resistor","45.3Ω","±1%","150V","125mW","±100ppm/℃"
"C273755","RC0603FR-0768R1L","YAGEO","700","100","100","https://www.lcsc.com/product-detail/C273755.html","0603","Tape & Reel (TR)","Thick Film Resistor","68.1Ω","±1%","75V","100mW","±100ppm/℃"
"C273754","RC0603FR-07309KL","YAGEO","700","100","100","https://www.lcsc.com/product-detail/C273754.html","0603","Tape & Reel (TR)","Thick Film Resistor","309kΩ","±1%","75V","100mW","±100ppm/℃"
"C245898","RC0603FR-0710R7L","YAGEO","700","100","100","https://www.lcsc.com/product-detail/C245898.html","0603","Tape & Reel (TR)","Thick Film Resistor","10.7Ω","±1%","75V","100mW","±100ppm/℃"
"C185334","RC0603FR-073K09L","YAGEO","700","100","100","https://www.lcsc.com/product-detail/C185334.html","0603","Tape & Reel (TR)","Thick Film Resistor","3.09kΩ","±1%","75V","100mW","±100ppm/℃"
"C138019","RC0402FR-072K21L","YAGEO","700","100","100","https://www.lcsc.com/product-detail/C138019.html","0402","Tape & Reel (TR)","Thick Film Resistor","2.21kΩ","±1%","50V","62.5mW","±100ppm/℃"
"C482913","RC0603FR-077M87L","YAGEO","600","100","100","https://www.lcsc.com/product-detail/C482913.html","0603","Tape & Reel (TR)","Thick Film Resistor","7.87MΩ","±1%","75V","100mW","±100ppm/℃"
"C482911","RC0603FR-077M68L","YAGEO","600","100","100","https://www.lcsc.com/product-detail/C482911.html","0603","Tape & Reel (TR)","Thick Film Resistor","7.68MΩ","±1%","75V","100mW","±100ppm/℃"
"C482843","RC0603FR-073M92L","YAGEO","600","100","100","https://www.lcsc.com/product-detail/C482843.html","0603","Tape & Reel (TR)","Thick Film Resistor","3.92MΩ","±1%","75V","100mW","±100ppm/℃"
"C477788","RC0402FR-077M68L","YAGEO","600","100","100","https://www.lcsc.com/product-detail/C477788.html","0402","Tape & Reel (TR)","Thick Film Resistor","7.68MΩ","±1%","50V","62.5mW","±100ppm/℃"
"C477624","RC0402FR-0717R4L","YAGEO","600","100","100","https://www.lcsc.com/product-detail/C477624.html","0402","Tape & Reel (TR)","Thick Film Resistor","17.4Ω","±1%","50V","62.5mW","±100ppm/℃"
"C477196","RC0402FR-071M21L","YAGEO","600","100","100","https://www.lcsc.com/product-detail/C477196.html","0402","Tape & Reel (TR)","Thick Film Resistor","1.21MΩ","±1%","50V","62.5mW","±100ppm/℃"
"C273888","RC0805FR-07162KL","YAGEO","600","100","100","https://www.lcsc.com/product-detail/C273888.html","0805","Tape & Reel (TR)","Thick Film Resistor","162kΩ","±1%","150V","125mW","±100ppm/℃"
"C245976","RC0603FR-07536RL","YAGEO","600","100","100","https://www.lcsc.com/product-detail/C245976.html","0603","Tape & Reel (TR)","Thick Film Resistor","536Ω","±1%","75V","100mW","±100ppm/℃"
"C185430","RC0402FR-072K74L","YAGEO","600","100","100","https://www.lcsc.com/product-detail/C185430.html","0402","Tape & Reel (TR)","Thick Film Resistor","2.74kΩ","±1%","50V","62.5mW","±100ppm/℃"
"C137683","RC0603FR-07787RL","YAGEO","600","100","100","https://www.lcsc.com/product-detail/C137683.html","0603","Tape & Reel (TR)","Thick Film Resistor","787Ω","±1%","75V","100mW","±100ppm/℃"
"C137543","RC0805FR-07340KL","YAGEO","600","100","100","https://www.lcsc.com/product-detail/C137543.html","0805","Tape & Reel (TR)","Thick Film Resistor","340kΩ","±1%","150V","125mW","±100ppm/℃"
"C483171","RC0805FR-075M36L","YAGEO","500","100","100","https://www.lcsc.com/product-detail/C483171.html","0805","Tape & Reel (TR)","Thick Film Resistor","5.36MΩ","±1%","150V","125mW","±100ppm/℃"
"C483164","RC0805FR-07464RL","YAGEO","500","100","100","https://www.lcsc.com/product-detail/C483164.html","0805","Tape & Reel (TR)","Thick Film Resistor","464Ω","±1%","150V","125mW","±100ppm/℃"
"C483125","RC0805FR-0735K7L","YAGEO","500","100","100","https://www.lcsc.com/product-detail/C483125.html","0805","Tape & Reel (TR)","Thick Film Resistor","35.7kΩ","±1%","150V","125mW","±100ppm/℃"
"C483123","RC0805FR-0734K8L","YAGEO","500","100","100","https://www.lcsc.com/product-detail/C483123.html","0805","Tape & Reel (TR)","Thick Film Resistor","34.8kΩ","±1%","150V","125mW","±100ppm/℃"
"C295877","RC0402FR-0718K7L","YAGEO","500","100","100","https://www.lcsc.com/product-detail/C295877.html","0402","Tape & Reel (TR)","Thick Film Resistor","18.7kΩ","±1%","50V","62.5mW","±100ppm/℃"
"C274004","RC0805FR-07845KL","YAGEO","500","100","100","https://www.lcsc.com/product-detail/C274004.html","0805","Tape & Reel (TR)","Thick Film Resistor","845kΩ","±1%","150V","125mW","±100ppm/℃"
"C245908","RC0603FR-0712R7L","YAGEO","500","100","100","https://www.lcsc.com/product-detail/C245908.html","0603","Tape & Reel (TR)","Thick Film Resistor","12.7Ω","±1%","75V","100mW","±100ppm/℃"
"C185368","RC0603FR-07162RL","YAGEO","500","100","100","https://www.lcsc.com/product-detail/C185368.html","0603","Tape & Reel (TR)","Thick Film Resistor","162Ω","±1%","75V","100mW","±100ppm/℃"
"C137784","RC0603FR-0718K2L","YAGEO","500","100","100","https://www.lcsc.com/product-detail/C137784.html","0603","Tape & Reel (TR)","Thick Film Resistor","18.2kΩ","±1%","75V","100mW","±100ppm/℃"
"C483108","RC0805FR-073K83L","YAGEO","400","100","100","https://www.lcsc.com/product-detail/C483108.html","0805","Tape & Reel (TR)","Thick Film Resistor","3.83kΩ","±1%","150V","125mW","±100ppm/℃"
"C483064","RC0805FR-07205RL","YAGEO","400","100","100","https://www.lcsc.com/product-detail/C483064.html","0805","Tape & Reel (TR)","Thick Film Resistor","205Ω","±1%","150V","125mW","±100ppm/℃"
"C483019","RC0805FR-07169RL","YAGEO","400","100","100","https://www.lcsc.com/product-detail/C483019.html","0805","Tape & Reel (TR)","Thick Film Resistor","169Ω","±1%","150V","125mW","±100ppm/℃"
"C477810","RC0402FR-07887RL","YAGEO","400","100","100","https://www.lcsc.com/product-detail/C477810.html","0402","Tape & Reel (TR)","Thick Film Resistor","887Ω","±1%","50V","62.5mW","±100ppm/℃"
"C477628","RC0402FR-0719R1L","YAGEO","400","100","100","https://www.lcsc.com/product-detail/C477628.html","0402","Tape & Reel (TR)","Thick Film Resistor","19.1Ω","±1%","50V","62.5mW","±100ppm/℃"
"C477213","RC0402FR-071M4L","YAGEO","400","100","100","https://www.lcsc.com/product-detail/C477213.html","0402","Tape & Reel (TR)","Thick Film Resistor","1.4MΩ","±1%","50V","62.5mW","±100ppm/℃"
"C276310","RC0805FR-07576KL","YAGEO","400","100","100","https://www.lcsc.com/product-detail/C276310.html","0805","Tape & Reel (TR)","Thick Film Resistor","576kΩ","±1%","150V","125mW","±100ppm/℃"
"C273927","RC0805FR-07487RL","YAGEO","400","100","100","https://www.lcsc.com/product-detail/C273927.html","0805","Tape & Reel (TR)","Thick Film Resistor","487Ω","±1%","150V","125mW","±100ppm/℃"
"C273879","RC0805FR-079K76L","YAGEO","400","100","100","https://www.lcsc.com/product-detail/C273879.html","0805","Tape & Reel (TR)","Thick Film Resistor","9.76kΩ","±1%","150V","125mW","±100ppm/℃"
"C273794","RC0603FR-07261KL","YAGEO","400","100","100","https://www.lcsc.com/product-detail/C273794.html","0603","Tape & Reel (TR)","Thick Film Resistor","261kΩ","±1%","75V","100mW","±100ppm/℃"
"C185375","RC0603FR-0711K8L","YAGEO","400","100","100","https://www.lcsc.com/product-detail/C185375.html","0603","Tape & Reel (TR)","Thick Film Resistor","11.8kΩ","±1%","75V","100mW","±100ppm/℃"
"C138039","RC0402FR-071K54L","YAGEO","400","100","100","https://www.lcsc.com/product-detail/C138039.html","0402","Tape & Reel (TR)","Thick Film Resistor","1.54kΩ","±1%","50V","62.5mW","±100ppm/℃"
"C137692","RC0603FR-0764K9L","YAGEO","400","100","100","https://www.lcsc.com/product-detail/C137692.html","0603","Tape & Reel (TR)","Thick Film Resistor","64.9kΩ","±1%","75V","100mW","±100ppm/℃"
"C137681","RC0603FR-077K32L","YAGEO","400","100","100","https://www.lcsc.com/product-detail/C137681.html","0603","Tape & Reel (TR)","Thick Film Resistor","7.32kΩ","±1%","75V","100mW","±100ppm/℃"
"C483073","RC0805FR-0724R3L","YAGEO","300","100","100","https://www.lcsc.com/product-detail/C483073.html","0805","Tape & Reel (TR)","Thick Film Resistor","24.3Ω","±1%","150V","125mW","±100ppm/℃"
"C483007","RC0805FR-0713R3L","YAGEO","300","100","100","https://www.lcsc.com/product-detail/C483007.html","0805","Tape & Reel (TR)","Thick Film Resistor","13.3Ω","±1%","150V","125mW","±100ppm/℃"
"C477219","RC0402FR-071M62L","YAGEO","300","100","100","https://www.lcsc.com/product-detail/C477219.html","0402","Tape & Reel (TR)","Thick Film Resistor","1.62MΩ","±1%","50V","62.5mW","±100ppm/℃"
"C276312","RC0805FR-075K62L","YAGEO","300","100","100","https://www.lcsc.com/product-detail/C276312.html","0805","Tape & Reel (TR)","Thick Film Resistor","5.62kΩ","±1%","150V","125mW","±100ppm/℃"
"C273924","RC0805FR-07365RL","YAGEO","300","100","100","https://www.lcsc.com/product-detail/C273924.html","0805","Tape & Reel (TR)","Thick Film Resistor","365Ω","±1%","150V","125mW","±100ppm/℃"
"C273891","RC0805FR-07768RL","YAGEO","300","100","100","https://www.lcsc.com/product-detail/C273891.html","0805","Tape & Reel (TR)","Thick Film Resistor","768Ω","±1%","150V","125mW","±100ppm/℃"
"C273859","RC0805FR-071K96L","YAGEO","300","100","100","https://www.lcsc.com/product-detail/C273859.html","0805","Tape & Reel (TR)","Thick Film Resistor","1.96kΩ","±1%","150V","125mW","±100ppm/℃"
"C273744","RC0603FR-07243RL","YAGEO","300","100","100","https://www.lcsc.com/product-detail/C273744.html","0603","Tape & Reel (TR)","Thick Film Resistor","243Ω","±1%","75V","100mW","±100ppm/℃"
"C246016","RC0603FR-07931KL","YAGEO","300","100","100","https://www.lcsc.com/product-detail/C246016.html","0603","Tape & Reel (TR)","Thick Film Resistor","931kΩ","±1%","75V","100mW","±100ppm/℃"
"C245996","RC0603FR-07681KL","YAGEO","300","100","100","https://www.lcsc.com/product-detail/C245996.html","0603","Tape & Reel (TR)","Thick Film Resistor","681kΩ","±1%","75V","100mW","±100ppm/℃"
"C185400","RC0402FR-076K65L","YAGEO","300","100","100","https://www.lcsc.com/product-detail/C185400.html","0402","Tape & Reel (TR)","Thick Film Resistor","6.65kΩ","±1%","50V","62.5mW","±100ppm/℃"
"C185385","RC0402FR-0793R1L","YAGEO","300","100","100","https://www.lcsc.com/product-detail/C185385.html","0402","Tape & Reel (TR)","Thick Film Resistor","93.1Ω","±1%","50V","62.5mW","±100ppm/℃"
"C185321","RC0603FR-0754K9L","YAGEO","300","100","100","https://www.lcsc.com/product-detail/C185321.html","0603","Tape & Reel (TR)","Thick Film Resistor","54.9kΩ","±1%","75V","100mW","±100ppm/℃"
"C163464","RC0402FR-073M01L","YAGEO","300","100","100","https://www.lcsc.com/product-detail/C163464.html","0402","Tape & Reel (TR)","Thick Film Resistor","3.01MΩ","±1%","50V","62.5mW","±100ppm/℃"
"C483236","RC0805FR-078M25L","YAGEO","200","100","100","https://www.lcsc.com/product-detail/C483236.html","0805","Tape & Reel (TR)","Thick Film Resistor","8.25MΩ","±1%","150V","125mW","±100ppm/℃"
"C483206","RC0805FR-0761R9L","YAGEO","200","100","100","https://www.lcsc.com/product-detail/C483206.html","0805","Tape & Reel (TR)","Thick Film Resistor","61.9Ω","±1%","150V","125mW","±100ppm/℃"
"C482995","RC0805FR-0710R2L","YAGEO","200","100","100","https://www.lcsc.com/product-detail/C482995.html","0805","Tape & Reel (TR)","Thick Film Resistor","10.2Ω","±1%","150V","125mW","±100ppm/℃"
"C482779","RC0603FR-07182RL","YAGEO","200","100","100","https://www.lcsc.com/product-detail/C482779.html","0603","Tape & Reel (TR)","Thick Film Resistor","182Ω","±1%","75V","100mW","±100ppm/℃"
"C477805","RC0402FR-07825KL","YAGEO","200","100","100","https://www.lcsc.com/product-detail/C477805.html","0402","Tape & Reel (TR)","Thick Film Resistor","825kΩ","±1%","50V","62.5mW","±100ppm/℃"
"C477609","RC0402FR-0713R7L","YAGEO","200","100","100","https://www.lcsc.com/product-detail/C477609.html","0402","Tape & Reel (TR)","Thick Film Resistor","13.7Ω","±1%","50V","62.5mW","±100ppm/℃"
"C354261","RC0805FR-07274KL","YAGEO","200","100","100","https://www.lcsc.com/product-detail/C354261.html","0805","Tape & Reel (TR)","Thick Film Resistor","274kΩ","±1%","150V","125mW","±100ppm/℃"
"C327319","RC0402FR-079K31L","YAGEO","200","100","100","https://www.lcsc.com/product-detail/C327319.html","0402","Tape & Reel (TR)","Thick Film Resistor","9.31kΩ","±1%","50V","62.5mW","±100ppm/℃"
"C274012","RC0805FR-0711R3L","YAGEO","200","100","100","https://www.lcsc.com/product-detail/C274012.html","0805","Tape & Reel (TR)","Thick Film Resistor","11.3Ω","±1%","150V","125mW","±100ppm/℃"
"C273852","RC0805FR-07806KL","YAGEO","200","100","100","https://www.lcsc.com/product-detail/C273852.html","0805","Tape & Reel (TR)","Thick Film Resistor","806kΩ","±1%","150V","125mW","±100ppm/℃"
"C273828","RC0805FR-07665RL","YAGEO","200","100","100","https://www.lcsc.com/product-detail/C273828.html","0805","Tape & Reel (TR)","Thick Film Resistor","665Ω","±1%","150V","125mW","±100ppm/℃"
"C273757","RC0603FR-07205RL","YAGEO","200","100","100","https://www.lcsc.com/product-detail/C273757.html","0603","Tape & Reel (TR)","Thick Film Resistor","205Ω","±1%","75V","100mW","±100ppm/℃"
"C273723","RC0402FR-0718R2L","YAGEO","200","100","100","https://www.lcsc.com/product-detail/C273723.html","0402","Tape & Reel (TR)","Thick Film Resistor","18.2Ω","±1%","50V","62.5mW","±100ppm/℃"
"C245999","RC0603FR-07698RL","YAGEO","200","100","100","https://www.lcsc.com/product-detail/C245999.html","0603","Tape & Reel (TR)","Thick Film Resistor","698Ω","±1%","75V","100mW","±100ppm/℃"
"C137520","RC0805FR-07475RL","YAGEO","200","100","100","https://www.lcsc.com/product-detail/C137520.html","0805","Tape & Reel (TR)","Thick Film Resistor","475Ω","±1%","150V","125mW","±100ppm/℃"
"C245923","RC0603FR-0718R7L","YAGEO","150","50","50","https://www.lcsc.com/product-detail/C245923.html","0603","Tape & Reel (TR)","Thick Film Resistor","18.7Ω","±1%","75V","100mW","±100ppm/℃"
"C483207","RC0805FR-07619KL","YAGEO","100","100","100","https://www.lcsc.com/product-detail/C483207.html","0805","Tape & Reel (TR)","Thick Film Resistor","619kΩ","±1%","","125mW","±100ppm/℃"
"C483194","RC0805FR-076M34L","YAGEO","100","100","100","https://www.lcsc.com/product-detail/C483194.html","0805","Tape & Reel (TR)","Thick Film Resistor","6.34MΩ","±1%","150V","125mW","±100ppm/℃"
"C483053","RC0805FR-072M67L","YAGEO","100","100","100","https://www.lcsc.com/product-detail/C483053.html","0805","Tape & Reel (TR)","Thick Film Resistor","2.67MΩ","±1%","150V","125mW","±100ppm/℃"
"C483030","RC0805FR-072M05L","YAGEO","100","100","100","https://www.lcsc.com/product-detail/C483030.html","0805","Tape & Reel (TR)","Thick Film Resistor","2.05MΩ","±1%","150V","125mW","±100ppm/℃"
"C483011","RC0805FR-0714R7L","YAGEO","100","100","100","https://www.lcsc.com/product-detail/C483011.html","0805","Tape & Reel (TR)","Thick Film Resistor","14.7Ω","±1%","150V","125mW","±100ppm/℃"
"C482999","RC0805FR-07107RL","YAGEO","100","100","100","https://www.lcsc.com/product-detail/C482999.html","0805","Tape & Reel (TR)","Thick Film Resistor","107Ω","±1%","150V","125mW","±100ppm/℃"
"C482983","RC0805FR-071M78L","YAGEO","100","100","100","https://www.lcsc.com/product-detail/C482983.html","0805","Tape & Reel (TR)","Thick Film Resistor","1.78MΩ","±1%","150V","125mW","±100ppm/℃"
"C482934","RC0603FR-079M53L","YAGEO","100","100","100","https://www.lcsc.com/product-detail/C482934.html","0603","Tape & Reel (TR)","Thick Film Resistor","9.53MΩ","±1%","75V","100mW","±100ppm/℃"
"C482772","RC0603FR-0713R7L","YAGEO","100","100","100","https://www.lcsc.com/product-detail/C482772.html","0603","Tape & Reel (TR)","Thick Film Resistor","13.7Ω","±1%","75V","100mW","±100ppm/℃"
"C482616","RC0603FR-071M15L","YAGEO","100","100","100","https://www.lcsc.com/product-detail/C482616.html","0603","Tape & Reel (TR)","Thick Film Resistor","1.15MΩ","±1%","75V","100mW","±100ppm/℃"
"C477803","RC0402FR-078M87L","YAGEO","100","100","100","https://www.lcsc.com/product-detail/C477803.html","0402","Tape & Reel (TR)","Thick Film Resistor","8.87MΩ","±1%","50V","62.5mW","±100ppm/℃"
"C477749","RC0402FR-075M36L","YAGEO","100","100","100","https://www.lcsc.com/product-detail/C477749.html","0402","Tape & Reel (TR)","Thick Film Resistor","5.36MΩ","±1%","50V","62.5mW","±100ppm/℃"
"C477731","RC0402FR-074M64L","YAGEO","100","100","100","https://www.lcsc.com/product-detail/C477731.html","0402","Tape & Reel (TR)","Thick Film Resistor","4.64MΩ","±1%","50V","62.5mW","±100ppm/℃"
"C477676","RC0402FR-0723R2L","YAGEO","100","100","100","https://www.lcsc.com/product-detail/C477676.html","0402","Tape & Reel (TR)","Thick Film Resistor","23.2Ω","±1%","50V","62.5mW","±100ppm/℃"
"C477631","RC0402FR-07196KL","YAGEO","100","100","100","https://www.lcsc.com/product-detail/C477631.html","0402","Tape & Reel (TR)","Thick Film Resistor","196kΩ","±1%","50V","62.5mW","±100ppm/℃"
"C477604","RC0402FR-0711R3L","YAGEO","100","100","100","https://www.lcsc.com/product-detail/C477604.html","0402","Tape & Reel (TR)","Thick Film Resistor","11.3Ω","±1%","50V","62.5mW","±100ppm/℃"
"C327360","RC0402FR-07267KL","YAGEO","100","100","100","https://www.lcsc.com/product-detail/C327360.html","0402","Tape & Reel (TR)","Thick Film Resistor","267kΩ","±1%","50V","62.5mW","±100ppm/℃"
"C327344","RC0402FR-0741R2L","YAGEO","100","100","100","https://www.lcsc.com/product-detail/C327344.html","0402","Tape & Reel (TR)","Thick Film Resistor","41.2Ω","±1%","50V","62.5mW","±100ppm/℃"
"C274009","RC0805FR-075K23L","YAGEO","100","100","100","https://www.lcsc.com/product-detail/C274009.html","0805","Tape & Reel (TR)","Thick Film Resistor","5.23kΩ","±1%","150V","125mW","±100ppm/℃"
"C273957","RC0805FR-0734KL","YAGEO","100","100","100","https://www.lcsc.com/product-detail/C273957.html","0805","Tape & Reel (TR)","Thick Film Resistor","34kΩ","±1%","150V","125mW","±100ppm/℃"
"C245995","RC0603FR-0766R5L","YAGEO","100","100","100","https://www.lcsc.com/product-detail/C245995.html","0603","Tape & Reel (TR)","Thick Film Resistor","66.5Ω","±1%","75V","100mW","±100ppm/℃"
"C245954","RC0603FR-0732R4L","YAGEO","100","100","100","https://www.lcsc.com/product-detail/C245954.html","0603","Tape & Reel (TR)","Thick Film Resistor","32.4Ω","±1%","75V","100mW","±100ppm/℃"
"C245939","RC0603FR-0723R2L","YAGEO","100","100","100","https://www.lcsc.com/product-detail/C245939.html","0603","Tape & Reel (TR)","Thick Film Resistor","23.2Ω","±1%","75V","100mW","±100ppm/℃"
"C245931","RC0603FR-071M3L","YAGEO","100","100","100","https://www.lcsc.com/product-detail/C245931.html","0603","Tape & Reel (TR)","Thick Film Resistor","1.3MΩ","±1%","75V","100mW","±100ppm/℃"
"C185444","RC0402FR-07210RL","YAGEO","100","100","100","https://www.lcsc.com/product-detail/C185444.html","0402","Tape & Reel (TR)","Thick Film Resistor","210Ω","±1%","50V","62.5mW","±100ppm/℃"
"C185437","RC0402FR-07261KL","YAGEO","100","100","100","https://www.lcsc.com/product-detail/C185437.html","0402","Tape & Reel (TR)","Thick Film Resistor","261kΩ","±1%","50V","62.5mW","±100ppm/℃"
"C185366","RC0603FR-07178KL","YAGEO","100","100","100","https://www.lcsc.com/product-detail/C185366.html","0603","Tape & Reel (TR)","Thick Film Resistor","178kΩ","±1%","75V","100mW","±100ppm/℃"
"C185320","RC0603FR-0754R9L","YAGEO","100","100","100","https://www.lcsc.com/product-detail/C185320.html","0603","Tape & Reel (TR)","Thick Film Resistor","54.9Ω","±1%","75V","100mW","±100ppm/℃"
"C173754","RC0603FR-0719K1L","YAGEO","100","100","100","https://www.lcsc.com/product-detail/C173754.html","0603","Tape & Reel (TR)","Thick Film Resistor","19.1kΩ","±1%","75V","100mW","±100ppm/℃"
"C137982","RC0402FR-07432KL","YAGEO","100","100","100","https://www.lcsc.com/product-detail/C137982.html","0402","Tape & Reel (TR)","Thick Film Resistor","432kΩ","±1%","50V","62.5mW","±100ppm/℃"
"C137763","RC0603FR-07249KL","YAGEO","100","100","100","https://www.lcsc.com/product-detail/C137763.html","0603","Tape & Reel (TR)","Thick Film Resistor","249kΩ","±1%","75V","100mW","±100ppm/℃"
"C137718","RC0603FR-07464KL","YAGEO","100","100","100","https://www.lcsc.com/product-detail/C137718.html","0603","Tape & Reel (TR)","Thick Film Resistor","464kΩ","±1%","75V","100mW","±100ppm/℃"
"C137666","RC0603FR-079K31L","YAGEO","100","100","100","https://www.lcsc.com/product-detail/C137666.html","0603","Tape & Reel (TR)","Thick Film Resistor","9.31kΩ","±1%","75V","100mW","±100ppm/℃"
"C137500","RC0805FR-07665KL","YAGEO","100","100","100","https://www.lcsc.com/product-detail/C137500.html","0805","Tape & Reel (TR)","Thick Film Resistor","665kΩ","±1%","150V","125mW","±100ppm/℃"
"C114615","RC0603FR-072ML","YAGEO","100","100","100","https://www.lcsc.com/product-detail/C114615.html","0603","Tape & Reel (TR)","Thick Film Resistor","2MΩ","±1%","75V","100mW","±100ppm/℃"
"C482872","RC0603FR-075M11L","YAGEO","50","50","50","https://www.lcsc.com/product-detail/C482872.html","0603","Tape & Reel (TR)","Thick Film Resistor","5.11MΩ","±1%","75V","100mW","±100ppm/℃"
"C273883","RC0805FR-07158RL","YAGEO","50","50","50","https://www.lcsc.com/product-detail/C273883.html","0805","Tape & Reel (TR)","Thick Film Resistor","158Ω","±1%","150V","125mW","±100ppm/℃"
"C273949","RC0805FR-07187RL","YAGEO","20","20","20","https://www.lcsc.com/product-detail/C273949.html","0805","Tape & Reel (TR)","Thick Film Resistor","187Ω","±1%","150V","125mW","±100ppm/℃"
