"LCSC Part#","MPN","Manufacturer","Availability","Minimum","Multiples","Product Detail","Package","Packaging","Number of Lines","Impedance @ Frequency","Tolerance","DC Resistance(DCR)","Current Rating","Operating Temperature"
"C14709","BLM18PG121SN1D","muRata","1585850","50","50","https://www.lcsc.com/product-detail/C14709.html","0603","Tape & Reel (TR)","1","120Ω@100MHz","±25%","50mΩ","2A","-55℃~+125℃"
"C15014","MMZ2012S601AT000","TDK","1840","20","20","https://www.lcsc.com/product-detail/C15014.html","0805","Tape & Reel (TR)","1","600Ω@100MHz","±25%","300mΩ","500mA","-55℃~+125℃"
"C15957","MPZ2012S101AT000","TDK","188400","10","10","https://www.lcsc.com/product-detail/C15957.html","0805","Tape & Reel (TR)","1","100Ω@100MHz","±25%","20mΩ","4A","-55℃~+125℃"
"C16903","BLM21PG300SN1D","muRata","93270","10","10","https://www.lcsc.com/product-detail/C16903.html","0805","Tape & Reel (TR)","1","30Ω@100MHz","±25%","14mΩ","4A","-55℃~+125℃"
"C17141","BLM18BB121SN1D","muRata","9260","20","20","https://www.lcsc.com/product-detail/C17141.html","0603","Tape & Reel (TR)","1","120Ω@100MHz","±25%","300mΩ","550mA","-55℃~+125℃"
"C17305","BLM18PG300SN1D","muRata","130950","50","50","https://www.lcsc.com/product-detail/C17305.html","0603","Tape & Reel (TR)","1","30Ω@100MHz","±25%","50mΩ","1A","-55℃~+125℃"
"C18305","BLM21PG600SN1D","muRata","94320","20","20","https://www.lcsc.com/product-detail/C18305.html","0805","Tape & Reel (TR)","1","60Ω@100MHz","±25%","20mΩ","3.5A","-55℃~+125℃"
"C19330","BLM18AG601SN1D","muRata","757000","50","50","https://www.lcsc.com/product-detail/C19330.html","0603","Tape & Reel (TR)","1","600Ω@100MHz","±25%","380mΩ","500mA","-55℃~+125℃"
"C20345","BLM18EG601SN1D","muRata","75240","10","10","https://www.lcsc.com/product-detail/C20345.html","0603","Tape & Reel (TR)","1","600Ω@100MHz","±25%","350mΩ","500mA","-55℃~+125℃"
"C21516","BLM15HD102SN1D","muRata","141250","50","50","https://www.lcsc.com/product-detail/C21516.html","0402","Tape & Reel (TR)","1","1kΩ@100MHz","±25%","1.25Ω","250mA","-55℃~+125℃"
"C21519","MPZ2012S601AT000","TDK","103630","10","10","https://www.lcsc.com/product-detail/C21519.html","0805","Tape & Reel (TR)","1","600Ω@100MHz","±25%","100mΩ","2A","-55℃~+125℃"
"C23568","BLM21BB121SN1D","muRata","6340","10","10","https://www.lcsc.com/product-detail/C23568.html","0805","Tape & Reel (TR)","1","120Ω@100MHz","±25%","190mΩ","600mA","-55℃~+125℃"
"C37751","BLM21BD102SN1D","muRata","13040","10","10","https://www.lcsc.com/product-detail/C37751.html","0805","Tape & Reel (TR)","1","1kΩ@100MHz","±25%","400mΩ","250mA","-55℃~+125℃"
"C71813","BLM15AX300SN1D","muRata","22100","50","50","https://www.lcsc.com/product-detail/C71813.html","0402","Tape & Reel (TR)","1","30Ω@100MHz","±25%","60mΩ","1.1A","-55℃~+125℃"
"C72904","BLM21PG331SH1D","muRata","6760","10","10","https://www.lcsc.com/product-detail/C72904.html","0805","Tape & Reel (TR)","1","330Ω@100MHz","±25%","70mΩ","1.5A","-55℃~+125℃"
"C73225","BLM18AG601SH1D","muRata","11450","50","50","https://www.lcsc.com/product-detail/C73225.html","0603","Tape & Reel (TR)","1","600Ω@100MHz","±25%","380mΩ","500mA","-55℃~+125℃"
"C74764","BLM21PG331SN1D","muRata","413780","20","20","https://www.lcsc.com/product-detail/C74764.html","0805","Tape & Reel (TR)","1","330Ω@100MHz","±25%","70mΩ","1.5A","-55℃~+125℃"
"C76802","MMZ1005A152ET000","TDK","2720","20","20","https://www.lcsc.com/product-detail/C76802.html","0402","Tape & Reel (TR)","1","1.5kΩ@100MHz","±25%","1.6Ω","230mA","-55℃~+125℃"
"C76804","MMZ1005S601CT000","TDK","26130","10","10","https://www.lcsc.com/product-detail/C76804.html","0402","Tape & Reel (TR)","1","600Ω@100MHz","±25%","520mΩ","300mA","-55℃~+125℃"
"C76805","MMZ1005S800CT000","TDK","9025","1","1","https://www.lcsc.com/product-detail/C76805.html","0402","Tape & Reel (TR)","1","80Ω@100MHz","±25%","120mΩ","500mA","-55℃~+125℃"
"C76807","MMZ1005Y400CT000","TDK","7470","10","10","https://www.lcsc.com/product-detail/C76807.html","0402","Tape & Reel (TR)","1","40Ω@100MHz","±25%","100mΩ","550mA","-55℃~+125℃"
"C76808","MMZ1608D500CTAH0","TDK","3750","50","50","https://www.lcsc.com/product-detail/C76808.html","0603","Tape & Reel (TR)","1","50Ω@100MHz","±25%","250mΩ","500mA","-55℃~+125℃"
"C76813","MPZ1005S600CT000","TDK","21290","10","10","https://www.lcsc.com/product-detail/C76813.html","0402","Tape & Reel (TR)","1","60Ω@100MHz","±25%","60mΩ","1.5A","-55℃~+125℃"
"C76814","MPZ1608S102ATA00","TDK","150940","10","10","https://www.lcsc.com/product-detail/C76814.html","0603","Tape & Reel (TR)","1","1kΩ@100MHz","±25%","300mΩ","800mA","-55℃~+125℃"
"C76815","MPZ1608S221ATA00","TDK","567120","10","10","https://www.lcsc.com/product-detail/C76815.html","0603","Tape & Reel (TR)","1","220Ω@100MHz","±25%","50mΩ","2.2A","-55℃~+125℃"
"C76816","MPZ1608S600ATAH0","TDK","51210","10","10","https://www.lcsc.com/product-detail/C76816.html","0603","Tape & Reel (TR)","1","60Ω@100MHz","±25%","20mΩ","3.5A","-55℃~+125℃"
"C76817","MPZ2012S102AT000","TDK","60720","10","10","https://www.lcsc.com/product-detail/C76817.html","0805","Tape & Reel (TR)","1","1kΩ@100MHz","±25%","150mΩ","1.5A","-55℃~+125℃"
"C76818","MPZ2012S221AT000","TDK","158300","10","10","https://www.lcsc.com/product-detail/C76818.html","0805","Tape & Reel (TR)","1","220Ω@100MHz","±25%","40mΩ","3A","-55℃~+125℃"
"C76819","MPZ2012S331AT000","TDK","27330","10","10","https://www.lcsc.com/product-detail/C76819.html","0805","Tape & Reel (TR)","1","330Ω@100MHz","±25%","50mΩ","2.5A","-55℃~+125℃"
"C76882","BLM15AG100SN1D","muRata","179750","50","50","https://www.lcsc.com/product-detail/C76882.html","0402","Tape & Reel (TR)","1","10Ω@100MHz","-","25mΩ","1A","-55℃~+125℃"
"C76883","BLM15AG102SN1D","muRata","626300","100","100","https://www.lcsc.com/product-detail/C76883.html","0402","Tape & Reel (TR)","1","1kΩ@100MHz","±25%","650mΩ","300mA","-55℃~+125℃"
"C76884","BLM15AG601SN1D","muRata","972700","100","100","https://www.lcsc.com/product-detail/C76884.html","0402","Tape & Reel (TR)","1","600Ω@100MHz","±25%","520mΩ","300mA","-55℃~+125℃"
"C76885","BLM15AX221SN1D","muRata","90500","50","50","https://www.lcsc.com/product-detail/C76885.html","0402","Tape & Reel (TR)","1","220Ω@100MHz","±25%","180mΩ","600mA","-55℃~+125℃"
"C76886","BLM15AX601SN1D","muRata","585900","50","50","https://www.lcsc.com/product-detail/C76886.html","0402","Tape & Reel (TR)","1","600Ω@100MHz","±25%","340mΩ","500mA","-55℃~+125℃"
"C76887","BLM15BB470SN1D","muRata","12800","50","50","https://www.lcsc.com/product-detail/C76887.html","0402","Tape & Reel (TR)","1","47Ω@100MHz","±25%","350mΩ","300mA","-55℃~+125℃"
"C76888","BLM15HD182SN1D","muRata","582150","50","50","https://www.lcsc.com/product-detail/C76888.html","0402","Tape & Reel (TR)","1","1.8kΩ@100MHz","±25%","2.2Ω","200mA","-55℃~+125℃"
"C76889","BLM15HG102SN1D","muRata","218000","50","50","https://www.lcsc.com/product-detail/C76889.html","0402","Tape & Reel (TR)","1","1kΩ@100MHz","±25%","1.1Ω","250mA","-55℃~+125℃"
"C76890","BLM15HG601SN1D","muRata","37150","50","50","https://www.lcsc.com/product-detail/C76890.html","0402","Tape & Reel (TR)","1","600Ω@100MHz","±25%","700mΩ","300mA","-55℃~+125℃"
"C76891","BLM15PD121SN1D","muRata","589050","50","50","https://www.lcsc.com/product-detail/C76891.html","0402","Tape & Reel (TR)","1","120Ω@100MHz","±25%","90mΩ","1.3A","-55℃~+125℃"
"C76892","BLM18AG121SN1D","muRata","388050","50","50","https://www.lcsc.com/product-detail/C76892.html","0603","Tape & Reel (TR)","1","120Ω@100MHz","±25%","180mΩ","800mA","-55℃~+125℃"
"C76893","BLM18EG101TN1D","muRata","56580","10","10","https://www.lcsc.com/product-detail/C76893.html","0603","Tape & Reel (TR)","1","100Ω@100MHz","±25%","45mΩ","2A","-55℃~+125℃"
"C77600","BLM15BD471SN1D","muRata","22200","50","50","https://www.lcsc.com/product-detail/C77600.html","0402","Tape & Reel (TR)","1","470Ω@100MHz","±25%","600mΩ","200mA","-55℃~+125℃"
"C77668","BLM18BD252SN1D","muRata","62650","50","50","https://www.lcsc.com/product-detail/C77668.html","0603","Tape & Reel (TR)","1","2.5kΩ@100MHz","±25%","1.5Ω","150mA","-55℃~+125℃"
"C78748","BLM18BD102SN1D","muRata","36450","50","50","https://www.lcsc.com/product-detail/C78748.html","0603","Tape & Reel (TR)","1","1kΩ@100MHz","±25%","850mΩ","200mA","-"
"C79382","BLM21PG121SN1D","muRata","181220","20","20","https://www.lcsc.com/product-detail/C79382.html","0805","Tape & Reel (TR)","1","120Ω@100MHz","±25%","30mΩ","3A","-55℃~+125℃"
"C79913","BLM18PG331SN1D","muRata","115400","50","50","https://www.lcsc.com/product-detail/C79913.html","0603","Tape & Reel (TR)","1","330Ω@100MHz","±25%","150mΩ","1.2A","-55℃~+125℃"
"C80165","BLM18PG221SN1D","muRata","18200","100","100","https://www.lcsc.com/product-detail/C80165.html","0603","Tape & Reel (TR)","1","220Ω@100MHz","±25%","100mΩ","1.4A","-55℃~+125℃"
"C80983","MPZ2012S102ATD25","TDK","27880","20","20","https://www.lcsc.com/product-detail/C80983.html","0805","Tape & Reel (TR)","1","1kΩ@100MHz","±25%","150mΩ","1.5A","-55℃~+125℃"
"C81034","MPZ2012S601ATD25","TDK","245990","10","10","https://www.lcsc.com/product-detail/C81034.html","0805","Tape & Reel (TR)","1","600Ω@100MHz","±25%","100mΩ","2A","-55℃~+125℃"
"C82155","BLM18HE152SN1D","muRata","373660","10","10","https://www.lcsc.com/product-detail/C82155.html","0603","Tape & Reel (TR)","1","1.5kΩ@100MHz","±25%","500mΩ","500mA","-55℃~+125℃"
"C82848","BLM18HG102SN1D","muRata","33260","20","20","https://www.lcsc.com/product-detail/C82848.html","0603","Tape & Reel (TR)","1","1kΩ@100MHz","±25%","1.6Ω","100mA","-55℃~+125℃"
"C82850","BLM18PG181SN1D","muRata","508800","50","50","https://www.lcsc.com/product-detail/C82850.html","0603","Tape & Reel (TR)","1","180Ω@100MHz","±25%","90mΩ","1.5A","-55℃~+125℃"
"C82861","BLM15EG121SN1D","muRata","33610","10","10","https://www.lcsc.com/product-detail/C82861.html","0402","Tape & Reel (TR)","1","120Ω@100MHz","±25%","95mΩ","1.5A","-55℃~+125℃"
"C82880","BLM15BB750SN1D","muRata","1500","100","100","https://www.lcsc.com/product-detail/C82880.html","0402","Tape & Reel (TR)","1","75Ω@100MHz","±25%","400mΩ","300mA","-55℃~+125℃"
"C85812","BLM15AG121SN1D","muRata","949100","100","100","https://www.lcsc.com/product-detail/C85812.html","0402","Tape & Reel (TR)","1","120Ω@100MHz","±25%","190mΩ","550mA","-55℃~+125℃"
"C85813","BLM15AG221SN1D","muRata","336800","100","100","https://www.lcsc.com/product-detail/C85813.html","0402","Tape & Reel (TR)","1","220Ω@100MHz","±25%","290mΩ","450mA","-55℃~+125℃"
"C85814","BLM15AG700SN1D","muRata","92850","50","50","https://www.lcsc.com/product-detail/C85814.html","0402","Tape & Reel (TR)","1","70Ω@100MHz","±25%","150mΩ","600mA","-55℃~+125℃"
"C85815","BLM15AX102SN1D","muRata","112600","100","100","https://www.lcsc.com/product-detail/C85815.html","0402","Tape & Reel (TR)","1","1kΩ@100MHz","±25%","490mΩ","350mA","-55℃~+125℃"
"C85816","BLM15BA220SN1D","muRata","42900","100","100","https://www.lcsc.com/product-detail/C85816.html","0402","Tape & Reel (TR)","1","22Ω@100MHz","±25%","300mΩ","300mA","-55℃~+125℃"
"C85817","BLM15BB121SN1D","muRata","4500","50","50","https://www.lcsc.com/product-detail/C85817.html","0402","Tape & Reel (TR)","1","120Ω@100MHz","±25%","550mΩ","300mA","-55℃~+125℃"
"C85818","BLM15BB221SN1D","muRata","29050","50","50","https://www.lcsc.com/product-detail/C85818.html","0402","Tape & Reel (TR)","1","220Ω@100MHz","±25%","800mΩ","200mA","-55℃~+125℃"
"C85819","BLM15BD102SN1D","muRata","19200","50","50","https://www.lcsc.com/product-detail/C85819.html","0402","Tape & Reel (TR)","1","1kΩ@100MHz","±25%","900mΩ","200mA","-55℃~+125℃"
"C85820","BLM15BD182SN1D","muRata","5300","100","100","https://www.lcsc.com/product-detail/C85820.html","0402","Tape & Reel (TR)","1","1.8kΩ@100MHz","±25%","1.4Ω","100mA","-55℃~+125℃"
"C85821","BLM15EG221SN1D","muRata","29100","20","20","https://www.lcsc.com/product-detail/C85821.html","0402","Tape & Reel (TR)","1","220Ω@100MHz","±25%","280mΩ","700mA","-55℃~+125℃"
"C85822","BLM15PD300SN1D","muRata","18350","50","50","https://www.lcsc.com/product-detail/C85822.html","0402","Tape & Reel (TR)","1","30Ω@100MHz","±25%","35mΩ","2.2A","-55℃~+125℃"
"C85823","BLM15PG100SN1D","muRata","17500","50","50","https://www.lcsc.com/product-detail/C85823.html","0402","Tape & Reel (TR)","1","10Ω@100MHz","±25%","25mΩ","1A","-55℃~+125℃"
"C85824","BLM18AG102SN1D","muRata","344400","50","50","https://www.lcsc.com/product-detail/C85824.html","0603","Tape & Reel (TR)","1","1kΩ@100MHz","±25%","500mΩ","450mA","-55℃~+125℃"
"C85826","BLM18BB221SN1D","muRata","26550","50","50","https://www.lcsc.com/product-detail/C85826.html","0603","Tape & Reel (TR)","1","220Ω@100MHz","±25%","450mΩ","450mA","-55℃~+125℃"
"C85827","BLM18EG221SN1D","muRata","214420","10","10","https://www.lcsc.com/product-detail/C85827.html","0603","Tape & Reel (TR)","1","220Ω@100MHz","±25%","50mΩ","2A","-55℃~+125℃"
"C85828","BLM18HE102SN1D","muRata","106850","10","10","https://www.lcsc.com/product-detail/C85828.html","0603","Tape & Reel (TR)","1","1kΩ@100MHz","±25%","350mΩ","600mA","-55℃~+125℃"
"C85829","BLM18HG471SN1D","muRata","3980","20","20","https://www.lcsc.com/product-detail/C85829.html","0603","Tape & Reel (TR)","1","470Ω@100MHz","±25%","850mΩ","200mA","-55℃~+125℃"
"C85830","BLM18HG601SN1D","muRata","37140","10","10","https://www.lcsc.com/product-detail/C85830.html","0603","Tape & Reel (TR)","1","600Ω@100MHz","±25%","1Ω","200mA","-55℃~+125℃"
"C85831","BLM18KG121TN1D","muRata","775550","50","50","https://www.lcsc.com/product-detail/C85831.html","0603","Tape & Reel (TR)","1","120Ω@100MHz","±25%","30mΩ","3A","-55℃~+125℃"
"C85832","BLM18KG331SN1D","muRata","31560","20","20","https://www.lcsc.com/product-detail/C85832.html","0603","Tape & Reel (TR)","1","330Ω@100MHz","±25%","80mΩ","1.7A","-55℃~+125℃"
"C85833","BLM18KG601SN1D","muRata","1154200","50","50","https://www.lcsc.com/product-detail/C85833.html","0603","Tape & Reel (TR)","1","600Ω@100MHz","±25%","150mΩ","1.3A","-55℃~+125℃"
"C85834","BLM18PG600SN1D","muRata","202200","50","50","https://www.lcsc.com/product-detail/C85834.html","0603","Tape & Reel (TR)","1","60Ω@100MHz","±25%","100mΩ","1A","-55℃~+125℃"
"C85835","BLM21AG102SN1D","muRata","49460","20","20","https://www.lcsc.com/product-detail/C85835.html","0805","Tape & Reel (TR)","1","1kΩ@100MHz","±25%","280mΩ","600mA","-55℃~+125℃"
"C85836","BLM21AG151SN1D","muRata","6260","10","10","https://www.lcsc.com/product-detail/C85836.html","0805","Tape & Reel (TR)","1","150Ω@100MHz","±25%","100mΩ","1A","-55℃~+125℃"
"C85837","BLM21AG601SN1D","muRata","106300","20","20","https://www.lcsc.com/product-detail/C85837.html","0805","Tape & Reel (TR)","1","600Ω@100MHz","±25%","210mΩ","700mA","-55℃~+125℃"
"C85838","BLM21BD222TN1D","muRata","4400","10","10","https://www.lcsc.com/product-detail/C85838.html","0805","Tape & Reel (TR)","1","2.2kΩ@100MHz","±25%","600mΩ","200mA","-55℃~+125℃"
"C85839","BLM21BD272SN1L","muRata","60860","10","10","https://www.lcsc.com/product-detail/C85839.html","0805","Tape & Reel (TR)","1","2.7kΩ@100MHz","±25%","800mΩ","200mA","-55℃~+125℃"
"C85840","BLM21PG221SN1D","muRata","567740","20","20","https://www.lcsc.com/product-detail/C85840.html","0805","Tape & Reel (TR)","1","220Ω@100MHz","±25%","45mΩ","2A","-55℃~+125℃"
"C87063","BLM18SG260TN1D","muRata","43350","10","10","https://www.lcsc.com/product-detail/C87063.html","0603","Tape & Reel (TR)","1","26Ω@100MHz","±25%","7mΩ","6A","-55℃~+125℃"
"C87549","MMZ1005S241CT000","TDK","29670","10","10","https://www.lcsc.com/product-detail/C87549.html","0402","Tape & Reel (TR)","1","240Ω@100MHz","±25%","280mΩ","400mA","-55℃~+125℃"
"C87550","MMZ1005S601ET000","TDK","1380","10","10","https://www.lcsc.com/product-detail/C87550.html","0402","Tape & Reel (TR)","1","600Ω@100MHz","±25%","650mΩ","300mA","-55℃~+125℃"
"C87552","MMZ1005Y601CT000","TDK","9000","100","100","https://www.lcsc.com/product-detail/C87552.html","0402","Tape & Reel (TR)","1","600Ω@100MHz","±25%","540mΩ","250mA","-55℃~+125℃"
"C87553","MMZ1608Y600BTA00","TDK","3650","50","50","https://www.lcsc.com/product-detail/C87553.html","0603","Tape & Reel (TR)","1","60Ω@100MHz","±25%","150mΩ","500mA","-55℃~+125℃"
"C87554","MPZ1608D101BTA00","TDK","7390","10","10","https://www.lcsc.com/product-detail/C87554.html","0603","Tape & Reel (TR)","1","100Ω@100MHz","±25%","150mΩ","1A","-55℃~+125℃"
"C87555","MPZ1608S471ATA00","TDK","18100","50","50","https://www.lcsc.com/product-detail/C87555.html","0603","Tape & Reel (TR)","1","470Ω@100MHz","±25%","150mΩ","1A","-55℃~+125℃"
"C88961","BLM15BA330SN1D","muRata","14550","50","50","https://www.lcsc.com/product-detail/C88961.html","0402","Tape & Reel (TR)","1","33Ω@100MHz","±25%","400mΩ","300mA","-55℃~+125℃"
"C88964","BLM15GG471SN1D","muRata","10040","5","5","https://www.lcsc.com/product-detail/C88964.html","0402","Tape & Reel (TR)","1","470Ω@100MHz","±25%","1.3Ω","200mA","-55℃~+125℃"
"C88965","BLM15HB121SN1D","muRata","850","50","50","https://www.lcsc.com/product-detail/C88965.html","0402","Tape & Reel (TR)","1","120Ω@100MHz","±25%","700mΩ","300mA","-55℃~+125℃"
"C88966","BLM15HB221SN1D","muRata","25150","50","50","https://www.lcsc.com/product-detail/C88966.html","0402","Tape & Reel (TR)","1","220Ω@100MHz","±25%","1Ω","250mA","-55℃~+125℃"
"C88967","BLM15HD601SN1D","muRata","52500","50","50","https://www.lcsc.com/product-detail/C88967.html","0402","Tape & Reel (TR)","1","600Ω@100MHz","±25%","850mΩ","300mA","-55℃~+125℃"
"C88969","BLM15PD600SN1D","muRata","68250","50","50","https://www.lcsc.com/product-detail/C88969.html","0402","Tape & Reel (TR)","1","60Ω@100MHz","±25%","60mΩ","1.7A","-55℃~+125℃"
"C88970","BLM15PX121SN1D","muRata","322200","20","20","https://www.lcsc.com/product-detail/C88970.html","0402","Tape & Reel (TR)","1","120Ω@100MHz","±25%","55mΩ","2A","-55℃~+125℃"
"C88971","BLM18AG221SN1D","muRata","90950","50","50","https://www.lcsc.com/product-detail/C88971.html","0603","Tape & Reel (TR)","1","220Ω@100MHz","±25%","250mΩ","700mA","-55℃~+125℃"
"C88972","BLM18AG471SN1D","muRata","31450","50","50","https://www.lcsc.com/product-detail/C88972.html","0603","Tape & Reel (TR)","1","470Ω@100MHz","±25%","350mΩ","550mA","-55℃~+125℃"
"C88973","BLM18BA100SN1D","muRata","3060","10","10","https://www.lcsc.com/product-detail/C88973.html","0603","Tape & Reel (TR)","1","10Ω@100MHz","±25%","250mΩ","500mA","-55℃~+125℃"
"C88974","BLM18BB050SN1D","muRata","5700","50","50","https://www.lcsc.com/product-detail/C88974.html","0603","Tape & Reel (TR)","1","5Ω@100MHz","±25%","50mΩ","700mA","-55℃~+125℃"
"C88975","BLM18BB220SN1D","muRata","3600","50","50","https://www.lcsc.com/product-detail/C88975.html","0603","Tape & Reel (TR)","1","22Ω@100MHz","±25%","200mΩ","700mA","-55℃~+125℃"
"C88976","BLM18BD601SN1D","muRata","99600","50","50","https://www.lcsc.com/product-detail/C88976.html","0603","Tape & Reel (TR)","1","600Ω@100MHz","±25%","650mΩ","200mA","-55℃~+125℃"
"C88977","BLM18GG471SN1D","muRata","3835","5","5","https://www.lcsc.com/product-detail/C88977.html","0603","Tape & Reel (TR)","1","470Ω@100MHz","±25%","1.3Ω","200mA","-55℃~+125℃"
"C88978","BLM18HD601SN1D","muRata","42440","20","20","https://www.lcsc.com/product-detail/C88978.html","0603","Tape & Reel (TR)","1","600Ω@100MHz","±25%","1.5Ω","100mA","-55℃~+125℃"
"C88979","BLM18HE601SN1D","muRata","19380","20","20","https://www.lcsc.com/product-detail/C88979.html","0603","Tape & Reel (TR)","1","600Ω@100MHz","±25%","250mΩ","800mA","-55℃~+125℃"
"C88980","BLM18KG221SN1D","muRata","146700","20","20","https://www.lcsc.com/product-detail/C88980.html","0603","Tape & Reel (TR)","1","220Ω@100MHz","±25%","50mΩ","2.2A","-55℃~+125℃"
"C88981","BLM18KG260TN1D","muRata","52100","20","20","https://www.lcsc.com/product-detail/C88981.html","0603","Tape & Reel (TR)","1","26Ω@100MHz","±25%","7mΩ","6A","-55℃~+125℃"
"C88982","BLM18KG300TN1D","muRata","39650","50","50","https://www.lcsc.com/product-detail/C88982.html","0603","Tape & Reel (TR)","1","30Ω@100MHz","±25%","10mΩ","5A","-55℃~+125℃"
"C88983","BLM18PG330SH1D","muRata","14540","20","20","https://www.lcsc.com/product-detail/C88983.html","0603","Tape & Reel (TR)","1","33Ω@100MHz","±25%","25mΩ","3A","-55℃~+125℃"
"C88984","BLM18PG330SN1D","muRata","242500","50","50","https://www.lcsc.com/product-detail/C88984.html","0603","Tape & Reel (TR)","1","33Ω@100MHz","±25%","25mΩ","3A","-55℃~+125℃"
"C88985","BLM18PG600SH1D","muRata","3800","20","20","https://www.lcsc.com/product-detail/C88985.html","0603","Tape & Reel (TR)","1","60Ω@100MHz","±25%","100mΩ","1A","-55℃~+125℃"
"C88986","BLM18RK102SN1D","muRata","122900","20","20","https://www.lcsc.com/product-detail/C88986.html","0603","Tape & Reel (TR)","1","1kΩ@100MHz","±25%","800mΩ","200mA","-55℃~+125℃"
"C88987","BLM18RK601SN1D","muRata","1650","50","50","https://www.lcsc.com/product-detail/C88987.html","0603","Tape & Reel (TR)","1","600Ω@100MHz","±25%","600mΩ","200mA","-55℃~+125℃"
"C88988","BLM18SG221TN1D","muRata","59740","20","20","https://www.lcsc.com/product-detail/C88988.html","0603","Tape & Reel (TR)","1","220Ω@100MHz","±25%","40mΩ","2.5A","-55℃~+125℃"
"C88989","BLM18SG331TN1D","muRata","41530","10","10","https://www.lcsc.com/product-detail/C88989.html","0603","Tape & Reel (TR)","1","330Ω@100MHz","±25%","70mΩ","1.5A","-55℃~+125℃"
"C88990","BLM21AG121SN1D","muRata","59320","20","20","https://www.lcsc.com/product-detail/C88990.html","0805","Tape & Reel (TR)","1","120Ω@100MHz","±25%","100mΩ","1A","-55℃~+125℃"
"C88991","BLM21AG221SN1D","muRata","12695","5","5","https://www.lcsc.com/product-detail/C88991.html","0805","Tape & Reel (TR)","1","220Ω@100MHz","±25%","130mΩ","900mA","-55℃~+125℃"
"C88992","BLM21AG331SN1D","muRata","460","10","10","https://www.lcsc.com/product-detail/C88992.html","0805","Tape & Reel (TR)","1","330Ω@100MHz","±25%","160mΩ","800mA","-55℃~+125℃"
"C88993","BLM21PG220SN1D","muRata","89580","20","20","https://www.lcsc.com/product-detail/C88993.html","0805","Tape & Reel (TR)","1","22Ω@100MHz","±25%","9mΩ","6A","-55℃~+125℃"
"C88994","BLM21PG221SH1D","muRata","72210","10","10","https://www.lcsc.com/product-detail/C88994.html","0805","Tape & Reel (TR)","1","220Ω@100MHz","±25%","45mΩ","2A","-"
"C89445","MMZ1608R102ATA00","TDK","28950","50","50","https://www.lcsc.com/product-detail/C89445.html","0603","Tape & Reel (TR)","1","1kΩ@100MHz","±25%","500mΩ","400mA","-55℃~+125℃"
"C89458","MMZ1005F121ET000","TDK","8310","10","10","https://www.lcsc.com/product-detail/C89458.html","0402","Tape & Reel (TR)","1","120Ω@100MHz","±25%","1.5Ω","200mA","-55℃~+125℃"
"C91573","BLM15AG121SH1D","muRata","12380","20","20","https://www.lcsc.com/product-detail/C91573.html","0402","Tape & Reel (TR)","1","120Ω@100MHz","±25%","250mΩ","500mA","-55℃~+125℃"
"C92036","MMZ1005S121CT000","TDK","19500","10","10","https://www.lcsc.com/product-detail/C92036.html","0402","Tape & Reel (TR)","1","120Ω@100MHz","±25%","220mΩ","500mA","-55℃~+125℃"
"C94131","BLM15BD221SN1D","muRata","8800","50","50","https://www.lcsc.com/product-detail/C94131.html","0402","Tape & Reel (TR)","1","220Ω@100MHz","±25%","400mΩ","300mA","-55℃~+125℃"
"C94265","MMZ1608S181ATA00","TDK","2100","10","10","https://www.lcsc.com/product-detail/C94265.html","0603","Tape & Reel (TR)","1","180Ω@100MHz","±25%","200mΩ","500mA","-55℃~+125℃"
"C97120","MMZ1608B601CTAH0","TDK","97230","10","10","https://www.lcsc.com/product-detail/C97120.html","0603","Tape & Reel (TR)","1","600Ω@100MHz","±25%","400mΩ","500mA","-55℃~+125℃"
"C97851","BLM18BD121SN1D","muRata","8160","20","20","https://www.lcsc.com/product-detail/C97851.html","0603","Tape & Reel (TR)","1","120Ω@100MHz","±25%","400mΩ","300mA","-55℃~+125℃"
"C97852","BLM18HK102SN1D","muRata","10940","20","20","https://www.lcsc.com/product-detail/C97852.html","0603","Tape & Reel (TR)","1","1kΩ@100MHz","±25%","1.5Ω","50mA","-55℃~+125℃"
"C97853","BLM18PG471SN1D","muRata","188150","50","50","https://www.lcsc.com/product-detail/C97853.html","0603","Tape & Reel (TR)","1","470Ω@100MHz","±25%","200mΩ","1A","-55℃~+125℃"
"C107324","MMZ1005Y121CT000","TDK","19050","50","50","https://www.lcsc.com/product-detail/C107324.html","0402","Tape & Reel (TR)","1","120Ω@100MHz","±25%","180mΩ","400mA","-55℃~+125℃"
"C107326","MMZ1608R601ATA00","TDK","8200","50","50","https://www.lcsc.com/product-detail/C107326.html","0603","Tape & Reel (TR)","1","600Ω@100MHz","±25%","400mΩ","500mA","-55℃~+125℃"
"C107328","MMZ1608S800ATA00","TDK","300","50","50","https://www.lcsc.com/product-detail/C107328.html","0603","Tape & Reel (TR)","1","80Ω@100MHz","±25%","150mΩ","500mA","-55℃~+125℃"
"C107331","MPZ1005S121CT000","TDK","5860","10","10","https://www.lcsc.com/product-detail/C107331.html","0402","Tape & Reel (TR)","1","120Ω@100MHz","±25%","90mΩ","1.2A","-55℃~+125℃"
"C107332","MPZ1608S101ATAH0","TDK","799350","10","10","https://www.lcsc.com/product-detail/C107332.html","0603","Tape & Reel (TR)","1","100Ω@100MHz","±25%","30mΩ","3A","-55℃~+125℃"
"C107335","MPZ1608S601ATA00","TDK","306420","10","10","https://www.lcsc.com/product-detail/C107335.html","0603","Tape & Reel (TR)","1","600Ω@100MHz","±25%","150mΩ","1A","-55℃~+125℃"
"C113008","BLM15BB100SN1D","muRata","12200","50","50","https://www.lcsc.com/product-detail/C113008.html","0402","Tape & Reel (TR)","1","10Ω@100MHz","±25%","100mΩ","300mA","-55℃~+125℃"
"C113009","BLM15GA750SN1D","muRata","11780","5","5","https://www.lcsc.com/product-detail/C113009.html","0402","Tape & Reel (TR)","1","75Ω@100MHz","±25%","1.3Ω","200mA","-55℃~+125℃"
"C113010","BLM18AG331SN1D","muRata","14850","50","50","https://www.lcsc.com/product-detail/C113010.html","0603","Tape & Reel (TR)","1","330Ω@100MHz","±25%","300mΩ","600mA","-55℃~+125℃"
"C113016","BLM18BB100SN1D","muRata","7820","20","20","https://www.lcsc.com/product-detail/C113016.html","0603","Tape & Reel (TR)","1","10Ω@100MHz","±25%","100mΩ","700mA","-55℃~+125℃"
"C113018","BLM18BB470SN1D","muRata","3950","50","50","https://www.lcsc.com/product-detail/C113018.html","0603","Tape & Reel (TR)","1","47Ω@100MHz","±25%","250mΩ","600mA","-55℃~+125℃"
"C113020","BLM18BD182SN1D","muRata","450","50","50","https://www.lcsc.com/product-detail/C113020.html","0603","Tape & Reel (TR)","1","1.8kΩ@100MHz","±25%","1.5Ω","150mA","-55℃~+125℃"
"C113022","BLM18BD222SN1D","muRata","5360","20","20","https://www.lcsc.com/product-detail/C113022.html","0603","Tape & Reel (TR)","1","2.2kΩ@100MHz","±25%","1.5Ω","150mA","-55℃~+125℃"
"C113023","BLM18BD421SN1D","muRata","1850","50","50","https://www.lcsc.com/product-detail/C113023.html","0603","Tape & Reel (TR)","1","420Ω@100MHz","±25%","550mΩ","250mA","-55℃~+125℃"
"C113024","BLM18BD471SN1D","muRata","490","10","10","https://www.lcsc.com/product-detail/C113024.html","0603","Tape & Reel (TR)","1","470Ω@100MHz","±25%","550mΩ","250mA","-55℃~+125℃"
"C113025","BLM18EG221TN1D","muRata","8430","10","10","https://www.lcsc.com/product-detail/C113025.html","0603","Tape & Reel (TR)","1","220Ω@100MHz","±25%","150mΩ","1A","-55℃~+125℃"
"C113026","BLM18HD102SN1D","muRata","11700","20","20","https://www.lcsc.com/product-detail/C113026.html","0603","Tape & Reel (TR)","1","1kΩ@100MHz","±25%","1.8Ω","50mA","-55℃~+125℃"
"C113029","BLM18KG700TN1D","muRata","26980","20","20","https://www.lcsc.com/product-detail/C113029.html","0603","Tape & Reel (TR)","1","70Ω@100MHz","±25%","22mΩ","3.5A","-55℃~+125℃"
"C113030","BLM18SG121TN1D","muRata","209420","10","10","https://www.lcsc.com/product-detail/C113030.html","0603","Tape & Reel (TR)","1","120Ω@100MHz","±25%","25mΩ","3A","-55℃~+125℃"
"C113031","BLM18SG700TN1D","muRata","56210","10","10","https://www.lcsc.com/product-detail/C113031.html","0603","Tape & Reel (TR)","1","70Ω@100MHz","±25%","20mΩ","4A","-55℃~+125℃"
"C113034","BLM21AJ601SN1D","muRata","4260","10","10","https://www.lcsc.com/product-detail/C113034.html","0805","Tape & Reel (TR)","1","600Ω@100MHz","±25%","1.1Ω","200mA","-55℃~+125℃"
"C113035","BLM21BB050SN1D","muRata","2590","10","10","https://www.lcsc.com/product-detail/C113035.html","0805","Tape & Reel (TR)","1","5Ω@100MHz","±25%","20mΩ","1A","-55℃~+125℃"
"C114767","MMZ1608B301CTAH0","TDK","12550","50","50","https://www.lcsc.com/product-detail/C114767.html","0603","Tape & Reel (TR)","1","300Ω@100MHz","±25%","250mΩ","500mA","-55℃~+125℃"
"C114770","MPZ1608S121ATAH0","TDK","189160","10","10","https://www.lcsc.com/product-detail/C114770.html","0603","Tape & Reel (TR)","1","120Ω@100MHz","±25%","45mΩ","2A","-55℃~+125℃"
"C114771","MMZ1608Y102BTA00","TDK","11420","10","10","https://www.lcsc.com/product-detail/C114771.html","0603","Tape & Reel (TR)","1","1kΩ@100MHz","±25%","500mΩ","400mA","-55℃~+125℃"
"C114780","MPZ1608B471ATA00","TDK","120700","10","10","https://www.lcsc.com/product-detail/C114780.html","0603","Tape & Reel (TR)","1","470Ω@100MHz","±25%","150mΩ","1A","-55℃~+125℃"
"C118443","BLM21BB600SN1D","muRata","490","10","10","https://www.lcsc.com/product-detail/C118443.html","0805","Tape & Reel (TR)","1","60Ω@100MHz","±25%","130mΩ","800mA","-55℃~+125℃"
"C136223","MMZ1608S121ATA00","TDK","14150","50","50","https://www.lcsc.com/product-detail/C136223.html","0603","Tape & Reel (TR)","1","120Ω@100MHz","±25%","200mΩ","500mA","-55℃~+125℃"
"C136225","MMZ1608R301ATA00","TDK","7030","10","10","https://www.lcsc.com/product-detail/C136225.html","0603","Tape & Reel (TR)","1","300Ω@100MHz","±25%","250mΩ","500mA","-55℃~+125℃"
"C136227","MPZ2012S300AT000","TDK","12390","10","10","https://www.lcsc.com/product-detail/C136227.html","0805","Tape & Reel (TR)","1","30Ω@100MHz","±25%","10mΩ","6A","-55℃~+125℃"
"C136263","MMZ1608R300ATA00","TDK","17100","50","50","https://www.lcsc.com/product-detail/C136263.html","0603","Tape & Reel (TR)","1","30Ω@100MHz","±25%","50mΩ","1.5A","-55℃~+125℃"
"C136490","MMZ1608R121ATA00","TDK","500","50","50","https://www.lcsc.com/product-detail/C136490.html","0603","Tape & Reel (TR)","1","120Ω@100MHz","±25%","180mΩ","500mA","-55℃~+125℃"
"C136491","MMZ1608Y601BTA00","TDK","11340","20","20","https://www.lcsc.com/product-detail/C136491.html","0603","Tape & Reel (TR)","1","600Ω@100MHz","±25%","400mΩ","500mA","-55℃~+125℃"
"C139459","MG1608-101Y","BOURNS","1820","10","10","https://www.lcsc.com/product-detail/C139459.html","0603","Tape & Reel (TR)","1","100Ω@100MHz","±25%","250mΩ","200mA","-55℃~+125℃"
"C139462","MG2029-101Y","BOURNS","1110","5","5","https://www.lcsc.com/product-detail/C139462.html","0805","Tape & Reel (TR)","1","100Ω@100MHz","±25%","200mΩ","400mA","-55℃~+125℃"
"C139463","MG2029-121Y","BOURNS","2190","5","5","https://www.lcsc.com/product-detail/C139463.html","0805","Tape & Reel (TR)","1","120Ω@100MHz","±25%","300mΩ","800mA","-55℃~+125℃"
"C139468","MU1005-600Y","BOURNS","1285","5","5","https://www.lcsc.com/product-detail/C139468.html","0402","Tape & Reel (TR)","1","60Ω@100MHz","±25%","800mΩ","80mA","-55℃~+125℃"
"C139469","MU1005-601Y","BOURNS","905","5","5","https://www.lcsc.com/product-detail/C139469.html","0402","Tape & Reel (TR)","1","600Ω@100MHz","±25%","800mΩ","80mA","-55℃~+125℃"
"C139470","MU1608-151Y","BOURNS","265","5","5","https://www.lcsc.com/product-detail/C139470.html","0603","Tape & Reel (TR)","1","150Ω@100MHz","±25%","250mΩ","600mA","-55℃~+125℃"
"C139471","MU1608-221Y","BOURNS","2640","10","10","https://www.lcsc.com/product-detail/C139471.html","0603","Tape & Reel (TR)","1","220Ω@100MHz","±25%","300mΩ","200mA","-55℃~+125℃"
"C139473","MU1608-600Y","BOURNS","6010","10","10","https://www.lcsc.com/product-detail/C139473.html","0603","Tape & Reel (TR)","1","60Ω@100MHz","±25%","200mΩ","700mA","-55℃~+125℃"
"C139474","MU2029-151Y","BOURNS","2430","10","10","https://www.lcsc.com/product-detail/C139474.html","0805","Tape & Reel (TR)","1","150Ω@100MHz","±25%","250mΩ","600mA","-55℃~+125℃"
"C139476","MZ1608-601Y","BOURNS","1320","10","10","https://www.lcsc.com/product-detail/C139476.html","0603","Tape & Reel (TR)","1","600Ω@100MHz","±25%","450mΩ","100mA","-55℃~+125℃"
"C160967","BLM15AG102SH1D","muRata","7550","50","50","https://www.lcsc.com/product-detail/C160967.html","0402","Tape & Reel (TR)","1","1kΩ@100MHz","±25%","1Ω","200mA","-55℃~+125℃"
"C160968","BLM15AX700SN1D","muRata","8400","50","50","https://www.lcsc.com/product-detail/C160968.html","0402","Tape & Reel (TR)","1","70Ω@100MHz","±25%","100mΩ","780mA","-55℃~+125℃"
"C160969","BLM15BA050SN1D","muRata","17850","50","50","https://www.lcsc.com/product-detail/C160969.html","0402","Tape & Reel (TR)","1","5Ω@100MHz","±25%","100mΩ","100mA","-55℃~+125℃"
"C160971","BLM15EX471SN1D","muRata","6320","20","20","https://www.lcsc.com/product-detail/C160971.html","0402","Tape & Reel (TR)","1","470Ω@100MHz","±25%","280mΩ","950mA","-55℃~+125℃"
"C160972","BLM15PD800SZ1D","muRata","4300","50","50","https://www.lcsc.com/product-detail/C160972.html","0402","Tape & Reel (TR)","1","80Ω@100MHz","±25%","70mΩ","1.5A","-55℃~+125℃"
"C160973","BLM15PX221SN1D","muRata","650","50","50","https://www.lcsc.com/product-detail/C160973.html","0402","Tape & Reel (TR)","1","220Ω@100MHz","±25%","100mΩ","1.4A","-55℃~+125℃"
"C160974","BLM15PX330SN1D","muRata","74600","50","50","https://www.lcsc.com/product-detail/C160974.html","0402","Tape & Reel (TR)","1","33Ω@100MHz","±25%","22mΩ","3A",""
"C160975","BLM15PX331SN1D","muRata","114600","50","50","https://www.lcsc.com/product-detail/C160975.html","0402","Tape & Reel (TR)","1","330Ω@100MHz","±25%","150mΩ","1.2A","-55℃~+125℃"
"C160976","BLM15PX600SN1D","muRata","25850","50","50","https://www.lcsc.com/product-detail/C160976.html","0402","Tape & Reel (TR)","1","60Ω@100MHz","±25%","32mΩ","2.5A","-55℃~+125℃"
"C160977","BLM15PX601SN1D","muRata","71600","50","50","https://www.lcsc.com/product-detail/C160977.html","0402","Tape & Reel (TR)","1","600Ω@100MHz","±25%","230mΩ","900mA","-55℃~+125℃"
"C160978","BLM15PX800SN1D","muRata","12350","50","50","https://www.lcsc.com/product-detail/C160978.html","0402","Tape & Reel (TR)","1","80Ω@100MHz","±25%","38mΩ","2.3A","-55℃~+125℃"
"C160980","BLM18HK601SN1D","muRata","4020","10","10","https://www.lcsc.com/product-detail/C160980.html","0603","Tape & Reel (TR)","1","600Ω@100MHz","±25%","900mΩ","100mA","-55℃~+125℃"
"C160981","BLM18KG101TN1D","muRata","24950","50","50","https://www.lcsc.com/product-detail/C160981.html","0603","Tape & Reel (TR)","1","100Ω@100MHz","±25%","30mΩ","3A","-55℃~+125℃"
"C160982","BLM18KG102SN1D","muRata","108620","20","20","https://www.lcsc.com/product-detail/C160982.html","0603","Tape & Reel (TR)","1","1kΩ@100MHz","±25%","200mΩ","1A","-55℃~+125℃"
"C160983","BLM18PG121SZ1D","muRata","6220","20","20","https://www.lcsc.com/product-detail/C160983.html","0603","Tape & Reel (TR)","1","120Ω@100MHz","±25%","50mΩ","2A","-55℃~+125℃"
"C160985","BLM18PG471SH1D","muRata","20850","50","50","https://www.lcsc.com/product-detail/C160985.html","0603","Tape & Reel (TR)","1","470Ω@100MHz","±25%","200mΩ","1A","-55℃~+125℃"
"C160987","BLM21PG121SZ1D","muRata","3010","10","10","https://www.lcsc.com/product-detail/C160987.html","0805","Tape & Reel (TR)","1","120Ω@100MHz","±25%","30mΩ","3A","-55℃~+125℃"
"C165809","MPZ1005S600CTD25","TDK","1680","20","20","https://www.lcsc.com/product-detail/C165809.html","0402","Tape & Reel (TR)","1","60Ω@100MHz","±25%","60mΩ","1.5A","-55℃~+125℃"
"C165810","MPZ1005S221ETD25","TDK","9000","20","20","https://www.lcsc.com/product-detail/C165810.html","0402","Tape & Reel (TR)","1","220Ω@100MHz","±25%","220mΩ","900mA","-55℃~+125℃"
"C165811","MPZ1005S221ET000","TDK","8150","50","50","https://www.lcsc.com/product-detail/C165811.html","0402","Tape & Reel (TR)","1","220Ω@100MHz","±25%","220mΩ","900mA","-55℃~+125℃"
"C167448","BLM15GG221SN1D","muRata","1880","5","5","https://www.lcsc.com/product-detail/C167448.html","0402","Tape & Reel (TR)","1","220Ω@100MHz","±25%","700mΩ","300mA","-"
"C180490","BLM18EG601SH1D","muRata","1490","10","10","https://www.lcsc.com/product-detail/C180490.html","0603","Tape & Reel (TR)","1","600Ω@100MHz","±25%","350mΩ","2A","-55℃~+125℃"
"C193388","MMZ1005S601CTD25","TDK","9350","50","50","https://www.lcsc.com/product-detail/C193388.html","0402","Tape & Reel (TR)","1","600Ω@100MHz","±25%","520mΩ","300mA","-55℃~+125℃"
"C193411","MPZ1608S102ATD25","TDK","34780","10","10","https://www.lcsc.com/product-detail/C193411.html","0603","Tape & Reel (TR)","1","1kΩ@100MHz","±25%","300mΩ","800mA","-55℃~+125℃"
"C193412","MMZ1005S102HT000","TDK","10780","10","10","https://www.lcsc.com/product-detail/C193412.html","0402","Tape & Reel (TR)","1","1kΩ@100MHz","±25%","490mΩ","360mA","-55℃~+125℃"
"C193536","MPZ1608S601ATD25","TDK","310","10","10","https://www.lcsc.com/product-detail/C193536.html","0603","Tape & Reel (TR)","1","600Ω@100MHz","±25%","150mΩ","1A","-55℃~+125℃"
"C237300","BLM21PG600SZ1D","muRata","1840","20","20","https://www.lcsc.com/product-detail/C237300.html","0805","Tape & Reel (TR)","1","60Ω@100MHz","±25%","20mΩ","3.5A","-55℃~+125℃"
"C237347","BLM15PD800SN1D","muRata","30300","50","50","https://www.lcsc.com/product-detail/C237347.html","0402","Tape & Reel (TR)","1","80Ω@100MHz","±25%","70mΩ","1.5A","-55℃~+125℃"
"C237533","BLM18RK121SN1D","muRata","3780","20","20","https://www.lcsc.com/product-detail/C237533.html","0603","Tape & Reel (TR)","1","120Ω@100MHz","±25%","250mΩ","200mA","-55℃~+125℃"
"C237601","BLM15PX181SN1D","muRata","16160","20","20","https://www.lcsc.com/product-detail/C237601.html","0402","Tape & Reel (TR)","1","180Ω@100MHz","±25%","90mΩ","1.5A","-55℃~+125℃"
"C237604","BLM21BB201SH1D","muRata","2435","5","5","https://www.lcsc.com/product-detail/C237604.html","0805","Tape & Reel (TR)","1","200Ω@100MHz","±25%","260mΩ","500mA","-55℃~+125℃"
"C265028","BLM18RK221SN1D","muRata","6300","20","20","https://www.lcsc.com/product-detail/C265028.html","0603","Tape & Reel (TR)","1","220Ω@100MHz","±25%","300mΩ","200mA","-55℃~+125℃"
"C269768","BLM15AG221SH1D","muRata","13550","50","50","https://www.lcsc.com/product-detail/C269768.html","0402","Tape & Reel (TR)","1","220Ω@100MHz","±25%","350mΩ","300mA","-55℃~+125℃"
"C269769","BLM15BX102SN1D","muRata","13200","50","50","https://www.lcsc.com/product-detail/C269769.html","0402","Tape & Reel (TR)","1","1kΩ@100MHz","±25%","650mΩ","300mA","-55℃~+125℃"
"C269770","BLM15BX750SN1D","muRata","5500","100","100","https://www.lcsc.com/product-detail/C269770.html","0402","Tape & Reel (TR)","1","75Ω@100MHz","±25%","150mΩ","600mA","-55℃~+125℃"
"C275408","MMZ1005A102ET000","TDK","3060","20","20","https://www.lcsc.com/product-detail/C275408.html","0402","Tape & Reel (TR)","1","1kΩ@100MHz","±25%","1.25Ω","250mA","-55℃~+125℃"
"C275412","MMZ1005A601ET000","TDK","3220","20","20","https://www.lcsc.com/product-detail/C275412.html","0402","Tape & Reel (TR)","1","600Ω@100MHz","±25%","850mΩ","300mA","-55℃~+125℃"
"C275413","MMZ1005B601CT000","TDK","36340","10","10","https://www.lcsc.com/product-detail/C275413.html","0402","Tape & Reel (TR)","1","600Ω@100MHz","±25%","850mΩ","200mA","-55℃~+125℃"
"C275415","MMZ1005D221ET000","TDK","8063","1","1","https://www.lcsc.com/product-detail/C275415.html","0402","Tape & Reel (TR)","1","220Ω@100MHz","±25%","1Ω","250mA","-55℃~+125℃"
"C275418","MMZ1005F330CT000","TDK","650","50","50","https://www.lcsc.com/product-detail/C275418.html","0402","Tape & Reel (TR)","1","33Ω@100MHz","±25%","500mΩ","200mA","-55℃~+125℃"
"C275419","MMZ1005F470CT000","TDK","5600","50","50","https://www.lcsc.com/product-detail/C275419.html","0402","Tape & Reel (TR)","1","47Ω@100MHz","±25%","600mΩ","100mA","-55℃~+125℃"
"C275420","MMZ1005F470ET000","TDK","370","10","10","https://www.lcsc.com/product-detail/C275420.html","0402","Tape & Reel (TR)","1","47Ω@100MHz","±25%","700mΩ","300mA","-55℃~+125℃"
"C275421","MMZ1005F560CT000","TDK","7850","50","50","https://www.lcsc.com/product-detail/C275421.html","0402","Tape & Reel (TR)","1","56Ω@100MHz","±25%","700mΩ","100mA","-55℃~+125℃"
"C275422","MMZ1005F750ET000","TDK","6952","1","1","https://www.lcsc.com/product-detail/C275422.html","0402","Tape & Reel (TR)","1","75Ω@100MHz","±25%","1Ω","250mA","-55℃~+125℃"
"C275423","MMZ1005S102ET000","TDK","5200","10","10","https://www.lcsc.com/product-detail/C275423.html","0402","Tape & Reel (TR)","1","1kΩ@100MHz","±25%","1Ω","250mA","-55℃~+125℃"
"C275428","MMZ1005Y102CT000","TDK","970","10","10","https://www.lcsc.com/product-detail/C275428.html","0402","Tape & Reel (TR)","1","1kΩ@100MHz","±25%","700mΩ","200mA","-55℃~+125℃"
"C275430","MMZ1005Y152CT000","TDK","19350","50","50","https://www.lcsc.com/product-detail/C275430.html","0402","Tape & Reel (TR)","1","1.5kΩ@100MHz","±25%","1Ω","100mA","-55℃~+125℃"
"C275434","MMZ1608A252BTA00","TDK","12800","10","10","https://www.lcsc.com/product-detail/C275434.html","0603","Tape & Reel (TR)","1","2.5kΩ@100MHz","±25%","800mΩ","200mA","-55℃~+125℃"
"C275435","MMZ1608B102CTA00","TDK","26540","10","10","https://www.lcsc.com/product-detail/C275435.html","0603","Tape & Reel (TR)","1","1kΩ@100MHz","±25%","600mΩ","300mA","-55℃~+125℃"
"C275436","MMZ1608B121CTAH0","TDK","12800","50","50","https://www.lcsc.com/product-detail/C275436.html","0603","Tape & Reel (TR)","1","120Ω@100MHz","±25%","150mΩ","600mA","-55℃~+125℃"
"C275437","MMZ1608B601CTDH5","TDK","1200","50","50","https://www.lcsc.com/product-detail/C275437.html","0603","Tape & Reel (TR)","1","600Ω@100MHz","±25%","400mΩ","500mA","-55℃~+125℃"
"C275439","MMZ1608D121CTAH0","TDK","3050","50","50","https://www.lcsc.com/product-detail/C275439.html","0603","Tape & Reel (TR)","1","120Ω@100MHz","±25%","300mΩ","400mA","-55℃~+125℃"
"C275442","MMZ1608D800CTAH0","TDK","8040","10","10","https://www.lcsc.com/product-detail/C275442.html","0603","Tape & Reel (TR)","1","80Ω@100MHz","±25%","300mΩ","500mA","-55℃~+125℃"
"C275445","MMZ1608R150ATA00","TDK","5560","20","20","https://www.lcsc.com/product-detail/C275445.html","0603","Tape & Reel (TR)","1","15Ω@100MHz","±25%","50mΩ","1.5A","-55℃~+125℃"
"C275447","MMZ1608R600ATA00","TDK","850","50","50","https://www.lcsc.com/product-detail/C275447.html","0603","Tape & Reel (TR)","1","60Ω@100MHz","±25%","100mΩ","800mA","-55℃~+125℃"
"C275448","MMZ1608S102ATA00","TDK","5900","50","50","https://www.lcsc.com/product-detail/C275448.html","0603","Tape & Reel (TR)","1","1kΩ@100MHz","±25%","500mΩ","400mA","-55℃~+125℃"
"C275449","MMZ1608S202ATA00","TDK","7910","10","10","https://www.lcsc.com/product-detail/C275449.html","0603","Tape & Reel (TR)","1","2kΩ@100MHz","±25%","900mΩ","400mA","-55℃~+125℃"
"C275451","MMZ1608S601ATA00","TDK","27550","50","50","https://www.lcsc.com/product-detail/C275451.html","0603","Tape & Reel (TR)","1","600Ω@100MHz","±25%","350mΩ","500mA","-55℃~+125℃"
"C275454","MMZ1608Y152BTA00","TDK","1770","10","10","https://www.lcsc.com/product-detail/C275454.html","0603","Tape & Reel (TR)","1","1.5kΩ@100MHz","±25%","600mΩ","300mA","-55℃~+125℃"
"C275473","MMZ2012Y301BT000","TDK","820","20","20","https://www.lcsc.com/product-detail/C275473.html","0805","Tape & Reel (TR)","1","300Ω@100MHz","±25%","150mΩ","600mA","-55℃~+125℃"
"C275476","MPZ1005S100CT000","TDK","36220","10","10","https://www.lcsc.com/product-detail/C275476.html","0402","Tape & Reel (TR)","1","10Ω@100MHz","-","25mΩ","3A","-55℃~+125℃"
"C275477","MPZ1005S121ET000","TDK","13550","10","10","https://www.lcsc.com/product-detail/C275477.html","0402","Tape & Reel (TR)","1","120Ω@100MHz","±25%","95mΩ","1.5A","-55℃~+125℃"
"C275478","MPZ1005S121HT000","TDK","6750","10","10","https://www.lcsc.com/product-detail/C275478.html","0402","Tape & Reel (TR)","1","120Ω@100MHz","±25%","55mΩ","2A","-55℃~+125℃"
"C275480","MPZ1005S300CT000","TDK","24850","50","50","https://www.lcsc.com/product-detail/C275480.html","0402","Tape & Reel (TR)","1","30Ω@100MHz","-","35mΩ","1.7A","-55℃~+125℃"
"C275481","MPZ1005S331ET000","TDK","15880","20","20","https://www.lcsc.com/product-detail/C275481.html","0402","Tape & Reel (TR)","1","330Ω@100MHz","±25%","280mΩ","700mA","-55℃~+125℃"
"C275482","MPZ1608D600BTA00","TDK","3600","10","10","https://www.lcsc.com/product-detail/C275482.html","0603","Tape & Reel (TR)","1","60Ω@100MHz","±25%","100mΩ","1.2A","-55℃~+125℃"
"C275483","MPZ1608R391ATA00","TDK","16550","50","50","https://www.lcsc.com/product-detail/C275483.html","0603","Tape & Reel (TR)","1","390Ω@100MHz","±25%","120mΩ","1.2A","-55℃~+125℃"
"C275484","MPZ1608S181ATAH0","TDK","24330","10","10","https://www.lcsc.com/product-detail/C275484.html","0603","Tape & Reel (TR)","1","180Ω@100MHz","±25%","50mΩ","2A","-55℃~+125℃"
"C275485","MPZ1608S260ATAH0","TDK","19490","10","10","https://www.lcsc.com/product-detail/C275485.html","0603","Tape & Reel (TR)","1","26Ω@100MHz","±25%","7mΩ","6A","-55℃~+125℃"
"C275486","MPZ1608S300ATAH0","TDK","158280","10","10","https://www.lcsc.com/product-detail/C275486.html","0603","Tape & Reel (TR)","1","30Ω@100MHz","-","10mΩ","5A","-55℃~+125℃"
"C275487","MPZ1608S331ATA00","TDK","31330","10","10","https://www.lcsc.com/product-detail/C275487.html","0603","Tape & Reel (TR)","1","330Ω@100MHz","±25%","80mΩ","1.7A","-55℃~+125℃"
"C275489","MPZ1608Y221BTA00","TDK","1150","50","50","https://www.lcsc.com/product-detail/C275489.html","0603","Tape & Reel (TR)","1","220Ω@100MHz","±25%","100mΩ","1.5A","-55℃~+125℃"
"C307687","MAF1608GAD471CT000","TDK","3910","10","10","https://www.lcsc.com/product-detail/C307687.html","0603","Tape & Reel (TR)","1","60Ω@100MHz","±25%","75mΩ","1.6A","-55℃~+125℃"
"C307756","MMZ1005AFZ151VT000","TDK","6900","20","20","https://www.lcsc.com/product-detail/C307756.html","0402","Tape & Reel (TR)","1","150Ω@100MHz","±25%","1.3Ω","200mA","-55℃~+125℃"
"C307758","MMZ1608B102CTD25","TDK","2420","20","20","https://www.lcsc.com/product-detail/C307758.html","0603","Tape & Reel (TR)","1","1kΩ@100MHz","±25%","600mΩ","300mA","-55℃~+125℃"
"C307759","MMZ1608D050CTA00","TDK","300","50","50","https://www.lcsc.com/product-detail/C307759.html","0603","Tape & Reel (TR)","1","5Ω@100MHz","±25%","50mΩ","700mA","-55℃~+125℃"
"C307761","MMZ1608R102ATD25","TDK","1940","20","20","https://www.lcsc.com/product-detail/C307761.html","0603","Tape & Reel (TR)","1","1kΩ@100MHz","±25%","500mΩ","400mA","-55℃~+125℃"
"C307762","MMZ1608R600ATD25","TDK","1200","10","10","https://www.lcsc.com/product-detail/C307762.html","0603","Tape & Reel (TR)","1","60Ω@100MHz","±25%","100mΩ","800mA","-55℃~+125℃"
"C307763","MMZ1608S102ATD25","TDK","8160","20","20","https://www.lcsc.com/product-detail/C307763.html","0603","Tape & Reel (TR)","1","1kΩ@100MHz","±25%","500mΩ","400mA","-55℃~+125℃"
"C307764","MMZ1608S202ATD25","TDK","12710","10","10","https://www.lcsc.com/product-detail/C307764.html","0603","Tape & Reel (TR)","1","2kΩ@100MHz","±25%","900mΩ","200mA","-55℃~+125℃"
"C307767","MPZ1608D300BTD25","TDK","2920","20","20","https://www.lcsc.com/product-detail/C307767.html","0603","Tape & Reel (TR)","1","30Ω@100MHz","-","60mΩ","1.8A","-55℃~+125℃"
"C307768","MPZ1608R391ATD25","TDK","1220","20","20","https://www.lcsc.com/product-detail/C307768.html","0603","Tape & Reel (TR)","1","390Ω@100MHz","±25%","120mΩ","1.2A","-55℃~+125℃"
"C307769","MPZ1608S101ATDH5","TDK","41010","10","10","https://www.lcsc.com/product-detail/C307769.html","0603","Tape & Reel (TR)","1","100Ω@100MHz","±25%","30mΩ","3A","-55℃~+125℃"
"C307770","MPZ1608S121ATDH5","TDK","24890","10","10","https://www.lcsc.com/product-detail/C307770.html","0603","Tape & Reel (TR)","1","120Ω@100MHz","±25%","45mΩ","2A","-55℃~+125℃"
"C307771","MPZ1608S221ATD25","TDK","34830","10","10","https://www.lcsc.com/product-detail/C307771.html","0603","Tape & Reel (TR)","1","220Ω@100MHz","±25%","50mΩ","2.2A","-55℃~+125℃"
"C307772","MPZ1608S300ATDH5","TDK","3100","20","20","https://www.lcsc.com/product-detail/C307772.html","0603","Tape & Reel (TR)","1","30Ω@100MHz","-","10mΩ","5A","-55℃~+125℃"
"C307773","MPZ1608S331ATD25","TDK","2910","10","10","https://www.lcsc.com/product-detail/C307773.html","0603","Tape & Reel (TR)","1","330Ω@100MHz","±25%","80mΩ","1.7A","-55℃~+125℃"
"C307774","MPZ1608S471ATD25","TDK","6380","20","20","https://www.lcsc.com/product-detail/C307774.html","0603","Tape & Reel (TR)","1","470Ω@100MHz","±25%","150mΩ","1A","-55℃~+125℃"
"C307775","MPZ1608S600ATDH5","TDK","161460","10","10","https://www.lcsc.com/product-detail/C307775.html","0603","Tape & Reel (TR)","1","60Ω@100MHz","±25%","20mΩ","3.5A","-55℃~+125℃"
"C307776","MPZ2012S101ATD25","TDK","52310","10","10","https://www.lcsc.com/product-detail/C307776.html","0805","Tape & Reel (TR)","1","100Ω@100MHz","±25%","20mΩ","4A","-55℃~+125℃"
"C307777","MPZ2012S102JTD25","TDK","19120","20","20","https://www.lcsc.com/product-detail/C307777.html","0805","Tape & Reel (TR)","1","1kΩ@100MHz","±25%","150mΩ","1.5A","-55℃~+125℃"
"C307778","MPZ2012S221ATD25","TDK","42190","10","10","https://www.lcsc.com/product-detail/C307778.html","0805","Tape & Reel (TR)","1","220Ω@100MHz","±25%","40mΩ","3A","-55℃~+125℃"
"C307779","MPZ2012S300ATD25","TDK","11400","20","20","https://www.lcsc.com/product-detail/C307779.html","0805","Tape & Reel (TR)","1","30Ω@100MHz","±25%","10mΩ","6A","-55℃~+125℃"
"C333843","BLM18BD470SN1D","muRata","5150","50","50","https://www.lcsc.com/product-detail/C333843.html","0603","Tape & Reel (TR)","1","47Ω@100MHz","±25%","300mΩ","500mA","-55℃~+125℃"
"C333978","BLM15PX471SN1D","muRata","57850","50","50","https://www.lcsc.com/product-detail/C333978.html","0402","Tape & Reel (TR)","1","470Ω@100MHz","±25%","200mΩ","1A","-55℃~+125℃"
"C335604","ILBB0603ER102V","VISHAY","850","10","10","https://www.lcsc.com/product-detail/C335604.html","0603","Tape & Reel (TR)","1","1kΩ@100MHz","±25%","360mΩ","150mA","-55℃~+125℃"
"C335605","ILBB0805ER110V","VISHAY","360","5","5","https://www.lcsc.com/product-detail/C335605.html","0805","Tape & Reel (TR)","1","11Ω@100MHz","±25%","1Ω","150mA","-55℃~+125℃"
"C337873","BLM15AX121SN1D","muRata","30400","50","50","https://www.lcsc.com/product-detail/C337873.html","0402","Tape & Reel (TR)","1","120Ω@100MHz","±25%","130mΩ","700mA","-55℃~+125℃"
"C337874","BLM15BD121SN1D","muRata","28450","50","50","https://www.lcsc.com/product-detail/C337874.html","0402","Tape & Reel (TR)","1","120Ω@100MHz","±25%","300mΩ","300mA","-55℃~+125℃"
"C337875","BLM15BD601SN1D","muRata","129950","50","50","https://www.lcsc.com/product-detail/C337875.html","0402","Tape & Reel (TR)","1","600Ω@100MHz","±25%","650mΩ","200mA","-55℃~+125℃"
"C337876","BLM15HD182SH1D","muRata","1180","20","20","https://www.lcsc.com/product-detail/C337876.html","0402","Tape & Reel (TR)","1","1.8kΩ@100MHz","±25%","2.2Ω","200mA","-55℃~+125℃"
"C337877","BLM18AG102SH1D","muRata","28340","20","20","https://www.lcsc.com/product-detail/C337877.html","0603","Tape & Reel (TR)","1","1kΩ@100MHz","±25%","500mΩ","450mA","-55℃~+125℃"
"C337878","BLM18AG151SN1D","muRata","73000","50","50","https://www.lcsc.com/product-detail/C337878.html","0603","Tape & Reel (TR)","1","150Ω@100MHz","±25%","250mΩ","700mA","-55℃~+125℃"
"C337880","BLM18EG471SN1D","muRata","11720","20","20","https://www.lcsc.com/product-detail/C337880.html","0603","Tape & Reel (TR)","1","470Ω@100MHz","±25%","210mΩ","500mA","-55℃~+125℃"
"C337882","BLM21AG102SH1D","muRata","3420","10","10","https://www.lcsc.com/product-detail/C337882.html","0805","Tape & Reel (TR)","1","1kΩ@100MHz","±25%","280mΩ","600mA","-55℃~+125℃"
"C337883","BLM21PG600SH1D","muRata","10170","10","10","https://www.lcsc.com/product-detail/C337883.html","0805","Tape & Reel (TR)","1","60Ω@100MHz","±25%","20mΩ","3.5A","-55℃~+125℃"
"C338243","NFZ15SG262SN10D","muRata","3780","10","10","https://www.lcsc.com/product-detail/C338243.html","0402","Tape & Reel (TR)","1","2.6kΩ@900MHz","-","800mΩ","350mA","-40℃~+85℃"
"C338244","NFZ18SM121SN10D","muRata","990","5","5","https://www.lcsc.com/product-detail/C338244.html","0603","Tape & Reel (TR)","1","120Ω@100MHz","±25%","140mΩ","1.25A","-55℃~+125℃"
"C341514","BLM18HK331SN1D","muRata","1420","20","20","https://www.lcsc.com/product-detail/C341514.html","0603","Tape & Reel (TR)","1","330Ω@100MHz","±25%","500mΩ","200mA","-55℃~+125℃"
"C341661","BLM18HE601SZ1D","muRata","3610","5","5","https://www.lcsc.com/product-detail/C341661.html","0603","Tape & Reel (TR)","1","600Ω@100MHz","±25%","250mΩ","800mA","-55℃~+125℃"
"C341662","BLM21BB221SN1D","muRata","1670","10","10","https://www.lcsc.com/product-detail/C341662.html","0805","Tape & Reel (TR)","1","220Ω@100MHz","±25%","260mΩ","500mA","-55℃~+125℃"
"C341663","BLM21BD601SN1D","muRata","17400","10","10","https://www.lcsc.com/product-detail/C341663.html","0805","Tape & Reel (TR)","1","600Ω@100MHz","±25%","350mΩ","300mA","-55℃~+125℃"
"C341664","BLM21PG220SH1D","muRata","3700","20","20","https://www.lcsc.com/product-detail/C341664.html","0805","Tape & Reel (TR)","1","22Ω@100MHz","±25%","9mΩ","6A","-55℃~+125℃"
"C354394","BLM18PG121SH1D","muRata","4160","20","20","https://www.lcsc.com/product-detail/C354394.html","0603","Tape & Reel (TR)","1","120Ω@100MHz","±25%","50mΩ","2A","-55℃~+125℃"
"C360716","MMZ1005S102CTD25","TDK","21310","10","10","https://www.lcsc.com/product-detail/C360716.html","0402","Tape & Reel (TR)","1","1kΩ@100MHz","±25%","750mΩ","200mA","-55℃~+125℃"
"C360718","MMZ2012Y202BTD25","TDK","40730","10","10","https://www.lcsc.com/product-detail/C360718.html","0805","Tape & Reel (TR)","1","2kΩ@100MHz","±25%","500mΩ","400mA","-55℃~+125℃"
"C396652","BLM18KG121TZ1D","muRata","9140","20","20","https://www.lcsc.com/product-detail/C396652.html","0603","Tape & Reel (TR)","1","120Ω@100MHz","±25%","30mΩ","3A","-55℃~+125℃"
"C397297","BLM15BA470SN1D","muRata","400","100","100","https://www.lcsc.com/product-detail/C397297.html","0402","Tape & Reel (TR)","1","47Ω@100MHz","±25%","600mΩ","200mA","-55℃~+125℃"
"C397304","BLM21AG471SN1D","muRata","13755","5","5","https://www.lcsc.com/product-detail/C397304.html","0805","Tape & Reel (TR)","1","470Ω@100MHz","±25%","190mΩ","700mA","-55℃~+125℃"
"C404396","KPZ1608SHR601ATD25","TDK","2980","5","5","https://www.lcsc.com/product-detail/C404396.html","0603","Tape & Reel (TR)","1","600Ω@100MHz","±25%","150mΩ","1A","-55℃~+150℃"
"C404671","MPZ2012S331ATD25","TDK","11300","20","20","https://www.lcsc.com/product-detail/C404671.html","0805","Tape & Reel (TR)","1","330Ω@100MHz","±25%","50mΩ","2.5A","-55℃~+125℃"
"C404679","MPZ1608Y600BTD25","TDK","3500","20","20","https://www.lcsc.com/product-detail/C404679.html","0603","Tape & Reel (TR)","1","60Ω@100MHz","±25%","30mΩ","2.3A","-55℃~+125℃"
"C404680","MPZ1608Y101BTD25","TDK","6140","20","20","https://www.lcsc.com/product-detail/C404680.html","0603","Tape & Reel (TR)","1","100Ω@100MHz","±25%","40mΩ","2A","-55℃~+125℃"
"C404681","MPZ1608Y151BTD25","TDK","1100","50","50","https://www.lcsc.com/product-detail/C404681.html","0603","Tape & Reel (TR)","1","150Ω@100MHz","±25%","50mΩ","1.8A","-55℃~+125℃"
"C404684","MPZ1608D101BTD25","TDK","8000","50","50","https://www.lcsc.com/product-detail/C404684.html","0603","Tape & Reel (TR)","1","100Ω@100MHz","±25%","150mΩ","1A","-55℃~+125℃"
"C404687","MPZ1005S121CTD25","TDK","8460","20","20","https://www.lcsc.com/product-detail/C404687.html","0402","Tape & Reel (TR)","1","120Ω@100MHz","±25%","90mΩ","1.2A","-55℃~+125℃"
"C404693","MMZ1005S121CTD25","TDK","1600","20","20","https://www.lcsc.com/product-detail/C404693.html","0402","Tape & Reel (TR)","1","120Ω@100MHz","±25%","220mΩ","500mA","-55℃~+125℃"
"C404697","MMZ1005Y121CTD25","TDK","11690","10","10","https://www.lcsc.com/product-detail/C404697.html","0402","Tape & Reel (TR)","1","120Ω@100MHz","±25%","180mΩ","400mA","-55℃~+125℃"
"C404717","MMZ1005S601HTD25","TDK","1487","1","1","https://www.lcsc.com/product-detail/C404717.html","0402","Tape & Reel (TR)","1","600Ω@100MHz","±25%","340mΩ","440mA","-55℃~+125℃"
"C413911","MAF1005GAD152AT000","TDK","5670","10","10","https://www.lcsc.com/product-detail/C413911.html","0402","Tape & Reel (TR)","1","200Ω@100MHz","±25%","700mΩ","400mA","-55℃~+125℃"
"C413959","BLM21BD152SN1D","muRata","6450","10","10","https://www.lcsc.com/product-detail/C413959.html","0805","Tape & Reel (TR)","1","1.5kΩ@100MHz","±25%","450mΩ","250mA","-55℃~+125℃"
"C413961","BLM18KG471SN1D","muRata","31300","20","20","https://www.lcsc.com/product-detail/C413961.html","0603","Tape & Reel (TR)","1","470Ω@100MHz","±25%","130mΩ","1.5A","-55℃~+125℃"
"C426325","BLM15EX121SN1D","muRata","21230","10","10","https://www.lcsc.com/product-detail/C426325.html","0402","Tape & Reel (TR)","1","120Ω@100MHz","±25%","75mΩ","1.8A","-55℃~+125℃"
"C426644","BLM21AG331SH1D","muRata","1615","5","5","https://www.lcsc.com/product-detail/C426644.html","0805","Tape & Reel (TR)","1","330Ω@100MHz","±25%","150mΩ","800mA","-55℃~+125℃"
"C432169","BLM18KG471SH1D","muRata","9960","20","20","https://www.lcsc.com/product-detail/C432169.html","0603","Tape & Reel (TR)","1","470Ω@100MHz","±25%","130mΩ","1.5A","-55℃~+125℃"
"C432982","KMZ1608YHR601BTD25","TDK","3755","5","5","https://www.lcsc.com/product-detail/C432982.html","0603","Tape & Reel (TR)","1","600Ω@100MHz","±25%","400mΩ","500mA","-55℃~+150℃"
"C433027","MMZ1608B301CTDH5","TDK","16500","50","50","https://www.lcsc.com/product-detail/C433027.html","0603","Tape & Reel (TR)","1","300Ω@100MHz","±25%","250mΩ","500mA","-55℃~+125℃"
"C433032","MMZ1608Y300BTD25","TDK","3440","20","20","https://www.lcsc.com/product-detail/C433032.html","0603","Tape & Reel (TR)","1","30Ω@100MHz","±25%","50mΩ","1.5A","-55℃~+125℃"
"C434836","MPZ1005S330HT000","TDK","14610","10","10","https://www.lcsc.com/product-detail/C434836.html","0402","Tape & Reel (TR)","1","33Ω@100MHz","±25%","22mΩ","3A","-55℃~+125℃"
"C437400","BLM18BD102SH1D","muRata","2800","20","20","https://www.lcsc.com/product-detail/C437400.html","0603","Tape & Reel (TR)","1","1kΩ@100MHz","±25%","850mΩ","200mA","-55℃~+125℃"
"C437401","BLM18HB221SN1D","muRata","3860","20","20","https://www.lcsc.com/product-detail/C437401.html","0603","Tape & Reel (TR)","1","220Ω@100MHz","±25%","800mΩ","100mA","-55℃~+125℃"
"C437402","BLM18HD601SH1D","muRata","2440","20","20","https://www.lcsc.com/product-detail/C437402.html","0603","Tape & Reel (TR)","1","600Ω@100MHz","±25%","1.5Ω","100mA","-55℃~+125℃"
"C437403","BLM18HE152SZ1D","muRata","4880","5","5","https://www.lcsc.com/product-detail/C437403.html","0603","Tape & Reel (TR)","1","1.5kΩ@100MHz","±25%","500mΩ","500mA","-55℃~+125℃"
"C437405","BLM18PG300SH1D","muRata","550","50","50","https://www.lcsc.com/product-detail/C437405.html","0603","Tape & Reel (TR)","1","30Ω@100MHz","±25%","50mΩ","1A","-55℃~+125℃"
"C437406","BLM21AG601SH1D","muRata","7480","10","10","https://www.lcsc.com/product-detail/C437406.html","0805","Tape & Reel (TR)","1","600Ω@100MHz","±25%","210mΩ","700mA","-55℃~+125℃"
"C437407","BLM21BB201SN1D","muRata","3390","5","5","https://www.lcsc.com/product-detail/C437407.html","0805","Tape & Reel (TR)","1","200Ω@100MHz","±25%","260mΩ","500mA","-55℃~+125℃"
"C437408","BLM21BD102SH1D","muRata","1650","10","10","https://www.lcsc.com/product-detail/C437408.html","0805","Tape & Reel (TR)","1","1kΩ@100MHz","±25%","400mΩ","250mA","-55℃~+125℃"
"C437409","BLM21BD272SH1L","muRata","5970","5","5","https://www.lcsc.com/product-detail/C437409.html","0805","Tape & Reel (TR)","1","2.7kΩ@100MHz","±25%","800mΩ","200mA","-55℃~+125℃"
"C437410","BLM21PG121SH1D","muRata","7100","10","10","https://www.lcsc.com/product-detail/C437410.html","0805","Tape & Reel (TR)","1","120Ω@100MHz","±25%","30mΩ","3A","-55℃~+125℃"
"C437411","BLM21PG221SZ1D","muRata","15750","10","10","https://www.lcsc.com/product-detail/C437411.html","0805","Tape & Reel (TR)","1","220Ω@100MHz","±25%","45mΩ","2A","-55℃~+125℃"
"C440129","BLM18AG121SH1D","muRata","240","10","10","https://www.lcsc.com/product-detail/C440129.html","0603","Tape & Reel (TR)","1","120Ω@100MHz","±25%","180mΩ","800mA","-55℃~+125℃"
"C440134","BLM21BD222SN1L","muRata","5380","5","5","https://www.lcsc.com/product-detail/C440134.html","0805","Tape & Reel (TR)","1","2.25kΩ@100MHz","±25%","600mΩ","250mA","-55℃~+125℃"
"C441741","BLM21BD601SH1D","muRata","375","5","5","https://www.lcsc.com/product-detail/C441741.html","0805","Tape & Reel (TR)","1","600Ω@100MHz","±25%","350mΩ","300mA","-55℃~+125℃"
"C442498","ILHB0805ER121V","VISHAY","10310","10","10","https://www.lcsc.com/product-detail/C442498.html","0805","Tape & Reel (TR)","1","120Ω@100MHz","±25%","30mΩ","3A","-55℃~+125℃"
"C445756","MPZ1005S331ETD25","TDK","12020","10","10","https://www.lcsc.com/product-detail/C445756.html","0402","Tape & Reel (TR)","1","330Ω@100MHz","±25%","280mΩ","700mA","-55℃~+125℃"
"C476007","BLM18BB750SN1D","muRata","11900","50","50","https://www.lcsc.com/product-detail/C476007.html","0603","Tape & Reel (TR)","1","75Ω@100MHz","±25%","300mΩ","600mA","-55℃~+125℃"
"C501996","MPZ1608Y101BTA00","TDK","10920","20","20","https://www.lcsc.com/product-detail/C501996.html","0603","Tape & Reel (TR)","1","100Ω@100MHz","±25%","40mΩ","2A","-55℃~+125℃"
"C501997","MPZ1608D300BTA00","TDK","8500","50","50","https://www.lcsc.com/product-detail/C501997.html","0603","Tape & Reel (TR)","1","30Ω@100MHz","±25%","60mΩ","1.8A","-55℃~+125℃"
"C524456","MMZ1005D241CT000","TDK","35650","50","50","https://www.lcsc.com/product-detail/C524456.html","0402","Tape & Reel (TR)","1","240Ω@100MHz","±25%","900mΩ","200mA","-55℃~+125℃"
"C524528","BLM18AG102BH1D","muRata","4220","20","20","https://www.lcsc.com/product-detail/C524528.html","0603","Tape & Reel (TR)","1","1kΩ@100MHz","±25%","500mΩ","450mA","-55℃~+150℃"
"C524529","BLM18HE102SZ1D","muRata","3380","10","10","https://www.lcsc.com/product-detail/C524529.html","0603","Tape & Reel (TR)","1","1kΩ@100MHz","±25%","350mΩ","600mA","-55℃~+125℃"
"C524531","BLM21AG601SZ1D","muRata","3425","5","5","https://www.lcsc.com/product-detail/C524531.html","0805","Tape & Reel (TR)","1","600Ω@100MHz","±25%","210mΩ","700mA","-55℃~+125℃"
"C525480","BLM15AG601SH1D","muRata","25250","50","50","https://www.lcsc.com/product-detail/C525480.html","0402","Tape & Reel (TR)","1","600Ω@100MHz","±25%","600mΩ","300mA","-55℃~+125℃"
"C527614","BLM21BD182SN1D","muRata","3560","10","10","https://www.lcsc.com/product-detail/C527614.html","0805","Tape & Reel (TR)","1","1.8kΩ@100MHz","±25%","500mΩ","250mA","-55℃~+125℃"
"C527619","BLM15EX221SN1D","muRata","9120","10","10","https://www.lcsc.com/product-detail/C527619.html","0402","Tape & Reel (TR)","1","220Ω@100MHz","±25%","140mΩ","1.3A","-55℃~+125℃"
"C527966","BLM21RK601SN1D","muRata","7650","5","5","https://www.lcsc.com/product-detail/C527966.html","0805","Tape & Reel (TR)","1","600Ω@100MHz","±25%","300mΩ","200mA","-55℃~+125℃"
"C527979","BLM18HG102SH1D","muRata","1740","20","20","https://www.lcsc.com/product-detail/C527979.html","0603","Tape & Reel (TR)","1","1kΩ@100MHz","±25%","1.6Ω","100mA","-55℃~+125℃"
"C527985","BLM15AG700SH1D","muRata","4250","50","50","https://www.lcsc.com/product-detail/C527985.html","0402","Tape & Reel (TR)","1","70Ω@100MHz","±25%","150mΩ","500mA","-55℃~+125℃"
"C527991","BLM18KG221SH1D","muRata","7580","20","20","https://www.lcsc.com/product-detail/C527991.html","0603","Tape & Reel (TR)","1","220Ω@100MHz","±25%","50mΩ","2.2A","-55℃~+125℃"
"C531292","MMZ1005D100CT000","TDK","20000","100","100","https://www.lcsc.com/product-detail/C531292.html","0402","Tape & Reel (TR)","1","10Ω@100MHz","±25%","100mΩ","500mA","-55℃~+125℃"
"C531293","MMZ1608Y102BTD25","TDK","6780","10","10","https://www.lcsc.com/product-detail/C531293.html","0603","Tape & Reel (TR)","1","1kΩ@100MHz","±25%","500mΩ","400mA","-55℃~+125℃"
"C531393","MAF1005GAD701DT000","TDK","9795","5","5","https://www.lcsc.com/product-detail/C531393.html","0402","Tape & Reel (TR)","1","105Ω@100MHz","±25%","351mΩ","800mA","-55℃~+125℃"
"C560047","BLM18KG121JH1D","muRata","5390","10","10","https://www.lcsc.com/product-detail/C560047.html","0603","Tape & Reel (TR)","1","120Ω@100MHz","±25%","30mΩ","1.9A","-55℃~+150℃"
"C560050","BLM15PX221SZ1D","muRata","9880","20","20","https://www.lcsc.com/product-detail/C560050.html","0402","Tape & Reel (TR)","1","220Ω@100MHz","±25%","100mΩ","1.4A","-55℃~+125℃"
"C560053","BLM18KG221BH1D","muRata","9170","10","10","https://www.lcsc.com/product-detail/C560053.html","0603","Tape & Reel (TR)","1","220Ω@100MHz","±25%","50mΩ","1A","-55℃~+150℃"
"C560054","BLM18AG601BH1D","muRata","390","10","10","https://www.lcsc.com/product-detail/C560054.html","0603","Tape & Reel (TR)","1","600Ω@100MHz","±25%","380mΩ","500mA","-55℃~+150℃"
"C560058","BLM18KG102BH1D","muRata","8500","10","10","https://www.lcsc.com/product-detail/C560058.html","0603","Tape & Reel (TR)","1","1kΩ@100MHz","±25%","200mΩ","800mA","-55℃~+150℃"
"C560060","BLM15AG601SN1D11","muRata","9800","50","50","https://www.lcsc.com/product-detail/C560060.html","0402","Tape & Reel (TR)","1","600Ω@100MHz","±25%","520mΩ","300mA","-55℃~+125℃"
"C560062","BLM15KD200SN1D11","muRata","5250","50","50","https://www.lcsc.com/product-detail/C560062.html","0402","Tape & Reel (TR)","1","20Ω@100MHz","±25%","11mΩ","3.8A","-55℃~+125℃"
"C576399","BLM18SG330SN1D","muRata","1455","5","5","https://www.lcsc.com/product-detail/C576399.html","0603","Tape & Reel (TR)","1","33Ω@100MHz","±25%","8mΩ","6A","-55℃~+125℃"
"C596493","BLM18KG300TZ1D","muRata","5100","20","20","https://www.lcsc.com/product-detail/C596493.html","0603","Tape & Reel (TR)","1","30Ω@100MHz","±25%","10mΩ","5A","-55℃~+125℃"
"C596494","BLM18HE152SH1D","muRata","6760","10","10","https://www.lcsc.com/product-detail/C596494.html","0603","Tape & Reel (TR)","1","1.5kΩ@100MHz","±25%","500mΩ","500mA","-55℃~+125℃"
"C596495","BLM18BD102SZ1D","muRata","2640","20","20","https://www.lcsc.com/product-detail/C596495.html","0603","Tape & Reel (TR)","1","1kΩ@100MHz","±25%","850mΩ","200mA","-55℃~+125℃"
"C596496","BLM21SN300SN1D","muRata","20825","5","5","https://www.lcsc.com/product-detail/C596496.html","0805","Tape & Reel (TR)","1","30Ω@100MHz","-","4mΩ","8.5A","-55℃~+125℃"
"C596497","BLM15BB220SN1D","muRata","10550","50","50","https://www.lcsc.com/product-detail/C596497.html","0402","Tape & Reel (TR)","1","22Ω@100MHz","±25%","200mΩ","300mA","-55℃~+125℃"
"C596498","BLM15EX331SN1D","muRata","26130","10","10","https://www.lcsc.com/product-detail/C596498.html","0402","Tape & Reel (TR)","1","330Ω@100MHz","±25%","205mΩ","700mA","-55℃~+125℃"
"C603119","BLM21BD221SN1D","muRata","3810","5","5","https://www.lcsc.com/product-detail/C603119.html","0805","Tape & Reel (TR)","1","220Ω@100MHz","±25%","250mΩ","350mA","-55℃~+125℃"
"C668299","BLM15AX100SN1D","muRata","8900","50","50","https://www.lcsc.com/product-detail/C668299.html","0402","Tape & Reel (TR)","1","10Ω@100MHz","±25%","15mΩ","1.74A","-55℃~+125℃"
"C668302","BLM18KG601BH1D","muRata","410","10","10","https://www.lcsc.com/product-detail/C668302.html","0603","Tape & Reel (TR)","1","600Ω@100MHz","±25%","150mΩ","1A","-55℃~+150℃"
"C694571","MMZ1005S182ET000","TDK","16100","10","10","https://www.lcsc.com/product-detail/C694571.html","0402","Tape & Reel (TR)","1","1.8kΩ@100MHz","±25%","1.5Ω","200mA","-55℃~+125℃"
"C695168","MMZ1608Q121BTA00","TDK","1750","50","50","https://www.lcsc.com/product-detail/C695168.html","0603","Tape & Reel (TR)","1","120Ω@100MHz","±25%","300mΩ","500mA","-55℃~+125℃"
"C701156","BLM18EG221TH1D","muRata","2440","10","10","https://www.lcsc.com/product-detail/C701156.html","0603","Tape & Reel (TR)","1","220Ω@100MHz","±25%","150mΩ","1A","-55℃~+125℃"
"C701257","BLM21PG300SH1D","muRata","2340","20","20","https://www.lcsc.com/product-detail/C701257.html","0805","Tape & Reel (TR)","1","30Ω@100MHz","±25%","14mΩ","4A","-55℃~+125℃"
"C701260","BLM15KD200SN1D","muRata","13850","50","50","https://www.lcsc.com/product-detail/C701260.html","0402","Tape & Reel (TR)","1","20Ω@100MHz","±25%","11mΩ","3.8A","-55℃~+125℃"
"C701265","BLM21PG331SZ1D","muRata","2970","10","10","https://www.lcsc.com/product-detail/C701265.html","0805","Tape & Reel (TR)","1","330Ω@100MHz","±25%","70mΩ","1.5A","-55℃~+125℃"
"C701266","BLM15PX121SZ1D","muRata","520","20","20","https://www.lcsc.com/product-detail/C701266.html","0402","Tape & Reel (TR)","1","120Ω@100MHz","±25%","55mΩ","2A","-55℃~+125℃"
"C701292","BLM15BX182SN1D","muRata","22350","50","50","https://www.lcsc.com/product-detail/C701292.html","0402","Tape & Reel (TR)","1","1.8kΩ@100MHz","±25%","900mΩ","250mA","-55℃~+125℃"
"C701307","BLM15BB050SN1D","muRata","3550","50","50","https://www.lcsc.com/product-detail/C701307.html","0402","Tape & Reel (TR)","1","5Ω@100MHz","±25%","80mΩ","500mA","-55℃~+125℃"
"C703137","BLM21SN300SH1D","muRata","3770","5","5","https://www.lcsc.com/product-detail/C703137.html","0805","Tape & Reel (TR)","1","30Ω@100MHz","-","4mΩ","8.5A","-55℃~+125℃"
"C710326","BLM15AG102SZ1D","muRata","450","50","50","https://www.lcsc.com/product-detail/C710326.html","0402","Tape & Reel (TR)","1","1kΩ@100MHz","±25%","650mΩ","300mA","-55℃~+125℃"
"C710329","BLM15AX102SZ1D","muRata","14900","50","50","https://www.lcsc.com/product-detail/C710329.html","0402","Tape & Reel (TR)","1","1kΩ@100MHz","±25%","490mΩ","350mA","-55℃~+125℃"
"C710330","BLM15AX601SZ1D","muRata","3900","50","50","https://www.lcsc.com/product-detail/C710330.html","0402","Tape & Reel (TR)","1","600Ω@100MHz","±25%","340mΩ","500mA","-55℃~+125℃"
"C710331","BLM15BB100SZ1D","muRata","9900","50","50","https://www.lcsc.com/product-detail/C710331.html","0402","Tape & Reel (TR)","1","10Ω@100MHz","±25%","100mΩ","300mA","-55℃~+125℃"
"C710334","BLM15BD601SH1D","muRata","6650","50","50","https://www.lcsc.com/product-detail/C710334.html","0402","Tape & Reel (TR)","1","600Ω@100MHz","±25%","650mΩ","200mA","-"
"C710336","BLM15BX601SN1D","muRata","5050","50","50","https://www.lcsc.com/product-detail/C710336.html","0402","Tape & Reel (TR)","1","600Ω@100MHz","±25%","460mΩ","350mA","-55℃~+125℃"
"C710337","BLM15EG121SZ1D","muRata","2440","20","20","https://www.lcsc.com/product-detail/C710337.html","0402","Tape & Reel (TR)","1","120Ω@100MHz","±25%","95mΩ","1.5A","-55℃~+125℃"
"C710338","BLM15EG221SZ1D","muRata","2480","20","20","https://www.lcsc.com/product-detail/C710338.html","0402","Tape & Reel (TR)","1","220Ω@100MHz","±25%","280mΩ","700mA","-55℃~+125℃"
"C710339","BLM15GG471SZ1D","muRata","2310","5","5","https://www.lcsc.com/product-detail/C710339.html","0402","Tape & Reel (TR)","1","470Ω@100MHz","±25%","1.3Ω","200mA","-55℃~+125℃"
"C710340","BLM15HD601SZ1D","muRata","9400","20","20","https://www.lcsc.com/product-detail/C710340.html","0402","Tape & Reel (TR)","1","600Ω@100MHz","±25%","850mΩ","300mA","-55℃~+125℃"
"C710341","BLM15HG102BH1D","muRata","1500","20","20","https://www.lcsc.com/product-detail/C710341.html","0402","Tape & Reel (TR)","1","1kΩ@100MHz","±25%","1.1Ω","250mA","-55℃~+150℃"
"C710343","BLM15KD121SN1D","muRata","300","50","50","https://www.lcsc.com/product-detail/C710343.html","0402","Tape & Reel (TR)","1","120Ω@100MHz","±25%","70mΩ","1.5A","-55℃~+125℃"
"C710347","BLM15PX601SZ1D","muRata","9960","20","20","https://www.lcsc.com/product-detail/C710347.html","0402","Tape & Reel (TR)","1","600Ω@100MHz","±25%","230mΩ","900mA","-55℃~+125℃"
"C710349","BLM18AG121BH1D","muRata","3620","10","10","https://www.lcsc.com/product-detail/C710349.html","0603","Tape & Reel (TR)","1","120Ω@100MHz","±25%","180mΩ","800mA","-55℃~+150℃"
"C710353","BLM18AG601SZ1D","muRata","3200","20","20","https://www.lcsc.com/product-detail/C710353.html","0603","Tape & Reel (TR)","1","600Ω@100MHz","±25%","380mΩ","500mA","-55℃~+125℃"
"C710356","BLM18BD252BH1D","muRata","320","20","20","https://www.lcsc.com/product-detail/C710356.html","0603","Tape & Reel (TR)","1","2.5kΩ@100MHz","±25%","1.5Ω","150mA","-55℃~+150℃"
"C710361","BLM18EG101TZ1D","muRata","3060","10","10","https://www.lcsc.com/product-detail/C710361.html","0603","Tape & Reel (TR)","1","100Ω@100MHz","±25%","45mΩ","2A","-55℃~+125℃"
"C710362","BLM18EG121SZ1D","muRata","4430","10","10","https://www.lcsc.com/product-detail/C710362.html","0603","Tape & Reel (TR)","1","120Ω@100MHz","±25%","40mΩ","2A","-55℃~+125℃"
"C710364","BLM18EG221SZ1D","muRata","3410","10","10","https://www.lcsc.com/product-detail/C710364.html","0603","Tape & Reel (TR)","1","220Ω@100MHz","±25%","50mΩ","2A","-55℃~+125℃"
"C710365","BLM18EG221TZ1D","muRata","2790","10","10","https://www.lcsc.com/product-detail/C710365.html","0603","Tape & Reel (TR)","1","220Ω@100MHz","±25%","150mΩ","1A","-55℃~+125℃"
"C710366","BLM18EG471SZ1D","muRata","4000","5","5","https://www.lcsc.com/product-detail/C710366.html","0603","Tape & Reel (TR)","1","470Ω@100MHz","±25%","210mΩ","500mA","-55℃~+125℃"
"C710369","BLM18HG471SH1D","muRata","580","10","10","https://www.lcsc.com/product-detail/C710369.html","0603","Tape & Reel (TR)","1","470Ω@100MHz","±25%","850mΩ","200mA","-55℃~+125℃"
"C710370","BLM18KG101TH1D","muRata","7440","20","20","https://www.lcsc.com/product-detail/C710370.html","0603","Tape & Reel (TR)","1","100Ω@100MHz","±25%","30mΩ","3A","-55℃~+125℃"
"C710373","BLM18KG300JH1D","muRata","680","20","20","https://www.lcsc.com/product-detail/C710373.html","0603","Tape & Reel (TR)","1","30Ω@100MHz","±25%","10mΩ","3.3A","-55℃~+150℃"
"C710374","BLM18KG300TH1D","muRata","560","20","20","https://www.lcsc.com/product-detail/C710374.html","0603","Tape & Reel (TR)","1","30Ω@100MHz","±25%","10mΩ","5A","-55℃~+125℃"
"C710377","BLM18KG331SZ1D","muRata","1700","50","50","https://www.lcsc.com/product-detail/C710377.html","0603","Tape & Reel (TR)","1","330Ω@100MHz","±25%","80mΩ","1.7A","-55℃~+125℃"
"C710379","BLM18KG601SH1D","muRata","34760","20","20","https://www.lcsc.com/product-detail/C710379.html","0603","Tape & Reel (TR)","1","600Ω@100MHz","±25%","150mΩ","1.3A","-55℃~+125℃"
"C710382","BLM18KG700TZ1D","muRata","3820","20","20","https://www.lcsc.com/product-detail/C710382.html","0603","Tape & Reel (TR)","1","70Ω@100MHz","±25%","22mΩ","3.5A","-55℃~+125℃"
"C710383","BLM18PG181SH1D","muRata","1250","50","50","https://www.lcsc.com/product-detail/C710383.html","0603","Tape & Reel (TR)","1","180Ω@100MHz","±25%","90mΩ","1.5A","-55℃~+125℃"
"C710384","BLM18PG221SZ1D","muRata","3020","20","20","https://www.lcsc.com/product-detail/C710384.html","0603","Tape & Reel (TR)","1","220Ω@100MHz","±25%","100mΩ","1.4A","-55℃~+125℃"
"C710385","BLM18PG300SZ1D","muRata","3860","20","20","https://www.lcsc.com/product-detail/C710385.html","0603","Tape & Reel (TR)","1","30Ω@100MHz","±25%","50mΩ","1A","-55℃~+125℃"
"C710386","BLM18PG331SH1D","muRata","340","20","20","https://www.lcsc.com/product-detail/C710386.html","0603","Tape & Reel (TR)","1","330Ω@100MHz","±25%","150mΩ","1.2A","-55℃~+125℃"
"C710387","BLM18PG471SZ1D","muRata","3350","50","50","https://www.lcsc.com/product-detail/C710387.html","0603","Tape & Reel (TR)","1","470Ω@100MHz","±25%","200mΩ","1A","-55℃~+125℃"
"C710388","BLM18PG600SZ1D","muRata","11940","20","20","https://www.lcsc.com/product-detail/C710388.html","0603","Tape & Reel (TR)","1","60Ω@100MHz","±25%","100mΩ","1A","-55℃~+125℃"
"C710389","BLM18SD220SN1D","muRata","6180","5","5","https://www.lcsc.com/product-detail/C710389.html","0603","Tape & Reel (TR)","1","22Ω@100MHz","±25%","8mΩ","6A","-55℃~+125℃"
"C710390","BLM18SG121TZ1D","muRata","43735","5","5","https://www.lcsc.com/product-detail/C710390.html","0603","Tape & Reel (TR)","1","120Ω@100MHz","±25%","25mΩ","3A","-55℃~+125℃"
"C710392","BLM18SN220TH1D","muRata","605","5","5","https://www.lcsc.com/product-detail/C710392.html","0603","Tape & Reel (TR)","1","22Ω@100MHz","±7%","4mΩ","8A","-55℃~+125℃"
"C710397","BLM21AG121BH1D","muRata","320","5","5","https://www.lcsc.com/product-detail/C710397.html","0805","Tape & Reel (TR)","1","120Ω@100MHz","±25%","90mΩ","1A","-55℃~+150℃"
"C710503","BLM21BB750SN1D","muRata","3125","5","5","https://www.lcsc.com/product-detail/C710503.html","0805","Tape & Reel (TR)","1","75Ω@100MHz","±25%","160mΩ","700mA","-55℃~+125℃"
"C710504","BLM21BD151SN1D","muRata","2670","10","10","https://www.lcsc.com/product-detail/C710504.html","0805","Tape & Reel (TR)","1","150Ω@100MHz","±25%","250mΩ","350mA","-55℃~+125℃"
"C710506","BLM21BD331SN1D","muRata","2260","10","10","https://www.lcsc.com/product-detail/C710506.html","0805","Tape & Reel (TR)","1","330Ω@100MHz","±25%","300mΩ","300mA","-55℃~+125℃"
"C710507","BLM21BD471SN1D","muRata","320","10","10","https://www.lcsc.com/product-detail/C710507.html","0805","Tape & Reel (TR)","1","470Ω@100MHz","±25%","350mΩ","300mA","-55℃~+125℃"
"C710508","BLM21PG121BH1D","muRata","3370","10","10","https://www.lcsc.com/product-detail/C710508.html","0805","Tape & Reel (TR)","1","120Ω@100MHz","±25%","30mΩ","1.55A","-55℃~+150℃"
"C710509","BLM21PG220BH1D","muRata","2020","10","10","https://www.lcsc.com/product-detail/C710509.html","0805","Tape & Reel (TR)","1","22Ω@100MHz","±25%","9mΩ","3.3A","-55℃~+150℃"
"C710510","BLM21PG300SZ1D","muRata","3140","20","20","https://www.lcsc.com/product-detail/C710510.html","0805","Tape & Reel (TR)","1","30Ω@100MHz","±25%","14mΩ","4A","-55℃~+125℃"
"C710511","BLM21RK221SN1D","muRata","1335","5","5","https://www.lcsc.com/product-detail/C710511.html","0805","Tape & Reel (TR)","1","220Ω@100MHz","±25%","200mΩ","200mA","-55℃~+125℃"
"C711569","BLM18PG221SH1D","muRata","51160","20","20","https://www.lcsc.com/product-detail/C711569.html","0603","Tape & Reel (TR)","1","220Ω@100MHz","±25%","100mΩ","1.4A","-55℃~+125℃"
"C711570","BLM21BB331SN1D","muRata","3150","10","10","https://www.lcsc.com/product-detail/C711570.html","0805","Tape & Reel (TR)","1","330Ω@100MHz","±25%","330mΩ","400mA","-55℃~+125℃"
"C723884","BLM15HG601SZ1D","muRata","5780","20","20","https://www.lcsc.com/product-detail/C723884.html","0402","Tape & Reel (TR)","1","600Ω@100MHz","±25%","700mΩ","300mA","-55℃~+125℃"
"C780182","MH2029-600Y","BOURNS","2480","5","5","https://www.lcsc.com/product-detail/C780182.html","0805","Tape & Reel (TR)","1","60Ω@100MHz","±25%","20mΩ","5A","-55℃~+125℃"
"C780186","MH1608-601Y","BOURNS","18420","20","20","https://www.lcsc.com/product-detail/C780186.html","0603","Tape & Reel (TR)","1","600Ω@100MHz","±25%","200mΩ","1A","-55℃~+125℃"
"C780187","MH1608-221Y","BOURNS","6160","10","10","https://www.lcsc.com/product-detail/C780187.html","0603","Tape & Reel (TR)","1","220Ω@100MHz","±25%","100mΩ","2A","-55℃~+125℃"
"C783274","BLM15HD102SZ1D","muRata","2150","50","50","https://www.lcsc.com/product-detail/C783274.html","0402","Tape & Reel (TR)","1","1kΩ@100MHz","±25%","1.25Ω","250mA","-55℃~+125℃"
"C840592","MH2029-601Y","BOURNS","10580","10","10","https://www.lcsc.com/product-detail/C840592.html","0805","Tape & Reel (TR)","1","600Ω@100MHz","±25%","200mΩ","1A","-55℃~+125℃"
"C840593","MH2029-300Y","BOURNS","9960","10","10","https://www.lcsc.com/product-detail/C840593.html","0805","Tape & Reel (TR)","1","30Ω@100MHz","±25%","3mΩ","3A","-55℃~+125℃"
"C845115","ILBB0805ER601V","VISHAY","4455","5","5","https://www.lcsc.com/product-detail/C845115.html","0805","Tape & Reel (TR)","1","600Ω@100MHz","±25%","60mΩ","600mA","-55℃~+125℃"
"C845116","ILHB0603ER121V","VISHAY","6580","10","10","https://www.lcsc.com/product-detail/C845116.html","0603","Tape & Reel (TR)","1","120Ω@100MHz","±25%","100mΩ","2A","-55℃~+125℃"
"C845117","ILHB0805ER600V","VISHAY","545","5","5","https://www.lcsc.com/product-detail/C845117.html","0805","Tape & Reel (TR)","1","60Ω@100MHz","±25%","90mΩ","2A","-55℃~+125℃"
"C845118","ILHB0805ER601V","VISHAY","41880","10","10","https://www.lcsc.com/product-detail/C845118.html","0805","Tape & Reel (TR)","1","600Ω@100MHz","±25%","100mΩ","2A","-55℃~+125℃"
"C880687","MPZ1005F470ETD25","TDK","9060","10","10","https://www.lcsc.com/product-detail/C880687.html","0402","Tape & Reel (TR)","1","47Ω@100MHz","±25%","450mΩ","450mA","-55℃~+125℃"
"C882614","BLM21SP111SN1D","muRata","3435","5","5","https://www.lcsc.com/product-detail/C882614.html","0805","Tape & Reel (TR)","1","110Ω@100MHz","±25%","13mΩ","5A","-55℃~+125℃"
"C882954","BLM18EG121SN1D","muRata","25820","20","20","https://www.lcsc.com/product-detail/C882954.html","0603","Tape & Reel (TR)","1","120Ω@100MHz","±25%","40mΩ","2A","-55℃~+125℃"
"C882959","BLM15AG102SN1D11","muRata","600","100","100","https://www.lcsc.com/product-detail/C882959.html","0402","Tape & Reel (TR)","1","1kΩ@100MHz","±25%","650mΩ","300mA","-55℃~+125℃"
"C882960","BLM15PD300SZ1D","muRata","4250","50","50","https://www.lcsc.com/product-detail/C882960.html","0402","Tape & Reel (TR)","1","30Ω@100MHz","±25%","35mΩ","2.2A","-55℃~+125℃"
"C882961","BLM15AX121SN1D11","muRata","7250","50","50","https://www.lcsc.com/product-detail/C882961.html","0402","Tape & Reel (TR)","","120Ω@100MHz","±25%","130mΩ","700mA","-55℃~+125℃"
"C882963","BLM15BB121SH1D","muRata","7550","50","50","https://www.lcsc.com/product-detail/C882963.html","0402","Tape & Reel (TR)","1","120Ω@100MHz","±25%","550mΩ","300mA","-55℃~+125℃"
"C882965","BLM15PX601SN1D11","muRata","1050","50","50","https://www.lcsc.com/product-detail/C882965.html","0402","Tape & Reel (TR)","","600Ω@100MHz","±25%","230mΩ","","-55℃~+125℃"
"C882970","BLM15PX330SN1D11","muRata","1650","50","50","https://www.lcsc.com/product-detail/C882970.html","0402","Tape & Reel (TR)","1","33Ω@100MHz","±25%","22mΩ","3A",""
"C882971","BLM15KD121SN1D11","muRata","2850","50","50","https://www.lcsc.com/product-detail/C882971.html","0402","Tape & Reel (TR)","-","120Ω@100MHz","±25%","70mΩ","1.5A","-55℃~+125℃"
"C882978","BLM18HE601SH1D","muRata","3810","10","10","https://www.lcsc.com/product-detail/C882978.html","0603","Tape & Reel (TR)","1","600Ω@100MHz","±25%","250mΩ","800mA","-55℃~+125℃"
"C883597","BLM18KG102SH1D","muRata","32300","20","20","https://www.lcsc.com/product-detail/C883597.html","0603","Tape & Reel (TR)","1","1kΩ@100MHz","±25%","200mΩ","1A","-55℃~+125℃"
"C907937","BLM18EG331TH1D","muRata","1860","10","10","https://www.lcsc.com/product-detail/C907937.html","0603","Tape & Reel (TR)","1","330Ω@100MHz","±25%","210mΩ","500mA","-55℃~+125℃"
"C907941","BLM18BD152SH1D","muRata","750","50","50","https://www.lcsc.com/product-detail/C907941.html","0603","Tape & Reel (TR)","1","1.5kΩ@100MHz","±25%","1.2Ω","150mA","-55℃~+125℃"
"C913240","MH2029-100Y","BOURNS","3930","5","5","https://www.lcsc.com/product-detail/C913240.html","0805","Tape & Reel (TR)","-","10Ω@100MHz","±25%","10mΩ","6A","-55℃~+125℃"
"C913447","BLM18SG260TZ1D","muRata","7540","10","10","https://www.lcsc.com/product-detail/C913447.html","0603","Tape & Reel (TR)","1","26Ω@100MHz","±25%","7mΩ","6A","-55℃~+125℃"
"C913680","BLM18BA470SH1D","muRata","4000","20","20","https://www.lcsc.com/product-detail/C913680.html","0603","Tape & Reel (TR)","1","47Ω@100MHz","±25%","550mΩ","300mA","-55℃~+125℃"
"C1235311","BLM18BD421SH1D","muRata","3800","50","50","https://www.lcsc.com/product-detail/C1235311.html","0603","Tape & Reel (TR)","1","420Ω@100MHz","±25%","550mΩ","250mA","-55℃~+125℃"
"C1235320","BLM18BB220SH1D","muRata","240","20","20","https://www.lcsc.com/product-detail/C1235320.html","0603","Tape & Reel (TR)","1","22Ω@100MHz","±25%","200mΩ","700mA","-55℃~+125℃"
"C1235333","BLM21BD121SH1D","muRata","2070","10","10","https://www.lcsc.com/product-detail/C1235333.html","0805","Tape & Reel (TR)","1","120Ω@100MHz","±25%","250mΩ","350mA","-55℃~+125℃"
"C1512132","BLM18SP102SH1D","muRata","8160","5","5","https://www.lcsc.com/product-detail/C1512132.html","0603","Tape & Reel (TR)","1","1kΩ@100MHz","±25%","185mΩ","1.2A","-55℃~+125℃"
"C1512133","BLM18SP601SH1D","muRata","4150","5","5","https://www.lcsc.com/product-detail/C1512133.html","0603","Tape & Reel (TR)","1","600Ω@100MHz","±25%","140mΩ","1.5A","-55℃~+125℃"
"C1513036","MDF1005GAD102ATD25","TDK","2155","5","5","https://www.lcsc.com/product-detail/C1513036.html","0402","Tape & Reel (TR)","1","1kΩ@900MHz","±25%","690mΩ","550mA","-55℃~+125℃"
"C1533840","MH2029-101Y","BOURNS","2890","5","5","https://www.lcsc.com/product-detail/C1533840.html","0805","Tape & Reel (TR)","1","100Ω@100MHz","±25%","100mΩ","2A","-55℃~+125℃"
"C1533843","ILBB0603ER300V","VISHAY","3120","20","20","https://www.lcsc.com/product-detail/C1533843.html","0603","Tape & Reel (TR)","1","30Ω@100MHz","±25%","800mΩ","150mA","-55℃~+125℃"
"C1533863","BLM18BD222BH1D","muRata","3780","20","20","https://www.lcsc.com/product-detail/C1533863.html","0603","Tape & Reel (TR)","1","2.2kΩ@100MHz","±25%","1.5Ω","150mA","-55℃~+150℃"
"C1533880","BLM15HB221SH1D","muRata","2500","20","20","https://www.lcsc.com/product-detail/C1533880.html","0402","Tape & Reel (TR)","1","220Ω@100MHz","±25%","1Ω","250mA","-55℃~+125℃"
"C1533884","MMZ1005S121HT000","TDK","250","50","50","https://www.lcsc.com/product-detail/C1533884.html","0402","Tape & Reel (TR)","1","120Ω@100MHz","±25%","130mΩ","700mA","-55℃~+125℃"
"C1533898","NFZ15SG152SN10D","muRata","4860","10","10","https://www.lcsc.com/product-detail/C1533898.html","0402","Tape & Reel (TR)","1","1.5kΩ@900MHz","-","800mΩ","400mA","-40℃~+85℃"
"C1533901","BLM18DN221SZ1D","muRata","2020","5","5","https://www.lcsc.com/product-detail/C1533901.html","0603","Tape & Reel (TR)","1","220Ω@100MHz","±25%","210mΩ","1A","-55℃~+125℃"
"C1533913","BLM18DN601SN1D","muRata","440","5","5","https://www.lcsc.com/product-detail/C1533913.html","0603","Tape & Reel (TR)","1","600Ω@100MHz","±25%","435mΩ","700mA","-55℃~+125℃"
"C1533916","BLM21SP331SN1D","muRata","525","5","5","https://www.lcsc.com/product-detail/C1533916.html","0805","Tape & Reel (TR)","1","330Ω@100MHz","±25%","40mΩ","2.8A","-55℃~+125℃"
"C1533918","BLM21SP181SH1D","muRata","625","5","5","https://www.lcsc.com/product-detail/C1533918.html","0805","Tape & Reel (TR)","1","180Ω@100MHz","±25%","20mΩ","4A","-55℃~+125℃"
"C1533919","BLM21SP102SN1D","muRata","995","5","5","https://www.lcsc.com/product-detail/C1533919.html","0805","Tape & Reel (TR)","1","1kΩ@100MHz","±25%","120mΩ","1.6A","-55℃~+125℃"
"C1533922","BLM21SP181BH1D","muRata","5895","5","5","https://www.lcsc.com/product-detail/C1533922.html","0805","Tape & Reel (TR)","1","180Ω@100MHz","±25%","20mΩ","4A","-55℃~+150℃"
"C1533970","MZ2029-601T","BOURNS","3260","5","5","https://www.lcsc.com/product-detail/C1533970.html","0805","Tape & Reel (TR)","1","600Ω@100MHz","±25%","400mΩ","200mA","-55℃~+125℃"
"C1533986","ILBB0603ER400V","VISHAY","605","5","5","https://www.lcsc.com/product-detail/C1533986.html","0603","Tape & Reel (TR)","1","40Ω@100MHz","±25%","800mΩ","150mA","-55℃~+125℃"
"C1534017","MH2029-401Y","BOURNS","3840","10","10","https://www.lcsc.com/product-detail/C1534017.html","0805","Tape & Reel (TR)","1","400Ω@100MHz","±25%","100mΩ","2A","-55℃~+125℃"
"C1870222","MPZ1005S221HT000","TDK","8020","10","10","https://www.lcsc.com/product-detail/C1870222.html","0402","Tape & Reel (TR)","1","220Ω@100MHz","±25%","95mΩ","1.5A","-55℃~+125℃"
"C2162867","MAF1608GAD121LTAH0","TDK","4670","5","5","https://www.lcsc.com/product-detail/C2162867.html","0603","Tape & Reel (TR)","1","20Ω@100MHz","±25%","27mΩ","3.2A","-55℃~+125℃"
"C2650949","MH1608-121Y","BOURNS","16360","10","10","https://www.lcsc.com/product-detail/C2650949.html","0603","Tape & Reel (TR)","1","120Ω@100MHz","±25%","100mΩ","2A","-55℃~+125℃"
"C2661450","PE-0805PFB600ST","PULSE","3070","10","10","https://www.lcsc.com/product-detail/C2661450.html","0805","Tape & Reel (TR)","1","60Ω@100MHz","±25%","25mΩ","3A","-40℃~+105℃"
"C2661459","PE-0603FB601ST","PULSE","7700","10","10","https://www.lcsc.com/product-detail/C2661459.html","0603","Tape & Reel (TR)","1","600Ω@100MHz","±25%","380mΩ","500mA","-40℃~+105℃"
"C2661467","MMZ1608S121ATD25","TDK","400","50","50","https://www.lcsc.com/product-detail/C2661467.html","0603","Tape & Reel (TR)","1","120Ω@100MHz","±25%","150mΩ","500mA","-55℃~+125℃"
"C2661472","PE-0603PFB121ST","PULSE","7870","10","10","https://www.lcsc.com/product-detail/C2661472.html","0603","Tape & Reel (TR)","1","120Ω@100MHz","±25%","50mΩ","2A","-40℃~+125℃"
"C2661475","BLM18AG471SH1D","muRata","6240","20","20","https://www.lcsc.com/product-detail/C2661475.html","0603","Tape & Reel (TR)","1","470Ω@100MHz","±25%","350mΩ","550mA","-55℃~+125℃"
"C2661478","BLM18KG471SZ1D","muRata","7850","50","50","https://www.lcsc.com/product-detail/C2661478.html","0603","Tape & Reel (TR)","1","470Ω@100MHz","±25%","130mΩ","1.5A","-55℃~+125℃"
"C2661522","KMZ1608AHR252BTD25","TDK","5190","10","10","https://www.lcsc.com/product-detail/C2661522.html","0603","Tape & Reel (TR)","1","2.5kΩ@100MHz","±25%","800mΩ","200mA","-55℃~+150℃"
"C2661532","MPZ1005S121ETD25","TDK","1620","20","20","https://www.lcsc.com/product-detail/C2661532.html","0402","Tape & Reel (TR)","1","120Ω@100MHz","±25%","95mΩ","1.5A","-55℃~+125℃"
"C2661536","BLM18BB221SH1D","muRata","3720","20","20","https://www.lcsc.com/product-detail/C2661536.html","0603","Tape & Reel (TR)","1","220Ω@100MHz","±25%","450mΩ","450mA","-55℃~+125℃"
"C2661547","MMZ1608Q102BTD25","TDK","530","10","10","https://www.lcsc.com/product-detail/C2661547.html","0603","Tape & Reel (TR)","1","1kΩ@100MHz","±25%","1Ω","200mA","-55℃~+125℃"
"C2661555","MMZ1608Y121BTD25","TDK","1180","10","10","https://www.lcsc.com/product-detail/C2661555.html","0603","Tape & Reel (TR)","1","120Ω@100MHz","±25%","200mΩ","500mA","-55℃~+125℃"
"C2661556","MMZ1005A222ETD25","TDK","15600","20","20","https://www.lcsc.com/product-detail/C2661556.html","0402","Tape & Reel (TR)","1","2.2kΩ@100MHz","±25%","2.2Ω","150mA","-55℃~+125℃"
"C2661564","MMZ1608D121BTD25","TDK","3520","20","20","https://www.lcsc.com/product-detail/C2661564.html","0603","Tape & Reel (TR)","1","120Ω@100MHz","±25%","300mΩ","400mA","-55℃~+125℃"
"C2661569","BLM21SP102SZ1D","muRata","4350","5","5","https://www.lcsc.com/product-detail/C2661569.html","0805","Tape & Reel (TR)","1","1kΩ@100MHz","±25%","120mΩ","1.6A","-55℃~+125℃"
"C2661571","MAF1608GAD601CT000","TDK","15120","5","5","https://www.lcsc.com/product-detail/C2661571.html","0603","Tape & Reel (TR)","1","120Ω@100MHz","±25%","150mΩ","1A","-55℃~+125℃"
"C2661573","MAF1608GAD471LTAH0","TDK","3120","10","10","https://www.lcsc.com/product-detail/C2661573.html","0603","Tape & Reel (TR)","1","60Ω@100MHz","±25%","75mΩ","1.6A","-"
"C2661578","BLM18BB100SH1D","muRata","2920","20","20","https://www.lcsc.com/product-detail/C2661578.html","0603","Tape & Reel (TR)","1","10Ω@100MHz","±25%","100mΩ","700mA","-55℃~+125℃"
"C2661601","BLM18DN381SN1D","muRata","475","5","5","https://www.lcsc.com/product-detail/C2661601.html","0603","Tape & Reel (TR)","1","380Ω@100MHz","±25%","325mΩ","850mA","-55℃~+125℃"
"C2661621","ILBB0603ER601V","VISHAY","4000","10","10","https://www.lcsc.com/product-detail/C2661621.html","0603","Tape & Reel (TR)","1","600Ω@100MHz","±25%","450mΩ","100mA","-55℃~+125℃"
"C2661637","MH1608-471Y","BOURNS","900","10","10","https://www.lcsc.com/product-detail/C2661637.html","0603","Tape & Reel (TR)","1","470Ω@100MHz","±25%","200mΩ","1A","-55℃~+125℃"
"C2661638","MMZ1608B121CTDH5","TDK","3380","20","20","https://www.lcsc.com/product-detail/C2661638.html","0603","Tape & Reel (TR)","1","120Ω@100MHz","±25%","150mΩ","600mA",""
"C2661642","BLM18KG101JH1D","muRata","3590","10","10","https://www.lcsc.com/product-detail/C2661642.html","0603","Tape & Reel (TR)","1","100Ω@100MHz","±25%","30mΩ","1.9A","-55℃~+150℃"
"C2661649","MMZ1608D100CTDH5","TDK","1216","1","1","https://www.lcsc.com/product-detail/C2661649.html","0603","Tape & Reel (TR)","1","10Ω@100MHz","±25%","100mΩ","500mA","-55℃~+125℃"
"C2661668","BLM18BD222SH1D","muRata","7940","20","20","https://www.lcsc.com/product-detail/C2661668.html","0603","Tape & Reel (TR)","1","2.2kΩ@100MHz","±25%","1.5Ω","150mA","-55℃~+125℃"
"C2661673","BLM15PX330SZ1D","muRata","1680","5","5","https://www.lcsc.com/product-detail/C2661673.html","0402","Tape & Reel (TR)","1","33Ω@100MHz","±25%","22mΩ","3A","-55℃~+125℃"
"C2661695","BLM18DN221SH1D","muRata","325","5","5","https://www.lcsc.com/product-detail/C2661695.html","0603","Tape & Reel (TR)","1","220Ω@100MHz","±25%","210mΩ","1A","-55℃~+125℃"
"C2661717","BLM21AG471SZ1D","muRata","3970","5","5","https://www.lcsc.com/product-detail/C2661717.html","0805","Tape & Reel (TR)","1","470Ω@100MHz","±25%","190mΩ","700mA","-55℃~+125℃"
"C2661743","MMZ1005S182ETD25","TDK","6160","20","20","https://www.lcsc.com/product-detail/C2661743.html","0402","Tape & Reel (TR)","1","1.8kΩ@100MHz","±25%","1.5Ω","200mA","-55℃~+125℃"
"C2661775","MMZ2012Y301BTD25","TDK","2773","1","1","https://www.lcsc.com/product-detail/C2661775.html","0805","Tape & Reel (TR)","1","300Ω@100MHz","±25%","150mΩ","600mA","-55℃~+125℃"
"C2661776","BLM21SP331SZ1D","muRata","230","5","5","https://www.lcsc.com/product-detail/C2661776.html","0805","Tape & Reel (TR)","1","330Ω@100MHz","±25%","40mΩ","2.8A","-55℃~+125℃"
"C2661781","BLM21SP601SZ1D","muRata","1155","5","5","https://www.lcsc.com/product-detail/C2661781.html","0805","Tape & Reel (TR)","1","600Ω@100MHz","±25%","60mΩ","2.3A","-55℃~+125℃"
"C2661784","BLM21SP331SH1D","muRata","2605","5","5","https://www.lcsc.com/product-detail/C2661784.html","0805","Tape & Reel (TR)","1","330Ω@100MHz","±25%","40mΩ","2.8A","-55℃~+125℃"
"C2661785","BLM21SP700BH1D","muRata","4454","1","1","https://www.lcsc.com/product-detail/C2661785.html","0805","Tape & Reel (TR)","1","70Ω@100MHz","±25%","9mΩ","6A","-55℃~+150℃"
"C2661786","BLM21SP181SZ1D","muRata","4315","5","5","https://www.lcsc.com/product-detail/C2661786.html","0805","Tape & Reel (TR)","1","180Ω@100MHz","±25%","20mΩ","4A","-55℃~+125℃"
"C2661789","BLM21SP102SH1D","muRata","2300","5","5","https://www.lcsc.com/product-detail/C2661789.html","0805","Tape & Reel (TR)","1","1kΩ@100MHz","±25%","120mΩ","1.6A","-55℃~+125℃"
"C2661790","BLM21SP700SH1D","muRata","3880","5","5","https://www.lcsc.com/product-detail/C2661790.html","0805","Tape & Reel (TR)","1","70Ω@100MHz","±25%","9mΩ","6A","-55℃~+125℃"
"C2661817","BLM15EG121SH1D","muRata","3600","10","10","https://www.lcsc.com/product-detail/C2661817.html","0402","Tape & Reel (TR)","1","120Ω@100MHz","±25%","95mΩ","1.5A","-55℃~+125℃"
"C2661831","MMZ1608Y471BTD25","TDK","3800","50","50","https://www.lcsc.com/product-detail/C2661831.html","0603","Tape & Reel (TR)","1","470Ω@100MHz","±25%","350mΩ","500mA",""
"C2661836","BLM21SP601SH1D","muRata","895","5","5","https://www.lcsc.com/product-detail/C2661836.html","0805","Tape & Reel (TR)","1","600Ω@100MHz","±25%","60mΩ","2.3A","-55℃~+125℃"
"C2661844","MMZ1608A222BTD25","TDK","3460","20","20","https://www.lcsc.com/product-detail/C2661844.html","0603","Tape & Reel (TR)","1","2.2kΩ@100MHz","±25%","800mΩ","200mA","-55℃~+125℃"
"C2661863","ILHB0805ER300V","VISHAY","1060","5","5","https://www.lcsc.com/product-detail/C2661863.html","0805","Tape & Reel (TR)","1","30Ω@100MHz","±25%","15mΩ","6A","-55℃~+125℃"
"C2661880","MMZ1608D301BTD25","TDK","2450","50","50","https://www.lcsc.com/product-detail/C2661880.html","0603","Tape & Reel (TR)","1","300Ω@100MHz","±25%","700mΩ","300mA","-55℃~+125℃"
"C2661893","BLM21PG220SZ1D","muRata","6300","20","20","https://www.lcsc.com/product-detail/C2661893.html","0805","Tape & Reel (TR)","1","22Ω@100MHz","±25%","9mΩ","6A","-55℃~+125℃"
"C2661897","BLM18SG221TZ1D","muRata","9915","5","5","https://www.lcsc.com/product-detail/C2661897.html","0603","Tape & Reel (TR)","1","220Ω@100MHz","±25%","40mΩ","2.5A","-55℃~+125℃"
"C2661926","BLM15AG121SZ1D","muRata","550","50","50","https://www.lcsc.com/product-detail/C2661926.html","0402","Tape & Reel (TR)","1","120Ω@100MHz","±25%","190mΩ","500mA","-55℃~+125℃"
"C2661933","MU2029-221Y","BOURNS","5240","10","10","https://www.lcsc.com/product-detail/C2661933.html","0805","Tape & Reel (TR)","1","220Ω@100MHz","±25%","300mΩ","500mA","-55℃~+125℃"
"C2661947","BLM15GG221SZ1D","muRata","3010","5","5","https://www.lcsc.com/product-detail/C2661947.html","0402","Tape & Reel (TR)","1","220Ω@100MHz","±25%","700mΩ","300mA","-55℃~+125℃"
"C2661959","BLM15HG601SH1D","muRata","6360","20","20","https://www.lcsc.com/product-detail/C2661959.html","0402","Tape & Reel (TR)","1","600Ω@100MHz","±25%","700mΩ","300mA","-55℃~+125℃"
"C2662025","BLM15EG221SH1D","muRata","1290","10","10","https://www.lcsc.com/product-detail/C2662025.html","0402","Tape & Reel (TR)","1","220Ω@100MHz","±25%","280mΩ","700mA","-55℃~+125℃"
"C2662026","MAF1005GAD352AT000","TDK","850","10","10","https://www.lcsc.com/product-detail/C2662026.html","0402","Tape & Reel (TR)","1","500Ω@100MHz","-","1.65Ω","270mA","-55℃~+125℃"
"C2680657","MAF1005GAD262AT000","TDK","7840","10","10","https://www.lcsc.com/product-detail/C2680657.html","0402","Tape & Reel (TR)","1","400Ω@100MHz","±25%","1.2Ω","300mA","-55℃~+125℃"
"C2683169","KPZ1608SHR221ATD25","TDK","3910","5","5","https://www.lcsc.com/product-detail/C2683169.html","0603","Tape & Reel (TR)","1","220Ω@100MHz","±25%","50mΩ","2.2A","-55℃~+150℃"
"C2683172","MMZ1005Y182CT000","TDK","3660","10","10","https://www.lcsc.com/product-detail/C2683172.html","0402","Tape & Reel (TR)","1","1.8kΩ@100MHz","±25%","850mΩ","150mA","-55℃~+125℃"
"C2833000","MAF1005GWZ102AT000","TDK","10030","10","10","https://www.lcsc.com/product-detail/C2833000.html","0402","Tape & Reel (TR)","","","","","150mA",""
"C2833717","MMZ1005D330CT000","TDK","19550","50","50","https://www.lcsc.com/product-detail/C2833717.html","0402","Tape & Reel (TR)","1","33Ω@100MHz","±25%","240mΩ","400mA","-55℃~+125℃"
"C2986272","NFZ15SG331SN11D","muRata","9710","10","10","https://www.lcsc.com/product-detail/C2986272.html","0402","Tape & Reel (TR)","1","330Ω@900MHz","-","300mΩ","300mA","-40℃~+85℃"
"C3011650","BLM18KG102SZ1D","muRata","15260","20","20","https://www.lcsc.com/product-detail/C3011650.html","0603","Tape & Reel (TR)","1","1kΩ@100MHz","±25%","200mΩ","800mA","-55℃~+125℃"
"C3716400","BLM18SP102SN1D","muRata","5820","5","5","https://www.lcsc.com/product-detail/C3716400.html","0603","Tape & Reel (TR)","1","1kΩ@100MHz","±25%","185mΩ","1.2A","-55℃~+125℃"
"C3716467","BLM15BD121SZ1D","muRata","7100","50","50","https://www.lcsc.com/product-detail/C3716467.html","0402","Tape & Reel (TR)","1","120Ω@100MHz","±25%","300mΩ","300mA","-55℃~+125℃"
"C3716513","BLM18DN601SH1D","muRata","3895","5","5","https://www.lcsc.com/product-detail/C3716513.html","0603","Tape & Reel (TR)","1","600Ω@100MHz","±30%","435mΩ","700mA","-55℃~+125℃"
"C3716538","MMZ1608SHE601ATD25","TDK","1970","10","10","https://www.lcsc.com/product-detail/C3716538.html","0603","Tape & Reel (TR)","1","600Ω@100MHz","±25%","350mΩ","500mA","-55℃~+150℃"
"C3716550","BLE18PS080BH1D","muRata","285","5","5","https://www.lcsc.com/product-detail/C3716550.html","0603","Tape & Reel (TR)","1","8.5Ω@100MHz","±25%","4mΩ","5A","-55℃~+150℃"
"C3716558","BLM15HB221SZ1D","muRata","9980","20","20","https://www.lcsc.com/product-detail/C3716558.html","0402","Tape & Reel (TR)","1","220Ω@100MHz","±25%","1Ω","250mA","-55℃~+125℃"
"C3716583","BLM18SP601SN1D","muRata","5670","5","5","https://www.lcsc.com/product-detail/C3716583.html","0603","Tape & Reel (TR)","1","600Ω@100MHz","±25%","140mΩ","1.5A","-55℃~+125℃"
"C3716631","BLM21SP111SZ1D","muRata","1035","5","5","https://www.lcsc.com/product-detail/C3716631.html","0805","Tape & Reel (TR)","1","110Ω@100MHz","±25%","13mΩ","5A","-55℃~+125℃"
"C3716637","ILBB0603ER600V","VISHAY","400","10","10","https://www.lcsc.com/product-detail/C3716637.html","0603","Tape & Reel (TR)","1","60Ω@100MHz","±25%","100mΩ","100mA","-55℃~+125℃"
"C3716677","BLM21SP601SN1D","muRata","3630","5","5","https://www.lcsc.com/product-detail/C3716677.html","0805","Tape & Reel (TR)","1","600Ω@100MHz","±25%","60mΩ","2.3A","-55℃~+125℃"
"C3716689","BLM18AG221BH1D","muRata","4000","10","10","https://www.lcsc.com/product-detail/C3716689.html","0603","Tape & Reel (TR)","1","220Ω@100MHz","±25%","250mΩ","700mA","-55℃~+150℃"
"C3716705","BLM18PG330SZ1D","muRata","2300","20","20","https://www.lcsc.com/product-detail/C3716705.html","0603","Tape & Reel (TR)","1","33Ω@100MHz","±25%","25mΩ","3A","-55℃~+125℃"
"C3716723","BLM18KN101EH1D","muRata","11545","5","5","https://www.lcsc.com/product-detail/C3716723.html","0603","Tape & Reel (TR)","1","100Ω@100MHz","±25%","30mΩ","1.9A","-55℃~+175℃"
"C3716747","BLM18SP300SH1D","muRata","3605","5","5","https://www.lcsc.com/product-detail/C3716747.html","0603","Tape & Reel (TR)","1","30Ω@100MHz","±10%","8mΩ","6A","-55℃~+125℃"
"C3716757","BLM21PG331BH1D","muRata","1630","5","5","https://www.lcsc.com/product-detail/C3716757.html","0805","Tape & Reel (TR)","1","330Ω@100MHz","±25%","70mΩ","1A","-55℃~+150℃"
"C3716766","BLM21BD222TH1D","muRata","3015","5","5","https://www.lcsc.com/product-detail/C3716766.html","0805","Tape & Reel (TR)","1","2.2kΩ@100MHz","±25%","600mΩ","200mA","-55℃~+125℃"
"C3716810","BLM15PE221SH1D","muRata","4080","20","20","https://www.lcsc.com/product-detail/C3716810.html","0402","Tape & Reel (TR)","1","220Ω@100MHz","±25%","170mΩ","1.1A","-55℃~+125℃"
"C3716829","BLM15HD601BH1D","muRata","9900","10","10","https://www.lcsc.com/product-detail/C3716829.html","0402","Tape & Reel (TR)","1","600Ω@100MHz","±25%","850mΩ","300mA","-55℃~+150℃"
"C3716913","BLE18PK160SN1D","muRata","2745","5","5","https://www.lcsc.com/product-detail/C3716913.html","0603","Tape & Reel (TR)","1","16Ω@100MHz","±25%","12mΩ","5A","-55℃~+125℃"
"C3717002","BLM18SP101SN1D","muRata","3955","5","5","https://www.lcsc.com/product-detail/C3717002.html","0603","Tape & Reel (TR)","1","100Ω@100MHz","±25%","22mΩ","3.7A","-55℃~+125℃"
"C3717088","BLM18DN601SZ1D","muRata","4305","5","5","https://www.lcsc.com/product-detail/C3717088.html","0603","Tape & Reel (TR)","1","600Ω@100MHz","±30%","435mΩ","700mA","-55℃~+125℃"
"C3764392","BLM21SP471SH1D","muRata","500","5","5","https://www.lcsc.com/product-detail/C3764392.html","0805","Tape & Reel (TR)","1","470Ω@100MHz","±25%","50mΩ","2.5A","-55℃~+125℃"
"C3764403","BLM15AX221SZ1D","muRata","550","50","50","https://www.lcsc.com/product-detail/C3764403.html","0402","Tape & Reel (TR)","1","220Ω@100MHz","±25%","180mΩ","600mA","-55℃~+125℃"
"C3764407","BLE18PS080SN1D","muRata","2370","5","5","https://www.lcsc.com/product-detail/C3764407.html","0603","Tape & Reel (TR)","1","8.5Ω@100MHz","±25%","4mΩ","5A","-55℃~+125℃"
"C3764418","BLM15PE601SH1D","muRata","4180","20","20","https://www.lcsc.com/product-detail/C3764418.html","0402","Tape & Reel (TR)","1","600Ω@100MHz","±25%","400mΩ","700mA","-55℃~+125℃"
"C3764460","BLM21AG471BH1D","muRata","350","5","5","https://www.lcsc.com/product-detail/C3764460.html","0805","Tape & Reel (TR)","1","470Ω@100MHz","±25%","180mΩ","700mA","-55℃~+150℃"
"C3764469","BLM18SP221SZ1D","muRata","3045","5","5","https://www.lcsc.com/product-detail/C3764469.html","0603","Tape & Reel (TR)","1","220Ω@100MHz","±25%","40mΩ","2.8A","-55℃~+125℃"
"C3764477","BLM18SP221SN1D","muRata","4030","5","5","https://www.lcsc.com/product-detail/C3764477.html","0603","Tape & Reel (TR)","1","220Ω@100MHz","±25%","40mΩ","1.9A","-55℃~+125℃"
"C3764529","BLM15BD102SZ1D","muRata","7550","50","50","https://www.lcsc.com/product-detail/C3764529.html","0402","Tape & Reel (TR)","1","1kΩ@100MHz","±25%","900mΩ","200mA","-55℃~+125℃"
"C5119332","MMZ1608R471ATD25","TDK","1170","10","10","https://www.lcsc.com/product-detail/C5119332.html","0603","Tape & Reel (TR)","1","470Ω@100MHz","±25%","300mΩ","500mA","-55℃~+125℃"
"C5143540","BLM21SP700SZ1D","muRata","2215","5","5","https://www.lcsc.com/product-detail/C5143540.html","0805","Tape & Reel (TR)","1","70Ω@100MHz","±25%","9mΩ","6A","-55℃~+125℃"
"C5331015","MPZ1005A151ET000","TDK","11260","20","20","https://www.lcsc.com/product-detail/C5331015.html","0402","Tape & Reel (TR)","1","150Ω@100MHz","±25%","180mΩ","800mA","-55℃~+125℃"
"C5374769","BLM18HE102SH1D","muRata","2750","5","5","https://www.lcsc.com/product-detail/C5374769.html","0603","Tape & Reel (TR)","1","1kΩ@100MHz","±25%","350mΩ","600mA","-55℃~+125℃"
"C5374773","BLM21SP181SN1D","muRata","5125","5","5","https://www.lcsc.com/product-detail/C5374773.html","0805","Tape & Reel (TR)","1","180Ω@100MHz","±25%","20mΩ","4A","-55℃~+125℃"
"C5558001","BMC1JY0052AN","TE Connectivity","990","10","10","https://www.lcsc.com/product-detail/C5558001.html","0603","Tape & Reel (TR)","1","52Ω@100MHz","±25%","150mΩ","400mA","-55℃~+125℃"
"C5558745","BLM21SP331BH1D","muRata","4010","5","5","https://www.lcsc.com/product-detail/C5558745.html","0805","Tape & Reel (TR)","1","330Ω@100MHz","±25%","40mΩ","2.8A","-55℃~+150℃"
"C5578407","BLM21SP601BH1D","muRata","2730","5","5","https://www.lcsc.com/product-detail/C5578407.html","0805","Tape & Reel (TR)","1","600Ω@100MHz","±25%","60mΩ","2.3A","-55℃~+150℃"
"C5598068","BLM15HD601SH1D","muRata","3000","50","50","https://www.lcsc.com/product-detail/C5598068.html","0402","Tape & Reel (TR)","1","600Ω@100MHz","±25%","850mΩ","300mA","-55℃~+125℃"
"C5598104","BLM21SP700SN1D","muRata","3190","5","5","https://www.lcsc.com/product-detail/C5598104.html","0805","Tape & Reel (TR)","1","70Ω@100MHz","±25%","9mΩ","6A","-55℃~+125℃"
"C5657097","ILHB0603ER600V","VISHAY","3565","5","5","https://www.lcsc.com/product-detail/C5657097.html","0603","Tape & Reel (TR)","1","60Ω@100MHz","±25%","100mΩ","3A","-55℃~+125℃"
"C5954453","BMC1EY0070AN","TE Connectivity","2630","10","10","https://www.lcsc.com/product-detail/C5954453.html","0402","Tape & Reel (TR)","1","70Ω@100MHz","±25%","400mΩ","200mA","-55℃~+125℃"
"C6131963","BLM15PE331SH1D","muRata","9980","20","20","https://www.lcsc.com/product-detail/C6131963.html","0402","Tape & Reel (TR)","1","330Ω@100MHz","±25%","210mΩ","1A","-55℃~+125℃"
"C6131972","BLM21HE472SN1L","muRata","1430","5","5","https://www.lcsc.com/product-detail/C6131972.html","0805","Tape & Reel (TR)","1","4.7kΩ@100MHz","±25%","400mΩ","850mA","-55℃~+125℃"
"C6131973","BLM21HE802SN1L","muRata","650","5","5","https://www.lcsc.com/product-detail/C6131973.html","0805","Tape & Reel (TR)","1","8kΩ@100MHz","±25%","900mΩ","650mA","-55℃~+125℃"
"C6294426","MAF1005PAD120CT000","TDK","230","5","5","https://www.lcsc.com/product-detail/C6294426.html","0402","Tape & Reel (TR)","1","12Ω@900MHz","-","9mΩ","6A","-55℃~+125℃"
"C6491643","ABPY00201209601Y00","PULSE","230","5","5","https://www.lcsc.com/product-detail/C6491643.html","0805","Tape & Reel (TR)","1","600Ω@100MHz","±25%","100mΩ","2A","-55℃~+125℃"
"C6673658","MMZ1005F181ET000","TDK","9820","20","20","https://www.lcsc.com/product-detail/C6673658.html","0402","Tape & Reel (TR)","1","180Ω@100MHz","±25%","1.6Ω","200mA","-55℃~+125℃"
"C6750922","BBPY00201209221Y00","PULSE","2890","10","10","https://www.lcsc.com/product-detail/C6750922.html","0805","Tape & Reel (TR)","1","220Ω@100MHz","±25%","80mΩ","2A","-55℃~+125℃"
"C6752654","BLM21AG121SZ1D","muRata","3475","5","5","https://www.lcsc.com/product-detail/C6752654.html","0805","Tape & Reel (TR)","1","120Ω@100MHz","±25%","90mΩ","1A","-55℃~+125℃"
"C6752658","BLM21HE122BH1L","muRata","480","5","5","https://www.lcsc.com/product-detail/C6752658.html","0805","Tape & Reel (TR)","1","1.2kΩ@100MHz","±25%","110mΩ","-","-55℃~+150℃"
"C6868431","BBPY00160808600Y00","PULSE","380","20","20","https://www.lcsc.com/product-detail/C6868431.html","0603","Tape & Reel (TR)","1","60Ω@100MHz","±25%","40mΩ","3A","-55℃~+125℃"
"C6869200","BLM18BD152BH1D","muRata","2560","20","20","https://www.lcsc.com/product-detail/C6869200.html","0603","Tape & Reel (TR)","1","1.5kΩ@100MHz","±25%","1.2Ω","150mA","-55℃~+150℃"
"C6869202","BLM21HE601SH1L","muRata","2490","5","5","https://www.lcsc.com/product-detail/C6869202.html","0805","Tape & Reel (TR)","1","600Ω@100MHz","±25%","55mΩ","2.3A","-55℃~+125℃"
"C6869204","BLM21SP111BH1D","muRata","300","1","1","https://www.lcsc.com/product-detail/C6869204.html","0805","Tape & Reel (TR)","1","110Ω@100MHz","±25%","13mΩ","5A","-55℃~+150℃"
"C6968654","ILBB0805ER320V","VISHAY","3150","10","10","https://www.lcsc.com/product-detail/C6968654.html","0805","Tape & Reel (TR)","1","32Ω@100MHz","±25%","300mΩ","200mA","-55℃~+125℃"
"C7212526","KMZ1608YHR152BTD25","TDK","3050","5","5","https://www.lcsc.com/product-detail/C7212526.html","0603","Tape & Reel (TR)","1","1.5kΩ@100MHz","±25%","600mΩ","300mA","-55℃~+150℃"
"C7303942","MMZ1005D121ET000","TDK","9100","50","50","https://www.lcsc.com/product-detail/C7303942.html","0402","Tape & Reel (TR)","1","120Ω@100MHz","±25%","700mΩ","300mA","-55℃~+125℃"
"C7509786","BLM15PX121BH1D","muRata","1490","5","5","https://www.lcsc.com/product-detail/C7509786.html","0402","Tape & Reel (TR)","1","120Ω@100MHz","±25%","55mΩ","2A","-55℃~+150℃"
"C7509791","BLM15PX121SH1D","muRata","1165","5","5","https://www.lcsc.com/product-detail/C7509791.html","0402","Tape & Reel (TR)","1","120Ω@100MHz","±25%","55mΩ","2A","-55℃~+125℃"
"C7509800","BLM15PX221BH1D","muRata","9365","5","5","https://www.lcsc.com/product-detail/C7509800.html","0402","Tape & Reel (TR)","1","220Ω@100MHz","±25%","100mΩ","1.4A","-55℃~+150℃"
"C7509803","BLM15PX221SH1D","muRata","24425","5","5","https://www.lcsc.com/product-detail/C7509803.html","0402","Tape & Reel (TR)","1","220Ω@100MHz","±25%","100mΩ","1.4A","-55℃~+125℃"
"C7509827","BLM15PX600SH1D","muRata","320","5","5","https://www.lcsc.com/product-detail/C7509827.html","0402","Tape & Reel (TR)","1","60Ω@100MHz","±25%","32mΩ","2.5A","-55℃~+125℃"
"C7509833","BLM15PX601SH1D","muRata","10095","5","5","https://www.lcsc.com/product-detail/C7509833.html","0402","Tape & Reel (TR)","1","600Ω@100MHz","±25%","230mΩ","900mA","-55℃~+125℃"
"C23478986","BMC2AY0220AN","TE Connectivity","300","5","5","https://www.lcsc.com/product-detail/C23478986.html","0805","Bag-packed","-","-","±25%","-","-","-"
"C24089940","BMC2AY0300AG","TE Connectivity","290","5","5","https://www.lcsc.com/product-detail/C24089940.html","0805","Bag-packed","1","300Ω@100MHz","±25%","50mΩ","3A","-55℃~+125℃"
"C24500226","MH2029-300T","BOURNS","600","10","10","https://www.lcsc.com/product-detail/C24500226.html","0805","Tape & Reel (TR)","-","30Ω@100MHz","±25%","4mΩ","8.5A","-55℃~+125℃"
"C26836726","BBPY00100505121Y00","PULSE","4140","20","20","https://www.lcsc.com/product-detail/C26836726.html","0402","Tape & Reel (TR)","-","120Ω@100MHz","±25%","90mΩ","1.4A","-55℃~+125℃"
"C41519026","BLM21PG102SH1D","muRata","300","5","5","https://www.lcsc.com/product-detail/C41519026.html","0805","Tape & Reel (TR)","","","","","",""
"C41556732","BLM21PG601SN1D","muRata","990","5","5","https://www.lcsc.com/product-detail/C41556732.html","0805","Tape & Reel (TR)","1","600Ω@100MHz","±25%","140mΩ","1.4A","-55℃~+125℃"
"C41747050","BLM21PG601SH1D","muRata","425","5","5","https://www.lcsc.com/product-detail/C41747050.html","0805","Tape & Reel (TR)","","","","","",""
"C42271794","BLM21PG102SN1D","muRata","3750","10","10","https://www.lcsc.com/product-detail/C42271794.html","0805","Tape & Reel (TR)","1","1kΩ@100MHz","±25%","200mΩ","1.15A","-55℃~+125℃"
