[2026-08-19T10:20:22] BEGIN combined ferrite and Zener symbol update
[2026-08-19T10:20:22] INPUT kind=ferrite library=C:\KiCad\9.0\symbols\PL Magnetics Ferrite\PL Magnetics Ferrite.kicad_sym bytes=7077 sha256=0932ad16713fdbfd7def886d56669b60962d45e12c10272c3c3eff2bf96f0487 symbols=2
[2026-08-19T10:20:22] INPUT kind=zener library=C:\KiCad\9.0\symbols\PL Diode Zener\PL Diode Zener.kicad_sym bytes=28043 sha256=750d719609d7960bd74c9cc3539e95d920f49347a63825104fc87645d311291e symbols=11
[2026-08-19T10:20:22] FOOTPRINT kind=ferrite package=0402 path=C:\KiCad\9.0\footprints\PL Magnetics Ferrite\PL Magnetics Ferrite.pretty\FL0402.kicad_mod sha256=c8beca4f0a4510fda1c37907b31ac50829ef2825dbc10978412133c03eef33ff
[2026-08-19T10:20:22] FOOTPRINT kind=ferrite package=0603 path=C:\KiCad\9.0\footprints\PL Magnetics Ferrite\PL Magnetics Ferrite.pretty\FL0603.kicad_mod sha256=141b45d62dd04599214d12ff6b626168e94f2e667b40642c8cbb09b02fb3f958
[2026-08-19T10:20:22] FOOTPRINT kind=ferrite package=0805 path=C:\KiCad\9.0\footprints\PL Magnetics Ferrite\PL Magnetics Ferrite.pretty\FL0805.kicad_mod sha256=413f11259c7ad2cac41467f9829ee781d62e3d5a886f2e8b9e180ea7ed41cde1
[2026-08-19T10:20:22] FOOTPRINT kind=zener package=SOT-23 path=C:\KiCad\9.0\footprints\PL Diode Zener\PL Diode Zener.pretty\SOT-23-3.kicad_mod sha256=453b51bf77ea13f8de3198ace28e476dd3dc6be59ddac2bf76d2da46787e919d
[2026-08-19T10:20:22] FOOTPRINT kind=zener package=SOD-123 path=C:\KiCad\9.0\footprints\PL Diode Zener\PL Diode Zener.pretty\D_SOD-123.kicad_mod sha256=21a4ce7e31b1771a00ec4456488e7d973447246d238bbf5147071c46851bab81
[2026-08-19T10:20:22] FOOTPRINT kind=zener package=SOD-323 path=C:\KiCad\9.0\footprints\PL Diode Zener\PL Diode Zener.pretty\SOD-323.kicad_mod sha256=da1f563b10549a91731791b4d121d34f15dff7d2acf25c8a12c6a8739650d261
[2026-08-19T10:20:23] PDF kind=zener source=C:\Users\larsk\Downloads\f099154a6640c0e8db3f25979c3cb868.pdf destination=RplusO_BZX84C_SOT23_Zener_Diodes.pdf pages=4 bytes=211257 sha256=a65683624fb8339f543bc425912e7a72a24a98329b1abe997248f4bab1b3f28f
[2026-08-19T10:20:23] PDF kind=zener source=C:\Users\larsk\Downloads\26ade382493570f6ac7aa9df8c9e3d26.pdf destination=RplusO_MMSZ5221B_to_MMSZ5267B_SOD123_Zener_Diodes.pdf pages=5 bytes=427751 sha256=8894d63b414fbe8314e4e18e317b682da3265f03cc92ac8f6b0c39290733bcd2
[2026-08-19T10:20:23] PDF kind=zener source=C:\Users\larsk\Downloads\fd38dbf7891eeab523fe4c8bd002891d.pdf destination=RplusO_MMSZ5221BS_to_MMSZ5259BS_SOD323_Zener_Diodes.pdf pages=4 bytes=217894 sha256=e7454164572e2898569fd468a48bce5e987711981cc1baadea5eae99ef9ceb64
[2026-08-19T10:20:24] PDF kind=ferrite source=C:\Users\larsk\Downloads\fa365b03943947af82e802e86ce28761.pdf destination=Murata_BLM18PG121SN1D_Third_Party_Copy.pdf pages=18 bytes=302296 sha256=a27b3aa8822c9df2f05298b36226bf8d76e1a7a5eb1af0b0a5476a37a51d6196
[2026-08-19T10:20:24] PDF kind=ferrite source=C:\Users\larsk\Downloads\2d503a4b167da9bb5d0eb4a3fa711314.pdf destination=Murata_BLM18_0603_Chip_Ferrite_Beads.pdf pages=12 bytes=234104 sha256=f2b3b23d6ae4da86504c9a7e7893101bb1edb7bca93ec37ce86eff580ff8c099
[2026-08-19T10:20:24] PDF kind=ferrite source=C:\Users\larsk\Downloads\f85b01b3a1a015a5ec4a9f03876e0063.pdf destination=Murata_BLM15_0402_Chip_Ferrite_Beads.pdf pages=11 bytes=213790 sha256=72584e2b0fad42b4fd0fc45b175151fa42acab38f373431d3f726f55317918aa
[2026-08-19T10:20:24] PDF kind=ferrite source=C:\Users\larsk\Downloads\1addff62e5484bf39ea4690b7cc5dd21.pdf destination=Murata_BLM21_0805_Chip_Ferrite_Beads.pdf pages=11 bytes=251555 sha256=651645d072b5710a8594bf47864946d4432144ef3c6437a404b0de3349ef308e
[2026-08-19T10:20:25] PDF kind=ferrite source=C:\Users\larsk\Downloads\5525eadde63874e80c8e8f485485d5a6.pdf destination=TDK_MPZ1608_0603_Commercial_Power_Line_Chip_Beads.pdf pages=7 bytes=252210 sha256=248facf5bc65c85e0c5a74ce83ebf316bbf69a8de9ff04bc2422db49afdc680a
[2026-08-19T10:20:25] PDF kind=ferrite source=C:\Users\larsk\Downloads\97b8fd8f95d483658715dd96ac1acb6d.pdf destination=TDK_MPZ2012_0805_Automotive_Power_Line_Chip_Beads.pdf pages=4 bytes=239096 sha256=143ae0aef04553d143fec94e5bc5d2fe6f513bbfed074774858fa6630f3cdfb4
[2026-08-19T10:20:25] PDF kind=ferrite source=C:\Users\larsk\Downloads\faf431921010bd6151d84a7da591b5d1.pdf destination=TDK_MPZ2012_0805_Commercial_Power_Line_Chip_Beads.pdf pages=4 bytes=182044 sha256=c8b428baaacfffa1b685848153d1cfef1fb8702157b173093cd19f32d25a68bc
[2026-08-19T10:20:25] PDF kind=ferrite source=C:\Users\larsk\Downloads\b2aaeaa75f1b834be2cb67f1d33879f9.pdf destination=TDK_MMZ2012_0805_Automotive_Signal_Line_Chip_Beads.pdf pages=7 bytes=366873 sha256=5547e95740b599050736dd47180dd2758781a17a798dccedb618cd4c019b8170
[2026-08-19T10:20:26] PDF kind=ferrite source=C:\Users\larsk\Downloads\8be8f6f5db2d5d7d12a82d918651c4e9.pdf destination=TDK_MAF1005GW_0402_Audio_Noise_Suppression_Filter.pdf pages=4 bytes=201278 sha256=87c0b8331a838025024af130c51567bb0fb629955d283c19bc7c31406193be82
[2026-08-19T10:20:26] PDF kind=ferrite source=C:\Users\larsk\Downloads\7f0426ef046fbb06a31cef2ca0797607.pdf destination=Bourns_MH_High_Current_Chip_Ferrite_Beads.pdf pages=6 bytes=486993 sha256=f3f3d6673d40c3d41ec0370d82a9d06c9844c941c2aa22bc4ac644db6aa5c9d9
[2026-08-19T10:20:26] PDF kind=ferrite source=C:\Users\larsk\Downloads\c5eb2ab63e31dac1cfd52cdbf8919cc7.pdf destination=Murata_NFZ15SG_0402_Chip_Noise_Filter.pdf pages=9 bytes=221093 sha256=c977885ee2d0c6a814a9e8f343c3d515cbfb9346d1ee9f86b791352bd3af1fee
[2026-08-19T10:20:26] SOURCE file=C:\Users\larsk\Downloads\LCSCSearchDownload(73).csv rows=100 bytes=26565 sha256=c3d4793d6456d67038623690b8d5e96631407da7ce4dbe3d49465d24e7462438
[2026-08-19T10:20:26] SOURCE file=C:\Users\larsk\Downloads\LCSCSearchDownload(74).csv rows=100 bytes=26737 sha256=5ef98a215e445931106b8b5d7c9daaf3cbf1ba7067ad57b16e325a5b31105e42
[2026-08-19T10:20:26] SOURCE file=C:\Users\larsk\Downloads\LCSCSearchDownload(75).csv rows=100 bytes=26691 sha256=e8ff53eb8dee09aed1f64b3be1369c996f8b4b279807929bc3abd683941e4faa
[2026-08-19T10:20:26] SOURCE file=C:\Users\larsk\Downloads\LCSCSearchDownload(76).csv rows=100 bytes=26691 sha256=e8ff53eb8dee09aed1f64b3be1369c996f8b4b279807929bc3abd683941e4faa
[2026-08-19T10:20:26] SOURCE file=C:\Users\larsk\Downloads\LCSCSearchDownload(77).csv rows=100 bytes=26762 sha256=a62172eb8e8a7f2a6338837c4474f6d28439187726c121cf553303ce276422d5
[2026-08-19T10:20:26] SOURCE file=C:\Users\larsk\Downloads\LCSCSearchDownload(78).csv rows=100 bytes=26700 sha256=7b9261bb5d9a6ad8b02847d16c29e975388a97889ac9b56ee7855f054318f59e
[2026-08-19T10:20:26] SOURCE file=C:\Users\larsk\Downloads\LCSCSearchDownload(79).csv rows=100 bytes=26592 sha256=b44c4350762690324f72a156c2eff0d9301e56bec7a40ab962a3f71145405ef6
[2026-08-19T10:20:26] SOURCE file=C:\Users\larsk\Downloads\LCSCSearchDownload(57).csv rows=100 bytes=28964 sha256=4aaa59d14d345a385c794a565d6654f1349ddf89161b93ae0753467b68d3615e
[2026-08-19T10:20:26] SOURCE file=C:\Users\larsk\Downloads\LCSCSearchDownload(58).csv rows=100 bytes=28728 sha256=3326d2f7fbde5d39be3f40cd86a34d44da7ed9e2022336de02d4f5b1fe890323
[2026-08-19T10:20:26] SOURCE file=C:\Users\larsk\Downloads\LCSCSearchDownload(59).csv rows=100 bytes=28538 sha256=21e4175f282c9ada980c4ea1414d770b9aa146c956be8df59310a3a7dfada158
[2026-08-19T10:20:26] SOURCE file=C:\Users\larsk\Downloads\LCSCSearchDownload(60).csv rows=100 bytes=28596 sha256=0b32bcb2de2969bc61b23b08b439cb438171ca8ae116810ad7af29158747b9d2
[2026-08-19T10:20:26] SOURCE file=C:\Users\larsk\Downloads\LCSCSearchDownload(61).csv rows=100 bytes=29258 sha256=fd1f4f787e1ebca1ea56f142cd86064de92a3819b5817bd094e8f56f44473a93
[2026-08-19T10:20:26] SOURCE file=C:\Users\larsk\Downloads\LCSCSearchDownload(62).csv rows=100 bytes=28891 sha256=e6e7b4b4ec34bc9bfbc98da7868a58099dbd7faba8081c29bccf3c9d2545114d
[2026-08-19T10:20:26] SOURCE file=C:\Users\larsk\Downloads\LCSCSearchDownload(63).csv rows=100 bytes=28794 sha256=cb0a458632fa3fa4619c184544a45dc2d97bc6f39aaf7591a72692398c8cad4d
[2026-08-19T10:20:26] SOURCE file=C:\Users\larsk\Downloads\LCSCSearchDownload(64).csv rows=73 bytes=21346 sha256=7f23563d2acc1bc47b43181aec5abd0017eb438f51a1664ac06d77660b8b7dca
[2026-08-19T10:20:26] SOURCE file=C:\Users\larsk\Downloads\LCSCSearchDownload(65).csv rows=25 bytes=7514 sha256=9496c3f0deabacf92e79e0e71a66b26f66333b52d098bca323034d1cb30901ab
[2026-08-19T10:20:26] SOURCE file=C:\Users\larsk\Downloads\LCSCSearchDownload(66).csv rows=25 bytes=7514 sha256=9496c3f0deabacf92e79e0e71a66b26f66333b52d098bca323034d1cb30901ab
[2026-08-19T10:20:26] SOURCE file=C:\Users\larsk\Downloads\LCSCSearchDownload(67).csv rows=100 bytes=29362 sha256=d2b3f0cb5b02c7819ecc4f26b5e5b6a3cfafdf721aebf5fa5e2f03e34607c97d
[2026-08-19T10:20:26] SOURCE file=C:\Users\larsk\Downloads\LCSCSearchDownload(68).csv rows=100 bytes=29518 sha256=f17df641b46aa2c33b9f0388b39c2b9e626301c49dbd186b451f72371ed25c67
[2026-08-19T10:20:26] SOURCE file=C:\Users\larsk\Downloads\LCSCSearchDownload(69).csv rows=100 bytes=29264 sha256=5d78d10a89a722a23aa83bba7a0aaebf77bea91cd32db216a98d9cbee6f1ea80
[2026-08-19T10:20:26] SOURCE file=C:\Users\larsk\Downloads\LCSCSearchDownload(70).csv rows=100 bytes=29270 sha256=090a122668e9f77b4825a7ef4da8f4d47015f238955708c5142350faa45aabdc
[2026-08-19T10:20:26] SOURCE file=C:\Users\larsk\Downloads\LCSCSearchDownload(71).csv rows=100 bytes=29462 sha256=ffb005da89b0c13009fafbc576bc3a9c673b44adff533ad5aad80249653a1141
[2026-08-19T10:20:26] SOURCE file=C:\Users\larsk\Downloads\LCSCSearchDownload(72).csv rows=100 bytes=29176 sha256=4ac1ce46cbbc3ac91f8ce2adb23efeec29849d72b241e88c65013ca79d76cab2
[2026-08-19T10:20:26] DEDUP_DROP lcsc=C501996 mpn=MPZ1608Y101BTA00 source=LCSCSearchDownload(75).csv availability=10920 kept_source=LCSCSearchDownload(76).csv kept_availability=10920
[2026-08-19T10:20:26] DEDUP_DROP lcsc=C193412 mpn=MMZ1005S102HT000 source=LCSCSearchDownload(75).csv availability=10780 kept_source=LCSCSearchDownload(76).csv kept_availability=10780
[2026-08-19T10:20:26] DEDUP_DROP lcsc=C840592 mpn=MH2029-601Y source=LCSCSearchDownload(75).csv availability=10580 kept_source=LCSCSearchDownload(76).csv kept_availability=10580
[2026-08-19T10:20:26] DEDUP_DROP lcsc=C596497 mpn=BLM15BB220SN1D source=LCSCSearchDownload(75).csv availability=10550 kept_source=LCSCSearchDownload(76).csv kept_availability=10550
[2026-08-19T10:20:26] DEDUP_DROP lcsc=C442498 mpn=ILHB0805ER121V source=LCSCSearchDownload(75).csv availability=10310 kept_source=LCSCSearchDownload(76).csv kept_availability=10310
[2026-08-19T10:20:26] DEDUP_DROP lcsc=C337883 mpn=BLM21PG600SH1D source=LCSCSearchDownload(75).csv availability=10170 kept_source=LCSCSearchDownload(76).csv kept_availability=10170
[2026-08-19T10:20:26] DEDUP_DROP lcsc=C7509833 mpn=BLM15PX601SH1D source=LCSCSearchDownload(75).csv availability=10095 kept_source=LCSCSearchDownload(76).csv kept_availability=10095
[2026-08-19T10:20:26] DEDUP_DROP lcsc=C88964 mpn=BLM15GG471SN1D source=LCSCSearchDownload(75).csv availability=10040 kept_source=LCSCSearchDownload(76).csv kept_availability=10040
[2026-08-19T10:20:26] DEDUP_DROP lcsc=C2833000 mpn=MAF1005GWZ102AT000 source=LCSCSearchDownload(75).csv availability=10030 kept_source=LCSCSearchDownload(76).csv kept_availability=10030
[2026-08-19T10:20:26] DEDUP_DROP lcsc=C6131963 mpn=BLM15PE331SH1D source=LCSCSearchDownload(75).csv availability=9980 kept_source=LCSCSearchDownload(76).csv kept_availability=9980
[2026-08-19T10:20:26] DEDUP_DROP lcsc=C3716558 mpn=BLM15HB221SZ1D source=LCSCSearchDownload(75).csv availability=9980 kept_source=LCSCSearchDownload(76).csv kept_availability=9980
[2026-08-19T10:20:26] DEDUP_DROP lcsc=C840593 mpn=MH2029-300Y source=LCSCSearchDownload(75).csv availability=9960 kept_source=LCSCSearchDownload(76).csv kept_availability=9960
[2026-08-19T10:20:26] DEDUP_DROP lcsc=C710347 mpn=BLM15PX601SZ1D source=LCSCSearchDownload(75).csv availability=9960 kept_source=LCSCSearchDownload(76).csv kept_availability=9960
[2026-08-19T10:20:26] DEDUP_DROP lcsc=C432169 mpn=BLM18KG471SH1D source=LCSCSearchDownload(75).csv availability=9960 kept_source=LCSCSearchDownload(76).csv kept_availability=9960
[2026-08-19T10:20:26] DEDUP_DROP lcsc=C2661897 mpn=BLM18SG221TZ1D source=LCSCSearchDownload(75).csv availability=9915 kept_source=LCSCSearchDownload(76).csv kept_availability=9915
[2026-08-19T10:20:26] DEDUP_DROP lcsc=C3716829 mpn=BLM15HD601BH1D source=LCSCSearchDownload(75).csv availability=9900 kept_source=LCSCSearchDownload(76).csv kept_availability=9900
[2026-08-19T10:20:26] DEDUP_DROP lcsc=C710331 mpn=BLM15BB100SZ1D source=LCSCSearchDownload(75).csv availability=9900 kept_source=LCSCSearchDownload(76).csv kept_availability=9900
[2026-08-19T10:20:26] DEDUP_DROP lcsc=C560050 mpn=BLM15PX221SZ1D source=LCSCSearchDownload(75).csv availability=9880 kept_source=LCSCSearchDownload(76).csv kept_availability=9880
[2026-08-19T10:20:26] DEDUP_DROP lcsc=C6673658 mpn=MMZ1005F181ET000 source=LCSCSearchDownload(75).csv availability=9820 kept_source=LCSCSearchDownload(76).csv kept_availability=9820
[2026-08-19T10:20:26] DEDUP_DROP lcsc=C560060 mpn=BLM15AG601SN1D11 source=LCSCSearchDownload(75).csv availability=9800 kept_source=LCSCSearchDownload(76).csv kept_availability=9800
[2026-08-19T10:20:26] DEDUP_DROP lcsc=C531393 mpn=MAF1005GAD701DT000 source=LCSCSearchDownload(75).csv availability=9795 kept_source=LCSCSearchDownload(76).csv kept_availability=9795
[2026-08-19T10:20:26] DEDUP_DROP lcsc=C2986272 mpn=NFZ15SG331SN11D source=LCSCSearchDownload(75).csv availability=9710 kept_source=LCSCSearchDownload(76).csv kept_availability=9710
[2026-08-19T10:20:26] DEDUP_DROP lcsc=C710340 mpn=BLM15HD601SZ1D source=LCSCSearchDownload(75).csv availability=9400 kept_source=LCSCSearchDownload(76).csv kept_availability=9400
[2026-08-19T10:20:26] DEDUP_DROP lcsc=C7509800 mpn=BLM15PX221BH1D source=LCSCSearchDownload(75).csv availability=9365 kept_source=LCSCSearchDownload(76).csv kept_availability=9365
[2026-08-19T10:20:26] DEDUP_DROP lcsc=C193388 mpn=MMZ1005S601CTD25 source=LCSCSearchDownload(75).csv availability=9350 kept_source=LCSCSearchDownload(76).csv kept_availability=9350
[2026-08-19T10:20:26] DEDUP_DROP lcsc=C17141 mpn=BLM18BB121SN1D source=LCSCSearchDownload(75).csv availability=9260 kept_source=LCSCSearchDownload(76).csv kept_availability=9260
[2026-08-19T10:20:26] DEDUP_DROP lcsc=C560053 mpn=BLM18KG221BH1D source=LCSCSearchDownload(75).csv availability=9170 kept_source=LCSCSearchDownload(76).csv kept_availability=9170
[2026-08-19T10:20:26] DEDUP_DROP lcsc=C396652 mpn=BLM18KG121TZ1D source=LCSCSearchDownload(75).csv availability=9140 kept_source=LCSCSearchDownload(76).csv kept_availability=9140
[2026-08-19T10:20:26] DEDUP_DROP lcsc=C527619 mpn=BLM15EX221SN1D source=LCSCSearchDownload(75).csv availability=9120 kept_source=LCSCSearchDownload(76).csv kept_availability=9120
[2026-08-19T10:20:26] DEDUP_DROP lcsc=C7303942 mpn=MMZ1005D121ET000 source=LCSCSearchDownload(75).csv availability=9100 kept_source=LCSCSearchDownload(76).csv kept_availability=9100
[2026-08-19T10:20:26] DEDUP_DROP lcsc=C880687 mpn=MPZ1005F470ETD25 source=LCSCSearchDownload(75).csv availability=9060 kept_source=LCSCSearchDownload(76).csv kept_availability=9060
[2026-08-19T10:20:26] DEDUP_DROP lcsc=C76805 mpn=MMZ1005S800CT000 source=LCSCSearchDownload(75).csv availability=9025 kept_source=LCSCSearchDownload(76).csv kept_availability=9025
[2026-08-19T10:20:26] DEDUP_DROP lcsc=C165810 mpn=MPZ1005S221ETD25 source=LCSCSearchDownload(75).csv availability=9000 kept_source=LCSCSearchDownload(76).csv kept_availability=9000
[2026-08-19T10:20:26] DEDUP_DROP lcsc=C87552 mpn=MMZ1005Y601CT000 source=LCSCSearchDownload(75).csv availability=9000 kept_source=LCSCSearchDownload(76).csv kept_availability=9000
[2026-08-19T10:20:26] DEDUP_DROP lcsc=C668299 mpn=BLM15AX100SN1D source=LCSCSearchDownload(75).csv availability=8900 kept_source=LCSCSearchDownload(76).csv kept_availability=8900
[2026-08-19T10:20:26] DEDUP_DROP lcsc=C94131 mpn=BLM15BD221SN1D source=LCSCSearchDownload(75).csv availability=8800 kept_source=LCSCSearchDownload(76).csv kept_availability=8800
[2026-08-19T10:20:26] DEDUP_DROP lcsc=C560058 mpn=BLM18KG102BH1D source=LCSCSearchDownload(75).csv availability=8500 kept_source=LCSCSearchDownload(76).csv kept_availability=8500
[2026-08-19T10:20:26] DEDUP_DROP lcsc=C501997 mpn=MPZ1608D300BTA00 source=LCSCSearchDownload(75).csv availability=8500 kept_source=LCSCSearchDownload(76).csv kept_availability=8500
[2026-08-19T10:20:26] DEDUP_DROP lcsc=C404687 mpn=MPZ1005S121CTD25 source=LCSCSearchDownload(75).csv availability=8460 kept_source=LCSCSearchDownload(76).csv kept_availability=8460
[2026-08-19T10:20:26] DEDUP_DROP lcsc=C113025 mpn=BLM18EG221TN1D source=LCSCSearchDownload(75).csv availability=8430 kept_source=LCSCSearchDownload(76).csv kept_availability=8430
[2026-08-19T10:20:26] DEDUP_DROP lcsc=C160968 mpn=BLM15AX700SN1D source=LCSCSearchDownload(75).csv availability=8400 kept_source=LCSCSearchDownload(76).csv kept_availability=8400
[2026-08-19T10:20:26] DEDUP_DROP lcsc=C89458 mpn=MMZ1005F121ET000 source=LCSCSearchDownload(75).csv availability=8310 kept_source=LCSCSearchDownload(76).csv kept_availability=8310
[2026-08-19T10:20:26] DEDUP_DROP lcsc=C107326 mpn=MMZ1608R601ATA00 source=LCSCSearchDownload(75).csv availability=8200 kept_source=LCSCSearchDownload(76).csv kept_availability=8200
[2026-08-19T10:20:26] DEDUP_DROP lcsc=C1512132 mpn=BLM18SP102SH1D source=LCSCSearchDownload(75).csv availability=8160 kept_source=LCSCSearchDownload(76).csv kept_availability=8160
[2026-08-19T10:20:26] DEDUP_DROP lcsc=C307763 mpn=MMZ1608S102ATD25 source=LCSCSearchDownload(75).csv availability=8160 kept_source=LCSCSearchDownload(76).csv kept_availability=8160
[2026-08-19T10:20:26] DEDUP_DROP lcsc=C97851 mpn=BLM18BD121SN1D source=LCSCSearchDownload(75).csv availability=8160 kept_source=LCSCSearchDownload(76).csv kept_availability=8160
[2026-08-19T10:20:26] DEDUP_DROP lcsc=C165811 mpn=MPZ1005S221ET000 source=LCSCSearchDownload(75).csv availability=8150 kept_source=LCSCSearchDownload(76).csv kept_availability=8150
[2026-08-19T10:20:26] DEDUP_DROP lcsc=C275415 mpn=MMZ1005D221ET000 source=LCSCSearchDownload(75).csv availability=8063 kept_source=LCSCSearchDownload(76).csv kept_availability=8063
[2026-08-19T10:20:26] DEDUP_DROP lcsc=C275442 mpn=MMZ1608D800CTAH0 source=LCSCSearchDownload(75).csv availability=8040 kept_source=LCSCSearchDownload(76).csv kept_availability=8040
[2026-08-19T10:20:26] DEDUP_DROP lcsc=C1870222 mpn=MPZ1005S221HT000 source=LCSCSearchDownload(75).csv availability=8020 kept_source=LCSCSearchDownload(76).csv kept_availability=8020
[2026-08-19T10:20:26] DEDUP_DROP lcsc=C404684 mpn=MPZ1608D101BTD25 source=LCSCSearchDownload(75).csv availability=8000 kept_source=LCSCSearchDownload(76).csv kept_availability=8000
[2026-08-19T10:20:26] DEDUP_DROP lcsc=C2661668 mpn=BLM18BD222SH1D source=LCSCSearchDownload(75).csv availability=7940 kept_source=LCSCSearchDownload(76).csv kept_availability=7940
[2026-08-19T10:20:26] DEDUP_DROP lcsc=C275449 mpn=MMZ1608S202ATA00 source=LCSCSearchDownload(75).csv availability=7910 kept_source=LCSCSearchDownload(76).csv kept_availability=7910
[2026-08-19T10:20:26] DEDUP_DROP lcsc=C2661472 mpn=PE-0603PFB121ST source=LCSCSearchDownload(75).csv availability=7870 kept_source=LCSCSearchDownload(76).csv kept_availability=7870
[2026-08-19T10:20:26] DEDUP_DROP lcsc=C2661478 mpn=BLM18KG471SZ1D source=LCSCSearchDownload(75).csv availability=7850 kept_source=LCSCSearchDownload(76).csv kept_availability=7850
[2026-08-19T10:20:26] DEDUP_DROP lcsc=C275421 mpn=MMZ1005F560CT000 source=LCSCSearchDownload(75).csv availability=7850 kept_source=LCSCSearchDownload(76).csv kept_availability=7850
[2026-08-19T10:20:26] DEDUP_DROP lcsc=C2680657 mpn=MAF1005GAD262AT000 source=LCSCSearchDownload(75).csv availability=7840 kept_source=LCSCSearchDownload(76).csv kept_availability=7840
[2026-08-19T10:20:26] DEDUP_DROP lcsc=C113016 mpn=BLM18BB100SN1D source=LCSCSearchDownload(75).csv availability=7820 kept_source=LCSCSearchDownload(76).csv kept_availability=7820
[2026-08-19T10:20:26] DEDUP_DROP lcsc=C2661459 mpn=PE-0603FB601ST source=LCSCSearchDownload(75).csv availability=7700 kept_source=LCSCSearchDownload(76).csv kept_availability=7700
[2026-08-19T10:20:26] DEDUP_DROP lcsc=C527966 mpn=BLM21RK601SN1D source=LCSCSearchDownload(75).csv availability=7650 kept_source=LCSCSearchDownload(76).csv kept_availability=7650
[2026-08-19T10:20:26] DEDUP_DROP lcsc=C527991 mpn=BLM18KG221SH1D source=LCSCSearchDownload(75).csv availability=7580 kept_source=LCSCSearchDownload(76).csv kept_availability=7580
[2026-08-19T10:20:26] DEDUP_DROP lcsc=C3764529 mpn=BLM15BD102SZ1D source=LCSCSearchDownload(75).csv availability=7550 kept_source=LCSCSearchDownload(76).csv kept_availability=7550
[2026-08-19T10:20:26] DEDUP_DROP lcsc=C882963 mpn=BLM15BB121SH1D source=LCSCSearchDownload(75).csv availability=7550 kept_source=LCSCSearchDownload(76).csv kept_availability=7550
[2026-08-19T10:20:26] DEDUP_DROP lcsc=C160967 mpn=BLM15AG102SH1D source=LCSCSearchDownload(75).csv availability=7550 kept_source=LCSCSearchDownload(76).csv kept_availability=7550
[2026-08-19T10:20:26] DEDUP_DROP lcsc=C913447 mpn=BLM18SG260TZ1D source=LCSCSearchDownload(75).csv availability=7540 kept_source=LCSCSearchDownload(76).csv kept_availability=7540
[2026-08-19T10:20:26] DEDUP_DROP lcsc=C437406 mpn=BLM21AG601SH1D source=LCSCSearchDownload(75).csv availability=7480 kept_source=LCSCSearchDownload(76).csv kept_availability=7480
[2026-08-19T10:20:26] DEDUP_DROP lcsc=C76807 mpn=MMZ1005Y400CT000 source=LCSCSearchDownload(75).csv availability=7470 kept_source=LCSCSearchDownload(76).csv kept_availability=7470
[2026-08-19T10:20:26] DEDUP_DROP lcsc=C710370 mpn=BLM18KG101TH1D source=LCSCSearchDownload(75).csv availability=7440 kept_source=LCSCSearchDownload(76).csv kept_availability=7440
[2026-08-19T10:20:26] DEDUP_DROP lcsc=C87554 mpn=MPZ1608D101BTA00 source=LCSCSearchDownload(75).csv availability=7390 kept_source=LCSCSearchDownload(76).csv kept_availability=7390
[2026-08-19T10:20:26] DEDUP_DROP lcsc=C882961 mpn=BLM15AX121SN1D11 source=LCSCSearchDownload(75).csv availability=7250 kept_source=LCSCSearchDownload(76).csv kept_availability=7250
[2026-08-19T10:20:26] DEDUP_DROP lcsc=C3716467 mpn=BLM15BD121SZ1D source=LCSCSearchDownload(75).csv availability=7100 kept_source=LCSCSearchDownload(76).csv kept_availability=7100
[2026-08-19T10:20:26] DEDUP_DROP lcsc=C437410 mpn=BLM21PG121SH1D source=LCSCSearchDownload(75).csv availability=7100 kept_source=LCSCSearchDownload(76).csv kept_availability=7100
[2026-08-19T10:20:26] DEDUP_DROP lcsc=C136225 mpn=MMZ1608R301ATA00 source=LCSCSearchDownload(75).csv availability=7030 kept_source=LCSCSearchDownload(76).csv kept_availability=7030
[2026-08-19T10:20:26] DEDUP_DROP lcsc=C275422 mpn=MMZ1005F750ET000 source=LCSCSearchDownload(75).csv availability=6952 kept_source=LCSCSearchDownload(76).csv kept_availability=6952
[2026-08-19T10:20:26] DEDUP_DROP lcsc=C307756 mpn=MMZ1005AFZ151VT000 source=LCSCSearchDownload(75).csv availability=6900 kept_source=LCSCSearchDownload(76).csv kept_availability=6900
[2026-08-19T10:20:26] DEDUP_DROP lcsc=C531293 mpn=MMZ1608Y102BTD25 source=LCSCSearchDownload(75).csv availability=6780 kept_source=LCSCSearchDownload(76).csv kept_availability=6780
[2026-08-19T10:20:26] DEDUP_DROP lcsc=C596494 mpn=BLM18HE152SH1D source=LCSCSearchDownload(75).csv availability=6760 kept_source=LCSCSearchDownload(76).csv kept_availability=6760
[2026-08-19T10:20:26] DEDUP_DROP lcsc=C72904 mpn=BLM21PG331SH1D source=LCSCSearchDownload(75).csv availability=6760 kept_source=LCSCSearchDownload(76).csv kept_availability=6760
[2026-08-19T10:20:26] DEDUP_DROP lcsc=C275478 mpn=MPZ1005S121HT000 source=LCSCSearchDownload(75).csv availability=6750 kept_source=LCSCSearchDownload(76).csv kept_availability=6750
[2026-08-19T10:20:26] DEDUP_DROP lcsc=C710334 mpn=BLM15BD601SH1D source=LCSCSearchDownload(75).csv availability=6650 kept_source=LCSCSearchDownload(76).csv kept_availability=6650
[2026-08-19T10:20:26] DEDUP_DROP lcsc=C845116 mpn=ILHB0603ER121V source=LCSCSearchDownload(75).csv availability=6580 kept_source=LCSCSearchDownload(76).csv kept_availability=6580
[2026-08-19T10:20:26] DEDUP_DROP lcsc=C413959 mpn=BLM21BD152SN1D source=LCSCSearchDownload(75).csv availability=6450 kept_source=LCSCSearchDownload(76).csv kept_availability=6450
[2026-08-19T10:20:26] DEDUP_DROP lcsc=C307774 mpn=MPZ1608S471ATD25 source=LCSCSearchDownload(75).csv availability=6380 kept_source=LCSCSearchDownload(76).csv kept_availability=6380
[2026-08-19T10:20:26] DEDUP_DROP lcsc=C2661959 mpn=BLM15HG601SH1D source=LCSCSearchDownload(75).csv availability=6360 kept_source=LCSCSearchDownload(76).csv kept_availability=6360
[2026-08-19T10:20:26] DEDUP_DROP lcsc=C23568 mpn=BLM21BB121SN1D source=LCSCSearchDownload(75).csv availability=6340 kept_source=LCSCSearchDownload(76).csv kept_availability=6340
[2026-08-19T10:20:26] DEDUP_DROP lcsc=C160971 mpn=BLM15EX471SN1D source=LCSCSearchDownload(75).csv availability=6320 kept_source=LCSCSearchDownload(76).csv kept_availability=6320
[2026-08-19T10:20:26] DEDUP_DROP lcsc=C2661893 mpn=BLM21PG220SZ1D source=LCSCSearchDownload(75).csv availability=6300 kept_source=LCSCSearchDownload(76).csv kept_availability=6300
[2026-08-19T10:20:26] DEDUP_DROP lcsc=C265028 mpn=BLM18RK221SN1D source=LCSCSearchDownload(75).csv availability=6300 kept_source=LCSCSearchDownload(76).csv kept_availability=6300
[2026-08-19T10:20:26] DEDUP_DROP lcsc=C85836 mpn=BLM21AG151SN1D source=LCSCSearchDownload(75).csv availability=6260 kept_source=LCSCSearchDownload(76).csv kept_availability=6260
[2026-08-19T10:20:26] DEDUP_DROP lcsc=C2661475 mpn=BLM18AG471SH1D source=LCSCSearchDownload(75).csv availability=6240 kept_source=LCSCSearchDownload(76).csv kept_availability=6240
[2026-08-19T10:20:26] DEDUP_DROP lcsc=C160983 mpn=BLM18PG121SZ1D source=LCSCSearchDownload(75).csv availability=6220 kept_source=LCSCSearchDownload(76).csv kept_availability=6220
[2026-08-19T10:20:26] DEDUP_DROP lcsc=C710389 mpn=BLM18SD220SN1D source=LCSCSearchDownload(75).csv availability=6180 kept_source=LCSCSearchDownload(76).csv kept_availability=6180
[2026-08-19T10:20:26] DEDUP_DROP lcsc=C2661743 mpn=MMZ1005S182ETD25 source=LCSCSearchDownload(75).csv availability=6160 kept_source=LCSCSearchDownload(76).csv kept_availability=6160
[2026-08-19T10:20:26] DEDUP_DROP lcsc=C780187 mpn=MH1608-221Y source=LCSCSearchDownload(75).csv availability=6160 kept_source=LCSCSearchDownload(76).csv kept_availability=6160
[2026-08-19T10:20:26] DEDUP_DROP lcsc=C404680 mpn=MPZ1608Y101BTD25 source=LCSCSearchDownload(75).csv availability=6140 kept_source=LCSCSearchDownload(76).csv kept_availability=6140
[2026-08-19T10:20:26] DEDUP_DROP lcsc=C139473 mpn=MU1608-600Y source=LCSCSearchDownload(75).csv availability=6010 kept_source=LCSCSearchDownload(76).csv kept_availability=6010
[2026-08-19T10:20:26] DEDUP_DROP lcsc=C437409 mpn=BLM21BD272SH1L source=LCSCSearchDownload(75).csv availability=5970 kept_source=LCSCSearchDownload(76).csv kept_availability=5970
[2026-08-19T10:20:26] DEDUP_DROP lcsc=C275448 mpn=MMZ1608S102ATA00 source=LCSCSearchDownload(75).csv availability=5900 kept_source=LCSCSearchDownload(76).csv kept_availability=5900
[2026-08-19T10:20:26] DEDUP_DROP lcsc=C1533922 mpn=BLM21SP181BH1D source=LCSCSearchDownload(75).csv availability=5895 kept_source=LCSCSearchDownload(76).csv kept_availability=5895
[2026-08-19T10:20:26] DEDUP_DROP lcsc=C107331 mpn=MPZ1005S121CT000 source=LCSCSearchDownload(75).csv availability=5860 kept_source=LCSCSearchDownload(76).csv kept_availability=5860
[2026-08-19T10:20:26] DEDUP_DROP lcsc=C22395565 mpn=MMSZ5246BS source=LCSCSearchDownload(65).csv availability=339140 kept_source=LCSCSearchDownload(67).csv kept_availability=339140
[2026-08-19T10:20:26] DEDUP_DROP lcsc=C22395565 mpn=MMSZ5246BS source=LCSCSearchDownload(66).csv availability=339140 kept_source=LCSCSearchDownload(67).csv kept_availability=339140
[2026-08-19T10:20:26] DEDUP_DROP lcsc=C19077424 mpn=MMSZ5235B source=LCSCSearchDownload(65).csv availability=175900 kept_source=LCSCSearchDownload(67).csv kept_availability=175900
[2026-08-19T10:20:26] DEDUP_DROP lcsc=C19077424 mpn=MMSZ5235B source=LCSCSearchDownload(66).csv availability=175900 kept_source=LCSCSearchDownload(67).csv kept_availability=175900
[2026-08-19T10:20:26] DEDUP_DROP lcsc=C66198 mpn=MMSZ5231BT1G source=LCSCSearchDownload(65).csv availability=124440 kept_source=LCSCSearchDownload(67).csv kept_availability=124440
[2026-08-19T10:20:26] DEDUP_DROP lcsc=C66198 mpn=MMSZ5231BT1G source=LCSCSearchDownload(66).csv availability=124440 kept_source=LCSCSearchDownload(67).csv kept_availability=124440
[2026-08-19T10:20:26] DEDUP_DROP lcsc=C500776 mpn=MMSZ5242B-7-F source=LCSCSearchDownload(65).csv availability=117020 kept_source=LCSCSearchDownload(67).csv kept_availability=117020
[2026-08-19T10:20:26] DEDUP_DROP lcsc=C500776 mpn=MMSZ5242B-7-F source=LCSCSearchDownload(66).csv availability=117020 kept_source=LCSCSearchDownload(67).csv kept_availability=117020
[2026-08-19T10:20:26] DEDUP_DROP lcsc=C2126 mpn=MMSZ5245B source=LCSCSearchDownload(65).csv availability=112840 kept_source=LCSCSearchDownload(67).csv kept_availability=112840
[2026-08-19T10:20:26] DEDUP_DROP lcsc=C2126 mpn=MMSZ5245B source=LCSCSearchDownload(66).csv availability=112840 kept_source=LCSCSearchDownload(67).csv kept_availability=112840
[2026-08-19T10:20:26] DEDUP_DROP lcsc=C19077428 mpn=MMSZ5245B source=LCSCSearchDownload(65).csv availability=96740 kept_source=LCSCSearchDownload(67).csv kept_availability=96740
[2026-08-19T10:20:26] DEDUP_DROP lcsc=C19077428 mpn=MMSZ5245B source=LCSCSearchDownload(66).csv availability=96740 kept_source=LCSCSearchDownload(67).csv kept_availability=96740
[2026-08-19T10:20:26] DEDUP_DROP lcsc=C150760 mpn=MMSZ5236B-7-F source=LCSCSearchDownload(65).csv availability=83760 kept_source=LCSCSearchDownload(67).csv kept_availability=83760
[2026-08-19T10:20:26] DEDUP_DROP lcsc=C150760 mpn=MMSZ5236B-7-F source=LCSCSearchDownload(66).csv availability=83760 kept_source=LCSCSearchDownload(67).csv kept_availability=83760
[2026-08-19T10:20:26] DEDUP_DROP lcsc=C19077426 mpn=MMSZ5242B source=LCSCSearchDownload(65).csv availability=82800 kept_source=LCSCSearchDownload(67).csv kept_availability=82800
[2026-08-19T10:20:26] DEDUP_DROP lcsc=C19077426 mpn=MMSZ5242B source=LCSCSearchDownload(66).csv availability=82800 kept_source=LCSCSearchDownload(67).csv kept_availability=82800
[2026-08-19T10:20:26] DEDUP_DROP lcsc=C85181 mpn=MMSZ5231B-7-F source=LCSCSearchDownload(65).csv availability=64560 kept_source=LCSCSearchDownload(67).csv kept_availability=64560
[2026-08-19T10:20:26] DEDUP_DROP lcsc=C85181 mpn=MMSZ5231B-7-F source=LCSCSearchDownload(66).csv availability=64560 kept_source=LCSCSearchDownload(67).csv kept_availability=64560
[2026-08-19T10:20:26] DEDUP_DROP lcsc=C236103 mpn=MMSZ5237BT1G source=LCSCSearchDownload(65).csv availability=63350 kept_source=LCSCSearchDownload(67).csv kept_availability=63350
[2026-08-19T10:20:26] DEDUP_DROP lcsc=C236103 mpn=MMSZ5237BT1G source=LCSCSearchDownload(66).csv availability=63350 kept_source=LCSCSearchDownload(67).csv kept_availability=63350
[2026-08-19T10:20:26] DEDUP_DROP lcsc=C19077433 mpn=MMSZ5256B source=LCSCSearchDownload(65).csv availability=60200 kept_source=LCSCSearchDownload(67).csv kept_availability=60200
[2026-08-19T10:20:26] DEDUP_DROP lcsc=C19077433 mpn=MMSZ5256B source=LCSCSearchDownload(66).csv availability=60200 kept_source=LCSCSearchDownload(67).csv kept_availability=60200
[2026-08-19T10:20:26] DEDUP_DROP lcsc=C19077423 mpn=MMSZ5232B source=LCSCSearchDownload(65).csv availability=57150 kept_source=LCSCSearchDownload(67).csv kept_availability=57150
[2026-08-19T10:20:26] DEDUP_DROP lcsc=C19077423 mpn=MMSZ5232B source=LCSCSearchDownload(66).csv availability=57150 kept_source=LCSCSearchDownload(67).csv kept_availability=57150
[2026-08-19T10:20:26] DEDUP_DROP lcsc=C21554 mpn=MMSZ5232B source=LCSCSearchDownload(65).csv availability=49820 kept_source=LCSCSearchDownload(67).csv kept_availability=49820
[2026-08-19T10:20:26] DEDUP_DROP lcsc=C21554 mpn=MMSZ5232B source=LCSCSearchDownload(66).csv availability=49820 kept_source=LCSCSearchDownload(67).csv kept_availability=49820
[2026-08-19T10:20:26] DEDUP_DROP lcsc=C22395558 mpn=MMSZ5239B source=LCSCSearchDownload(65).csv availability=49000 kept_source=LCSCSearchDownload(67).csv kept_availability=49000
[2026-08-19T10:20:26] DEDUP_DROP lcsc=C22395558 mpn=MMSZ5239B source=LCSCSearchDownload(66).csv availability=49000 kept_source=LCSCSearchDownload(67).csv kept_availability=49000
[2026-08-19T10:20:26] DEDUP_DROP lcsc=C19077431 mpn=MMSZ5250B source=LCSCSearchDownload(65).csv availability=47840 kept_source=LCSCSearchDownload(67).csv kept_availability=47840
[2026-08-19T10:20:26] DEDUP_DROP lcsc=C19077431 mpn=MMSZ5250B source=LCSCSearchDownload(66).csv availability=47840 kept_source=LCSCSearchDownload(67).csv kept_availability=47840
[2026-08-19T10:20:26] DEDUP_DROP lcsc=C129730 mpn=MMSZ5245BT1G source=LCSCSearchDownload(65).csv availability=44500 kept_source=LCSCSearchDownload(67).csv kept_availability=44500
[2026-08-19T10:20:26] DEDUP_DROP lcsc=C129730 mpn=MMSZ5245BT1G source=LCSCSearchDownload(66).csv availability=44500 kept_source=LCSCSearchDownload(67).csv kept_availability=44500
[2026-08-19T10:20:26] DEDUP_DROP lcsc=C235771 mpn=MMSZ5226BT1G source=LCSCSearchDownload(65).csv availability=41820 kept_source=LCSCSearchDownload(67).csv kept_availability=41820
[2026-08-19T10:20:26] DEDUP_DROP lcsc=C235771 mpn=MMSZ5226BT1G source=LCSCSearchDownload(66).csv availability=41820 kept_source=LCSCSearchDownload(67).csv kept_availability=41820
[2026-08-19T10:20:26] DEDUP_DROP lcsc=C151060 mpn=MMSZ5240B-7-F source=LCSCSearchDownload(65).csv availability=40900 kept_source=LCSCSearchDownload(67).csv kept_availability=40900
[2026-08-19T10:20:26] DEDUP_DROP lcsc=C151060 mpn=MMSZ5240B-7-F source=LCSCSearchDownload(66).csv availability=40900 kept_source=LCSCSearchDownload(67).csv kept_availability=40900
[2026-08-19T10:20:26] DEDUP_DROP lcsc=C21567 mpn=MMSZ5242B source=LCSCSearchDownload(65).csv availability=37400 kept_source=LCSCSearchDownload(67).csv kept_availability=37400
[2026-08-19T10:20:26] DEDUP_DROP lcsc=C21567 mpn=MMSZ5242B source=LCSCSearchDownload(66).csv availability=37400 kept_source=LCSCSearchDownload(67).csv kept_availability=37400
[2026-08-19T10:20:26] DEDUP_DROP lcsc=C2127 mpn=MMSZ5248B source=LCSCSearchDownload(65).csv availability=36880 kept_source=LCSCSearchDownload(67).csv kept_availability=36880
[2026-08-19T10:20:26] DEDUP_DROP lcsc=C2127 mpn=MMSZ5248B source=LCSCSearchDownload(66).csv availability=36880 kept_source=LCSCSearchDownload(67).csv kept_availability=36880
[2026-08-19T10:20:26] DEDUP_DROP lcsc=C3031842 mpn=MMSZ5240BS source=LCSCSearchDownload(65).csv availability=36820 kept_source=LCSCSearchDownload(67).csv kept_availability=36820
[2026-08-19T10:20:26] DEDUP_DROP lcsc=C3031842 mpn=MMSZ5240BS source=LCSCSearchDownload(66).csv availability=36820 kept_source=LCSCSearchDownload(67).csv kept_availability=36820
[2026-08-19T10:20:26] DEDUP_DROP lcsc=C891728 mpn=MMSZ5239BT1G source=LCSCSearchDownload(65).csv availability=36150 kept_source=LCSCSearchDownload(67).csv kept_availability=36150
[2026-08-19T10:20:26] DEDUP_DROP lcsc=C891728 mpn=MMSZ5239BT1G source=LCSCSearchDownload(66).csv availability=36150 kept_source=LCSCSearchDownload(67).csv kept_availability=36150
[2026-08-19T10:20:26] DEDUP_DROP lcsc=C19077422 mpn=MMSZ5231B source=LCSCSearchDownload(65).csv availability=35450 kept_source=LCSCSearchDownload(67).csv kept_availability=35450
[2026-08-19T10:20:26] DEDUP_DROP lcsc=C19077422 mpn=MMSZ5231B source=LCSCSearchDownload(66).csv availability=35450 kept_source=LCSCSearchDownload(67).csv kept_availability=35450
[2026-08-19T10:20:26] DEDUP_DROP lcsc=C22399896 mpn=MMSZ5229B source=LCSCSearchDownload(65).csv availability=32520 kept_source=LCSCSearchDownload(67).csv kept_availability=32520
[2026-08-19T10:20:26] DEDUP_DROP lcsc=C22399896 mpn=MMSZ5229B source=LCSCSearchDownload(66).csv availability=32520 kept_source=LCSCSearchDownload(67).csv kept_availability=32520
[2026-08-19T10:20:26] DEDUP_DROP lcsc=C22395560 mpn=MMSZ5251B source=LCSCSearchDownload(65).csv availability=31550 kept_source=LCSCSearchDownload(67).csv kept_availability=31550
[2026-08-19T10:20:26] DEDUP_DROP lcsc=C22395560 mpn=MMSZ5251B source=LCSCSearchDownload(66).csv availability=31550 kept_source=LCSCSearchDownload(67).csv kept_availability=31550
[2026-08-19T10:20:26] EXCLUDE kind=ferrite lcsc=C14709 mpn=BLM18PG121SN1D reasons=mpn_not_in_datasheet
[2026-08-19T10:20:26] EXCLUDE kind=ferrite lcsc=C15014 mpn=MMZ2012S601AT000 reasons=no_local_datasheet
[2026-08-19T10:20:26] EXCLUDE kind=ferrite lcsc=C17305 mpn=BLM18PG300SN1D reasons=no_local_datasheet
[2026-08-19T10:20:26] EXCLUDE kind=ferrite lcsc=C18305 mpn=BLM21PG600SN1D reasons=no_local_datasheet
[2026-08-19T10:20:26] EXCLUDE kind=ferrite lcsc=C20345 mpn=BLM18EG601SN1D reasons=no_local_datasheet
[2026-08-19T10:20:26] EXCLUDE kind=ferrite lcsc=C21516 mpn=BLM15HD102SN1D reasons=no_local_datasheet
[2026-08-19T10:20:26] EXCLUDE kind=ferrite lcsc=C23568 mpn=BLM21BB121SN1D reasons=no_local_datasheet
[2026-08-19T10:20:26] EXCLUDE kind=ferrite lcsc=C37751 mpn=BLM21BD102SN1D reasons=no_local_datasheet
[2026-08-19T10:20:26] EXCLUDE kind=ferrite lcsc=C72904 mpn=BLM21PG331SH1D reasons=no_local_datasheet
[2026-08-19T10:20:26] EXCLUDE kind=ferrite lcsc=C73225 mpn=BLM18AG601SH1D reasons=no_local_datasheet
[2026-08-19T10:20:26] EXCLUDE kind=ferrite lcsc=C76802 mpn=MMZ1005A152ET000 reasons=no_local_datasheet
[2026-08-19T10:20:26] EXCLUDE kind=ferrite lcsc=C76804 mpn=MMZ1005S601CT000 reasons=no_local_datasheet
[2026-08-19T10:20:26] EXCLUDE kind=ferrite lcsc=C76805 mpn=MMZ1005S800CT000 reasons=no_local_datasheet
[2026-08-19T10:20:26] EXCLUDE kind=ferrite lcsc=C76807 mpn=MMZ1005Y400CT000 reasons=no_local_datasheet
[2026-08-19T10:20:26] EXCLUDE kind=ferrite lcsc=C76808 mpn=MMZ1608D500CTAH0 reasons=no_local_datasheet
[2026-08-19T10:20:26] EXCLUDE kind=ferrite lcsc=C76813 mpn=MPZ1005S600CT000 reasons=no_local_datasheet
[2026-08-19T10:20:26] EXCLUDE kind=ferrite lcsc=C76888 mpn=BLM15HD182SN1D reasons=no_local_datasheet
[2026-08-19T10:20:26] EXCLUDE kind=ferrite lcsc=C76889 mpn=BLM15HG102SN1D reasons=no_local_datasheet
[2026-08-19T10:20:26] EXCLUDE kind=ferrite lcsc=C76890 mpn=BLM15HG601SN1D reasons=no_local_datasheet
[2026-08-19T10:20:26] EXCLUDE kind=ferrite lcsc=C76893 mpn=BLM18EG101TN1D reasons=no_local_datasheet
[2026-08-19T10:20:26] EXCLUDE kind=ferrite lcsc=C77668 mpn=BLM18BD252SN1D reasons=no_local_datasheet
[2026-08-19T10:20:26] EXCLUDE kind=ferrite lcsc=C78748 mpn=BLM18BD102SN1D reasons=no_local_datasheet
[2026-08-19T10:20:26] EXCLUDE kind=ferrite lcsc=C80165 mpn=BLM18PG221SN1D reasons=no_local_datasheet
[2026-08-19T10:20:26] EXCLUDE kind=ferrite lcsc=C82155 mpn=BLM18HE152SN1D reasons=no_local_datasheet
[2026-08-19T10:20:26] EXCLUDE kind=ferrite lcsc=C82848 mpn=BLM18HG102SN1D reasons=no_local_datasheet
[2026-08-19T10:20:26] EXCLUDE kind=ferrite lcsc=C82861 mpn=BLM15EG121SN1D reasons=no_local_datasheet
[2026-08-19T10:20:26] EXCLUDE kind=ferrite lcsc=C85821 mpn=BLM15EG221SN1D reasons=no_local_datasheet
[2026-08-19T10:20:26] EXCLUDE kind=ferrite lcsc=C85827 mpn=BLM18EG221SN1D reasons=no_local_datasheet
[2026-08-19T10:20:26] EXCLUDE kind=ferrite lcsc=C85828 mpn=BLM18HE102SN1D reasons=no_local_datasheet
[2026-08-19T10:20:26] EXCLUDE kind=ferrite lcsc=C85829 mpn=BLM18HG471SN1D reasons=no_local_datasheet
[2026-08-19T10:20:26] EXCLUDE kind=ferrite lcsc=C85830 mpn=BLM18HG601SN1D reasons=no_local_datasheet
[2026-08-19T10:20:26] EXCLUDE kind=ferrite lcsc=C87063 mpn=BLM18SG260TN1D reasons=no_local_datasheet
[2026-08-19T10:20:26] EXCLUDE kind=ferrite lcsc=C87549 mpn=MMZ1005S241CT000 reasons=no_local_datasheet
[2026-08-19T10:20:26] EXCLUDE kind=ferrite lcsc=C87550 mpn=MMZ1005S601ET000 reasons=no_local_datasheet
[2026-08-19T10:20:26] EXCLUDE kind=ferrite lcsc=C87552 mpn=MMZ1005Y601CT000 reasons=no_local_datasheet
[2026-08-19T10:20:26] EXCLUDE kind=ferrite lcsc=C87553 mpn=MMZ1608Y600BTA00 reasons=no_local_datasheet
[2026-08-19T10:20:26] EXCLUDE kind=ferrite lcsc=C88964 mpn=BLM15GG471SN1D reasons=no_local_datasheet
[2026-08-19T10:20:26] EXCLUDE kind=ferrite lcsc=C88965 mpn=BLM15HB121SN1D reasons=stock,no_local_datasheet
[2026-08-19T10:20:26] EXCLUDE kind=ferrite lcsc=C88966 mpn=BLM15HB221SN1D reasons=no_local_datasheet
[2026-08-19T10:20:26] EXCLUDE kind=ferrite lcsc=C88967 mpn=BLM15HD601SN1D reasons=no_local_datasheet
[2026-08-19T10:20:26] EXCLUDE kind=ferrite lcsc=C88977 mpn=BLM18GG471SN1D reasons=no_local_datasheet
[2026-08-19T10:20:26] EXCLUDE kind=ferrite lcsc=C88978 mpn=BLM18HD601SN1D reasons=no_local_datasheet
[2026-08-19T10:20:26] EXCLUDE kind=ferrite lcsc=C88979 mpn=BLM18HE601SN1D reasons=no_local_datasheet
[2026-08-19T10:20:26] EXCLUDE kind=ferrite lcsc=C88983 mpn=BLM18PG330SH1D reasons=mpn_not_in_datasheet
[2026-08-19T10:20:26] EXCLUDE kind=ferrite lcsc=C88985 mpn=BLM18PG600SH1D reasons=no_local_datasheet
[2026-08-19T10:20:26] EXCLUDE kind=ferrite lcsc=C88992 mpn=BLM21AG331SN1D reasons=stock
[2026-08-19T10:20:26] EXCLUDE kind=ferrite lcsc=C88994 mpn=BLM21PG221SH1D reasons=mpn_not_in_datasheet
[2026-08-19T10:20:26] EXCLUDE kind=ferrite lcsc=C89445 mpn=MMZ1608R102ATA00 reasons=no_local_datasheet
[2026-08-19T10:20:26] EXCLUDE kind=ferrite lcsc=C89458 mpn=MMZ1005F121ET000 reasons=no_local_datasheet
[2026-08-19T10:20:26] EXCLUDE kind=ferrite lcsc=C91573 mpn=BLM15AG121SH1D reasons=no_local_datasheet
[2026-08-19T10:20:26] EXCLUDE kind=ferrite lcsc=C92036 mpn=MMZ1005S121CT000 reasons=no_local_datasheet
[2026-08-19T10:20:26] EXCLUDE kind=ferrite lcsc=C94265 mpn=MMZ1608S181ATA00 reasons=no_local_datasheet
[2026-08-19T10:20:26] EXCLUDE kind=ferrite lcsc=C97120 mpn=MMZ1608B601CTAH0 reasons=no_local_datasheet
[2026-08-19T10:20:26] EXCLUDE kind=ferrite lcsc=C97852 mpn=BLM18HK102SN1D reasons=no_local_datasheet
[2026-08-19T10:20:26] EXCLUDE kind=ferrite lcsc=C107324 mpn=MMZ1005Y121CT000 reasons=no_local_datasheet
[2026-08-19T10:20:26] EXCLUDE kind=ferrite lcsc=C107326 mpn=MMZ1608R601ATA00 reasons=no_local_datasheet
[2026-08-19T10:20:26] EXCLUDE kind=ferrite lcsc=C107328 mpn=MMZ1608S800ATA00 reasons=stock,no_local_datasheet
[2026-08-19T10:20:26] EXCLUDE kind=ferrite lcsc=C107331 mpn=MPZ1005S121CT000 reasons=no_local_datasheet
[2026-08-19T10:20:26] EXCLUDE kind=ferrite lcsc=C113008 mpn=BLM15BB100SN1D reasons=no_local_datasheet
[2026-08-19T10:20:26] EXCLUDE kind=ferrite lcsc=C113009 mpn=BLM15GA750SN1D reasons=no_local_datasheet
[2026-08-19T10:20:26] EXCLUDE kind=ferrite lcsc=C113010 mpn=BLM18AG331SN1D reasons=no_local_datasheet
[2026-08-19T10:20:26] EXCLUDE kind=ferrite lcsc=C113016 mpn=BLM18BB100SN1D reasons=no_local_datasheet
[2026-08-19T10:20:26] EXCLUDE kind=ferrite lcsc=C113018 mpn=BLM18BB470SN1D reasons=no_local_datasheet
[2026-08-19T10:20:26] EXCLUDE kind=ferrite lcsc=C113020 mpn=BLM18BD182SN1D reasons=stock,no_local_datasheet
[2026-08-19T10:20:26] EXCLUDE kind=ferrite lcsc=C113022 mpn=BLM18BD222SN1D reasons=no_local_datasheet
[2026-08-19T10:20:26] EXCLUDE kind=ferrite lcsc=C113023 mpn=BLM18BD421SN1D reasons=no_local_datasheet
[2026-08-19T10:20:26] EXCLUDE kind=ferrite lcsc=C113024 mpn=BLM18BD471SN1D reasons=stock,no_local_datasheet
[2026-08-19T10:20:26] EXCLUDE kind=ferrite lcsc=C113025 mpn=BLM18EG221TN1D reasons=no_local_datasheet
[2026-08-19T10:20:26] EXCLUDE kind=ferrite lcsc=C113026 mpn=BLM18HD102SN1D reasons=no_local_datasheet
[2026-08-19T10:20:26] EXCLUDE kind=ferrite lcsc=C113029 mpn=BLM18KG700TN1D reasons=no_local_datasheet
[2026-08-19T10:20:26] EXCLUDE kind=ferrite lcsc=C113030 mpn=BLM18SG121TN1D reasons=no_local_datasheet
[2026-08-19T10:20:26] EXCLUDE kind=ferrite lcsc=C113031 mpn=BLM18SG700TN1D reasons=no_local_datasheet
[2026-08-19T10:20:26] EXCLUDE kind=ferrite lcsc=C113034 mpn=BLM21AJ601SN1D reasons=no_local_datasheet
[2026-08-19T10:20:26] EXCLUDE kind=ferrite lcsc=C114767 mpn=MMZ1608B301CTAH0 reasons=no_local_datasheet
[2026-08-19T10:20:26] EXCLUDE kind=ferrite lcsc=C114771 mpn=MMZ1608Y102BTA00 reasons=no_local_datasheet
[2026-08-19T10:20:26] EXCLUDE kind=ferrite lcsc=C118443 mpn=BLM21BB600SN1D reasons=stock
[2026-08-19T10:20:26] EXCLUDE kind=ferrite lcsc=C136223 mpn=MMZ1608S121ATA00 reasons=no_local_datasheet
[2026-08-19T10:20:26] EXCLUDE kind=ferrite lcsc=C136225 mpn=MMZ1608R301ATA00 reasons=no_local_datasheet
[2026-08-19T10:20:26] EXCLUDE kind=ferrite lcsc=C136263 mpn=MMZ1608R300ATA00 reasons=no_local_datasheet
[2026-08-19T10:20:26] EXCLUDE kind=ferrite lcsc=C136490 mpn=MMZ1608R121ATA00 reasons=stock,no_local_datasheet
[2026-08-19T10:20:26] EXCLUDE kind=ferrite lcsc=C136491 mpn=MMZ1608Y601BTA00 reasons=no_local_datasheet
[2026-08-19T10:20:26] EXCLUDE kind=ferrite lcsc=C139459 mpn=MG1608-101Y reasons=no_local_datasheet
[2026-08-19T10:20:26] EXCLUDE kind=ferrite lcsc=C139462 mpn=MG2029-101Y reasons=no_local_datasheet
[2026-08-19T10:20:26] EXCLUDE kind=ferrite lcsc=C139463 mpn=MG2029-121Y reasons=no_local_datasheet
[2026-08-19T10:20:26] EXCLUDE kind=ferrite lcsc=C139468 mpn=MU1005-600Y reasons=no_local_datasheet
[2026-08-19T10:20:26] EXCLUDE kind=ferrite lcsc=C139469 mpn=MU1005-601Y reasons=stock,no_local_datasheet
[2026-08-19T10:20:26] EXCLUDE kind=ferrite lcsc=C139470 mpn=MU1608-151Y reasons=stock,no_local_datasheet
[2026-08-19T10:20:26] EXCLUDE kind=ferrite lcsc=C139471 mpn=MU1608-221Y reasons=no_local_datasheet
[2026-08-19T10:20:26] EXCLUDE kind=ferrite lcsc=C139473 mpn=MU1608-600Y reasons=no_local_datasheet
[2026-08-19T10:20:26] EXCLUDE kind=ferrite lcsc=C139474 mpn=MU2029-151Y reasons=no_local_datasheet
[2026-08-19T10:20:26] EXCLUDE kind=ferrite lcsc=C139476 mpn=MZ1608-601Y reasons=no_local_datasheet
[2026-08-19T10:20:26] EXCLUDE kind=ferrite lcsc=C160967 mpn=BLM15AG102SH1D reasons=no_local_datasheet
[2026-08-19T10:20:26] EXCLUDE kind=ferrite lcsc=C160968 mpn=BLM15AX700SN1D reasons=no_local_datasheet
[2026-08-19T10:20:26] EXCLUDE kind=ferrite lcsc=C160969 mpn=BLM15BA050SN1D reasons=no_local_datasheet
[2026-08-19T10:20:26] EXCLUDE kind=ferrite lcsc=C160971 mpn=BLM15EX471SN1D reasons=no_local_datasheet
[2026-08-19T10:20:26] EXCLUDE kind=ferrite lcsc=C160972 mpn=BLM15PD800SZ1D reasons=no_local_datasheet
[2026-08-19T10:20:26] EXCLUDE kind=ferrite lcsc=C160973 mpn=BLM15PX221SN1D reasons=stock,no_local_datasheet
[2026-08-19T10:20:26] EXCLUDE kind=ferrite lcsc=C160974 mpn=BLM15PX330SN1D reasons=no_local_datasheet
[2026-08-19T10:20:26] EXCLUDE kind=ferrite lcsc=C160978 mpn=BLM15PX800SN1D reasons=no_local_datasheet
[2026-08-19T10:20:26] EXCLUDE kind=ferrite lcsc=C160980 mpn=BLM18HK601SN1D reasons=no_local_datasheet
[2026-08-19T10:20:26] EXCLUDE kind=ferrite lcsc=C160982 mpn=BLM18KG102SN1D reasons=no_local_datasheet
[2026-08-19T10:20:26] EXCLUDE kind=ferrite lcsc=C160983 mpn=BLM18PG121SZ1D reasons=no_local_datasheet
[2026-08-19T10:20:26] EXCLUDE kind=ferrite lcsc=C160985 mpn=BLM18PG471SH1D reasons=no_local_datasheet
[2026-08-19T10:20:26] EXCLUDE kind=ferrite lcsc=C160987 mpn=BLM21PG121SZ1D reasons=no_local_datasheet
[2026-08-19T10:20:26] EXCLUDE kind=ferrite lcsc=C165809 mpn=MPZ1005S600CTD25 reasons=no_local_datasheet
[2026-08-19T10:20:26] EXCLUDE kind=ferrite lcsc=C165810 mpn=MPZ1005S221ETD25 reasons=no_local_datasheet
[2026-08-19T10:20:26] EXCLUDE kind=ferrite lcsc=C165811 mpn=MPZ1005S221ET000 reasons=no_local_datasheet
[2026-08-19T10:20:26] EXCLUDE kind=ferrite lcsc=C167448 mpn=BLM15GG221SN1D reasons=no_local_datasheet
[2026-08-19T10:20:26] EXCLUDE kind=ferrite lcsc=C180490 mpn=BLM18EG601SH1D reasons=no_local_datasheet
[2026-08-19T10:20:26] EXCLUDE kind=ferrite lcsc=C193388 mpn=MMZ1005S601CTD25 reasons=no_local_datasheet
[2026-08-19T10:20:26] EXCLUDE kind=ferrite lcsc=C193411 mpn=MPZ1608S102ATD25 reasons=no_local_datasheet
[2026-08-19T10:20:26] EXCLUDE kind=ferrite lcsc=C193412 mpn=MMZ1005S102HT000 reasons=no_local_datasheet
[2026-08-19T10:20:26] EXCLUDE kind=ferrite lcsc=C193536 mpn=MPZ1608S601ATD25 reasons=stock,no_local_datasheet
[2026-08-19T10:20:26] EXCLUDE kind=ferrite lcsc=C237300 mpn=BLM21PG600SZ1D reasons=no_local_datasheet
[2026-08-19T10:20:26] EXCLUDE kind=ferrite lcsc=C237533 mpn=BLM18RK121SN1D reasons=no_local_datasheet
[2026-08-19T10:20:26] EXCLUDE kind=ferrite lcsc=C237604 mpn=BLM21BB201SH1D reasons=no_local_datasheet
[2026-08-19T10:20:26] EXCLUDE kind=ferrite lcsc=C265028 mpn=BLM18RK221SN1D reasons=no_local_datasheet
[2026-08-19T10:20:26] EXCLUDE kind=ferrite lcsc=C269768 mpn=BLM15AG221SH1D reasons=no_local_datasheet
[2026-08-19T10:20:26] EXCLUDE kind=ferrite lcsc=C269769 mpn=BLM15BX102SN1D reasons=no_local_datasheet
[2026-08-19T10:20:26] EXCLUDE kind=ferrite lcsc=C275408 mpn=MMZ1005A102ET000 reasons=no_local_datasheet
[2026-08-19T10:20:26] EXCLUDE kind=ferrite lcsc=C275412 mpn=MMZ1005A601ET000 reasons=no_local_datasheet
[2026-08-19T10:20:26] EXCLUDE kind=ferrite lcsc=C275413 mpn=MMZ1005B601CT000 reasons=no_local_datasheet
[2026-08-19T10:20:26] EXCLUDE kind=ferrite lcsc=C275415 mpn=MMZ1005D221ET000 reasons=no_local_datasheet
[2026-08-19T10:20:26] EXCLUDE kind=ferrite lcsc=C275418 mpn=MMZ1005F330CT000 reasons=stock,no_local_datasheet
[2026-08-19T10:20:26] EXCLUDE kind=ferrite lcsc=C275419 mpn=MMZ1005F470CT000 reasons=no_local_datasheet
[2026-08-19T10:20:26] EXCLUDE kind=ferrite lcsc=C275420 mpn=MMZ1005F470ET000 reasons=stock,no_local_datasheet
[2026-08-19T10:20:26] EXCLUDE kind=ferrite lcsc=C275421 mpn=MMZ1005F560CT000 reasons=no_local_datasheet
[2026-08-19T10:20:26] EXCLUDE kind=ferrite lcsc=C275422 mpn=MMZ1005F750ET000 reasons=no_local_datasheet
[2026-08-19T10:20:26] EXCLUDE kind=ferrite lcsc=C275423 mpn=MMZ1005S102ET000 reasons=no_local_datasheet
[2026-08-19T10:20:26] EXCLUDE kind=ferrite lcsc=C275428 mpn=MMZ1005Y102CT000 reasons=stock,no_local_datasheet
[2026-08-19T10:20:26] EXCLUDE kind=ferrite lcsc=C275430 mpn=MMZ1005Y152CT000 reasons=no_local_datasheet
[2026-08-19T10:20:26] EXCLUDE kind=ferrite lcsc=C275434 mpn=MMZ1608A252BTA00 reasons=no_local_datasheet
[2026-08-19T10:20:26] EXCLUDE kind=ferrite lcsc=C275435 mpn=MMZ1608B102CTA00 reasons=no_local_datasheet
[2026-08-19T10:20:26] EXCLUDE kind=ferrite lcsc=C275436 mpn=MMZ1608B121CTAH0 reasons=no_local_datasheet
[2026-08-19T10:20:26] EXCLUDE kind=ferrite lcsc=C275437 mpn=MMZ1608B601CTDH5 reasons=no_local_datasheet
[2026-08-19T10:20:26] EXCLUDE kind=ferrite lcsc=C275439 mpn=MMZ1608D121CTAH0 reasons=no_local_datasheet
[2026-08-19T10:20:26] EXCLUDE kind=ferrite lcsc=C275442 mpn=MMZ1608D800CTAH0 reasons=no_local_datasheet
[2026-08-19T10:20:26] EXCLUDE kind=ferrite lcsc=C275445 mpn=MMZ1608R150ATA00 reasons=no_local_datasheet
[2026-08-19T10:20:26] EXCLUDE kind=ferrite lcsc=C275447 mpn=MMZ1608R600ATA00 reasons=stock,no_local_datasheet
[2026-08-19T10:20:26] EXCLUDE kind=ferrite lcsc=C275448 mpn=MMZ1608S102ATA00 reasons=no_local_datasheet
[2026-08-19T10:20:26] EXCLUDE kind=ferrite lcsc=C275449 mpn=MMZ1608S202ATA00 reasons=no_local_datasheet
[2026-08-19T10:20:26] EXCLUDE kind=ferrite lcsc=C275451 mpn=MMZ1608S601ATA00 reasons=no_local_datasheet
[2026-08-19T10:20:26] EXCLUDE kind=ferrite lcsc=C275454 mpn=MMZ1608Y152BTA00 reasons=no_local_datasheet
[2026-08-19T10:20:26] EXCLUDE kind=ferrite lcsc=C275473 mpn=MMZ2012Y301BT000 reasons=stock,no_local_datasheet
[2026-08-19T10:20:26] EXCLUDE kind=ferrite lcsc=C275476 mpn=MPZ1005S100CT000 reasons=no_local_datasheet
[2026-08-19T10:20:26] EXCLUDE kind=ferrite lcsc=C275477 mpn=MPZ1005S121ET000 reasons=no_local_datasheet
[2026-08-19T10:20:26] EXCLUDE kind=ferrite lcsc=C275478 mpn=MPZ1005S121HT000 reasons=no_local_datasheet
[2026-08-19T10:20:26] EXCLUDE kind=ferrite lcsc=C275480 mpn=MPZ1005S300CT000 reasons=no_local_datasheet
[2026-08-19T10:20:26] EXCLUDE kind=ferrite lcsc=C275481 mpn=MPZ1005S331ET000 reasons=no_local_datasheet
[2026-08-19T10:20:26] EXCLUDE kind=ferrite lcsc=C307687 mpn=MAF1608GAD471CT000 reasons=no_local_datasheet
[2026-08-19T10:20:26] EXCLUDE kind=ferrite lcsc=C307756 mpn=MMZ1005AFZ151VT000 reasons=no_local_datasheet
[2026-08-19T10:20:26] EXCLUDE kind=ferrite lcsc=C307758 mpn=MMZ1608B102CTD25 reasons=no_local_datasheet
[2026-08-19T10:20:26] EXCLUDE kind=ferrite lcsc=C307759 mpn=MMZ1608D050CTA00 reasons=stock,no_local_datasheet
[2026-08-19T10:20:26] EXCLUDE kind=ferrite lcsc=C307761 mpn=MMZ1608R102ATD25 reasons=no_local_datasheet
[2026-08-19T10:20:26] EXCLUDE kind=ferrite lcsc=C307762 mpn=MMZ1608R600ATD25 reasons=no_local_datasheet
[2026-08-19T10:20:26] EXCLUDE kind=ferrite lcsc=C307763 mpn=MMZ1608S102ATD25 reasons=no_local_datasheet
[2026-08-19T10:20:26] EXCLUDE kind=ferrite lcsc=C307764 mpn=MMZ1608S202ATD25 reasons=no_local_datasheet
[2026-08-19T10:20:26] EXCLUDE kind=ferrite lcsc=C307767 mpn=MPZ1608D300BTD25 reasons=no_local_datasheet
[2026-08-19T10:20:26] EXCLUDE kind=ferrite lcsc=C307768 mpn=MPZ1608R391ATD25 reasons=no_local_datasheet
[2026-08-19T10:20:26] EXCLUDE kind=ferrite lcsc=C307769 mpn=MPZ1608S101ATDH5 reasons=no_local_datasheet
[2026-08-19T10:20:26] EXCLUDE kind=ferrite lcsc=C307770 mpn=MPZ1608S121ATDH5 reasons=no_local_datasheet
[2026-08-19T10:20:26] EXCLUDE kind=ferrite lcsc=C307771 mpn=MPZ1608S221ATD25 reasons=no_local_datasheet
[2026-08-19T10:20:26] EXCLUDE kind=ferrite lcsc=C307772 mpn=MPZ1608S300ATDH5 reasons=no_local_datasheet
[2026-08-19T10:20:26] EXCLUDE kind=ferrite lcsc=C307773 mpn=MPZ1608S331ATD25 reasons=no_local_datasheet
[2026-08-19T10:20:26] EXCLUDE kind=ferrite lcsc=C307774 mpn=MPZ1608S471ATD25 reasons=no_local_datasheet
[2026-08-19T10:20:26] EXCLUDE kind=ferrite lcsc=C307775 mpn=MPZ1608S600ATDH5 reasons=no_local_datasheet
[2026-08-19T10:20:26] EXCLUDE kind=ferrite lcsc=C307777 mpn=MPZ2012S102JTD25 reasons=no_local_datasheet
[2026-08-19T10:20:26] EXCLUDE kind=ferrite lcsc=C333843 mpn=BLM18BD470SN1D reasons=no_local_datasheet
[2026-08-19T10:20:26] EXCLUDE kind=ferrite lcsc=C335604 mpn=ILBB0603ER102V reasons=stock,no_local_datasheet
[2026-08-19T10:20:26] EXCLUDE kind=ferrite lcsc=C335605 mpn=ILBB0805ER110V reasons=stock,no_local_datasheet
[2026-08-19T10:20:26] EXCLUDE kind=ferrite lcsc=C337873 mpn=BLM15AX121SN1D reasons=no_local_datasheet
[2026-08-19T10:20:26] EXCLUDE kind=ferrite lcsc=C337874 mpn=BLM15BD121SN1D reasons=no_local_datasheet
[2026-08-19T10:20:26] EXCLUDE kind=ferrite lcsc=C337875 mpn=BLM15BD601SN1D reasons=no_local_datasheet
[2026-08-19T10:20:26] EXCLUDE kind=ferrite lcsc=C337876 mpn=BLM15HD182SH1D reasons=no_local_datasheet
[2026-08-19T10:20:26] EXCLUDE kind=ferrite lcsc=C337877 mpn=BLM18AG102SH1D reasons=no_local_datasheet
[2026-08-19T10:20:26] EXCLUDE kind=ferrite lcsc=C337878 mpn=BLM18AG151SN1D reasons=no_local_datasheet
[2026-08-19T10:20:26] EXCLUDE kind=ferrite lcsc=C337880 mpn=BLM18EG471SN1D reasons=no_local_datasheet
[2026-08-19T10:20:26] EXCLUDE kind=ferrite lcsc=C337882 mpn=BLM21AG102SH1D reasons=no_local_datasheet
[2026-08-19T10:20:26] EXCLUDE kind=ferrite lcsc=C337883 mpn=BLM21PG600SH1D reasons=no_local_datasheet
[2026-08-19T10:20:26] EXCLUDE kind=ferrite lcsc=C338243 mpn=NFZ15SG262SN10D reasons=no_local_datasheet
[2026-08-19T10:20:26] EXCLUDE kind=ferrite lcsc=C338244 mpn=NFZ18SM121SN10D reasons=stock,no_local_datasheet
[2026-08-19T10:20:26] EXCLUDE kind=ferrite lcsc=C341514 mpn=BLM18HK331SN1D reasons=no_local_datasheet
[2026-08-19T10:20:26] EXCLUDE kind=ferrite lcsc=C341661 mpn=BLM18HE601SZ1D reasons=no_local_datasheet
[2026-08-19T10:20:26] EXCLUDE kind=ferrite lcsc=C341662 mpn=BLM21BB221SN1D reasons=no_local_datasheet
[2026-08-19T10:20:26] EXCLUDE kind=ferrite lcsc=C341663 mpn=BLM21BD601SN1D reasons=no_local_datasheet
[2026-08-19T10:20:26] EXCLUDE kind=ferrite lcsc=C341664 mpn=BLM21PG220SH1D reasons=no_local_datasheet
[2026-08-19T10:20:26] EXCLUDE kind=ferrite lcsc=C354394 mpn=BLM18PG121SH1D reasons=no_local_datasheet
[2026-08-19T10:20:26] EXCLUDE kind=ferrite lcsc=C360716 mpn=MMZ1005S102CTD25 reasons=no_local_datasheet
[2026-08-19T10:20:26] EXCLUDE kind=ferrite lcsc=C396652 mpn=BLM18KG121TZ1D reasons=no_local_datasheet
[2026-08-19T10:20:26] EXCLUDE kind=ferrite lcsc=C397297 mpn=BLM15BA470SN1D reasons=stock,no_local_datasheet
[2026-08-19T10:20:26] EXCLUDE kind=ferrite lcsc=C397304 mpn=BLM21AG471SN1D reasons=no_local_datasheet
[2026-08-19T10:20:26] EXCLUDE kind=ferrite lcsc=C404396 mpn=KPZ1608SHR601ATD25 reasons=no_local_datasheet
[2026-08-19T10:20:26] EXCLUDE kind=ferrite lcsc=C404679 mpn=MPZ1608Y600BTD25 reasons=no_local_datasheet
[2026-08-19T10:20:26] EXCLUDE kind=ferrite lcsc=C404680 mpn=MPZ1608Y101BTD25 reasons=no_local_datasheet
[2026-08-19T10:20:26] EXCLUDE kind=ferrite lcsc=C404681 mpn=MPZ1608Y151BTD25 reasons=no_local_datasheet
[2026-08-19T10:20:26] EXCLUDE kind=ferrite lcsc=C404684 mpn=MPZ1608D101BTD25 reasons=no_local_datasheet
[2026-08-19T10:20:26] EXCLUDE kind=ferrite lcsc=C404687 mpn=MPZ1005S121CTD25 reasons=no_local_datasheet
[2026-08-19T10:20:26] EXCLUDE kind=ferrite lcsc=C404693 mpn=MMZ1005S121CTD25 reasons=no_local_datasheet
[2026-08-19T10:20:26] EXCLUDE kind=ferrite lcsc=C404697 mpn=MMZ1005Y121CTD25 reasons=no_local_datasheet
[2026-08-19T10:20:26] EXCLUDE kind=ferrite lcsc=C404717 mpn=MMZ1005S601HTD25 reasons=no_local_datasheet
[2026-08-19T10:20:26] EXCLUDE kind=ferrite lcsc=C413911 mpn=MAF1005GAD152AT000 reasons=no_local_datasheet
[2026-08-19T10:20:26] EXCLUDE kind=ferrite lcsc=C413959 mpn=BLM21BD152SN1D reasons=no_local_datasheet
[2026-08-19T10:20:26] EXCLUDE kind=ferrite lcsc=C413961 mpn=BLM18KG471SN1D reasons=no_local_datasheet
[2026-08-19T10:20:26] EXCLUDE kind=ferrite lcsc=C426325 mpn=BLM15EX121SN1D reasons=no_local_datasheet
[2026-08-19T10:20:26] EXCLUDE kind=ferrite lcsc=C426644 mpn=BLM21AG331SH1D reasons=no_local_datasheet
[2026-08-19T10:20:26] EXCLUDE kind=ferrite lcsc=C432169 mpn=BLM18KG471SH1D reasons=no_local_datasheet
[2026-08-19T10:20:26] EXCLUDE kind=ferrite lcsc=C432982 mpn=KMZ1608YHR601BTD25 reasons=no_local_datasheet
[2026-08-19T10:20:26] EXCLUDE kind=ferrite lcsc=C433027 mpn=MMZ1608B301CTDH5 reasons=no_local_datasheet
[2026-08-19T10:20:26] EXCLUDE kind=ferrite lcsc=C433032 mpn=MMZ1608Y300BTD25 reasons=no_local_datasheet
[2026-08-19T10:20:26] EXCLUDE kind=ferrite lcsc=C434836 mpn=MPZ1005S330HT000 reasons=no_local_datasheet
[2026-08-19T10:20:26] EXCLUDE kind=ferrite lcsc=C437400 mpn=BLM18BD102SH1D reasons=no_local_datasheet
[2026-08-19T10:20:26] EXCLUDE kind=ferrite lcsc=C437401 mpn=BLM18HB221SN1D reasons=no_local_datasheet
[2026-08-19T10:20:26] EXCLUDE kind=ferrite lcsc=C437402 mpn=BLM18HD601SH1D reasons=no_local_datasheet
[2026-08-19T10:20:26] EXCLUDE kind=ferrite lcsc=C437403 mpn=BLM18HE152SZ1D reasons=no_local_datasheet
[2026-08-19T10:20:26] EXCLUDE kind=ferrite lcsc=C437405 mpn=BLM18PG300SH1D reasons=stock,no_local_datasheet
[2026-08-19T10:20:26] EXCLUDE kind=ferrite lcsc=C437406 mpn=BLM21AG601SH1D reasons=no_local_datasheet
[2026-08-19T10:20:26] EXCLUDE kind=ferrite lcsc=C437407 mpn=BLM21BB201SN1D reasons=no_local_datasheet
[2026-08-19T10:20:26] EXCLUDE kind=ferrite lcsc=C437408 mpn=BLM21BD102SH1D reasons=no_local_datasheet
[2026-08-19T10:20:26] EXCLUDE kind=ferrite lcsc=C437409 mpn=BLM21BD272SH1L reasons=no_local_datasheet
[2026-08-19T10:20:26] EXCLUDE kind=ferrite lcsc=C437410 mpn=BLM21PG121SH1D reasons=no_local_datasheet
[2026-08-19T10:20:26] EXCLUDE kind=ferrite lcsc=C437411 mpn=BLM21PG221SZ1D reasons=no_local_datasheet
[2026-08-19T10:20:26] EXCLUDE kind=ferrite lcsc=C440129 mpn=BLM18AG121SH1D reasons=stock,no_local_datasheet
[2026-08-19T10:20:26] EXCLUDE kind=ferrite lcsc=C440134 mpn=BLM21BD222SN1L reasons=no_local_datasheet
[2026-08-19T10:20:26] EXCLUDE kind=ferrite lcsc=C441741 mpn=BLM21BD601SH1D reasons=stock,no_local_datasheet
[2026-08-19T10:20:26] EXCLUDE kind=ferrite lcsc=C442498 mpn=ILHB0805ER121V reasons=no_local_datasheet
[2026-08-19T10:20:26] EXCLUDE kind=ferrite lcsc=C445756 mpn=MPZ1005S331ETD25 reasons=no_local_datasheet
[2026-08-19T10:20:26] EXCLUDE kind=ferrite lcsc=C476007 mpn=BLM18BB750SN1D reasons=no_local_datasheet
[2026-08-19T10:20:26] EXCLUDE kind=ferrite lcsc=C524456 mpn=MMZ1005D241CT000 reasons=no_local_datasheet
[2026-08-19T10:20:26] EXCLUDE kind=ferrite lcsc=C524528 mpn=BLM18AG102BH1D reasons=no_local_datasheet
[2026-08-19T10:20:26] EXCLUDE kind=ferrite lcsc=C524529 mpn=BLM18HE102SZ1D reasons=no_local_datasheet
[2026-08-19T10:20:26] EXCLUDE kind=ferrite lcsc=C524531 mpn=BLM21AG601SZ1D reasons=no_local_datasheet
[2026-08-19T10:20:26] EXCLUDE kind=ferrite lcsc=C525480 mpn=BLM15AG601SH1D reasons=no_local_datasheet
[2026-08-19T10:20:26] EXCLUDE kind=ferrite lcsc=C527614 mpn=BLM21BD182SN1D reasons=no_local_datasheet
[2026-08-19T10:20:26] EXCLUDE kind=ferrite lcsc=C527619 mpn=BLM15EX221SN1D reasons=no_local_datasheet
[2026-08-19T10:20:26] EXCLUDE kind=ferrite lcsc=C527966 mpn=BLM21RK601SN1D reasons=no_local_datasheet
[2026-08-19T10:20:26] EXCLUDE kind=ferrite lcsc=C527979 mpn=BLM18HG102SH1D reasons=no_local_datasheet
[2026-08-19T10:20:26] EXCLUDE kind=ferrite lcsc=C527985 mpn=BLM15AG700SH1D reasons=no_local_datasheet
[2026-08-19T10:20:26] EXCLUDE kind=ferrite lcsc=C527991 mpn=BLM18KG221SH1D reasons=no_local_datasheet
[2026-08-19T10:20:26] EXCLUDE kind=ferrite lcsc=C531292 mpn=MMZ1005D100CT000 reasons=no_local_datasheet
[2026-08-19T10:20:26] EXCLUDE kind=ferrite lcsc=C531293 mpn=MMZ1608Y102BTD25 reasons=no_local_datasheet
[2026-08-19T10:20:26] EXCLUDE kind=ferrite lcsc=C531393 mpn=MAF1005GAD701DT000 reasons=no_local_datasheet
[2026-08-19T10:20:26] EXCLUDE kind=ferrite lcsc=C560047 mpn=BLM18KG121JH1D reasons=no_local_datasheet
[2026-08-19T10:20:26] EXCLUDE kind=ferrite lcsc=C560050 mpn=BLM15PX221SZ1D reasons=no_local_datasheet
[2026-08-19T10:20:26] EXCLUDE kind=ferrite lcsc=C560053 mpn=BLM18KG221BH1D reasons=no_local_datasheet
[2026-08-19T10:20:26] EXCLUDE kind=ferrite lcsc=C560054 mpn=BLM18AG601BH1D reasons=stock,no_local_datasheet
[2026-08-19T10:20:26] EXCLUDE kind=ferrite lcsc=C560058 mpn=BLM18KG102BH1D reasons=no_local_datasheet
[2026-08-19T10:20:26] EXCLUDE kind=ferrite lcsc=C560060 mpn=BLM15AG601SN1D11 reasons=no_local_datasheet
[2026-08-19T10:20:26] EXCLUDE kind=ferrite lcsc=C560062 mpn=BLM15KD200SN1D11 reasons=no_local_datasheet
[2026-08-19T10:20:26] EXCLUDE kind=ferrite lcsc=C576399 mpn=BLM18SG330SN1D reasons=no_local_datasheet
[2026-08-19T10:20:26] EXCLUDE kind=ferrite lcsc=C596493 mpn=BLM18KG300TZ1D reasons=no_local_datasheet
[2026-08-19T10:20:26] EXCLUDE kind=ferrite lcsc=C596494 mpn=BLM18HE152SH1D reasons=no_local_datasheet
[2026-08-19T10:20:26] EXCLUDE kind=ferrite lcsc=C596495 mpn=BLM18BD102SZ1D reasons=no_local_datasheet
[2026-08-19T10:20:26] EXCLUDE kind=ferrite lcsc=C596496 mpn=BLM21SN300SN1D reasons=no_local_datasheet
[2026-08-19T10:20:26] EXCLUDE kind=ferrite lcsc=C596497 mpn=BLM15BB220SN1D reasons=no_local_datasheet
[2026-08-19T10:20:26] EXCLUDE kind=ferrite lcsc=C596498 mpn=BLM15EX331SN1D reasons=no_local_datasheet
[2026-08-19T10:20:26] EXCLUDE kind=ferrite lcsc=C668299 mpn=BLM15AX100SN1D reasons=no_local_datasheet
[2026-08-19T10:20:26] EXCLUDE kind=ferrite lcsc=C668302 mpn=BLM18KG601BH1D reasons=stock,no_local_datasheet
[2026-08-19T10:20:26] EXCLUDE kind=ferrite lcsc=C694571 mpn=MMZ1005S182ET000 reasons=no_local_datasheet
[2026-08-19T10:20:26] EXCLUDE kind=ferrite lcsc=C695168 mpn=MMZ1608Q121BTA00 reasons=no_local_datasheet
[2026-08-19T10:20:26] EXCLUDE kind=ferrite lcsc=C701156 mpn=BLM18EG221TH1D reasons=no_local_datasheet
[2026-08-19T10:20:26] EXCLUDE kind=ferrite lcsc=C701257 mpn=BLM21PG300SH1D reasons=no_local_datasheet
[2026-08-19T10:20:26] EXCLUDE kind=ferrite lcsc=C701260 mpn=BLM15KD200SN1D reasons=no_local_datasheet
[2026-08-19T10:20:26] EXCLUDE kind=ferrite lcsc=C701265 mpn=BLM21PG331SZ1D reasons=no_local_datasheet
[2026-08-19T10:20:26] EXCLUDE kind=ferrite lcsc=C701266 mpn=BLM15PX121SZ1D reasons=stock,no_local_datasheet
[2026-08-19T10:20:26] EXCLUDE kind=ferrite lcsc=C701292 mpn=BLM15BX182SN1D reasons=no_local_datasheet
[2026-08-19T10:20:26] EXCLUDE kind=ferrite lcsc=C701307 mpn=BLM15BB050SN1D reasons=no_local_datasheet
[2026-08-19T10:20:26] EXCLUDE kind=ferrite lcsc=C703137 mpn=BLM21SN300SH1D reasons=no_local_datasheet
[2026-08-19T10:20:26] EXCLUDE kind=ferrite lcsc=C710326 mpn=BLM15AG102SZ1D reasons=stock,no_local_datasheet
[2026-08-19T10:20:26] EXCLUDE kind=ferrite lcsc=C710329 mpn=BLM15AX102SZ1D reasons=no_local_datasheet
[2026-08-19T10:20:26] EXCLUDE kind=ferrite lcsc=C710330 mpn=BLM15AX601SZ1D reasons=no_local_datasheet
[2026-08-19T10:20:26] EXCLUDE kind=ferrite lcsc=C710331 mpn=BLM15BB100SZ1D reasons=no_local_datasheet
[2026-08-19T10:20:26] EXCLUDE kind=ferrite lcsc=C710334 mpn=BLM15BD601SH1D reasons=no_local_datasheet
[2026-08-19T10:20:26] EXCLUDE kind=ferrite lcsc=C710336 mpn=BLM15BX601SN1D reasons=no_local_datasheet
[2026-08-19T10:20:26] EXCLUDE kind=ferrite lcsc=C710337 mpn=BLM15EG121SZ1D reasons=no_local_datasheet
[2026-08-19T10:20:26] EXCLUDE kind=ferrite lcsc=C710338 mpn=BLM15EG221SZ1D reasons=no_local_datasheet
[2026-08-19T10:20:26] EXCLUDE kind=ferrite lcsc=C710339 mpn=BLM15GG471SZ1D reasons=no_local_datasheet
[2026-08-19T10:20:26] EXCLUDE kind=ferrite lcsc=C710340 mpn=BLM15HD601SZ1D reasons=no_local_datasheet
[2026-08-19T10:20:26] EXCLUDE kind=ferrite lcsc=C710341 mpn=BLM15HG102BH1D reasons=no_local_datasheet
[2026-08-19T10:20:26] EXCLUDE kind=ferrite lcsc=C710343 mpn=BLM15KD121SN1D reasons=stock,no_local_datasheet
[2026-08-19T10:20:26] EXCLUDE kind=ferrite lcsc=C710347 mpn=BLM15PX601SZ1D reasons=no_local_datasheet
[2026-08-19T10:20:26] EXCLUDE kind=ferrite lcsc=C710349 mpn=BLM18AG121BH1D reasons=no_local_datasheet
[2026-08-19T10:20:26] EXCLUDE kind=ferrite lcsc=C710353 mpn=BLM18AG601SZ1D reasons=no_local_datasheet
[2026-08-19T10:20:26] EXCLUDE kind=ferrite lcsc=C710356 mpn=BLM18BD252BH1D reasons=stock,no_local_datasheet
[2026-08-19T10:20:26] EXCLUDE kind=ferrite lcsc=C710361 mpn=BLM18EG101TZ1D reasons=no_local_datasheet
[2026-08-19T10:20:26] EXCLUDE kind=ferrite lcsc=C710362 mpn=BLM18EG121SZ1D reasons=no_local_datasheet
[2026-08-19T10:20:26] EXCLUDE kind=ferrite lcsc=C710364 mpn=BLM18EG221SZ1D reasons=no_local_datasheet
[2026-08-19T10:20:26] EXCLUDE kind=ferrite lcsc=C710365 mpn=BLM18EG221TZ1D reasons=no_local_datasheet
[2026-08-19T10:20:26] EXCLUDE kind=ferrite lcsc=C710366 mpn=BLM18EG471SZ1D reasons=no_local_datasheet
[2026-08-19T10:20:26] EXCLUDE kind=ferrite lcsc=C710369 mpn=BLM18HG471SH1D reasons=stock,no_local_datasheet
[2026-08-19T10:20:26] EXCLUDE kind=ferrite lcsc=C710370 mpn=BLM18KG101TH1D reasons=no_local_datasheet
[2026-08-19T10:20:26] EXCLUDE kind=ferrite lcsc=C710373 mpn=BLM18KG300JH1D reasons=stock,no_local_datasheet
[2026-08-19T10:20:26] EXCLUDE kind=ferrite lcsc=C710374 mpn=BLM18KG300TH1D reasons=stock,no_local_datasheet
[2026-08-19T10:20:26] EXCLUDE kind=ferrite lcsc=C710377 mpn=BLM18KG331SZ1D reasons=no_local_datasheet
[2026-08-19T10:20:26] EXCLUDE kind=ferrite lcsc=C710379 mpn=BLM18KG601SH1D reasons=no_local_datasheet
[2026-08-19T10:20:26] EXCLUDE kind=ferrite lcsc=C710382 mpn=BLM18KG700TZ1D reasons=no_local_datasheet
[2026-08-19T10:20:26] EXCLUDE kind=ferrite lcsc=C710383 mpn=BLM18PG181SH1D reasons=no_local_datasheet
[2026-08-19T10:20:27] EXCLUDE kind=ferrite lcsc=C710384 mpn=BLM18PG221SZ1D reasons=no_local_datasheet
[2026-08-19T10:20:27] EXCLUDE kind=ferrite lcsc=C710385 mpn=BLM18PG300SZ1D reasons=no_local_datasheet
[2026-08-19T10:20:27] EXCLUDE kind=ferrite lcsc=C710386 mpn=BLM18PG331SH1D reasons=stock,no_local_datasheet
[2026-08-19T10:20:27] EXCLUDE kind=ferrite lcsc=C710387 mpn=BLM18PG471SZ1D reasons=no_local_datasheet
[2026-08-19T10:20:27] EXCLUDE kind=ferrite lcsc=C710388 mpn=BLM18PG600SZ1D reasons=no_local_datasheet
[2026-08-19T10:20:27] EXCLUDE kind=ferrite lcsc=C710389 mpn=BLM18SD220SN1D reasons=no_local_datasheet
[2026-08-19T10:20:27] EXCLUDE kind=ferrite lcsc=C710390 mpn=BLM18SG121TZ1D reasons=no_local_datasheet
[2026-08-19T10:20:27] EXCLUDE kind=ferrite lcsc=C710392 mpn=BLM18SN220TH1D reasons=stock,no_local_datasheet
[2026-08-19T10:20:27] EXCLUDE kind=ferrite lcsc=C710397 mpn=BLM21AG121BH1D reasons=stock,no_local_datasheet
[2026-08-19T10:20:27] EXCLUDE kind=ferrite lcsc=C710503 mpn=BLM21BB750SN1D reasons=no_local_datasheet
[2026-08-19T10:20:27] EXCLUDE kind=ferrite lcsc=C710504 mpn=BLM21BD151SN1D reasons=no_local_datasheet
[2026-08-19T10:20:27] EXCLUDE kind=ferrite lcsc=C710506 mpn=BLM21BD331SN1D reasons=no_local_datasheet
[2026-08-19T10:20:27] EXCLUDE kind=ferrite lcsc=C710507 mpn=BLM21BD471SN1D reasons=stock,no_local_datasheet
[2026-08-19T10:20:27] EXCLUDE kind=ferrite lcsc=C710508 mpn=BLM21PG121BH1D reasons=no_local_datasheet
[2026-08-19T10:20:27] EXCLUDE kind=ferrite lcsc=C710509 mpn=BLM21PG220BH1D reasons=no_local_datasheet
[2026-08-19T10:20:27] EXCLUDE kind=ferrite lcsc=C710510 mpn=BLM21PG300SZ1D reasons=no_local_datasheet
[2026-08-19T10:20:27] EXCLUDE kind=ferrite lcsc=C710511 mpn=BLM21RK221SN1D reasons=no_local_datasheet
[2026-08-19T10:20:27] EXCLUDE kind=ferrite lcsc=C711569 mpn=BLM18PG221SH1D reasons=no_local_datasheet
[2026-08-19T10:20:27] EXCLUDE kind=ferrite lcsc=C711570 mpn=BLM21BB331SN1D reasons=no_local_datasheet
[2026-08-19T10:20:27] EXCLUDE kind=ferrite lcsc=C723884 mpn=BLM15HG601SZ1D reasons=no_local_datasheet
[2026-08-19T10:20:27] EXCLUDE kind=ferrite lcsc=C783274 mpn=BLM15HD102SZ1D reasons=no_local_datasheet
[2026-08-19T10:20:27] EXCLUDE kind=ferrite lcsc=C845115 mpn=ILBB0805ER601V reasons=no_local_datasheet
[2026-08-19T10:20:27] EXCLUDE kind=ferrite lcsc=C845116 mpn=ILHB0603ER121V reasons=no_local_datasheet
[2026-08-19T10:20:27] EXCLUDE kind=ferrite lcsc=C845117 mpn=ILHB0805ER600V reasons=stock,no_local_datasheet
[2026-08-19T10:20:27] EXCLUDE kind=ferrite lcsc=C845118 mpn=ILHB0805ER601V reasons=no_local_datasheet
[2026-08-19T10:20:27] EXCLUDE kind=ferrite lcsc=C880687 mpn=MPZ1005F470ETD25 reasons=no_local_datasheet
[2026-08-19T10:20:27] EXCLUDE kind=ferrite lcsc=C882614 mpn=BLM21SP111SN1D reasons=no_local_datasheet
[2026-08-19T10:20:27] EXCLUDE kind=ferrite lcsc=C882954 mpn=BLM18EG121SN1D reasons=no_local_datasheet
[2026-08-19T10:20:27] EXCLUDE kind=ferrite lcsc=C882959 mpn=BLM15AG102SN1D11 reasons=stock,no_local_datasheet
[2026-08-19T10:20:27] EXCLUDE kind=ferrite lcsc=C882960 mpn=BLM15PD300SZ1D reasons=no_local_datasheet
[2026-08-19T10:20:27] EXCLUDE kind=ferrite lcsc=C882961 mpn=BLM15AX121SN1D11 reasons=line_count,no_local_datasheet
[2026-08-19T10:20:27] EXCLUDE kind=ferrite lcsc=C882963 mpn=BLM15BB121SH1D reasons=no_local_datasheet
[2026-08-19T10:20:27] EXCLUDE kind=ferrite lcsc=C882965 mpn=BLM15PX601SN1D11 reasons=line_count,no_local_datasheet,unparseable_electrical_data
[2026-08-19T10:20:27] EXCLUDE kind=ferrite lcsc=C882970 mpn=BLM15PX330SN1D11 reasons=no_local_datasheet
[2026-08-19T10:20:27] EXCLUDE kind=ferrite lcsc=C882971 mpn=BLM15KD121SN1D11 reasons=line_count,no_local_datasheet
[2026-08-19T10:20:27] EXCLUDE kind=ferrite lcsc=C882978 mpn=BLM18HE601SH1D reasons=no_local_datasheet
[2026-08-19T10:20:27] EXCLUDE kind=ferrite lcsc=C883597 mpn=BLM18KG102SH1D reasons=no_local_datasheet
[2026-08-19T10:20:27] EXCLUDE kind=ferrite lcsc=C907937 mpn=BLM18EG331TH1D reasons=no_local_datasheet
[2026-08-19T10:20:27] EXCLUDE kind=ferrite lcsc=C907941 mpn=BLM18BD152SH1D reasons=stock,no_local_datasheet
[2026-08-19T10:20:27] EXCLUDE kind=ferrite lcsc=C913240 mpn=MH2029-100Y reasons=line_count
[2026-08-19T10:20:27] EXCLUDE kind=ferrite lcsc=C913447 mpn=BLM18SG260TZ1D reasons=no_local_datasheet
[2026-08-19T10:20:27] EXCLUDE kind=ferrite lcsc=C913680 mpn=BLM18BA470SH1D reasons=no_local_datasheet
[2026-08-19T10:20:27] EXCLUDE kind=ferrite lcsc=C1235311 mpn=BLM18BD421SH1D reasons=no_local_datasheet
[2026-08-19T10:20:27] EXCLUDE kind=ferrite lcsc=C1235320 mpn=BLM18BB220SH1D reasons=stock,no_local_datasheet
[2026-08-19T10:20:27] EXCLUDE kind=ferrite lcsc=C1235333 mpn=BLM21BD121SH1D reasons=no_local_datasheet
[2026-08-19T10:20:27] EXCLUDE kind=ferrite lcsc=C1512132 mpn=BLM18SP102SH1D reasons=no_local_datasheet
[2026-08-19T10:20:27] EXCLUDE kind=ferrite lcsc=C1512133 mpn=BLM18SP601SH1D reasons=no_local_datasheet
[2026-08-19T10:20:27] EXCLUDE kind=ferrite lcsc=C1513036 mpn=MDF1005GAD102ATD25 reasons=no_local_datasheet
[2026-08-19T10:20:27] EXCLUDE kind=ferrite lcsc=C1533843 mpn=ILBB0603ER300V reasons=no_local_datasheet
[2026-08-19T10:20:27] EXCLUDE kind=ferrite lcsc=C1533863 mpn=BLM18BD222BH1D reasons=no_local_datasheet
[2026-08-19T10:20:27] EXCLUDE kind=ferrite lcsc=C1533880 mpn=BLM15HB221SH1D reasons=no_local_datasheet
[2026-08-19T10:20:27] EXCLUDE kind=ferrite lcsc=C1533884 mpn=MMZ1005S121HT000 reasons=stock,no_local_datasheet
[2026-08-19T10:20:27] EXCLUDE kind=ferrite lcsc=C1533901 mpn=BLM18DN221SZ1D reasons=no_local_datasheet
[2026-08-19T10:20:27] EXCLUDE kind=ferrite lcsc=C1533913 mpn=BLM18DN601SN1D reasons=stock,no_local_datasheet
[2026-08-19T10:20:27] EXCLUDE kind=ferrite lcsc=C1533916 mpn=BLM21SP331SN1D reasons=stock,no_local_datasheet
[2026-08-19T10:20:27] EXCLUDE kind=ferrite lcsc=C1533918 mpn=BLM21SP181SH1D reasons=stock,no_local_datasheet
[2026-08-19T10:20:27] EXCLUDE kind=ferrite lcsc=C1533919 mpn=BLM21SP102SN1D reasons=stock,no_local_datasheet
[2026-08-19T10:20:27] EXCLUDE kind=ferrite lcsc=C1533922 mpn=BLM21SP181BH1D reasons=no_local_datasheet
[2026-08-19T10:20:27] EXCLUDE kind=ferrite lcsc=C1533970 mpn=MZ2029-601T reasons=no_local_datasheet
[2026-08-19T10:20:27] EXCLUDE kind=ferrite lcsc=C1533986 mpn=ILBB0603ER400V reasons=stock,no_local_datasheet
[2026-08-19T10:20:27] EXCLUDE kind=ferrite lcsc=C1870222 mpn=MPZ1005S221HT000 reasons=no_local_datasheet
[2026-08-19T10:20:27] EXCLUDE kind=ferrite lcsc=C2162867 mpn=MAF1608GAD121LTAH0 reasons=no_local_datasheet
[2026-08-19T10:20:27] EXCLUDE kind=ferrite lcsc=C2661450 mpn=PE-0805PFB600ST reasons=no_local_datasheet
[2026-08-19T10:20:27] EXCLUDE kind=ferrite lcsc=C2661459 mpn=PE-0603FB601ST reasons=no_local_datasheet
[2026-08-19T10:20:27] EXCLUDE kind=ferrite lcsc=C2661467 mpn=MMZ1608S121ATD25 reasons=stock,no_local_datasheet
[2026-08-19T10:20:27] EXCLUDE kind=ferrite lcsc=C2661472 mpn=PE-0603PFB121ST reasons=no_local_datasheet
[2026-08-19T10:20:27] EXCLUDE kind=ferrite lcsc=C2661475 mpn=BLM18AG471SH1D reasons=no_local_datasheet
[2026-08-19T10:20:27] EXCLUDE kind=ferrite lcsc=C2661478 mpn=BLM18KG471SZ1D reasons=no_local_datasheet
[2026-08-19T10:20:27] EXCLUDE kind=ferrite lcsc=C2661522 mpn=KMZ1608AHR252BTD25 reasons=no_local_datasheet
[2026-08-19T10:20:27] EXCLUDE kind=ferrite lcsc=C2661532 mpn=MPZ1005S121ETD25 reasons=no_local_datasheet
[2026-08-19T10:20:27] EXCLUDE kind=ferrite lcsc=C2661536 mpn=BLM18BB221SH1D reasons=no_local_datasheet
[2026-08-19T10:20:27] EXCLUDE kind=ferrite lcsc=C2661547 mpn=MMZ1608Q102BTD25 reasons=stock,no_local_datasheet
[2026-08-19T10:20:27] EXCLUDE kind=ferrite lcsc=C2661555 mpn=MMZ1608Y121BTD25 reasons=no_local_datasheet
[2026-08-19T10:20:27] EXCLUDE kind=ferrite lcsc=C2661556 mpn=MMZ1005A222ETD25 reasons=no_local_datasheet
[2026-08-19T10:20:27] EXCLUDE kind=ferrite lcsc=C2661564 mpn=MMZ1608D121BTD25 reasons=no_local_datasheet
[2026-08-19T10:20:27] EXCLUDE kind=ferrite lcsc=C2661569 mpn=BLM21SP102SZ1D reasons=no_local_datasheet
[2026-08-19T10:20:27] EXCLUDE kind=ferrite lcsc=C2661571 mpn=MAF1608GAD601CT000 reasons=no_local_datasheet
[2026-08-19T10:20:27] EXCLUDE kind=ferrite lcsc=C2661573 mpn=MAF1608GAD471LTAH0 reasons=no_local_datasheet
[2026-08-19T10:20:27] EXCLUDE kind=ferrite lcsc=C2661578 mpn=BLM18BB100SH1D reasons=no_local_datasheet
[2026-08-19T10:20:27] EXCLUDE kind=ferrite lcsc=C2661601 mpn=BLM18DN381SN1D reasons=stock,no_local_datasheet
[2026-08-19T10:20:27] EXCLUDE kind=ferrite lcsc=C2661621 mpn=ILBB0603ER601V reasons=no_local_datasheet
[2026-08-19T10:20:27] EXCLUDE kind=ferrite lcsc=C2661637 mpn=MH1608-471Y reasons=stock
[2026-08-19T10:20:27] EXCLUDE kind=ferrite lcsc=C2661638 mpn=MMZ1608B121CTDH5 reasons=no_local_datasheet
[2026-08-19T10:20:27] EXCLUDE kind=ferrite lcsc=C2661642 mpn=BLM18KG101JH1D reasons=no_local_datasheet
[2026-08-19T10:20:27] EXCLUDE kind=ferrite lcsc=C2661649 mpn=MMZ1608D100CTDH5 reasons=no_local_datasheet
[2026-08-19T10:20:27] EXCLUDE kind=ferrite lcsc=C2661668 mpn=BLM18BD222SH1D reasons=no_local_datasheet
[2026-08-19T10:20:27] EXCLUDE kind=ferrite lcsc=C2661673 mpn=BLM15PX330SZ1D reasons=no_local_datasheet
[2026-08-19T10:20:27] EXCLUDE kind=ferrite lcsc=C2661695 mpn=BLM18DN221SH1D reasons=stock,no_local_datasheet
[2026-08-19T10:20:27] EXCLUDE kind=ferrite lcsc=C2661717 mpn=BLM21AG471SZ1D reasons=no_local_datasheet
[2026-08-19T10:20:27] EXCLUDE kind=ferrite lcsc=C2661743 mpn=MMZ1005S182ETD25 reasons=no_local_datasheet
[2026-08-19T10:20:27] EXCLUDE kind=ferrite lcsc=C2661775 mpn=MMZ2012Y301BTD25 reasons=no_local_datasheet
[2026-08-19T10:20:27] EXCLUDE kind=ferrite lcsc=C2661776 mpn=BLM21SP331SZ1D reasons=stock,no_local_datasheet
[2026-08-19T10:20:27] EXCLUDE kind=ferrite lcsc=C2661781 mpn=BLM21SP601SZ1D reasons=no_local_datasheet
[2026-08-19T10:20:27] EXCLUDE kind=ferrite lcsc=C2661784 mpn=BLM21SP331SH1D reasons=no_local_datasheet
[2026-08-19T10:20:27] EXCLUDE kind=ferrite lcsc=C2661785 mpn=BLM21SP700BH1D reasons=no_local_datasheet
[2026-08-19T10:20:27] EXCLUDE kind=ferrite lcsc=C2661786 mpn=BLM21SP181SZ1D reasons=no_local_datasheet
[2026-08-19T10:20:27] EXCLUDE kind=ferrite lcsc=C2661789 mpn=BLM21SP102SH1D reasons=no_local_datasheet
[2026-08-19T10:20:27] EXCLUDE kind=ferrite lcsc=C2661790 mpn=BLM21SP700SH1D reasons=no_local_datasheet
[2026-08-19T10:20:27] EXCLUDE kind=ferrite lcsc=C2661817 mpn=BLM15EG121SH1D reasons=no_local_datasheet
[2026-08-19T10:20:27] EXCLUDE kind=ferrite lcsc=C2661831 mpn=MMZ1608Y471BTD25 reasons=no_local_datasheet
[2026-08-19T10:20:27] EXCLUDE kind=ferrite lcsc=C2661836 mpn=BLM21SP601SH1D reasons=stock,no_local_datasheet
[2026-08-19T10:20:27] EXCLUDE kind=ferrite lcsc=C2661844 mpn=MMZ1608A222BTD25 reasons=no_local_datasheet
[2026-08-19T10:20:27] EXCLUDE kind=ferrite lcsc=C2661863 mpn=ILHB0805ER300V reasons=no_local_datasheet
[2026-08-19T10:20:27] EXCLUDE kind=ferrite lcsc=C2661880 mpn=MMZ1608D301BTD25 reasons=no_local_datasheet
[2026-08-19T10:20:27] EXCLUDE kind=ferrite lcsc=C2661893 mpn=BLM21PG220SZ1D reasons=no_local_datasheet
[2026-08-19T10:20:27] EXCLUDE kind=ferrite lcsc=C2661897 mpn=BLM18SG221TZ1D reasons=no_local_datasheet
[2026-08-19T10:20:27] EXCLUDE kind=ferrite lcsc=C2661926 mpn=BLM15AG121SZ1D reasons=stock,no_local_datasheet
[2026-08-19T10:20:27] EXCLUDE kind=ferrite lcsc=C2661933 mpn=MU2029-221Y reasons=no_local_datasheet
[2026-08-19T10:20:27] EXCLUDE kind=ferrite lcsc=C2661947 mpn=BLM15GG221SZ1D reasons=no_local_datasheet
[2026-08-19T10:20:27] EXCLUDE kind=ferrite lcsc=C2661959 mpn=BLM15HG601SH1D reasons=no_local_datasheet
[2026-08-19T10:20:27] EXCLUDE kind=ferrite lcsc=C2662025 mpn=BLM15EG221SH1D reasons=no_local_datasheet
[2026-08-19T10:20:27] EXCLUDE kind=ferrite lcsc=C2662026 mpn=MAF1005GAD352AT000 reasons=stock,no_local_datasheet
[2026-08-19T10:20:27] EXCLUDE kind=ferrite lcsc=C2680657 mpn=MAF1005GAD262AT000 reasons=no_local_datasheet
[2026-08-19T10:20:27] EXCLUDE kind=ferrite lcsc=C2683169 mpn=KPZ1608SHR221ATD25 reasons=no_local_datasheet
[2026-08-19T10:20:27] EXCLUDE kind=ferrite lcsc=C2683172 mpn=MMZ1005Y182CT000 reasons=no_local_datasheet
[2026-08-19T10:20:27] EXCLUDE kind=ferrite lcsc=C2833000 mpn=MAF1005GWZ102AT000 reasons=line_count,unparseable_electrical_data
[2026-08-19T10:20:27] EXCLUDE kind=ferrite lcsc=C2833717 mpn=MMZ1005D330CT000 reasons=no_local_datasheet
[2026-08-19T10:20:27] EXCLUDE kind=ferrite lcsc=C3011650 mpn=BLM18KG102SZ1D reasons=no_local_datasheet
[2026-08-19T10:20:27] EXCLUDE kind=ferrite lcsc=C3716400 mpn=BLM18SP102SN1D reasons=no_local_datasheet
[2026-08-19T10:20:27] EXCLUDE kind=ferrite lcsc=C3716467 mpn=BLM15BD121SZ1D reasons=no_local_datasheet
[2026-08-19T10:20:27] EXCLUDE kind=ferrite lcsc=C3716513 mpn=BLM18DN601SH1D reasons=no_local_datasheet
[2026-08-19T10:20:27] EXCLUDE kind=ferrite lcsc=C3716538 mpn=MMZ1608SHE601ATD25 reasons=no_local_datasheet
[2026-08-19T10:20:27] EXCLUDE kind=ferrite lcsc=C3716550 mpn=BLE18PS080BH1D reasons=stock,no_local_datasheet
[2026-08-19T10:20:27] EXCLUDE kind=ferrite lcsc=C3716558 mpn=BLM15HB221SZ1D reasons=no_local_datasheet
[2026-08-19T10:20:27] EXCLUDE kind=ferrite lcsc=C3716583 mpn=BLM18SP601SN1D reasons=no_local_datasheet
[2026-08-19T10:20:27] EXCLUDE kind=ferrite lcsc=C3716631 mpn=BLM21SP111SZ1D reasons=no_local_datasheet
[2026-08-19T10:20:27] EXCLUDE kind=ferrite lcsc=C3716637 mpn=ILBB0603ER600V reasons=stock,no_local_datasheet
[2026-08-19T10:20:27] EXCLUDE kind=ferrite lcsc=C3716677 mpn=BLM21SP601SN1D reasons=no_local_datasheet
[2026-08-19T10:20:27] EXCLUDE kind=ferrite lcsc=C3716689 mpn=BLM18AG221BH1D reasons=no_local_datasheet
[2026-08-19T10:20:27] EXCLUDE kind=ferrite lcsc=C3716705 mpn=BLM18PG330SZ1D reasons=no_local_datasheet
[2026-08-19T10:20:27] EXCLUDE kind=ferrite lcsc=C3716723 mpn=BLM18KN101EH1D reasons=no_local_datasheet
[2026-08-19T10:20:27] EXCLUDE kind=ferrite lcsc=C3716747 mpn=BLM18SP300SH1D reasons=no_local_datasheet
[2026-08-19T10:20:27] EXCLUDE kind=ferrite lcsc=C3716757 mpn=BLM21PG331BH1D reasons=no_local_datasheet
[2026-08-19T10:20:27] EXCLUDE kind=ferrite lcsc=C3716766 mpn=BLM21BD222TH1D reasons=no_local_datasheet
[2026-08-19T10:20:27] EXCLUDE kind=ferrite lcsc=C3716810 mpn=BLM15PE221SH1D reasons=no_local_datasheet
[2026-08-19T10:20:27] EXCLUDE kind=ferrite lcsc=C3716829 mpn=BLM15HD601BH1D reasons=no_local_datasheet
[2026-08-19T10:20:27] EXCLUDE kind=ferrite lcsc=C3716913 mpn=BLE18PK160SN1D reasons=no_local_datasheet
[2026-08-19T10:20:27] EXCLUDE kind=ferrite lcsc=C3717002 mpn=BLM18SP101SN1D reasons=no_local_datasheet
[2026-08-19T10:20:27] EXCLUDE kind=ferrite lcsc=C3717088 mpn=BLM18DN601SZ1D reasons=no_local_datasheet
[2026-08-19T10:20:27] EXCLUDE kind=ferrite lcsc=C3764392 mpn=BLM21SP471SH1D reasons=stock,no_local_datasheet
[2026-08-19T10:20:27] EXCLUDE kind=ferrite lcsc=C3764403 mpn=BLM15AX221SZ1D reasons=stock,no_local_datasheet
[2026-08-19T10:20:27] EXCLUDE kind=ferrite lcsc=C3764407 mpn=BLE18PS080SN1D reasons=no_local_datasheet
[2026-08-19T10:20:27] EXCLUDE kind=ferrite lcsc=C3764418 mpn=BLM15PE601SH1D reasons=no_local_datasheet
[2026-08-19T10:20:27] EXCLUDE kind=ferrite lcsc=C3764460 mpn=BLM21AG471BH1D reasons=stock,no_local_datasheet
[2026-08-19T10:20:27] EXCLUDE kind=ferrite lcsc=C3764469 mpn=BLM18SP221SZ1D reasons=no_local_datasheet
[2026-08-19T10:20:27] EXCLUDE kind=ferrite lcsc=C3764477 mpn=BLM18SP221SN1D reasons=no_local_datasheet
[2026-08-19T10:20:27] EXCLUDE kind=ferrite lcsc=C3764529 mpn=BLM15BD102SZ1D reasons=no_local_datasheet
[2026-08-19T10:20:27] EXCLUDE kind=ferrite lcsc=C5119332 mpn=MMZ1608R471ATD25 reasons=no_local_datasheet
[2026-08-19T10:20:27] EXCLUDE kind=ferrite lcsc=C5143540 mpn=BLM21SP700SZ1D reasons=no_local_datasheet
[2026-08-19T10:20:27] EXCLUDE kind=ferrite lcsc=C5331015 mpn=MPZ1005A151ET000 reasons=no_local_datasheet
[2026-08-19T10:20:27] EXCLUDE kind=ferrite lcsc=C5374769 mpn=BLM18HE102SH1D reasons=no_local_datasheet
[2026-08-19T10:20:27] EXCLUDE kind=ferrite lcsc=C5374773 mpn=BLM21SP181SN1D reasons=no_local_datasheet
[2026-08-19T10:20:27] EXCLUDE kind=ferrite lcsc=C5558001 mpn=BMC1JY0052AN reasons=stock,no_local_datasheet
[2026-08-19T10:20:27] EXCLUDE kind=ferrite lcsc=C5558745 mpn=BLM21SP331BH1D reasons=no_local_datasheet
[2026-08-19T10:20:27] EXCLUDE kind=ferrite lcsc=C5578407 mpn=BLM21SP601BH1D reasons=no_local_datasheet
[2026-08-19T10:20:27] EXCLUDE kind=ferrite lcsc=C5598068 mpn=BLM15HD601SH1D reasons=no_local_datasheet
[2026-08-19T10:20:27] EXCLUDE kind=ferrite lcsc=C5598104 mpn=BLM21SP700SN1D reasons=no_local_datasheet
[2026-08-19T10:20:27] EXCLUDE kind=ferrite lcsc=C5657097 mpn=ILHB0603ER600V reasons=no_local_datasheet
[2026-08-19T10:20:27] EXCLUDE kind=ferrite lcsc=C5954453 mpn=BMC1EY0070AN reasons=no_local_datasheet
[2026-08-19T10:20:27] EXCLUDE kind=ferrite lcsc=C6131963 mpn=BLM15PE331SH1D reasons=no_local_datasheet
[2026-08-19T10:20:27] EXCLUDE kind=ferrite lcsc=C6131972 mpn=BLM21HE472SN1L reasons=no_local_datasheet
[2026-08-19T10:20:27] EXCLUDE kind=ferrite lcsc=C6131973 mpn=BLM21HE802SN1L reasons=stock,no_local_datasheet
[2026-08-19T10:20:27] EXCLUDE kind=ferrite lcsc=C6294426 mpn=MAF1005PAD120CT000 reasons=stock,no_local_datasheet
[2026-08-19T10:20:27] EXCLUDE kind=ferrite lcsc=C6491643 mpn=ABPY00201209601Y00 reasons=stock,no_local_datasheet
[2026-08-19T10:20:27] EXCLUDE kind=ferrite lcsc=C6673658 mpn=MMZ1005F181ET000 reasons=no_local_datasheet
[2026-08-19T10:20:27] EXCLUDE kind=ferrite lcsc=C6750922 mpn=BBPY00201209221Y00 reasons=no_local_datasheet
[2026-08-19T10:20:27] EXCLUDE kind=ferrite lcsc=C6752654 mpn=BLM21AG121SZ1D reasons=no_local_datasheet
[2026-08-19T10:20:27] EXCLUDE kind=ferrite lcsc=C6752658 mpn=BLM21HE122BH1L reasons=stock,no_local_datasheet,unparseable_electrical_data
[2026-08-19T10:20:27] EXCLUDE kind=ferrite lcsc=C6868431 mpn=BBPY00160808600Y00 reasons=stock,no_local_datasheet
[2026-08-19T10:20:27] EXCLUDE kind=ferrite lcsc=C6869200 mpn=BLM18BD152BH1D reasons=no_local_datasheet
[2026-08-19T10:20:27] EXCLUDE kind=ferrite lcsc=C6869202 mpn=BLM21HE601SH1L reasons=no_local_datasheet
[2026-08-19T10:20:27] EXCLUDE kind=ferrite lcsc=C6869204 mpn=BLM21SP111BH1D reasons=stock,no_local_datasheet
[2026-08-19T10:20:27] EXCLUDE kind=ferrite lcsc=C6968654 mpn=ILBB0805ER320V reasons=no_local_datasheet
[2026-08-19T10:20:27] EXCLUDE kind=ferrite lcsc=C7212526 mpn=KMZ1608YHR152BTD25 reasons=no_local_datasheet
[2026-08-19T10:20:27] EXCLUDE kind=ferrite lcsc=C7303942 mpn=MMZ1005D121ET000 reasons=no_local_datasheet
[2026-08-19T10:20:27] EXCLUDE kind=ferrite lcsc=C7509786 mpn=BLM15PX121BH1D reasons=no_local_datasheet
[2026-08-19T10:20:27] EXCLUDE kind=ferrite lcsc=C7509791 mpn=BLM15PX121SH1D reasons=no_local_datasheet
[2026-08-19T10:20:27] EXCLUDE kind=ferrite lcsc=C7509800 mpn=BLM15PX221BH1D reasons=no_local_datasheet
[2026-08-19T10:20:27] EXCLUDE kind=ferrite lcsc=C7509803 mpn=BLM15PX221SH1D reasons=no_local_datasheet
[2026-08-19T10:20:27] EXCLUDE kind=ferrite lcsc=C7509827 mpn=BLM15PX600SH1D reasons=stock,no_local_datasheet
[2026-08-19T10:20:27] EXCLUDE kind=ferrite lcsc=C7509833 mpn=BLM15PX601SH1D reasons=no_local_datasheet
[2026-08-19T10:20:27] EXCLUDE kind=ferrite lcsc=C23478986 mpn=BMC2AY0220AN reasons=packaging,stock,line_count,no_local_datasheet,unparseable_electrical_data
[2026-08-19T10:20:27] EXCLUDE kind=ferrite lcsc=C24089940 mpn=BMC2AY0300AG reasons=packaging,stock,no_local_datasheet
[2026-08-19T10:20:27] EXCLUDE kind=ferrite lcsc=C24500226 mpn=MH2029-300T reasons=stock,line_count,no_local_datasheet
[2026-08-19T10:20:27] EXCLUDE kind=ferrite lcsc=C26836726 mpn=BBPY00100505121Y00 reasons=line_count,no_local_datasheet
[2026-08-19T10:20:27] EXCLUDE kind=ferrite lcsc=C41519026 mpn=BLM21PG102SH1D reasons=stock,line_count,no_local_datasheet,unparseable_electrical_data
[2026-08-19T10:20:27] EXCLUDE kind=ferrite lcsc=C41556732 mpn=BLM21PG601SN1D reasons=stock,no_local_datasheet
[2026-08-19T10:20:27] EXCLUDE kind=ferrite lcsc=C41747050 mpn=BLM21PG601SH1D reasons=stock,line_count,no_local_datasheet,unparseable_electrical_data
[2026-08-19T10:20:27] EXCLUDE kind=ferrite lcsc=C42271794 mpn=BLM21PG102SN1D reasons=no_local_datasheet
[2026-08-19T10:20:27] EXCLUDE kind=zener lcsc=C2124 mpn=MMSZ5235B reasons=stock,no_local_datasheet
[2026-08-19T10:20:27] EXCLUDE kind=zener lcsc=C2125 mpn=MMSZ5238B reasons=no_local_datasheet
[2026-08-19T10:20:27] EXCLUDE kind=zener lcsc=C2126 mpn=MMSZ5245B reasons=no_local_datasheet
[2026-08-19T10:20:27] EXCLUDE kind=zener lcsc=C2127 mpn=MMSZ5248B reasons=no_local_datasheet
[2026-08-19T10:20:27] EXCLUDE kind=zener lcsc=C2130 mpn=MMSZ5248BS reasons=no_local_datasheet
[2026-08-19T10:20:27] EXCLUDE kind=zener lcsc=C2131 mpn=MMSZ5250BS reasons=no_local_datasheet
[2026-08-19T10:20:27] EXCLUDE kind=zener lcsc=C12725 mpn=LBZX84C3V9LT1G reasons=no_local_datasheet
[2026-08-19T10:20:27] EXCLUDE kind=zener lcsc=C12726 mpn=LBZX84C4V3LT1G reasons=stock,no_local_datasheet
[2026-08-19T10:20:27] EXCLUDE kind=zener lcsc=C12727 mpn=LBZX84C4V7LT1G reasons=no_local_datasheet
[2026-08-19T10:20:27] EXCLUDE kind=zener lcsc=C12728 mpn=LBZX84C5V6LT1G reasons=no_local_datasheet
[2026-08-19T10:20:27] EXCLUDE kind=zener lcsc=C12729 mpn=LBZX84C7V5LT1G reasons=no_local_datasheet
[2026-08-19T10:20:27] EXCLUDE kind=zener lcsc=C12730 mpn=LBZX84C8V2LT1G reasons=stock,no_local_datasheet
[2026-08-19T10:20:27] EXCLUDE kind=zener lcsc=C12731 mpn=LBZX84C9V1LT1G reasons=no_local_datasheet
[2026-08-19T10:20:27] EXCLUDE kind=zener lcsc=C12745 mpn=LBZX84C3V3LT1G reasons=no_local_datasheet
[2026-08-19T10:20:27] EXCLUDE kind=zener lcsc=C12746 mpn=LBZX84C6V8LT1G reasons=no_local_datasheet
[2026-08-19T10:20:27] EXCLUDE kind=zener lcsc=C12762 mpn=LBZX84C11LT1G reasons=stock,no_local_datasheet
[2026-08-19T10:20:27] EXCLUDE kind=zener lcsc=C12763 mpn=LBZX84C13LT1G reasons=no_local_datasheet
[2026-08-19T10:20:27] EXCLUDE kind=zener lcsc=C12764 mpn=LBZX84C15LT1G reasons=no_local_datasheet
[2026-08-19T10:20:27] EXCLUDE kind=zener lcsc=C12772 mpn=LBZX84C10LT1G reasons=no_local_datasheet
[2026-08-19T10:20:27] EXCLUDE kind=zener lcsc=C12773 mpn=LBZX84C12LT1G reasons=no_local_datasheet
[2026-08-19T10:20:27] EXCLUDE kind=zener lcsc=C12774 mpn=LBZX84C3V6LT1G reasons=stock,no_local_datasheet
[2026-08-19T10:20:27] EXCLUDE kind=zener lcsc=C12785 mpn=LBZX84C6V2LT1G reasons=no_local_datasheet
[2026-08-19T10:20:27] EXCLUDE kind=zener lcsc=C14199 mpn=LBZX84C62LT1G reasons=stock,no_local_datasheet
[2026-08-19T10:20:27] EXCLUDE kind=zener lcsc=C14279 mpn=LBZX84C36LT1G reasons=no_local_datasheet
[2026-08-19T10:20:27] EXCLUDE kind=zener lcsc=C14548 mpn=MMSZ5241BT1G reasons=no_local_datasheet
[2026-08-19T10:20:27] EXCLUDE kind=zener lcsc=C21536 mpn=MMSZ5251B reasons=no_local_datasheet
[2026-08-19T10:20:27] EXCLUDE kind=zener lcsc=C21537 mpn=MMSZ5252B reasons=no_local_datasheet
[2026-08-19T10:20:27] EXCLUDE kind=zener lcsc=C21538 mpn=MMSZ5254B reasons=no_local_datasheet
[2026-08-19T10:20:27] EXCLUDE kind=zener lcsc=C21539 mpn=MMSZ5256B reasons=no_local_datasheet
[2026-08-19T10:20:27] EXCLUDE kind=zener lcsc=C21540 mpn=MMSZ5257B reasons=stock,no_local_datasheet
[2026-08-19T10:20:27] EXCLUDE kind=zener lcsc=C21541 mpn=MMSZ5258B reasons=no_local_datasheet
[2026-08-19T10:20:27] EXCLUDE kind=zener lcsc=C21544 mpn=MMSZ5246B reasons=no_local_datasheet
[2026-08-19T10:20:27] EXCLUDE kind=zener lcsc=C21545 mpn=MMSZ5236B reasons=no_local_datasheet
[2026-08-19T10:20:27] EXCLUDE kind=zener lcsc=C21546 mpn=MMSZ5239B reasons=no_local_datasheet
[2026-08-19T10:20:27] EXCLUDE kind=zener lcsc=C21547 mpn=MMSZ5243B reasons=no_local_datasheet
[2026-08-19T10:20:27] EXCLUDE kind=zener lcsc=C21548 mpn=MMSZ5225B reasons=no_local_datasheet
[2026-08-19T10:20:27] EXCLUDE kind=zener lcsc=C21549 mpn=MMSZ5226B reasons=no_local_datasheet
[2026-08-19T10:20:27] EXCLUDE kind=zener lcsc=C21550 mpn=MMSZ5227B reasons=no_local_datasheet
[2026-08-19T10:20:27] EXCLUDE kind=zener lcsc=C21551 mpn=MMSZ5228B reasons=no_local_datasheet
[2026-08-19T10:20:27] EXCLUDE kind=zener lcsc=C21552 mpn=MMSZ5229B reasons=no_local_datasheet
[2026-08-19T10:20:27] EXCLUDE kind=zener lcsc=C21554 mpn=MMSZ5232B reasons=no_local_datasheet
[2026-08-19T10:20:27] EXCLUDE kind=zener lcsc=C21556 mpn=MMSZ5234B reasons=no_local_datasheet
[2026-08-19T10:20:27] EXCLUDE kind=zener lcsc=C21563 mpn=MMSZ5231B reasons=no_local_datasheet
[2026-08-19T10:20:27] EXCLUDE kind=zener lcsc=C21564 mpn=MMSZ5240B reasons=no_local_datasheet
[2026-08-19T10:20:27] EXCLUDE kind=zener lcsc=C21567 mpn=MMSZ5242B reasons=no_local_datasheet
[2026-08-19T10:20:27] EXCLUDE kind=zener lcsc=C27131 mpn=BZX84C5V1 reasons=no_local_datasheet
[2026-08-19T10:20:27] EXCLUDE kind=zener lcsc=C31775 mpn=BZX84C33LT1G reasons=no_local_datasheet
[2026-08-19T10:20:27] EXCLUDE kind=zener lcsc=C35678 mpn=LBZX84C18LT1G reasons=no_local_datasheet
[2026-08-19T10:20:27] EXCLUDE kind=zener lcsc=C38408 mpn=BZX84C27LT1G reasons=no_local_datasheet
[2026-08-19T10:20:27] EXCLUDE kind=zener lcsc=C38656 mpn=MMSZ5250B reasons=no_local_datasheet
[2026-08-19T10:20:27] EXCLUDE kind=zener lcsc=C38670 mpn=LBZX84C5V1LT1G reasons=no_local_datasheet
[2026-08-19T10:20:27] EXCLUDE kind=zener lcsc=C39212 mpn=MMSZ5244B reasons=no_local_datasheet
[2026-08-19T10:20:27] EXCLUDE kind=zener lcsc=C40515 mpn=MMSZ5262BT1G reasons=no_local_datasheet
[2026-08-19T10:20:27] EXCLUDE kind=zener lcsc=C43728 mpn=BZX84C24LT1G reasons=no_local_datasheet
[2026-08-19T10:20:27] EXCLUDE kind=zener lcsc=C44457 mpn=BZX84C16LT1G reasons=no_local_datasheet
[2026-08-19T10:20:27] EXCLUDE kind=zener lcsc=C47073 mpn=BZX84C2V4LT1G reasons=no_local_datasheet
[2026-08-19T10:20:27] EXCLUDE kind=zener lcsc=C47075 mpn=BZX84C5V1LT1G reasons=no_local_datasheet
[2026-08-19T10:20:27] EXCLUDE kind=zener lcsc=C49504 mpn=LBZX84C20LT1G reasons=no_local_datasheet
[2026-08-19T10:20:27] EXCLUDE kind=zener lcsc=C52809 mpn=MMSZ5246BT1G reasons=no_local_datasheet
[2026-08-19T10:20:27] EXCLUDE kind=zener lcsc=C65078 mpn=MMSZ5237B reasons=stock,no_local_datasheet
[2026-08-19T10:20:27] EXCLUDE kind=zener lcsc=C66198 mpn=MMSZ5231BT1G reasons=no_local_datasheet
[2026-08-19T10:20:27] EXCLUDE kind=zener lcsc=C66199 mpn=MMSZ5235BT1G reasons=no_local_datasheet
[2026-08-19T10:20:27] EXCLUDE kind=zener lcsc=C67528 mpn=MMSZ5240BS-7-F reasons=no_local_datasheet
[2026-08-19T10:20:27] EXCLUDE kind=zener lcsc=C72743 mpn=MMSZ5232BT1G reasons=no_local_datasheet
[2026-08-19T10:20:27] EXCLUDE kind=zener lcsc=C80160 mpn=MMSZ5267BT1G reasons=no_local_datasheet
[2026-08-19T10:20:27] EXCLUDE kind=zener lcsc=C80857 mpn=BZX84C15LT1G reasons=no_local_datasheet
[2026-08-19T10:20:27] EXCLUDE kind=zener lcsc=C82050 mpn=MMSZ5242BT1G reasons=no_local_datasheet
[2026-08-19T10:20:27] EXCLUDE kind=zener lcsc=C82084 mpn=MMSZ5240BT1G reasons=no_local_datasheet
[2026-08-19T10:20:27] EXCLUDE kind=zener lcsc=C82088 mpn=MMSZ5248BT1G reasons=no_local_datasheet
[2026-08-19T10:20:27] EXCLUDE kind=zener lcsc=C82324 mpn=MMSZ5236BT1G reasons=no_local_datasheet
[2026-08-19T10:20:27] EXCLUDE kind=zener lcsc=C82468 mpn=BZX84C9V1LT1G reasons=no_local_datasheet
[2026-08-19T10:20:27] EXCLUDE kind=zener lcsc=C82469 mpn=BZX84C8V2LT1G reasons=no_local_datasheet
[2026-08-19T10:20:27] EXCLUDE kind=zener lcsc=C82470 mpn=BZX84C6V2LT1G reasons=no_local_datasheet
[2026-08-19T10:20:27] EXCLUDE kind=zener lcsc=C82471 mpn=BZX84C5V6LT1G reasons=no_local_datasheet
[2026-08-19T10:20:27] EXCLUDE kind=zener lcsc=C82472 mpn=BZX84C4V7LT1G reasons=no_local_datasheet
[2026-08-19T10:20:27] EXCLUDE kind=zener lcsc=C82473 mpn=BZX84C3V3LT1G reasons=no_local_datasheet
[2026-08-19T10:20:27] EXCLUDE kind=zener lcsc=C82474 mpn=BZX84C18LT1G reasons=no_local_datasheet
[2026-08-19T10:20:27] EXCLUDE kind=zener lcsc=C82475 mpn=BZX84C12LT1G reasons=no_local_datasheet
[2026-08-19T10:20:27] EXCLUDE kind=zener lcsc=C82476 mpn=BZX84C10LT1G reasons=no_local_datasheet
[2026-08-19T10:20:27] EXCLUDE kind=zener lcsc=C85181 mpn=MMSZ5231B-7-F reasons=no_local_datasheet
[2026-08-19T10:20:27] EXCLUDE kind=zener lcsc=C85185 mpn=BZX84C5V6-7-F reasons=stock,no_local_datasheet
[2026-08-19T10:20:27] EXCLUDE kind=zener lcsc=C85186 mpn=BZX84C12-7-F reasons=stock,no_local_datasheet
[2026-08-19T10:20:27] EXCLUDE kind=zener lcsc=C86645 mpn=BZX84C22 reasons=stock,no_local_datasheet
[2026-08-19T10:20:27] EXCLUDE kind=zener lcsc=C89693 mpn=MMSZ5231B-TP reasons=no_local_datasheet,voltage_range
[2026-08-19T10:20:27] EXCLUDE kind=zener lcsc=C90848 mpn=BZX84C6V8LT1G reasons=no_local_datasheet
[2026-08-19T10:20:27] EXCLUDE kind=zener lcsc=C94386 mpn=MMSZ5250BT1G reasons=no_local_datasheet
[2026-08-19T10:20:27] EXCLUDE kind=zener lcsc=C94406 mpn=MMSZ5221BT1G reasons=no_local_datasheet
[2026-08-19T10:20:27] EXCLUDE kind=zener lcsc=C94413 mpn=BZX84C3V6LT1G reasons=no_local_datasheet
[2026-08-19T10:20:27] EXCLUDE kind=zener lcsc=C94414 mpn=BZX84C3V9LT1G reasons=no_local_datasheet
[2026-08-19T10:20:27] EXCLUDE kind=zener lcsc=C96084 mpn=LBZX84C39LT1G reasons=no_local_datasheet
[2026-08-19T10:20:27] EXCLUDE kind=zener lcsc=C107442 mpn=MMSZ5245B-E3-08 reasons=no_local_datasheet,voltage_range
[2026-08-19T10:20:27] EXCLUDE kind=zener lcsc=C118561 mpn=BZX84C2V7 reasons=package,no_local_datasheet
[2026-08-19T10:20:27] EXCLUDE kind=zener lcsc=C118563 mpn=BZX84C3V3 reasons=package,no_local_datasheet
[2026-08-19T10:20:27] EXCLUDE kind=zener lcsc=C118567 mpn=BZX84C4V7 reasons=package,no_local_datasheet
[2026-08-19T10:20:27] EXCLUDE kind=zener lcsc=C118568 mpn=BZX84C5V1 reasons=package,no_local_datasheet
[2026-08-19T10:20:27] EXCLUDE kind=zener lcsc=C118569 mpn=BZX84C5V6 reasons=package,no_local_datasheet
[2026-08-19T10:20:27] EXCLUDE kind=zener lcsc=C118570 mpn=BZX84C6V2 reasons=package,no_local_datasheet
[2026-08-19T10:20:27] EXCLUDE kind=zener lcsc=C118571 mpn=BZX84C6V8 reasons=package,stock,no_local_datasheet
[2026-08-19T10:20:27] EXCLUDE kind=zener lcsc=C118572 mpn=BZX84C7V5 reasons=package,no_local_datasheet
[2026-08-19T10:20:27] EXCLUDE kind=zener lcsc=C118574 mpn=BZX84C9V1 reasons=package,no_local_datasheet
[2026-08-19T10:20:27] EXCLUDE kind=zener lcsc=C118575 mpn=BZX84C10 reasons=package,no_local_datasheet
[2026-08-19T10:20:27] EXCLUDE kind=zener lcsc=C118578 mpn=BZX84C13 reasons=package,stock,no_local_datasheet
[2026-08-19T10:20:27] EXCLUDE kind=zener lcsc=C118579 mpn=BZX84C15 reasons=package,no_local_datasheet
[2026-08-19T10:20:27] EXCLUDE kind=zener lcsc=C118580 mpn=BZX84C16 reasons=package,no_local_datasheet
[2026-08-19T10:20:27] EXCLUDE kind=zener lcsc=C118581 mpn=BZX84C18 reasons=package,no_local_datasheet
[2026-08-19T10:20:27] EXCLUDE kind=zener lcsc=C118582 mpn=BZX84C20 reasons=package,no_local_datasheet
[2026-08-19T10:20:27] EXCLUDE kind=zener lcsc=C118584 mpn=BZX84C24 reasons=package,stock,no_local_datasheet
[2026-08-19T10:20:27] EXCLUDE kind=zener lcsc=C118586 mpn=BZX84C30 reasons=package,stock,no_local_datasheet
[2026-08-19T10:20:27] EXCLUDE kind=zener lcsc=C118587 mpn=BZX84C33 reasons=package,no_local_datasheet
[2026-08-19T10:20:27] EXCLUDE kind=zener lcsc=C118588 mpn=BZX84C36 reasons=package,stock,no_local_datasheet
[2026-08-19T10:20:27] EXCLUDE kind=zener lcsc=C118589 mpn=BZX84C39 reasons=package,stock,no_local_datasheet
[2026-08-19T10:20:27] EXCLUDE kind=zener lcsc=C118590 mpn=BZX84C43 reasons=package,no_local_datasheet
[2026-08-19T10:20:27] EXCLUDE kind=zener lcsc=C118591 mpn=BZX84C47 reasons=package,no_local_datasheet
[2026-08-19T10:20:27] EXCLUDE kind=zener lcsc=C118592 mpn=BZX84C51 reasons=package,no_local_datasheet
[2026-08-19T10:20:27] EXCLUDE kind=zener lcsc=C118593 mpn=BZX84C56 reasons=package,stock,no_local_datasheet
[2026-08-19T10:20:27] EXCLUDE kind=zener lcsc=C118596 mpn=BZX84C75 reasons=package,no_local_datasheet
[2026-08-19T10:20:27] EXCLUDE kind=zener lcsc=C129730 mpn=MMSZ5245BT1G reasons=no_local_datasheet
[2026-08-19T10:20:27] EXCLUDE kind=zener lcsc=C130241 mpn=BZX84C30 reasons=no_local_datasheet
[2026-08-19T10:20:27] EXCLUDE kind=zener lcsc=C130244 mpn=BZX84C4V3 reasons=no_local_datasheet
[2026-08-19T10:20:27] EXCLUDE kind=zener lcsc=C130247 mpn=BZX84C3V3 reasons=stock,no_local_datasheet
[2026-08-19T10:20:27] EXCLUDE kind=zener lcsc=C130255 mpn=BZX84C16 reasons=no_local_datasheet
[2026-08-19T10:20:27] EXCLUDE kind=zener lcsc=C131829 mpn=LBZX84C3V0LT1G reasons=no_local_datasheet
[2026-08-19T10:20:27] EXCLUDE kind=zener lcsc=C131830 mpn=LBZX84C30LT1G reasons=no_local_datasheet
[2026-08-19T10:20:27] EXCLUDE kind=zener lcsc=C131831 mpn=LBZX84C2V7LT1G reasons=no_local_datasheet
[2026-08-19T10:20:27] EXCLUDE kind=zener lcsc=C131832 mpn=LBZX84C2V4LT1G reasons=no_local_datasheet
[2026-08-19T10:20:27] EXCLUDE kind=zener lcsc=C131833 mpn=LBZX84C27LT1G reasons=stock,no_local_datasheet
[2026-08-19T10:20:27] EXCLUDE kind=zener lcsc=C131834 mpn=LBZX84C24LT1G reasons=stock,no_local_datasheet
[2026-08-19T10:20:27] EXCLUDE kind=zener lcsc=C131835 mpn=LBZX84C22LT1G reasons=no_local_datasheet
[2026-08-19T10:20:27] EXCLUDE kind=zener lcsc=C142579 mpn=MMSZ5245C-E3-08 reasons=no_local_datasheet,voltage_range
[2026-08-19T10:20:27] EXCLUDE kind=zener lcsc=C143755 mpn=BZX84C5V1-E3-08 reasons=no_local_datasheet
[2026-08-19T10:20:27] EXCLUDE kind=zener lcsc=C145097 mpn=MMSZ5226BS-7-F reasons=no_local_datasheet
[2026-08-19T10:20:27] EXCLUDE kind=zener lcsc=C145506 mpn=MMSZ5233BT1G reasons=no_local_datasheet
[2026-08-19T10:20:27] EXCLUDE kind=zener lcsc=C145554 mpn=SZBZX84C16LT1G reasons=stock,no_local_datasheet
[2026-08-19T10:20:27] EXCLUDE kind=zener lcsc=C148101 mpn=BZX84C5V6 reasons=no_local_datasheet
[2026-08-19T10:20:27] EXCLUDE kind=zener lcsc=C148110 mpn=BZX84C8V2 reasons=no_local_datasheet
[2026-08-19T10:20:27] EXCLUDE kind=zener lcsc=C150078 mpn=MMSZ5222BT1G reasons=no_local_datasheet
[2026-08-19T10:20:27] EXCLUDE kind=zener lcsc=C150760 mpn=MMSZ5236B-7-F reasons=no_local_datasheet
[2026-08-19T10:20:27] EXCLUDE kind=zener lcsc=C151000 mpn=MMSZ5223BS-7-F reasons=stock,no_local_datasheet
[2026-08-19T10:20:27] EXCLUDE kind=zener lcsc=C151048 mpn=BZX84C6V8-7-F reasons=stock,no_local_datasheet
[2026-08-19T10:20:27] EXCLUDE kind=zener lcsc=C151060 mpn=MMSZ5240B-7-F reasons=no_local_datasheet
[2026-08-19T10:20:27] EXCLUDE kind=zener lcsc=C151381 mpn=MMSZ5233B-7-F reasons=stock,no_local_datasheet
[2026-08-19T10:20:27] EXCLUDE kind=zener lcsc=C151433 mpn=MMSZ5257B-7-F reasons=stock,no_local_datasheet
[2026-08-19T10:20:27] EXCLUDE kind=zener lcsc=C151434 mpn=MMSZ5256B-7-F reasons=no_local_datasheet
[2026-08-19T10:20:27] EXCLUDE kind=zener lcsc=C151435 mpn=MMSZ5230B-7-F reasons=no_local_datasheet
[2026-08-19T10:20:27] EXCLUDE kind=zener lcsc=C151457 mpn=MMSZ5242BS-7-F reasons=no_local_datasheet
[2026-08-19T10:20:27] EXCLUDE kind=zener lcsc=C151590 mpn=BZX84C18-7-F reasons=no_local_datasheet
[2026-08-19T10:20:27] EXCLUDE kind=zener lcsc=C151632 mpn=BZX84C30-7-F reasons=stock,no_local_datasheet
[2026-08-19T10:20:27] EXCLUDE kind=zener lcsc=C151819 mpn=MMSZ5246BS-7-F reasons=no_local_datasheet
[2026-08-19T10:20:27] EXCLUDE kind=zener lcsc=C152532 mpn=BZX84C4V3LT1G reasons=no_local_datasheet
[2026-08-19T10:20:27] EXCLUDE kind=zener lcsc=C154772 mpn=BZX84C47LT1G reasons=no_local_datasheet
[2026-08-19T10:20:27] EXCLUDE kind=zener lcsc=C154784 mpn=BZX84C5V1LT3G reasons=stock,no_local_datasheet
[2026-08-19T10:20:27] EXCLUDE kind=zener lcsc=C154803 mpn=MMSZ5227BT1G reasons=no_local_datasheet
[2026-08-19T10:20:27] EXCLUDE kind=zener lcsc=C155250 mpn=MMSZ5226B-7-F reasons=no_local_datasheet
[2026-08-19T10:20:27] EXCLUDE kind=zener lcsc=C156265 mpn=MMSZ5232B-7-F reasons=stock,no_local_datasheet
[2026-08-19T10:20:27] EXCLUDE kind=zener lcsc=C165614 mpn=BZX84C39LT1G reasons=no_local_datasheet
[2026-08-19T10:20:27] EXCLUDE kind=zener lcsc=C177019 mpn=BZX84C3V3-7-F reasons=no_local_datasheet
[2026-08-19T10:20:27] EXCLUDE kind=zener lcsc=C177050 mpn=MMSZ5245B-7-F reasons=no_local_datasheet
[2026-08-19T10:20:27] EXCLUDE kind=zener lcsc=C177051 mpn=MMSZ5248B-7-F reasons=no_local_datasheet
[2026-08-19T10:20:27] EXCLUDE kind=zener lcsc=C179516 mpn=BZX84C47 reasons=stock,no_local_datasheet,unparseable_electrical_data
[2026-08-19T10:20:27] EXCLUDE kind=zener lcsc=C179517 mpn=BZX84C4V3 reasons=stock,no_local_datasheet
[2026-08-19T10:20:27] EXCLUDE kind=zener lcsc=C179521 mpn=BZX84C5V6 reasons=stock,no_local_datasheet
[2026-08-19T10:20:27] EXCLUDE kind=zener lcsc=C179586 mpn=MMSZ5270BT1G reasons=no_local_datasheet
[2026-08-19T10:20:27] EXCLUDE kind=zener lcsc=C185550 mpn=SZBZX84C15LT1G reasons=stock,no_local_datasheet
[2026-08-19T10:20:27] EXCLUDE kind=zener lcsc=C188411 mpn=MMSZ5243BT1G reasons=no_local_datasheet
[2026-08-19T10:20:27] EXCLUDE kind=zener lcsc=C188532 mpn=MMSZ5228B_R1_00001 reasons=no_local_datasheet
[2026-08-19T10:20:27] EXCLUDE kind=zener lcsc=C188536 mpn=MMSZ5256A_R1_00001 reasons=no_local_datasheet
[2026-08-19T10:20:27] EXCLUDE kind=zener lcsc=C191363 mpn=MMSZ5226BS reasons=no_local_datasheet
[2026-08-19T10:20:27] EXCLUDE kind=zener lcsc=C191364 mpn=MMSZ5242BS reasons=no_local_datasheet
[2026-08-19T10:20:27] EXCLUDE kind=zener lcsc=C191365 mpn=MMSZ5245BS reasons=stock,no_local_datasheet
[2026-08-19T10:20:27] EXCLUDE kind=zener lcsc=C191366 mpn=MMSZ5231BS reasons=no_local_datasheet
[2026-08-19T10:20:27] EXCLUDE kind=zener lcsc=C191367 mpn=MMSZ5232BS reasons=no_local_datasheet
[2026-08-19T10:20:27] EXCLUDE kind=zener lcsc=C191368 mpn=MMSZ5234BS reasons=stock,no_local_datasheet
[2026-08-19T10:20:27] EXCLUDE kind=zener lcsc=C191369 mpn=MMSZ5236BS reasons=stock,no_local_datasheet
[2026-08-19T10:20:27] EXCLUDE kind=zener lcsc=C191371 mpn=MMSZ5251BS reasons=no_local_datasheet
[2026-08-19T10:20:27] EXCLUDE kind=zener lcsc=C191372 mpn=MMSZ5254BS reasons=stock,no_local_datasheet
[2026-08-19T10:20:27] EXCLUDE kind=zener lcsc=C193869 mpn=MMSZ5258BT1G reasons=no_local_datasheet
[2026-08-19T10:20:27] EXCLUDE kind=zener lcsc=C194181 mpn=MMSZ5234BT1G reasons=no_local_datasheet
[2026-08-19T10:20:27] EXCLUDE kind=zener lcsc=C212599 mpn=MMSZ5250B-7-F reasons=no_local_datasheet
[2026-08-19T10:20:27] EXCLUDE kind=zener lcsc=C212829 mpn=BZX84C8V2 reasons=package,packaging,stock,no_local_datasheet,unparseable_electrical_data
[2026-08-19T10:20:27] EXCLUDE kind=zener lcsc=C213357 mpn=BZX84C6V8 reasons=stock,no_local_datasheet
[2026-08-19T10:20:27] EXCLUDE kind=zener lcsc=C213379 mpn=BZX84C47 reasons=stock,no_local_datasheet
[2026-08-19T10:20:27] EXCLUDE kind=zener lcsc=C213380 mpn=BZX84C51 reasons=no_local_datasheet
[2026-08-19T10:20:27] EXCLUDE kind=zener lcsc=C231290 mpn=SZMMSZ5231BT1G reasons=no_local_datasheet
[2026-08-19T10:20:27] EXCLUDE kind=zener lcsc=C231291 mpn=SZMMSZ5226BT1G reasons=no_local_datasheet
[2026-08-19T10:20:27] EXCLUDE kind=zener lcsc=C235742 mpn=BZX84C9V1 reasons=stock,no_local_datasheet
[2026-08-19T10:20:27] EXCLUDE kind=zener lcsc=C235743 mpn=BZX84C7V5 reasons=no_local_datasheet
[2026-08-19T10:20:27] EXCLUDE kind=zener lcsc=C235745 mpn=BZX84C4V7 reasons=no_local_datasheet
[2026-08-19T10:20:27] EXCLUDE kind=zener lcsc=C235746 mpn=BZX84C3V9 reasons=no_local_datasheet
[2026-08-19T10:20:27] EXCLUDE kind=zener lcsc=C235747 mpn=BZX84C33 reasons=stock,no_local_datasheet
[2026-08-19T10:20:27] EXCLUDE kind=zener lcsc=C235748 mpn=BZX84C2V4 reasons=no_local_datasheet
[2026-08-19T10:20:27] EXCLUDE kind=zener lcsc=C235750 mpn=BZX84C13 reasons=no_local_datasheet
[2026-08-19T10:20:27] EXCLUDE kind=zener lcsc=C235767 mpn=BZX84C11LT1G reasons=no_local_datasheet
[2026-08-19T10:20:27] EXCLUDE kind=zener lcsc=C235768 mpn=BZX84C13LT1G reasons=no_local_datasheet
[2026-08-19T10:20:27] EXCLUDE kind=zener lcsc=C235771 mpn=MMSZ5226BT1G reasons=no_local_datasheet
[2026-08-19T10:20:27] EXCLUDE kind=zener lcsc=C235772 mpn=MMSZ5254BT1G reasons=no_local_datasheet
[2026-08-19T10:20:27] EXCLUDE kind=zener lcsc=C235773 mpn=MMSZ5256BT1G reasons=no_local_datasheet
[2026-08-19T10:20:27] EXCLUDE kind=zener lcsc=C235982 mpn=BZX84C36LT1G reasons=no_local_datasheet
[2026-08-19T10:20:27] EXCLUDE kind=zener lcsc=C235986 mpn=MMSZ5252BT1G reasons=no_local_datasheet
[2026-08-19T10:20:27] EXCLUDE kind=zener lcsc=C235987 mpn=MMSZ5259BT1G reasons=no_local_datasheet
[2026-08-19T10:20:27] EXCLUDE kind=zener lcsc=C236089 mpn=MMSZ5247BT1G reasons=no_local_datasheet
[2026-08-19T10:20:27] EXCLUDE kind=zener lcsc=C236103 mpn=MMSZ5237BT1G reasons=no_local_datasheet
[2026-08-19T10:20:27] EXCLUDE kind=zener lcsc=C236104 mpn=MMSZ5260BT1G reasons=no_local_datasheet
[2026-08-19T10:20:27] EXCLUDE kind=zener lcsc=C236174 mpn=BZX84C2V7LT1G reasons=no_local_datasheet
[2026-08-19T10:20:27] EXCLUDE kind=zener lcsc=C236175 mpn=BZX84C3V0LT1G reasons=no_local_datasheet
[2026-08-19T10:20:27] EXCLUDE kind=zener lcsc=C236189 mpn=MMSZ5225BT1G reasons=no_local_datasheet
[2026-08-19T10:20:27] EXCLUDE kind=zener lcsc=C236190 mpn=MMSZ5228BT1G reasons=no_local_datasheet
[2026-08-19T10:20:27] EXCLUDE kind=zener lcsc=C236191 mpn=MMSZ5230BT1G reasons=no_local_datasheet
[2026-08-19T10:20:27] EXCLUDE kind=zener lcsc=C236192 mpn=MMSZ5257BT1G reasons=stock,no_local_datasheet
[2026-08-19T10:20:27] EXCLUDE kind=zener lcsc=C236193 mpn=MMSZ5261BT1G reasons=no_local_datasheet
[2026-08-19T10:20:27] EXCLUDE kind=zener lcsc=C236194 mpn=MMSZ5268BT1G reasons=no_local_datasheet
[2026-08-19T10:20:27] EXCLUDE kind=zener lcsc=C236195 mpn=SZBZX84C4V7LT1G reasons=no_local_datasheet
[2026-08-19T10:20:27] EXCLUDE kind=zener lcsc=C236201 mpn=BZX84C7V5LT1G reasons=no_local_datasheet
[2026-08-19T10:20:27] EXCLUDE kind=zener lcsc=C236214 mpn=MMSZ5251BT1G reasons=stock,no_local_datasheet
[2026-08-19T10:20:27] EXCLUDE kind=zener lcsc=C236219 mpn=SZBZX84C10LT1G reasons=stock,no_local_datasheet
[2026-08-19T10:20:27] EXCLUDE kind=zener lcsc=C236220 mpn=SZBZX84C2V4LT1G reasons=stock,no_local_datasheet
[2026-08-19T10:20:27] EXCLUDE kind=zener lcsc=C236221 mpn=SZBZX84C8V2LT1G reasons=stock,no_local_datasheet
[2026-08-19T10:20:27] EXCLUDE kind=zener lcsc=C241894 mpn=MMSZ5231B-E3-18 reasons=stock,no_local_datasheet,voltage_range
[2026-08-19T10:20:27] EXCLUDE kind=zener lcsc=C241953 mpn=MMSZ5254C-E3-08 reasons=no_local_datasheet,voltage_range
[2026-08-19T10:20:27] EXCLUDE kind=zener lcsc=C242261 mpn=MMSZ5229BT1G reasons=no_local_datasheet
[2026-08-19T10:20:27] EXCLUDE kind=zener lcsc=C242284 mpn=MMSZ5255BT1G reasons=no_local_datasheet
[2026-08-19T10:20:27] EXCLUDE kind=zener lcsc=C242286 mpn=MMSZ5244BT1G reasons=no_local_datasheet
[2026-08-19T10:20:27] EXCLUDE kind=zener lcsc=C242416 mpn=MMSZ5266BT1G reasons=no_local_datasheet
[2026-08-19T10:20:27] EXCLUDE kind=zener lcsc=C253188 mpn=BZX84C10VLT116 reasons=no_local_datasheet
[2026-08-19T10:20:27] EXCLUDE kind=zener lcsc=C253204 mpn=BZX84C6V2LT116 reasons=stock,no_local_datasheet
[2026-08-19T10:20:27] EXCLUDE kind=zener lcsc=C253208 mpn=BZX84C9V1LT116 reasons=stock,no_local_datasheet
[2026-08-19T10:20:27] EXCLUDE kind=zener lcsc=C263321 mpn=MMSZ5230B_R1_00001 reasons=no_local_datasheet
[2026-08-19T10:20:27] EXCLUDE kind=zener lcsc=C263323 mpn=MMSZ5239BS reasons=packaging,stock,no_local_datasheet
[2026-08-19T10:20:27] EXCLUDE kind=zener lcsc=C263324 mpn=MMSZ5244B_R1_00001 reasons=no_local_datasheet
[2026-08-19T10:20:27] EXCLUDE kind=zener lcsc=C263325 mpn=MMSZ5247A_R1_00001 reasons=no_local_datasheet
[2026-08-19T10:20:27] EXCLUDE kind=zener lcsc=C263326 mpn=MMSZ5255B_R1_00001 reasons=stock,no_local_datasheet
[2026-08-19T10:20:27] EXCLUDE kind=zener lcsc=C263327 mpn=MMSZ5259B_R1_00001 reasons=no_local_datasheet
[2026-08-19T10:20:27] EXCLUDE kind=zener lcsc=C263329 mpn=MMSZ5262B_R1_00001 reasons=no_local_datasheet
[2026-08-19T10:20:27] EXCLUDE kind=zener lcsc=C263330 mpn=MMSZ5265B_R1_00001 reasons=no_local_datasheet
[2026-08-19T10:20:27] EXCLUDE kind=zener lcsc=C266792 mpn=SZBZX84C6V2LT1G reasons=no_local_datasheet
[2026-08-19T10:20:27] EXCLUDE kind=zener lcsc=C266795 mpn=SZMMSZ5267BT1G reasons=stock,no_local_datasheet
[2026-08-19T10:20:27] EXCLUDE kind=zener lcsc=C268493 mpn=BZX84C10_R1_00001 reasons=no_local_datasheet
[2026-08-19T10:20:27] EXCLUDE kind=zener lcsc=C268495 mpn=BZX84C3V3_R1_00001 reasons=no_local_datasheet
[2026-08-19T10:20:27] EXCLUDE kind=zener lcsc=C268496 mpn=BZX84C5V6_R1_00001 reasons=no_local_datasheet
[2026-08-19T10:20:27] EXCLUDE kind=zener lcsc=C268588 mpn=MMSZ5221B_R1_00001 reasons=no_local_datasheet
[2026-08-19T10:20:27] EXCLUDE kind=zener lcsc=C268589 mpn=MMSZ5227B_R1_00001 reasons=no_local_datasheet
[2026-08-19T10:20:27] EXCLUDE kind=zener lcsc=C268590 mpn=MMSZ5231A_R1_00001 reasons=no_local_datasheet
[2026-08-19T10:20:27] EXCLUDE kind=zener lcsc=C268592 mpn=MMSZ5232A_R1_00001 reasons=no_local_datasheet
[2026-08-19T10:20:27] EXCLUDE kind=zener lcsc=C268594 mpn=MMSZ5234A_R1_00001 reasons=no_local_datasheet
[2026-08-19T10:20:27] EXCLUDE kind=zener lcsc=C268595 mpn=MMSZ5235A reasons=no_local_datasheet
[2026-08-19T10:20:27] EXCLUDE kind=zener lcsc=C268596 mpn=MMSZ5235B_R1_00001 reasons=no_local_datasheet
[2026-08-19T10:20:27] EXCLUDE kind=zener lcsc=C268598 mpn=MMSZ5238B_R1_00001 reasons=no_local_datasheet
[2026-08-19T10:20:27] EXCLUDE kind=zener lcsc=C268599 mpn=MMSZ5239A_R1_00001 reasons=no_local_datasheet
[2026-08-19T10:20:27] EXCLUDE kind=zener lcsc=C268600 mpn=MMSZ5239B_R1_00001 reasons=no_local_datasheet
[2026-08-19T10:20:27] EXCLUDE kind=zener lcsc=C268602 mpn=MMSZ5240B reasons=no_local_datasheet
[2026-08-19T10:20:27] EXCLUDE kind=zener lcsc=C268603 mpn=MMSZ5241A_R1_00001 reasons=no_local_datasheet
[2026-08-19T10:20:27] EXCLUDE kind=zener lcsc=C268605 mpn=MMSZ5242A_R1_00001 reasons=no_local_datasheet
[2026-08-19T10:20:27] EXCLUDE kind=zener lcsc=C268606 mpn=MMSZ5242B_R1_00001 reasons=no_local_datasheet
[2026-08-19T10:20:27] EXCLUDE kind=zener lcsc=C268607 mpn=MMSZ5243A_R1_00001 reasons=no_local_datasheet
[2026-08-19T10:20:27] EXCLUDE kind=zener lcsc=C268609 mpn=MMSZ5244A reasons=no_local_datasheet
[2026-08-19T10:20:27] EXCLUDE kind=zener lcsc=C268610 mpn=MMSZ5245A_R1_00001 reasons=no_local_datasheet
[2026-08-19T10:20:27] EXCLUDE kind=zener lcsc=C268614 mpn=MMSZ5248A_R1_00001 reasons=no_local_datasheet
[2026-08-19T10:20:27] EXCLUDE kind=zener lcsc=C268616 mpn=MMSZ5250A_R1_00001 reasons=no_local_datasheet
[2026-08-19T10:20:27] EXCLUDE kind=zener lcsc=C268619 mpn=MMSZ5251A_R1_00001 reasons=no_local_datasheet
[2026-08-19T10:20:27] EXCLUDE kind=zener lcsc=C268621 mpn=MMSZ5252A reasons=no_local_datasheet
[2026-08-19T10:20:27] EXCLUDE kind=zener lcsc=C268622 mpn=MMSZ5252B_R1_00001 reasons=no_local_datasheet
[2026-08-19T10:20:27] EXCLUDE kind=zener lcsc=C268623 mpn=MMSZ5254A_R1_00001 reasons=no_local_datasheet
[2026-08-19T10:20:27] EXCLUDE kind=zener lcsc=C268624 mpn=MMSZ5254B_R1_00001 reasons=no_local_datasheet
[2026-08-19T10:20:27] EXCLUDE kind=zener lcsc=C268625 mpn=MMSZ5256B_R1_ 00001 reasons=stock,no_local_datasheet
[2026-08-19T10:20:27] EXCLUDE kind=zener lcsc=C268626 mpn=MMSZ5257B_R1_00001 reasons=no_local_datasheet
[2026-08-19T10:20:27] EXCLUDE kind=zener lcsc=C268627 mpn=MMSZ5258B_R1_00001 reasons=no_local_datasheet
[2026-08-19T10:20:27] EXCLUDE kind=zener lcsc=C268628 mpn=MMSZ5260B_R1_00001 reasons=no_local_datasheet
[2026-08-19T10:20:27] EXCLUDE kind=zener lcsc=C268629 mpn=MMSZ5261B_R1_00001 reasons=no_local_datasheet
[2026-08-19T10:20:27] EXCLUDE kind=zener lcsc=C282311 mpn=MMSZ5226B_R1_00001 reasons=no_local_datasheet
[2026-08-19T10:20:27] EXCLUDE kind=zener lcsc=C282312 mpn=MMSZ5231B_R1_00001 reasons=no_local_datasheet
[2026-08-19T10:20:27] EXCLUDE kind=zener lcsc=C282313 mpn=MMSZ5232B_R1_00001 reasons=no_local_datasheet
[2026-08-19T10:20:27] EXCLUDE kind=zener lcsc=C282314 mpn=MMSZ5241B_R1_00001 reasons=no_local_datasheet
[2026-08-19T10:20:27] EXCLUDE kind=zener lcsc=C282315 mpn=MMSZ5243B_R1_00001 reasons=no_local_datasheet
[2026-08-19T10:20:27] EXCLUDE kind=zener lcsc=C282316 mpn=MMSZ5245B_R1_00001 reasons=no_local_datasheet
[2026-08-19T10:20:27] EXCLUDE kind=zener lcsc=C282317 mpn=MMSZ5246B_R1_00001 reasons=no_local_datasheet
[2026-08-19T10:20:27] EXCLUDE kind=zener lcsc=C282318 mpn=MMSZ5248B_R1_00001 reasons=no_local_datasheet
[2026-08-19T10:20:27] EXCLUDE kind=zener lcsc=C282319 mpn=MMSZ5250B_R1_00001 reasons=no_local_datasheet
[2026-08-19T10:20:27] EXCLUDE kind=zener lcsc=C282320 mpn=MMSZ5251B_R1_00001 reasons=no_local_datasheet
[2026-08-19T10:20:27] EXCLUDE kind=zener lcsc=C304413 mpn=MMSZ5236B_R1_00001 reasons=no_local_datasheet
[2026-08-19T10:20:27] EXCLUDE kind=zener lcsc=C313460 mpn=MMSZ5237B_R1_00001 reasons=no_local_datasheet
[2026-08-19T10:20:27] EXCLUDE kind=zener lcsc=C326518 mpn=MMSZ5245BQ-7-F reasons=stock,no_local_datasheet
[2026-08-19T10:20:27] EXCLUDE kind=zener lcsc=C328579 mpn=BZX84C15 reasons=stock,no_local_datasheet
[2026-08-19T10:20:27] EXCLUDE kind=zener lcsc=C328580 mpn=BZX84C18 reasons=stock,no_local_datasheet
[2026-08-19T10:20:27] EXCLUDE kind=zener lcsc=C328582 mpn=BZX84C27 reasons=no_local_datasheet
[2026-08-19T10:20:27] EXCLUDE kind=zener lcsc=C358482 mpn=MMSZ5234B reasons=stock,no_local_datasheet
[2026-08-19T10:20:27] EXCLUDE kind=zener lcsc=C358484 mpn=BRMMSZ5228B reasons=no_local_datasheet
[2026-08-19T10:20:27] EXCLUDE kind=zener lcsc=C383294 mpn=S-LBZX84C5V6LT1G reasons=stock,no_local_datasheet
[2026-08-19T10:20:27] EXCLUDE kind=zener lcsc=C384560 mpn=BZX84C4V7-7-F reasons=no_local_datasheet
[2026-08-19T10:20:27] EXCLUDE kind=zener lcsc=C391457 mpn=BZX84C15_R1_00001 reasons=stock,no_local_datasheet
[2026-08-19T10:20:27] EXCLUDE kind=zener lcsc=C391458 mpn=BZX84C18_R1_00001 reasons=no_local_datasheet
[2026-08-19T10:20:27] EXCLUDE kind=zener lcsc=C391459 mpn=BZX84C22_R1_00001 reasons=stock,no_local_datasheet
[2026-08-19T10:20:27] EXCLUDE kind=zener lcsc=C391460 mpn=BZX84C33_R1_00001 reasons=stock,no_local_datasheet
[2026-08-19T10:20:27] EXCLUDE kind=zener lcsc=C391462 mpn=BZX84C4V7_R1_00001 reasons=stock,no_local_datasheet
[2026-08-19T10:20:27] EXCLUDE kind=zener lcsc=C391463 mpn=BZX84C5V1_R1_00001 reasons=no_local_datasheet
[2026-08-19T10:20:27] EXCLUDE kind=zener lcsc=C391464 mpn=BZX84C6V2_R1_00001 reasons=no_local_datasheet
[2026-08-19T10:20:27] EXCLUDE kind=zener lcsc=C391550 mpn=MMSZ5230A_R1_00001 reasons=no_local_datasheet
[2026-08-19T10:20:27] EXCLUDE kind=zener lcsc=C391552 mpn=MMSZ5236A_R1_00001 reasons=no_local_datasheet
[2026-08-19T10:20:27] EXCLUDE kind=zener lcsc=C391553 mpn=MMSZ5240A_R1_00001 reasons=no_local_datasheet
[2026-08-19T10:20:27] EXCLUDE kind=zener lcsc=C391554 mpn=MMSZ5258A_R1_00001 reasons=no_local_datasheet
[2026-08-19T10:20:27] EXCLUDE kind=zener lcsc=C393426 mpn=BZX84C3V9_R1_00001 reasons=stock,no_local_datasheet
[2026-08-19T10:20:27] EXCLUDE kind=zener lcsc=C393442 mpn=MMSZ5234B_R1_00001 reasons=stock,no_local_datasheet
[2026-08-19T10:20:27] EXCLUDE kind=zener lcsc=C393443 mpn=MMSZ5259A_R1_00001 reasons=no_local_datasheet
[2026-08-19T10:20:27] EXCLUDE kind=zener lcsc=C397933 mpn=BZX84C16-7-F reasons=stock,no_local_datasheet
[2026-08-19T10:20:27] EXCLUDE kind=zener lcsc=C403851 mpn=SZMMSZ5232BT1G reasons=stock,no_local_datasheet
[2026-08-19T10:20:27] EXCLUDE kind=zener lcsc=C410853 mpn=BZX84C7V5 RFG reasons=stock,no_local_datasheet
[2026-08-19T10:20:27] EXCLUDE kind=zener lcsc=C411195 mpn=LBZX84C33LT1G reasons=stock,no_local_datasheet
[2026-08-19T10:20:27] EXCLUDE kind=zener lcsc=C411213 mpn=BZX84C22LT1G reasons=stock,no_local_datasheet
[2026-08-19T10:20:27] EXCLUDE kind=zener lcsc=C435914 mpn=MMSZ5231BS-7-F reasons=no_local_datasheet
[2026-08-19T10:20:27] EXCLUDE kind=zener lcsc=C459546 mpn=MMSZ5239B-7-F reasons=no_local_datasheet
[2026-08-19T10:20:27] EXCLUDE kind=zener lcsc=C460240 mpn=MMSZ5226BQ-7-F reasons=no_local_datasheet
[2026-08-19T10:20:27] EXCLUDE kind=zener lcsc=C460814 mpn=BZX84C12W-7-F reasons=package,stock,no_local_datasheet
[2026-08-19T10:20:27] EXCLUDE kind=zener lcsc=C460817 mpn=BZX84C20Q-7-F reasons=stock,no_local_datasheet
[2026-08-19T10:20:27] EXCLUDE kind=zener lcsc=C460818 mpn=BZX84C24-7-F reasons=stock,no_local_datasheet
[2026-08-19T10:20:27] EXCLUDE kind=zener lcsc=C460819 mpn=BZX84C27Q-7-F reasons=stock,no_local_datasheet
[2026-08-19T10:20:27] EXCLUDE kind=zener lcsc=C460820 mpn=BZX84C2V4W-7-F reasons=package,stock,no_local_datasheet
[2026-08-19T10:20:27] EXCLUDE kind=zener lcsc=C460821 mpn=BZX84C36-7-F reasons=no_local_datasheet
[2026-08-19T10:20:27] EXCLUDE kind=zener lcsc=C460823 mpn=BZX84C3V3W-7-F reasons=package,stock,no_local_datasheet
[2026-08-19T10:20:27] EXCLUDE kind=zener lcsc=C460824 mpn=BZX84C3V6W-7-F reasons=package,stock,no_local_datasheet
[2026-08-19T10:20:27] EXCLUDE kind=zener lcsc=C460827 mpn=BZX84C5V1W-7-F reasons=package,stock,no_local_datasheet
[2026-08-19T10:20:27] EXCLUDE kind=zener lcsc=C460915 mpn=MMSZ5227BS-7-F reasons=stock,no_local_datasheet
[2026-08-19T10:20:27] EXCLUDE kind=zener lcsc=C460920 mpn=MMSZ5252B-7-F reasons=no_local_datasheet
[2026-08-19T10:20:27] EXCLUDE kind=zener lcsc=C460921 mpn=MMSZ5255BS-7-F reasons=stock,no_local_datasheet
[2026-08-19T10:20:27] EXCLUDE kind=zener lcsc=C461751 mpn=MMSZ5244B reasons=no_local_datasheet
[2026-08-19T10:20:27] EXCLUDE kind=zener lcsc=C462714 mpn=BZX84C68LT1G reasons=package,no_local_datasheet
[2026-08-19T10:20:27] EXCLUDE kind=zener lcsc=C462969 mpn=SZMMSZ5242BT1G reasons=stock,no_local_datasheet
[2026-08-19T10:20:27] EXCLUDE kind=zener lcsc=C463424 mpn=SZBZX84C12ET1G reasons=package,no_local_datasheet
[2026-08-19T10:20:27] EXCLUDE kind=zener lcsc=C463425 mpn=SZBZX84C36LT1G reasons=stock,no_local_datasheet
[2026-08-19T10:20:27] EXCLUDE kind=zener lcsc=C463555 mpn=MMSZ5253BT1G reasons=no_local_datasheet
[2026-08-19T10:20:27] EXCLUDE kind=zener lcsc=C463664 mpn=SZBZX84C4V7ET1G reasons=package,stock,no_local_datasheet
[2026-08-19T10:20:27] EXCLUDE kind=zener lcsc=C464123 mpn=SZBZX84C3V0LT1G reasons=package,stock,no_local_datasheet
[2026-08-19T10:20:27] EXCLUDE kind=zener lcsc=C464124 mpn=SZBZX84C5V6LT1G reasons=stock,no_local_datasheet
[2026-08-19T10:20:27] EXCLUDE kind=zener lcsc=C464125 mpn=SZBZX84C9V1LT1G reasons=no_local_datasheet
[2026-08-19T10:20:27] EXCLUDE kind=zener lcsc=C464134 mpn=SZMMSZ5259BT1G reasons=no_local_datasheet
[2026-08-19T10:20:27] EXCLUDE kind=zener lcsc=C464268 mpn=SZBZX84C27LT1G reasons=stock,no_local_datasheet
[2026-08-19T10:20:27] EXCLUDE kind=zener lcsc=C486157 mpn=BZX84C18 RFG reasons=stock,no_local_datasheet
[2026-08-19T10:20:27] EXCLUDE kind=zener lcsc=C486161 mpn=BZX84C9V1 RFG reasons=stock,no_local_datasheet
[2026-08-19T10:20:27] EXCLUDE kind=zener lcsc=C493206 mpn=BZX84C3V3 reasons=no_local_datasheet
[2026-08-19T10:20:27] EXCLUDE kind=zener lcsc=C499772 mpn=MMSZ5254B reasons=no_local_datasheet
[2026-08-19T10:20:27] EXCLUDE kind=zener lcsc=C499773 mpn=MMSZ5248B reasons=no_local_datasheet
[2026-08-19T10:20:27] EXCLUDE kind=zener lcsc=C499783 mpn=BZX84C9V1 reasons=stock,no_local_datasheet
[2026-08-19T10:20:27] EXCLUDE kind=zener lcsc=C499785 mpn=BZX84C4V7 reasons=no_local_datasheet
[2026-08-19T10:20:27] EXCLUDE kind=zener lcsc=C499787 mpn=BZX84C2V4 reasons=no_local_datasheet
[2026-08-19T10:20:27] EXCLUDE kind=zener lcsc=C499788 mpn=BZX84C24 reasons=stock,no_local_datasheet
[2026-08-19T10:20:27] EXCLUDE kind=zener lcsc=C499789 mpn=BZX84C22 reasons=no_local_datasheet
[2026-08-19T10:20:27] EXCLUDE kind=zener lcsc=C499790 mpn=BZX84C20 reasons=stock,no_local_datasheet
[2026-08-19T10:20:27] EXCLUDE kind=zener lcsc=C499791 mpn=BZX84C18 reasons=stock,no_local_datasheet
[2026-08-19T10:20:27] EXCLUDE kind=zener lcsc=C499792 mpn=BZX84C15 reasons=no_local_datasheet
[2026-08-19T10:20:27] EXCLUDE kind=zener lcsc=C499794 mpn=BZX84C12 reasons=stock,no_local_datasheet
[2026-08-19T10:20:27] EXCLUDE kind=zener lcsc=C500776 mpn=MMSZ5242B-7-F reasons=no_local_datasheet
[2026-08-19T10:20:27] EXCLUDE kind=zener lcsc=C500786 mpn=MMSZ5235B-7-F reasons=no_local_datasheet
[2026-08-19T10:20:27] EXCLUDE kind=zener lcsc=C500789 mpn=BZX84C15-7-F reasons=no_local_datasheet
[2026-08-19T10:20:27] EXCLUDE kind=zener lcsc=C500793 mpn=BZX84C10-7-F reasons=stock,no_local_datasheet
[2026-08-19T10:20:27] EXCLUDE kind=zener lcsc=C506594 mpn=MMSZ5227C-E3-08 reasons=stock,no_local_datasheet,voltage_range
[2026-08-19T10:20:27] EXCLUDE kind=zener lcsc=C507917 mpn=BZX84C22W-7-F reasons=package,no_local_datasheet
[2026-08-19T10:20:27] EXCLUDE kind=zener lcsc=C507920 mpn=BZX84C39-7-F reasons=no_local_datasheet
[2026-08-19T10:20:27] EXCLUDE kind=zener lcsc=C508229 mpn=MMSZ5232BS-7-F reasons=no_local_datasheet
[2026-08-19T10:20:27] EXCLUDE kind=zener lcsc=C508232 mpn=MMSZ5241BS-7-F reasons=stock,no_local_datasheet
[2026-08-19T10:20:27] EXCLUDE kind=zener lcsc=C508234 mpn=MMSZ5251BS-7-F reasons=stock,no_local_datasheet
[2026-08-19T10:20:27] EXCLUDE kind=zener lcsc=C509853 mpn=BZX84C5V1LFHT116 reasons=stock,no_local_datasheet
[2026-08-19T10:20:27] EXCLUDE kind=zener lcsc=C511373 mpn=BZX84C16-HE3-08 reasons=stock,no_local_datasheet
[2026-08-19T10:20:27] EXCLUDE kind=zener lcsc=C513072 mpn=SZMMSZ5227BT1G reasons=no_local_datasheet
[2026-08-19T10:20:27] EXCLUDE kind=zener lcsc=C513075 mpn=SZMMSZ5246BT1G reasons=no_local_datasheet
[2026-08-19T10:20:27] EXCLUDE kind=zener lcsc=C513123 mpn=MMSZ5246BQ-7-F reasons=no_local_datasheet
[2026-08-19T10:20:27] EXCLUDE kind=zener lcsc=C513125 mpn=MMSZ5228B-7-F reasons=no_local_datasheet
[2026-08-19T10:20:27] EXCLUDE kind=zener lcsc=C516600 mpn=BZX84C3V6-7-F reasons=stock,no_local_datasheet
[2026-08-19T10:20:27] EXCLUDE kind=zener lcsc=C516601 mpn=BZX84C22-7-F reasons=stock,no_local_datasheet
[2026-08-19T10:20:27] EXCLUDE kind=zener lcsc=C525051 mpn=BZX84C5V1 reasons=no_local_datasheet
[2026-08-19T10:20:27] EXCLUDE kind=zener lcsc=C525412 mpn=LBZX84C47LT1G reasons=stock,no_local_datasheet
[2026-08-19T10:20:27] EXCLUDE kind=zener lcsc=C545312 mpn=BZX84C3V3 reasons=no_local_datasheet
[2026-08-19T10:20:27] EXCLUDE kind=zener lcsc=C545313 mpn=BZX84C5V1 reasons=no_local_datasheet
[2026-08-19T10:20:27] EXCLUDE kind=zener lcsc=C560269 mpn=BZX84C27-7-F reasons=stock,no_local_datasheet
[2026-08-19T10:20:27] EXCLUDE kind=zener lcsc=C560274 mpn=MMSZ5227B-7-F reasons=no_local_datasheet
[2026-08-19T10:20:27] EXCLUDE kind=zener lcsc=C604758 mpn=SZBZX84C18ET1G reasons=stock,no_local_datasheet
[2026-08-19T10:20:27] EXCLUDE kind=zener lcsc=C604759 mpn=SZBZX84C24LT1G reasons=no_local_datasheet
[2026-08-19T10:20:27] EXCLUDE kind=zener lcsc=C604811 mpn=SZMMSZ5240BT1G reasons=no_local_datasheet
[2026-08-19T10:20:27] EXCLUDE kind=zener lcsc=C604812 mpn=SZMMSZ5248BT1G reasons=no_local_datasheet
[2026-08-19T10:20:27] EXCLUDE kind=zener lcsc=C668904 mpn=BZX84C24-TP reasons=no_local_datasheet
[2026-08-19T10:20:27] EXCLUDE kind=zener lcsc=C668974 mpn=MMSZ5232B-TP reasons=no_local_datasheet,voltage_range
[2026-08-19T10:20:27] EXCLUDE kind=zener lcsc=C668978 mpn=MMSZ5242B-TP reasons=no_local_datasheet,voltage_range
[2026-08-19T10:20:27] EXCLUDE kind=zener lcsc=C668979 mpn=MMSZ5248B-TP reasons=no_local_datasheet,voltage_range
[2026-08-19T10:20:27] EXCLUDE kind=zener lcsc=C672232 mpn=BZX84C5V1Q-7-F reasons=no_local_datasheet
[2026-08-19T10:20:27] EXCLUDE kind=zener lcsc=C674401 mpn=MMSZ5252BS-7-F reasons=no_local_datasheet
[2026-08-19T10:20:27] EXCLUDE kind=zener lcsc=C674413 mpn=BZX84C7V5-7-F reasons=package,stock,no_local_datasheet
[2026-08-19T10:20:27] EXCLUDE kind=zener lcsc=C692854 mpn=BZX84C18 reasons=no_local_datasheet
[2026-08-19T10:20:27] EXCLUDE kind=zener lcsc=C705320 mpn=BZX84C15Q-7-F reasons=no_local_datasheet
[2026-08-19T10:20:27] EXCLUDE kind=zener lcsc=C707157 mpn=MMSZ5223B reasons=stock,no_local_datasheet
[2026-08-19T10:20:27] EXCLUDE kind=zener lcsc=C707158 mpn=MMSZ5226B reasons=stock,no_local_datasheet
[2026-08-19T10:20:27] EXCLUDE kind=zener lcsc=C707159 mpn=MMSZ5227B reasons=no_local_datasheet
[2026-08-19T10:20:27] EXCLUDE kind=zener lcsc=C707160 mpn=MMSZ5228B reasons=no_local_datasheet
[2026-08-19T10:20:27] EXCLUDE kind=zener lcsc=C707161 mpn=MMSZ5229B reasons=stock,no_local_datasheet
[2026-08-19T10:20:27] EXCLUDE kind=zener lcsc=C707163 mpn=MMSZ5231B reasons=stock,no_local_datasheet
[2026-08-19T10:20:27] EXCLUDE kind=zener lcsc=C707164 mpn=MMSZ5232B reasons=stock,no_local_datasheet
[2026-08-19T10:20:27] EXCLUDE kind=zener lcsc=C707167 mpn=MMSZ5236B reasons=no_local_datasheet
[2026-08-19T10:20:27] EXCLUDE kind=zener lcsc=C707168 mpn=MMSZ5237B reasons=no_local_datasheet
[2026-08-19T10:20:27] EXCLUDE kind=zener lcsc=C707170 mpn=MMSZ5240B reasons=stock,no_local_datasheet
[2026-08-19T10:20:27] EXCLUDE kind=zener lcsc=C707172 mpn=MMSZ5242B reasons=no_local_datasheet
[2026-08-19T10:20:27] EXCLUDE kind=zener lcsc=C707173 mpn=MMSZ5243B reasons=no_local_datasheet
[2026-08-19T10:20:27] EXCLUDE kind=zener lcsc=C707174 mpn=MMSZ5245B reasons=no_local_datasheet
[2026-08-19T10:20:27] EXCLUDE kind=zener lcsc=C707175 mpn=MMSZ5246B reasons=no_local_datasheet
[2026-08-19T10:20:27] EXCLUDE kind=zener lcsc=C707176 mpn=MMSZ5248B reasons=no_local_datasheet
[2026-08-19T10:20:27] EXCLUDE kind=zener lcsc=C707177 mpn=MMSZ5250B reasons=no_local_datasheet
[2026-08-19T10:20:27] EXCLUDE kind=zener lcsc=C707179 mpn=MMSZ5252B reasons=no_local_datasheet
[2026-08-19T10:20:27] EXCLUDE kind=zener lcsc=C721430 mpn=BZX84C16-TP reasons=no_local_datasheet
[2026-08-19T10:20:27] EXCLUDE kind=zener lcsc=C730379 mpn=SZBZX84C18LT1G reasons=no_local_datasheet
[2026-08-19T10:20:27] EXCLUDE kind=zener lcsc=C780796 mpn=BZX84C15W-7-F reasons=package,stock,no_local_datasheet
[2026-08-19T10:20:27] EXCLUDE kind=zener lcsc=C780865 mpn=MMSZ5221B-7-F reasons=no_local_datasheet
[2026-08-19T10:20:27] EXCLUDE kind=zener lcsc=C781890 mpn=MMSZ5231BQ-7-F reasons=no_local_datasheet
[2026-08-19T10:20:27] EXCLUDE kind=zener lcsc=C841151 mpn=BZX84C12 reasons=stock,no_local_datasheet
[2026-08-19T10:20:27] EXCLUDE kind=zener lcsc=C841152 mpn=BZX84C24 reasons=no_local_datasheet
[2026-08-19T10:20:27] EXCLUDE kind=zener lcsc=C841153 mpn=BZX84C30 reasons=no_local_datasheet
[2026-08-19T10:20:27] EXCLUDE kind=zener lcsc=C841154 mpn=BZX84C33 reasons=stock,no_local_datasheet
[2026-08-19T10:20:27] EXCLUDE kind=zener lcsc=C841156 mpn=BZX84C3V6 reasons=no_local_datasheet
[2026-08-19T10:20:27] EXCLUDE kind=zener lcsc=C841157 mpn=BZX84C4V3 reasons=no_local_datasheet
[2026-08-19T10:20:27] EXCLUDE kind=zener lcsc=C841158 mpn=BZX84C4V7 reasons=no_local_datasheet
[2026-08-19T10:20:27] EXCLUDE kind=zener lcsc=C841159 mpn=BZX84C5V6 reasons=no_local_datasheet
[2026-08-19T10:20:27] EXCLUDE kind=zener lcsc=C841160 mpn=BZX84C6V2 reasons=no_local_datasheet
[2026-08-19T10:20:27] EXCLUDE kind=zener lcsc=C841161 mpn=BZX84C6V8 reasons=no_local_datasheet
[2026-08-19T10:20:27] EXCLUDE kind=zener lcsc=C841162 mpn=BZX84C8V2 reasons=stock,no_local_datasheet
[2026-08-19T10:20:27] EXCLUDE kind=zener lcsc=C841163 mpn=BZX84C9V1 reasons=no_local_datasheet
[2026-08-19T10:20:27] EXCLUDE kind=zener lcsc=C841164 mpn=BZX84C15 reasons=no_local_datasheet
[2026-08-19T10:20:27] EXCLUDE kind=zener lcsc=C841165 mpn=BZX84C16 reasons=no_local_datasheet
[2026-08-19T10:20:27] EXCLUDE kind=zener lcsc=C841168 mpn=BZX84C22 reasons=stock,no_local_datasheet
[2026-08-19T10:20:27] EXCLUDE kind=zener lcsc=C841169 mpn=BZX84C36 reasons=stock,no_local_datasheet
[2026-08-19T10:20:27] EXCLUDE kind=zener lcsc=C841172 mpn=BZX84C51 reasons=stock,no_local_datasheet
[2026-08-19T10:20:27] EXCLUDE kind=zener lcsc=C841183 mpn=BZX84C7V5 reasons=no_local_datasheet
[2026-08-19T10:20:27] EXCLUDE kind=zener lcsc=C841184 mpn=BZX84C11 reasons=no_local_datasheet
[2026-08-19T10:20:27] EXCLUDE kind=zener lcsc=C890275 mpn=BZX84C51LT1G reasons=no_local_datasheet
[2026-08-19T10:20:27] EXCLUDE kind=zener lcsc=C891723 mpn=MMSZ5223BT1G reasons=stock,no_local_datasheet
[2026-08-19T10:20:27] EXCLUDE kind=zener lcsc=C891724 mpn=MMSZ5231CT1G reasons=stock,no_local_datasheet
[2026-08-19T10:20:27] EXCLUDE kind=zener lcsc=C891726 mpn=MMSZ5235ET1G reasons=stock,no_local_datasheet
[2026-08-19T10:20:27] EXCLUDE kind=zener lcsc=C891728 mpn=MMSZ5239BT1G reasons=no_local_datasheet
[2026-08-19T10:20:27] EXCLUDE kind=zener lcsc=C891737 mpn=MMSZ5258CT1G reasons=stock,no_local_datasheet
[2026-08-19T10:20:27] EXCLUDE kind=zener lcsc=C894459 mpn=SZBZX84C15ET1G reasons=stock,no_local_datasheet
[2026-08-19T10:20:27] EXCLUDE kind=zener lcsc=C894462 mpn=SZBZX84C20LT1G reasons=stock,no_local_datasheet
[2026-08-19T10:20:27] EXCLUDE kind=zener lcsc=C894463 mpn=SZBZX84C22ET1G reasons=package,stock,no_local_datasheet
[2026-08-19T10:20:27] EXCLUDE kind=zener lcsc=C894464 mpn=SZBZX84C22LT1G reasons=no_local_datasheet
[2026-08-19T10:20:27] EXCLUDE kind=zener lcsc=C894467 mpn=SZBZX84C2V4ET1G reasons=package,stock,no_local_datasheet
[2026-08-19T10:20:27] EXCLUDE kind=zener lcsc=C894469 mpn=SZBZX84C2V7LT1G reasons=stock,no_local_datasheet
[2026-08-19T10:20:27] EXCLUDE kind=zener lcsc=C894473 mpn=SZBZX84C33LT1G reasons=stock,no_local_datasheet
[2026-08-19T10:20:27] EXCLUDE kind=zener lcsc=C894476 mpn=SZBZX84C3V0ET1G reasons=stock,no_local_datasheet
[2026-08-19T10:20:27] EXCLUDE kind=zener lcsc=C894479 mpn=SZBZX84C3V6LT1G reasons=stock,no_local_datasheet
[2026-08-19T10:20:27] EXCLUDE kind=zener lcsc=C894487 mpn=SZBZX84C51ET1G reasons=package,stock,no_local_datasheet
[2026-08-19T10:20:27] EXCLUDE kind=zener lcsc=C894496 mpn=SZBZX84C6V2ET1G reasons=stock,no_local_datasheet
[2026-08-19T10:20:27] EXCLUDE kind=zener lcsc=C894501 mpn=SZBZX84C9V1ET1G reasons=no_local_datasheet
[2026-08-19T10:20:27] EXCLUDE kind=zener lcsc=C894672 mpn=SZMMSZ5233BT1G reasons=stock,no_local_datasheet
[2026-08-19T10:20:27] EXCLUDE kind=zener lcsc=C894677 mpn=SZMMSZ5239BT1G reasons=stock,no_local_datasheet
[2026-08-19T10:20:27] EXCLUDE kind=zener lcsc=C894678 mpn=SZMMSZ5241BT1G reasons=stock,no_local_datasheet
[2026-08-19T10:20:27] EXCLUDE kind=zener lcsc=C894682 mpn=SZMMSZ5245ET1G reasons=no_local_datasheet
[2026-08-19T10:20:27] EXCLUDE kind=zener lcsc=C894686 mpn=SZMMSZ5251BT1G reasons=stock,no_local_datasheet
[2026-08-19T10:20:27] EXCLUDE kind=zener lcsc=C894703 mpn=SZMMSZ5268BT1G reasons=stock,no_local_datasheet
[2026-08-19T10:20:27] EXCLUDE kind=zener lcsc=C894704 mpn=SZMMSZ5270BT1G reasons=no_local_datasheet
[2026-08-19T10:20:27] EXCLUDE kind=zener lcsc=C896688 mpn=BZX84C18LT3G reasons=stock,no_local_datasheet
[2026-08-19T10:20:27] EXCLUDE kind=zener lcsc=C896691 mpn=BZX84C4V7LT3G reasons=no_local_datasheet
[2026-08-19T10:20:27] EXCLUDE kind=zener lcsc=C896693 mpn=BZX84C5V6LT3G reasons=stock,no_local_datasheet
[2026-08-19T10:20:27] EXCLUDE kind=zener lcsc=C896695 mpn=BZX84C6V8LT3G reasons=stock,no_local_datasheet
[2026-08-19T10:20:27] EXCLUDE kind=zener lcsc=C896696 mpn=BZX84C9V1LT3G reasons=stock,no_local_datasheet
[2026-08-19T10:20:27] EXCLUDE kind=zener lcsc=C896932 mpn=SZBZX84C12LT3G reasons=no_local_datasheet
[2026-08-19T10:20:27] EXCLUDE kind=zener lcsc=C896933 mpn=SZBZX84C13LT3G reasons=stock,no_local_datasheet
[2026-08-19T10:20:27] EXCLUDE kind=zener lcsc=C896935 mpn=SZBZX84C15LT3G reasons=no_local_datasheet
[2026-08-19T10:20:27] EXCLUDE kind=zener lcsc=C896938 mpn=SZBZX84C18LT3G reasons=stock,no_local_datasheet
[2026-08-19T10:20:27] EXCLUDE kind=zener lcsc=C896944 mpn=SZBZX84C39LT3G reasons=stock,no_local_datasheet
[2026-08-19T10:20:27] EXCLUDE kind=zener lcsc=C896950 mpn=SZBZX84C4V7LT3G reasons=stock,no_local_datasheet
[2026-08-19T10:20:27] EXCLUDE kind=zener lcsc=C896954 mpn=SZBZX84C5V6LT3G reasons=stock,no_local_datasheet
[2026-08-19T10:20:27] EXCLUDE kind=zener lcsc=C896958 mpn=SZBZX84C7V5LT3G reasons=stock,no_local_datasheet,voltage_range
[2026-08-19T10:20:27] EXCLUDE kind=zener lcsc=C896959 mpn=SZBZX84C8V2ET3G reasons=stock,no_local_datasheet
[2026-08-19T10:20:27] EXCLUDE kind=zener lcsc=C896960 mpn=SZBZX84C8V2LT3G reasons=no_local_datasheet
[2026-08-19T10:20:27] EXCLUDE kind=zener lcsc=C896962 mpn=SZBZX84C9V1LT3G reasons=stock,no_local_datasheet
[2026-08-19T10:20:27] EXCLUDE kind=zener lcsc=C917506 mpn=BZX84C12-E3-08 reasons=stock,no_local_datasheet
[2026-08-19T10:20:27] EXCLUDE kind=zener lcsc=C962733 mpn=BZX84C5V1 reasons=stock,no_local_datasheet
[2026-08-19T10:20:27] EXCLUDE kind=zener lcsc=C968237 mpn=BZX84C10 reasons=no_local_datasheet
[2026-08-19T10:20:27] EXCLUDE kind=zener lcsc=C968238 mpn=BZX84C10W reasons=package,stock,no_local_datasheet
[2026-08-19T10:20:27] EXCLUDE kind=zener lcsc=C968239 mpn=BZX84C11 reasons=no_local_datasheet
[2026-08-19T10:20:27] EXCLUDE kind=zener lcsc=C968241 mpn=BZX84C12 reasons=stock,no_local_datasheet
[2026-08-19T10:20:27] EXCLUDE kind=zener lcsc=C968242 mpn=BZX84C12W reasons=package,no_local_datasheet
[2026-08-19T10:20:27] EXCLUDE kind=zener lcsc=C968243 mpn=BZX84C13 reasons=stock,no_local_datasheet
[2026-08-19T10:20:27] EXCLUDE kind=zener lcsc=C968244 mpn=BZX84C13W reasons=package,no_local_datasheet
[2026-08-19T10:20:27] EXCLUDE kind=zener lcsc=C968246 mpn=BZX84C15W reasons=package,no_local_datasheet
[2026-08-19T10:20:27] EXCLUDE kind=zener lcsc=C968247 mpn=BZX84C16 reasons=no_local_datasheet
[2026-08-19T10:20:27] EXCLUDE kind=zener lcsc=C968248 mpn=BZX84C16W reasons=package,no_local_datasheet
[2026-08-19T10:20:27] EXCLUDE kind=zener lcsc=C968252 mpn=BZX84C20W reasons=package,no_local_datasheet
[2026-08-19T10:20:27] EXCLUDE kind=zener lcsc=C968253 mpn=BZX84C22 reasons=no_local_datasheet
[2026-08-19T10:20:27] EXCLUDE kind=zener lcsc=C968255 mpn=BZX84C24 reasons=stock,no_local_datasheet
[2026-08-19T10:20:27] EXCLUDE kind=zener lcsc=C968256 mpn=BZX84C24W reasons=package,no_local_datasheet
[2026-08-19T10:20:27] EXCLUDE kind=zener lcsc=C968257 mpn=BZX84C27 reasons=stock,no_local_datasheet
[2026-08-19T10:20:27] EXCLUDE kind=zener lcsc=C968260 mpn=BZX84C2V4W reasons=package,stock,no_local_datasheet
[2026-08-19T10:20:27] EXCLUDE kind=zener lcsc=C968261 mpn=BZX84C2V7 reasons=stock,no_local_datasheet
[2026-08-19T10:20:27] EXCLUDE kind=zener lcsc=C968263 mpn=BZX84C30 reasons=stock,no_local_datasheet
[2026-08-19T10:20:27] EXCLUDE kind=zener lcsc=C968268 mpn=BZX84C36W reasons=package,no_local_datasheet
[2026-08-19T10:20:27] EXCLUDE kind=zener lcsc=C968269 mpn=BZX84C39 reasons=no_local_datasheet
[2026-08-19T10:20:27] EXCLUDE kind=zener lcsc=C968272 mpn=BZX84C3V0W reasons=package,no_local_datasheet
[2026-08-19T10:20:27] EXCLUDE kind=zener lcsc=C968273 mpn=BZX84C3V3 reasons=stock,no_local_datasheet
[2026-08-19T10:20:27] EXCLUDE kind=zener lcsc=C968274 mpn=BZX84C3V3W reasons=package,stock,no_local_datasheet
[2026-08-19T10:20:27] EXCLUDE kind=zener lcsc=C968275 mpn=BZX84C3V6 reasons=no_local_datasheet
[2026-08-19T10:20:27] EXCLUDE kind=zener lcsc=C968276 mpn=BZX84C3V6W reasons=package,no_local_datasheet
[2026-08-19T10:20:27] EXCLUDE kind=zener lcsc=C968278 mpn=BZX84C3V9W reasons=package,no_local_datasheet
[2026-08-19T10:20:27] EXCLUDE kind=zener lcsc=C968279 mpn=BZX84C43 reasons=package,no_local_datasheet
[2026-08-19T10:20:27] EXCLUDE kind=zener lcsc=C968280 mpn=BZX84C47 reasons=stock,no_local_datasheet
[2026-08-19T10:20:27] EXCLUDE kind=zener lcsc=C968281 mpn=BZX84C4V3 reasons=stock,no_local_datasheet
[2026-08-19T10:20:27] EXCLUDE kind=zener lcsc=C968282 mpn=BZX84C4V3W reasons=package,stock,no_local_datasheet
[2026-08-19T10:20:27] EXCLUDE kind=zener lcsc=C968283 mpn=BZX84C4V7 reasons=stock,no_local_datasheet
[2026-08-19T10:20:27] EXCLUDE kind=zener lcsc=C968284 mpn=BZX84C4V7W reasons=package,no_local_datasheet
[2026-08-19T10:20:27] EXCLUDE kind=zener lcsc=C968286 mpn=BZX84C56 reasons=no_local_datasheet
[2026-08-19T10:20:27] EXCLUDE kind=zener lcsc=C968287 mpn=BZX84C5V1 reasons=no_local_datasheet
[2026-08-19T10:20:27] EXCLUDE kind=zener lcsc=C968290 mpn=BZX84C5V6W reasons=package,no_local_datasheet
[2026-08-19T10:20:27] EXCLUDE kind=zener lcsc=C968294 mpn=BZX84C6V2W reasons=package,no_local_datasheet
[2026-08-19T10:20:27] EXCLUDE kind=zener lcsc=C968296 mpn=BZX84C6V8W reasons=package,stock,no_local_datasheet
[2026-08-19T10:20:27] EXCLUDE kind=zener lcsc=C968297 mpn=BZX84C75 reasons=no_local_datasheet
[2026-08-19T10:20:27] EXCLUDE kind=zener lcsc=C968298 mpn=BZX84C7V5 reasons=no_local_datasheet
[2026-08-19T10:20:27] EXCLUDE kind=zener lcsc=C968299 mpn=BZX84C7V5W reasons=package,no_local_datasheet
[2026-08-19T10:20:27] EXCLUDE kind=zener lcsc=C968300 mpn=BZX84C8V2 reasons=stock,no_local_datasheet
[2026-08-19T10:20:27] EXCLUDE kind=zener lcsc=C970337 mpn=BZX84C3V0 reasons=no_local_datasheet
[2026-08-19T10:20:27] EXCLUDE kind=zener lcsc=C970340 mpn=BZX84C39 reasons=stock,no_local_datasheet
[2026-08-19T10:20:27] EXCLUDE kind=zener lcsc=C2760558 mpn=BZX84C3V3Q-7-F reasons=stock,no_local_datasheet
[2026-08-19T10:20:27] EXCLUDE kind=zener lcsc=C2760561 mpn=BZX84C16Q-7-F reasons=stock,no_local_datasheet
[2026-08-19T10:20:27] EXCLUDE kind=zener lcsc=C2760562 mpn=BZX84C4V7Q-7-F reasons=stock,no_local_datasheet
[2026-08-19T10:20:27] EXCLUDE kind=zener lcsc=C2760563 mpn=BZX84C2V4Q-7-F reasons=package,stock,no_local_datasheet
[2026-08-19T10:20:27] EXCLUDE kind=zener lcsc=C2760640 mpn=BZX84C2V4T-7-F reasons=package,no_local_datasheet
[2026-08-19T10:20:27] EXCLUDE kind=zener lcsc=C2832544 mpn=BZX84C3V9 reasons=stock,no_local_datasheet
[2026-08-19T10:20:27] EXCLUDE kind=zener lcsc=C2832545 mpn=BZX84C4V3 reasons=stock,no_local_datasheet
[2026-08-19T10:20:27] EXCLUDE kind=zener lcsc=C2832546 mpn=BZX84C4V7 reasons=stock,no_local_datasheet
[2026-08-19T10:20:27] EXCLUDE kind=zener lcsc=C2832547 mpn=BZX84C5V1 reasons=no_local_datasheet
[2026-08-19T10:20:27] EXCLUDE kind=zener lcsc=C2832548 mpn=BZX84C5V6 reasons=no_local_datasheet
[2026-08-19T10:20:27] EXCLUDE kind=zener lcsc=C2832549 mpn=BZX84C6V2 reasons=no_local_datasheet
[2026-08-19T10:20:27] EXCLUDE kind=zener lcsc=C2832550 mpn=BZX84C6V8 reasons=stock,no_local_datasheet
[2026-08-19T10:20:27] EXCLUDE kind=zener lcsc=C2832551 mpn=BZX84C7V5 reasons=no_local_datasheet
[2026-08-19T10:20:27] EXCLUDE kind=zener lcsc=C2832552 mpn=BZX84C8V2 reasons=no_local_datasheet
[2026-08-19T10:20:27] EXCLUDE kind=zener lcsc=C2832554 mpn=BZX84C10 reasons=no_local_datasheet
[2026-08-19T10:20:27] EXCLUDE kind=zener lcsc=C2832555 mpn=BZX84C11 reasons=no_local_datasheet
[2026-08-19T10:20:27] EXCLUDE kind=zener lcsc=C2832556 mpn=BZX84C12 reasons=no_local_datasheet
[2026-08-19T10:20:27] EXCLUDE kind=zener lcsc=C2832557 mpn=BZX84C13 reasons=stock,no_local_datasheet
[2026-08-19T10:20:27] EXCLUDE kind=zener lcsc=C2832559 mpn=BZX84C16 reasons=stock,no_local_datasheet
[2026-08-19T10:20:27] EXCLUDE kind=zener lcsc=C2832560 mpn=BZX84C18 reasons=no_local_datasheet
[2026-08-19T10:20:27] EXCLUDE kind=zener lcsc=C2832561 mpn=BZX84C20 reasons=no_local_datasheet
[2026-08-19T10:20:27] EXCLUDE kind=zener lcsc=C2832562 mpn=BZX84C22 reasons=no_local_datasheet
[2026-08-19T10:20:27] EXCLUDE kind=zener lcsc=C2832563 mpn=BZX84C24 reasons=stock,no_local_datasheet
[2026-08-19T10:20:27] EXCLUDE kind=zener lcsc=C2832565 mpn=BZX84C30 reasons=stock,no_local_datasheet
[2026-08-19T10:20:27] EXCLUDE kind=zener lcsc=C2832567 mpn=BZX84C36 reasons=stock,no_local_datasheet
[2026-08-19T10:20:27] EXCLUDE kind=zener lcsc=C2832568 mpn=BZX84C39 reasons=stock,no_local_datasheet
[2026-08-19T10:20:27] EXCLUDE kind=zener lcsc=C2843307 mpn=BZX84C5V6 reasons=no_local_datasheet
[2026-08-19T10:20:27] EXCLUDE kind=zener lcsc=C2843308 mpn=BZX84C6V2 reasons=package,no_local_datasheet
[2026-08-19T10:20:27] EXCLUDE kind=zener lcsc=C2843309 mpn=BZX84C12 reasons=stock,no_local_datasheet
[2026-08-19T10:20:27] EXCLUDE kind=zener lcsc=C2846995 mpn=LBZX84C51LT1G reasons=no_local_datasheet
[2026-08-19T10:20:27] EXCLUDE kind=zener lcsc=C2848292 mpn=BZX84C2V4 reasons=no_local_datasheet
[2026-08-19T10:20:27] EXCLUDE kind=zener lcsc=C2858518 mpn=BZX84C5V1 reasons=no_local_datasheet
[2026-08-19T10:20:27] EXCLUDE kind=zener lcsc=C2858523 mpn=MMSZ5230B reasons=no_local_datasheet
[2026-08-19T10:20:27] EXCLUDE kind=zener lcsc=C2859151 mpn=BZX84C4V3CC reasons=package,configuration,no_local_datasheet
[2026-08-19T10:20:27] EXCLUDE kind=zener lcsc=C2875433 mpn=MMSZ5244BS reasons=no_local_datasheet
[2026-08-19T10:20:27] EXCLUDE kind=zener lcsc=C2889155 mpn=MMSZ5261B reasons=no_local_datasheet
[2026-08-19T10:20:27] EXCLUDE kind=zener lcsc=C2892232 mpn=MMSZ5225B_R1_00001 reasons=no_local_datasheet
[2026-08-19T10:20:27] EXCLUDE kind=zener lcsc=C2895358 mpn=MMSZ5228BS-7-F reasons=no_local_datasheet
[2026-08-19T10:20:27] EXCLUDE kind=zener lcsc=C2902536 mpn=MMSZ5222B_R1_00001 reasons=no_local_datasheet
[2026-08-19T10:20:27] EXCLUDE kind=zener lcsc=C2902537 mpn=MMSZ5223B_R1_00001 reasons=no_local_datasheet
[2026-08-19T10:20:27] EXCLUDE kind=zener lcsc=C2902539 mpn=MMSZ5229B_R1_00001 reasons=no_local_datasheet
[2026-08-19T10:20:27] EXCLUDE kind=zener lcsc=C2902540 mpn=MMSZ5233B_R1_00001 reasons=no_local_datasheet
[2026-08-19T10:20:27] EXCLUDE kind=zener lcsc=C2902541 mpn=MMSZ5241BS_R1_00001 reasons=no_local_datasheet
[2026-08-19T10:20:27] EXCLUDE kind=zener lcsc=C2902542 mpn=MMSZ5249B_R1_00001 reasons=no_local_datasheet
[2026-08-19T10:20:27] EXCLUDE kind=zener lcsc=C2902543 mpn=MMSZ5255A_R1_00001 reasons=no_local_datasheet
[2026-08-19T10:20:27] EXCLUDE kind=zener lcsc=C2902544 mpn=MMSZ5263B_R1_00001 reasons=stock,no_local_datasheet
[2026-08-19T10:20:27] EXCLUDE kind=zener lcsc=C2902545 mpn=MMSZ5239BS_R1_00001 reasons=no_local_datasheet
[2026-08-19T10:20:27] EXCLUDE kind=zener lcsc=C2903814 mpn=MMSZ5240B reasons=no_local_datasheet
[2026-08-19T10:20:27] EXCLUDE kind=zener lcsc=C2903815 mpn=MMSZ5231B reasons=no_local_datasheet
[2026-08-19T10:20:27] EXCLUDE kind=zener lcsc=C2903816 mpn=MMSZ5248B reasons=no_local_datasheet
[2026-08-19T10:20:27] EXCLUDE kind=zener lcsc=C2903817 mpn=MMSZ5252B reasons=no_local_datasheet
[2026-08-19T10:20:27] EXCLUDE kind=zener lcsc=C2903818 mpn=MMSZ5234B reasons=no_local_datasheet
[2026-08-19T10:20:27] EXCLUDE kind=zener lcsc=C2903819 mpn=MMSZ5232B reasons=stock,no_local_datasheet
[2026-08-19T10:20:27] EXCLUDE kind=zener lcsc=C2903820 mpn=MMSZ5227B reasons=no_local_datasheet
[2026-08-19T10:20:27] EXCLUDE kind=zener lcsc=C2903821 mpn=MMSZ5228B reasons=stock,no_local_datasheet
[2026-08-19T10:20:27] EXCLUDE kind=zener lcsc=C2903822 mpn=MMSZ5236B reasons=stock,no_local_datasheet
[2026-08-19T10:20:27] EXCLUDE kind=zener lcsc=C2903823 mpn=MMSZ5245B reasons=no_local_datasheet
[2026-08-19T10:20:27] EXCLUDE kind=zener lcsc=C2910067 mpn=MMSZ5245C reasons=no_local_datasheet
[2026-08-19T10:20:27] EXCLUDE kind=zener lcsc=C2910073 mpn=MMSZ5247B reasons=no_local_datasheet
[2026-08-19T10:20:27] EXCLUDE kind=zener lcsc=C2910092 mpn=MMSZ5255BS reasons=no_local_datasheet
[2026-08-19T10:20:27] EXCLUDE kind=zener lcsc=C2910094 mpn=MMSZ5239BS reasons=no_local_datasheet
[2026-08-19T10:20:27] EXCLUDE kind=zener lcsc=C2910108 mpn=MMSZ5253BS reasons=no_local_datasheet
[2026-08-19T10:20:27] EXCLUDE kind=zener lcsc=C2910146 mpn=BZX84C24 reasons=stock,no_local_datasheet
[2026-08-19T10:20:27] EXCLUDE kind=zener lcsc=C2910188 mpn=BZX84C6V2 reasons=no_local_datasheet
[2026-08-19T10:20:27] EXCLUDE kind=zener lcsc=C2910204 mpn=BZX84C2V7 reasons=no_local_datasheet
[2026-08-19T10:20:27] EXCLUDE kind=zener lcsc=C2910209 mpn=BZX84C36 reasons=no_local_datasheet
[2026-08-19T10:20:27] EXCLUDE kind=zener lcsc=C2919034 mpn=MMSZ5244A_R1_00001 reasons=no_local_datasheet
[2026-08-19T10:20:27] EXCLUDE kind=zener lcsc=C2919036 mpn=MMSZ5252A_R1_00001 reasons=no_local_datasheet
[2026-08-19T10:20:27] EXCLUDE kind=zener lcsc=C2926222 mpn=BZX84C2V4 reasons=configuration,no_local_datasheet,unparseable_electrical_data,voltage_range
[2026-08-19T10:20:27] EXCLUDE kind=zener lcsc=C2926223 mpn=BZX84C2V7 reasons=no_local_datasheet
[2026-08-19T10:20:27] EXCLUDE kind=zener lcsc=C2926225 mpn=BZX84C3V3 reasons=no_local_datasheet
[2026-08-19T10:20:27] EXCLUDE kind=zener lcsc=C2926226 mpn=BZX84C3V6 reasons=no_local_datasheet
[2026-08-19T10:20:27] EXCLUDE kind=zener lcsc=C2926227 mpn=BZX84C3V9 reasons=no_local_datasheet
[2026-08-19T10:20:27] EXCLUDE kind=zener lcsc=C2926228 mpn=BZX84C4V3 reasons=no_local_datasheet
[2026-08-19T10:20:27] EXCLUDE kind=zener lcsc=C2926229 mpn=BZX84C4V7 reasons=no_local_datasheet
[2026-08-19T10:20:27] EXCLUDE kind=zener lcsc=C2926230 mpn=BZX84C5V1 reasons=configuration,no_local_datasheet,unparseable_electrical_data,voltage_range
[2026-08-19T10:20:27] EXCLUDE kind=zener lcsc=C2926233 mpn=BZX84C6V8 reasons=no_local_datasheet
[2026-08-19T10:20:27] EXCLUDE kind=zener lcsc=C2926234 mpn=BZX84C7V5 reasons=no_local_datasheet
[2026-08-19T10:20:27] EXCLUDE kind=zener lcsc=C2926235 mpn=BZX84C8V2 reasons=no_local_datasheet
[2026-08-19T10:20:27] EXCLUDE kind=zener lcsc=C2926236 mpn=BZX84C9V1 reasons=no_local_datasheet
[2026-08-19T10:20:27] EXCLUDE kind=zener lcsc=C2932885 mpn=S-LBZX84C2V4LT1G reasons=no_local_datasheet
[2026-08-19T10:20:27] EXCLUDE kind=zener lcsc=C2932888 mpn=S-LBZX84C5V1LT1G reasons=no_local_datasheet
[2026-08-19T10:20:27] EXCLUDE kind=zener lcsc=C2932890 mpn=S-LBZX84C9V1LT1G reasons=stock,no_local_datasheet
[2026-08-19T10:20:27] EXCLUDE kind=zener lcsc=C2940153 mpn=MMSZ5239B reasons=no_local_datasheet
[2026-08-19T10:20:27] EXCLUDE kind=zener lcsc=C2942363 mpn=BZX84C5V6W-7-F reasons=package,no_local_datasheet
[2026-08-19T10:20:27] EXCLUDE kind=zener lcsc=C2942540 mpn=BZX84C10Q reasons=no_local_datasheet
[2026-08-19T10:20:27] EXCLUDE kind=zener lcsc=C2942541 mpn=BZX84C12Q reasons=no_local_datasheet
[2026-08-19T10:20:27] EXCLUDE kind=zener lcsc=C2942542 mpn=BZX84C13Q reasons=no_local_datasheet
[2026-08-19T10:20:27] EXCLUDE kind=zener lcsc=C2942543 mpn=BZX84C15Q reasons=no_local_datasheet
[2026-08-19T10:20:27] EXCLUDE kind=zener lcsc=C2942544 mpn=BZX84C16Q reasons=no_local_datasheet
[2026-08-19T10:20:27] EXCLUDE kind=zener lcsc=C2942545 mpn=BZX84C18Q reasons=package,no_local_datasheet
[2026-08-19T10:20:27] EXCLUDE kind=zener lcsc=C2942547 mpn=BZX84C2V4Q reasons=stock,no_local_datasheet
[2026-08-19T10:20:27] EXCLUDE kind=zener lcsc=C2942548 mpn=BZX84C39Q reasons=no_local_datasheet
[2026-08-19T10:20:27] EXCLUDE kind=zener lcsc=C2942550 mpn=BZX84C3V3Q reasons=no_local_datasheet
[2026-08-19T10:20:27] EXCLUDE kind=zener lcsc=C2942551 mpn=BZX84C4V7Q reasons=no_local_datasheet
[2026-08-19T10:20:27] EXCLUDE kind=zener lcsc=C2942552 mpn=BZX84C5V1Q reasons=stock,no_local_datasheet
[2026-08-19T10:20:27] EXCLUDE kind=zener lcsc=C2942553 mpn=BZX84C5V6Q reasons=no_local_datasheet
[2026-08-19T10:20:27] EXCLUDE kind=zener lcsc=C2942554 mpn=BZX84C6V8Q reasons=stock,no_local_datasheet
[2026-08-19T10:20:27] EXCLUDE kind=zener lcsc=C2942590 mpn=MMSZ5230BQ reasons=stock,no_local_datasheet
[2026-08-19T10:20:27] EXCLUDE kind=zener lcsc=C2942592 mpn=MMSZ5232BQ reasons=no_local_datasheet
[2026-08-19T10:20:27] EXCLUDE kind=zener lcsc=C2942595 mpn=MMSZ5245BQ reasons=stock,no_local_datasheet
[2026-08-19T10:20:27] EXCLUDE kind=zener lcsc=C2961207 mpn=BZX84C3V0 reasons=no_local_datasheet
[2026-08-19T10:20:27] EXCLUDE kind=zener lcsc=C2961220 mpn=MMSZ5246BS reasons=no_local_datasheet
[2026-08-19T10:20:27] EXCLUDE kind=zener lcsc=C2974710 mpn=BZX84C75 reasons=stock,no_local_datasheet
[2026-08-19T10:20:27] EXCLUDE kind=zener lcsc=C2975460 mpn=MMSZ5246B-TP reasons=no_local_datasheet,voltage_range
[2026-08-19T10:20:27] EXCLUDE kind=zener lcsc=C2975498 mpn=MMSZ5223B-TP reasons=stock,no_local_datasheet,voltage_range
[2026-08-19T10:20:27] EXCLUDE kind=zener lcsc=C2975584 mpn=AD-MMSZ5235B reasons=stock,no_local_datasheet
[2026-08-19T10:20:27] EXCLUDE kind=zener lcsc=C2975607 mpn=AD-MMSZ5242BS reasons=no_local_datasheet
[2026-08-19T10:20:27] EXCLUDE kind=zener lcsc=C2975643 mpn=AD-BZX84C24 reasons=stock,no_local_datasheet
[2026-08-19T10:20:27] EXCLUDE kind=zener lcsc=C2975658 mpn=AD-MMSZ5234BS reasons=no_local_datasheet
[2026-08-19T10:20:27] EXCLUDE kind=zener lcsc=C2975662 mpn=AD-MMSZ5232B reasons=no_local_datasheet
[2026-08-19T10:20:27] EXCLUDE kind=zener lcsc=C2975677 mpn=AD-MMSZ5254B reasons=stock,no_local_datasheet
[2026-08-19T10:20:27] EXCLUDE kind=zener lcsc=C2975759 mpn=AD-MMSZ5229BS reasons=no_local_datasheet
[2026-08-19T10:20:27] EXCLUDE kind=zener lcsc=C2975761 mpn=AD-MMSZ5238B reasons=stock,no_local_datasheet
[2026-08-19T10:20:27] EXCLUDE kind=zener lcsc=C2975762 mpn=AD-MMSZ5242B reasons=stock,no_local_datasheet
[2026-08-19T10:20:27] EXCLUDE kind=zener lcsc=C2975763 mpn=AD-MMSZ5246B reasons=stock,no_local_datasheet
[2026-08-19T10:20:27] EXCLUDE kind=zener lcsc=C2975764 mpn=AD-MMSZ5252BS reasons=stock,no_local_datasheet
[2026-08-19T10:20:27] EXCLUDE kind=zener lcsc=C2975766 mpn=AD-MMSZ5254BS reasons=no_local_datasheet
[2026-08-19T10:20:27] EXCLUDE kind=zener lcsc=C2975767 mpn=AD-MMSZ5259B reasons=stock,no_local_datasheet
[2026-08-19T10:20:27] EXCLUDE kind=zener lcsc=C2975768 mpn=AD-MMSZ5259BS reasons=stock,no_local_datasheet
[2026-08-19T10:20:27] EXCLUDE kind=zener lcsc=C2975802 mpn=AD-BZX84C27 reasons=no_local_datasheet
[2026-08-19T10:20:27] EXCLUDE kind=zener lcsc=C2975807 mpn=AD-BZX84C4V7 reasons=stock,no_local_datasheet
[2026-08-19T10:20:27] EXCLUDE kind=zener lcsc=C2975811 mpn=AD-BZX84C9V1 reasons=stock,no_local_datasheet
[2026-08-19T10:20:27] EXCLUDE kind=zener lcsc=C2978920 mpn=BZX84C4V7W-7-F reasons=package,stock,no_local_datasheet
[2026-08-19T10:20:27] EXCLUDE kind=zener lcsc=C2983234 mpn=MMSZ5242B reasons=stock,no_local_datasheet
[2026-08-19T10:20:27] EXCLUDE kind=zener lcsc=C2983235 mpn=MMSZ5254B reasons=stock,no_local_datasheet
[2026-08-19T10:20:27] EXCLUDE kind=zener lcsc=C2986569 mpn=BZX84C6V2-HAF reasons=package,no_local_datasheet
[2026-08-19T10:20:27] EXCLUDE kind=zener lcsc=C2987012 mpn=MMSZ5223B-7-F reasons=stock,no_local_datasheet
[2026-08-19T10:20:27] EXCLUDE kind=zener lcsc=C2988403 mpn=BZX84C10T-7-F reasons=package,stock,no_local_datasheet
[2026-08-19T10:20:27] EXCLUDE kind=zener lcsc=C2991941 mpn=MMSZ5253B reasons=stock,no_local_datasheet
[2026-08-19T10:20:27] EXCLUDE kind=zener lcsc=C2991989 mpn=BZX84C3V6 reasons=no_local_datasheet
[2026-08-19T10:20:27] EXCLUDE kind=zener lcsc=C2992438 mpn=BZX84C18 reasons=stock,no_local_datasheet
[2026-08-19T10:20:27] EXCLUDE kind=zener lcsc=C2992443 mpn=MMSZ5239B reasons=stock,no_local_datasheet
[2026-08-19T10:20:27] EXCLUDE kind=zener lcsc=C2992444 mpn=BZX84C22 reasons=stock,no_local_datasheet
[2026-08-19T10:20:27] EXCLUDE kind=zener lcsc=C2992468 mpn=BZX84C3V3 reasons=stock,no_local_datasheet
[2026-08-19T10:20:27] EXCLUDE kind=zener lcsc=C2993093 mpn=BZX84C12 reasons=no_local_datasheet
[2026-08-19T10:20:27] EXCLUDE kind=zener lcsc=C2993099 mpn=BZX84C22 reasons=no_local_datasheet
[2026-08-19T10:20:27] EXCLUDE kind=zener lcsc=C2993101 mpn=BZX84C27 reasons=no_local_datasheet
[2026-08-19T10:20:27] EXCLUDE kind=zener lcsc=C2993106 mpn=BZX84C36 reasons=no_local_datasheet
[2026-08-19T10:20:27] EXCLUDE kind=zener lcsc=C2993107 mpn=BZX84C39 reasons=no_local_datasheet
[2026-08-19T10:20:27] EXCLUDE kind=zener lcsc=C2993109 mpn=BZX84C3V3 reasons=no_local_datasheet
[2026-08-19T10:20:27] EXCLUDE kind=zener lcsc=C2993110 mpn=BZX84C3V6 reasons=no_local_datasheet
[2026-08-19T10:20:27] EXCLUDE kind=zener lcsc=C2993119 mpn=BZX84C9V1 reasons=no_local_datasheet
[2026-08-19T10:20:27] EXCLUDE kind=zener lcsc=C2993558 mpn=MMSZ5221B reasons=no_local_datasheet
[2026-08-19T10:20:27] EXCLUDE kind=zener lcsc=C2993574 mpn=MMSZ5240B reasons=stock,no_local_datasheet
[2026-08-19T10:20:27] EXCLUDE kind=zener lcsc=C2993576 mpn=MMSZ5242B reasons=no_local_datasheet
[2026-08-19T10:20:27] EXCLUDE kind=zener lcsc=C2993577 mpn=MMSZ5243B reasons=no_local_datasheet
[2026-08-19T10:20:27] EXCLUDE kind=zener lcsc=C2993578 mpn=MMSZ5245B reasons=no_local_datasheet
[2026-08-19T10:20:27] EXCLUDE kind=zener lcsc=C2999076 mpn=MMSZ5240B_R1_00001 reasons=no_local_datasheet
[2026-08-19T10:20:27] EXCLUDE kind=zener lcsc=C3000822 mpn=BZX84C2V4-E3-08 reasons=no_local_datasheet
[2026-08-19T10:20:27] EXCLUDE kind=zener lcsc=C3008945 mpn=BZX84C3V9-E3-08 reasons=no_local_datasheet
[2026-08-19T10:20:27] EXCLUDE kind=zener lcsc=C3009003 mpn=BZX84C10-E3-08 reasons=stock,no_local_datasheet
[2026-08-19T10:20:27] EXCLUDE kind=zener lcsc=C3009020 mpn=BZX84C6V8-E3-08 reasons=no_local_datasheet
[2026-08-19T10:20:27] EXCLUDE kind=zener lcsc=C3009033 mpn=MMSZ5247C-HE3-08 reasons=stock,no_local_datasheet,voltage_range
[2026-08-19T10:20:27] EXCLUDE kind=zener lcsc=C3018517 mpn=MMSZ5231B reasons=no_local_datasheet
[2026-08-19T10:20:27] EXCLUDE kind=zener lcsc=C3018518 mpn=MMSZ5240B reasons=no_local_datasheet
[2026-08-19T10:20:27] EXCLUDE kind=zener lcsc=C3018519 mpn=MMSZ5242B reasons=no_local_datasheet
[2026-08-19T10:20:27] EXCLUDE kind=zener lcsc=C3018520 mpn=MMSZ5245B reasons=no_local_datasheet
[2026-08-19T10:20:27] EXCLUDE kind=zener lcsc=C3028996 mpn=MMSZ5237B reasons=package,stock,no_local_datasheet
[2026-08-19T10:20:27] EXCLUDE kind=zener lcsc=C3028997 mpn=MMSZ5250B reasons=package,no_local_datasheet
[2026-08-19T10:20:27] EXCLUDE kind=zener lcsc=C3028998 mpn=MMSZ5260B reasons=package,no_local_datasheet
[2026-08-19T10:20:27] EXCLUDE kind=zener lcsc=C3031841 mpn=MMSZ5233B reasons=no_local_datasheet
[2026-08-19T10:20:27] EXCLUDE kind=zener lcsc=C3031842 mpn=MMSZ5240BS reasons=no_local_datasheet
[2026-08-19T10:20:27] EXCLUDE kind=zener lcsc=C3031843 mpn=MMSZ5255B reasons=no_local_datasheet
[2026-08-19T10:20:27] EXCLUDE kind=zener lcsc=C3031852 mpn=MMSZ5256BS reasons=no_local_datasheet
[2026-08-19T10:20:27] EXCLUDE kind=zener lcsc=C3031853 mpn=MMSZ5243BS reasons=stock,no_local_datasheet
[2026-08-19T10:20:27] EXCLUDE kind=zener lcsc=C3031855 mpn=MMSZ5225BS reasons=no_local_datasheet
[2026-08-19T10:20:27] EXCLUDE kind=zener lcsc=C3031861 mpn=MMSZ5235BS reasons=stock,no_local_datasheet
[2026-08-19T10:20:27] EXCLUDE kind=zener lcsc=C3031864 mpn=MMSZ5229BS reasons=no_local_datasheet
[2026-08-19T10:20:27] EXCLUDE kind=zener lcsc=C3040449 mpn=BZX84C5V1 reasons=package,no_local_datasheet
[2026-08-19T10:20:27] EXCLUDE kind=zener lcsc=C3151644 mpn=MMSZ5231B-E3-08 reasons=no_local_datasheet,voltage_range
[2026-08-19T10:20:27] EXCLUDE kind=zener lcsc=C3728849 mpn=BZX84C5V1LYFHT116 reasons=no_local_datasheet
[2026-08-19T10:20:27] EXCLUDE kind=zener lcsc=C3729116 mpn=MMSZ5226B-HE3-08 reasons=no_local_datasheet,voltage_range
[2026-08-19T10:20:27] EXCLUDE kind=zener lcsc=C3729647 mpn=MMSZ5258B-E3-08 reasons=stock,no_local_datasheet,voltage_range
[2026-08-19T10:20:27] EXCLUDE kind=zener lcsc=C3730033 mpn=BZX84C5V6-TP reasons=no_local_datasheet
[2026-08-19T10:20:27] EXCLUDE kind=zener lcsc=C3730176 mpn=BZX84C5V6 reasons=package,packaging,stock,no_local_datasheet
[2026-08-19T10:20:27] EXCLUDE kind=zener lcsc=C3731426 mpn=MMSZ5230B reasons=package,packaging,stock,no_local_datasheet
[2026-08-19T10:20:27] EXCLUDE kind=zener lcsc=C3731681 mpn=MMSZ5226B-E3-08 reasons=no_local_datasheet,voltage_range
[2026-08-19T10:20:27] EXCLUDE kind=zener lcsc=C3732668 mpn=BZX84C12VLYT116 reasons=stock,no_local_datasheet
[2026-08-19T10:20:27] EXCLUDE kind=zener lcsc=C3733128 mpn=BZX84C3V0W-7-F reasons=package,no_local_datasheet
[2026-08-19T10:20:27] EXCLUDE kind=zener lcsc=C3734320 mpn=BZX84C15-G3-08 reasons=stock,no_local_datasheet
[2026-08-19T10:20:27] EXCLUDE kind=zener lcsc=C3734457 mpn=BZX84C3V9LYFHT116 reasons=stock,no_local_datasheet
[2026-08-19T10:20:27] EXCLUDE kind=zener lcsc=C3734655 mpn=MMSZ5225BS-7-F reasons=no_local_datasheet
[2026-08-19T10:20:27] EXCLUDE kind=zener lcsc=C3734704 mpn=BZX84C3V6-TP reasons=no_local_datasheet
[2026-08-19T10:20:27] EXCLUDE kind=zener lcsc=C3734722 mpn=MMSZ5256C-E3-08 reasons=no_local_datasheet,voltage_range
[2026-08-19T10:20:27] EXCLUDE kind=zener lcsc=C3735049 mpn=BZX84C10W-7-F reasons=package,no_local_datasheet
[2026-08-19T10:20:27] EXCLUDE kind=zener lcsc=C3735531 mpn=BZX84C5V1 reasons=package,packaging,stock,no_local_datasheet
[2026-08-19T10:20:27] EXCLUDE kind=zener lcsc=C3735877 mpn=MMSZ5257B-E3-08 reasons=no_local_datasheet,voltage_range
[2026-08-19T10:20:27] EXCLUDE kind=zener lcsc=C3735949 mpn=MMSZ5246B-E3-08 reasons=no_local_datasheet,voltage_range
[2026-08-19T10:20:27] EXCLUDE kind=zener lcsc=C3737540 mpn=MMSZ5232B reasons=package,no_local_datasheet
[2026-08-19T10:20:27] EXCLUDE kind=zener lcsc=C3737658 mpn=BZX84C5V6-E3-08 reasons=stock,no_local_datasheet
[2026-08-19T10:20:27] EXCLUDE kind=zener lcsc=C3738204 mpn=MMSZ5227B-E3-08 reasons=no_local_datasheet,voltage_range
[2026-08-19T10:20:27] EXCLUDE kind=zener lcsc=C3741520 mpn=BZX84C15VLYFHT116 reasons=stock,configuration,no_local_datasheet,unparseable_electrical_data,voltage_range
[2026-08-19T10:20:27] EXCLUDE kind=zener lcsc=C3741646 mpn=BZX84C36-E3-08 reasons=no_local_datasheet
[2026-08-19T10:20:27] EXCLUDE kind=zener lcsc=C3742224 mpn=MMSZ5239B reasons=package,no_local_datasheet
[2026-08-19T10:20:27] EXCLUDE kind=zener lcsc=C3764126 mpn=MMSZ5244B reasons=packaging,stock,no_local_datasheet
[2026-08-19T10:20:27] EXCLUDE kind=zener lcsc=C3765016 mpn=MMSZ5225B-E3-08 reasons=no_local_datasheet,voltage_range
[2026-08-19T10:20:27] EXCLUDE kind=zener lcsc=C3765444 mpn=MMSZ5234C-E3-08 reasons=no_local_datasheet,voltage_range
[2026-08-19T10:20:27] EXCLUDE kind=zener lcsc=C3765490 mpn=MMSZ5228B-E3-08 reasons=no_local_datasheet,voltage_range
[2026-08-19T10:20:27] EXCLUDE kind=zener lcsc=C4402956 mpn=MMSZ5237BS_R1_00001 reasons=no_local_datasheet
[2026-08-19T10:20:27] EXCLUDE kind=zener lcsc=C4402958 mpn=MMSZ5258BS_R1_00001 reasons=stock,no_local_datasheet
[2026-08-19T10:20:27] EXCLUDE kind=zener lcsc=C4402959 mpn=MMSZ5259BS_R1_00001 reasons=no_local_datasheet
[2026-08-19T10:20:27] EXCLUDE kind=zener lcsc=C4749028 mpn=BZX84C11A reasons=no_local_datasheet
[2026-08-19T10:20:27] EXCLUDE kind=zener lcsc=C5122800 mpn=BZX84C3V3-E3-08 reasons=no_local_datasheet
[2026-08-19T10:20:27] EXCLUDE kind=zener lcsc=C5137741 mpn=BZX84C10W-7-F reasons=package,no_local_datasheet
[2026-08-19T10:20:27] EXCLUDE kind=zener lcsc=C5139754 mpn=MMSZ5242B reasons=package,no_local_datasheet
[2026-08-19T10:20:27] EXCLUDE kind=zener lcsc=C5155254 mpn=BZX84C9V1A reasons=stock,no_local_datasheet
[2026-08-19T10:20:27] EXCLUDE kind=zener lcsc=C5155255 mpn=BZX84C8V2A reasons=no_local_datasheet
[2026-08-19T10:20:27] EXCLUDE kind=zener lcsc=C5155256 mpn=BZX84C7V5A reasons=no_local_datasheet
[2026-08-19T10:20:27] EXCLUDE kind=zener lcsc=C5155257 mpn=BZX84C6V8A reasons=no_local_datasheet
[2026-08-19T10:20:27] EXCLUDE kind=zener lcsc=C5155258 mpn=BZX84C6V2A reasons=stock,no_local_datasheet
[2026-08-19T10:20:27] EXCLUDE kind=zener lcsc=C5155259 mpn=BZX84C5V6A reasons=stock,no_local_datasheet
[2026-08-19T10:20:27] EXCLUDE kind=zener lcsc=C5155260 mpn=BZX84C5V1A reasons=stock,no_local_datasheet
[2026-08-19T10:20:27] EXCLUDE kind=zener lcsc=C5155261 mpn=BZX84C4V7A reasons=no_local_datasheet
[2026-08-19T10:20:27] EXCLUDE kind=zener lcsc=C5155262 mpn=BZX84C4V3A reasons=no_local_datasheet
[2026-08-19T10:20:27] EXCLUDE kind=zener lcsc=C5155263 mpn=BZX84C3V9A reasons=no_local_datasheet
[2026-08-19T10:20:27] EXCLUDE kind=zener lcsc=C5155264 mpn=BZX84C3V6A reasons=no_local_datasheet
[2026-08-19T10:20:27] EXCLUDE kind=zener lcsc=C5155265 mpn=BZX84C3V3A reasons=stock,no_local_datasheet
[2026-08-19T10:20:27] EXCLUDE kind=zener lcsc=C5155267 mpn=BZX84C30A reasons=no_local_datasheet
[2026-08-19T10:20:27] EXCLUDE kind=zener lcsc=C5155268 mpn=BZX84C2V7A reasons=no_local_datasheet
[2026-08-19T10:20:27] EXCLUDE kind=zener lcsc=C5155269 mpn=BZX84C2V4A reasons=no_local_datasheet
[2026-08-19T10:20:27] EXCLUDE kind=zener lcsc=C5155270 mpn=BZX84C27A reasons=no_local_datasheet
[2026-08-19T10:20:27] EXCLUDE kind=zener lcsc=C5155271 mpn=BZX84C24A reasons=no_local_datasheet
[2026-08-19T10:20:27] EXCLUDE kind=zener lcsc=C5155272 mpn=BZX84C22A reasons=no_local_datasheet
[2026-08-19T10:20:27] EXCLUDE kind=zener lcsc=C5155273 mpn=BZX84C20A reasons=no_local_datasheet
[2026-08-19T10:20:27] EXCLUDE kind=zener lcsc=C5155274 mpn=BZX84C18A reasons=no_local_datasheet
[2026-08-19T10:20:27] EXCLUDE kind=zener lcsc=C5155275 mpn=BZX84C16A reasons=no_local_datasheet
[2026-08-19T10:20:27] EXCLUDE kind=zener lcsc=C5155276 mpn=BZX84C13A reasons=stock,no_local_datasheet
[2026-08-19T10:20:27] EXCLUDE kind=zener lcsc=C5155277 mpn=BZX84C12A reasons=stock,no_local_datasheet
[2026-08-19T10:20:27] EXCLUDE kind=zener lcsc=C5155278 mpn=BZX84C10A reasons=no_local_datasheet
[2026-08-19T10:20:27] EXCLUDE kind=zener lcsc=C5155441 mpn=BZX84C15 reasons=no_local_datasheet
[2026-08-19T10:20:27] EXCLUDE kind=zener lcsc=C5155442 mpn=BZX84C5V1 reasons=stock,no_local_datasheet
[2026-08-19T10:20:27] EXCLUDE kind=zener lcsc=C5155443 mpn=BZX84C18 reasons=stock,no_local_datasheet
[2026-08-19T10:20:27] EXCLUDE kind=zener lcsc=C5184403 mpn=BZX84C5V1 reasons=no_local_datasheet
[2026-08-19T10:20:27] EXCLUDE kind=zener lcsc=C5190185 mpn=BZX84C2V4 reasons=stock,no_local_datasheet
[2026-08-19T10:20:27] EXCLUDE kind=zener lcsc=C5190188 mpn=BZX84C3V3 reasons=stock,no_local_datasheet
[2026-08-19T10:20:27] EXCLUDE kind=zener lcsc=C5190189 mpn=BZX84C3V6 reasons=no_local_datasheet
[2026-08-19T10:20:27] EXCLUDE kind=zener lcsc=C5190190 mpn=BZX84C3V9 reasons=no_local_datasheet
[2026-08-19T10:20:27] EXCLUDE kind=zener lcsc=C5190191 mpn=BZX84C4V3 reasons=stock,no_local_datasheet
[2026-08-19T10:20:27] EXCLUDE kind=zener lcsc=C5190192 mpn=BZX84C4V7 reasons=stock,no_local_datasheet
[2026-08-19T10:20:27] EXCLUDE kind=zener lcsc=C5190193 mpn=BZX84C5V1 reasons=no_local_datasheet
[2026-08-19T10:20:27] EXCLUDE kind=zener lcsc=C5190194 mpn=BZX84C5V6 reasons=no_local_datasheet
[2026-08-19T10:20:27] EXCLUDE kind=zener lcsc=C5190195 mpn=BZX84C6V2 reasons=no_local_datasheet
[2026-08-19T10:20:27] EXCLUDE kind=zener lcsc=C5190196 mpn=BZX84C6V8 reasons=no_local_datasheet
[2026-08-19T10:20:27] EXCLUDE kind=zener lcsc=C5190197 mpn=BZX84C7V5 reasons=stock,no_local_datasheet
[2026-08-19T10:20:27] EXCLUDE kind=zener lcsc=C5190198 mpn=BZX84C8V2 reasons=no_local_datasheet
[2026-08-19T10:20:27] EXCLUDE kind=zener lcsc=C5190199 mpn=BZX84C9V1 reasons=no_local_datasheet
[2026-08-19T10:20:27] EXCLUDE kind=zener lcsc=C5190202 mpn=BZX84C13 reasons=stock,no_local_datasheet
[2026-08-19T10:20:27] EXCLUDE kind=zener lcsc=C5197492 mpn=MMSZ5257BQ-7-F reasons=no_local_datasheet
[2026-08-19T10:20:27] EXCLUDE kind=zener lcsc=C5197494 mpn=MMSZ5235BS-7-F reasons=no_local_datasheet
[2026-08-19T10:20:27] EXCLUDE kind=zener lcsc=C5201704 mpn=S-LBZX84C33LT1G reasons=stock,no_local_datasheet
[2026-08-19T10:20:27] EXCLUDE kind=zener lcsc=C5240371 mpn=MMSZ5231B reasons=no_local_datasheet
[2026-08-19T10:20:27] EXCLUDE kind=zener lcsc=C5244761 mpn=BZX84C10 reasons=packaging,stock,no_local_datasheet
[2026-08-19T10:20:27] EXCLUDE kind=zener lcsc=C5244770 mpn=BZX84C16 reasons=stock,no_local_datasheet
[2026-08-19T10:20:27] EXCLUDE kind=zener lcsc=C5244774 mpn=BZX84C18Q-13-F reasons=stock,no_local_datasheet
[2026-08-19T10:20:27] EXCLUDE kind=zener lcsc=C5244777 mpn=BZX84C2V7 reasons=stock,no_local_datasheet
[2026-08-19T10:20:27] EXCLUDE kind=zener lcsc=C5244778 mpn=BZX84C33 reasons=stock,no_local_datasheet
[2026-08-19T10:20:27] EXCLUDE kind=zener lcsc=C5244780 mpn=BZX84C3V0 reasons=stock,no_local_datasheet
[2026-08-19T10:20:27] EXCLUDE kind=zener lcsc=C5244782 mpn=BZX84C3V9 reasons=stock,no_local_datasheet
[2026-08-19T10:20:27] EXCLUDE kind=zener lcsc=C5244783 mpn=BZX84C3V9Q-7-F reasons=stock,no_local_datasheet
[2026-08-19T10:20:27] EXCLUDE kind=zener lcsc=C5244786 mpn=BZX84C4V3Q-7-F reasons=stock,no_local_datasheet
[2026-08-19T10:20:27] EXCLUDE kind=zener lcsc=C5244791 mpn=BZX84C4V7Q-13-F reasons=no_local_datasheet
[2026-08-19T10:20:27] EXCLUDE kind=zener lcsc=C5244792 mpn=BZX84C5V6 reasons=stock,no_local_datasheet
[2026-08-19T10:20:27] EXCLUDE kind=zener lcsc=C5244795 mpn=BZX84C6V2-7-01-F reasons=stock,no_local_datasheet
[2026-08-19T10:20:27] EXCLUDE kind=zener lcsc=C5244796 mpn=BZX84C6V8 reasons=packaging,stock,no_local_datasheet
[2026-08-19T10:20:27] EXCLUDE kind=zener lcsc=C5244798 mpn=BZX84C8V2 reasons=stock,no_local_datasheet
[2026-08-19T10:20:27] EXCLUDE kind=zener lcsc=C5244800 mpn=BZX84C9V1 reasons=packaging,stock,no_local_datasheet,voltage_range
[2026-08-19T10:20:27] EXCLUDE kind=zener lcsc=C5244949 mpn=MMSZ5233B reasons=packaging,stock,no_local_datasheet
[2026-08-19T10:20:27] EXCLUDE kind=zener lcsc=C5244960 mpn=MMSZ5252B reasons=packaging,stock,no_local_datasheet
[2026-08-19T10:20:27] EXCLUDE kind=zener lcsc=C5248699 mpn=BZX84C16W-7-F reasons=package,stock,no_local_datasheet
[2026-08-19T10:20:27] EXCLUDE kind=zener lcsc=C5248702 mpn=BZX84C20W-7-F reasons=package,stock,no_local_datasheet
[2026-08-19T10:20:27] EXCLUDE kind=zener lcsc=C5248711 mpn=BZX84C2V7T-7-F reasons=package,stock,no_local_datasheet
[2026-08-19T10:20:27] EXCLUDE kind=zener lcsc=C5248714 mpn=BZX84C2V7W-7-F reasons=package,stock,no_local_datasheet
[2026-08-19T10:20:27] EXCLUDE kind=zener lcsc=C5248716 mpn=BZX84C30W-7-F reasons=package,stock,no_local_datasheet
[2026-08-19T10:20:27] EXCLUDE kind=zener lcsc=C5248724 mpn=BZX84C39W-7-F reasons=package,stock,no_local_datasheet
[2026-08-19T10:20:27] EXCLUDE kind=zener lcsc=C5248732 mpn=BZX84C3V9W-7-F reasons=package,stock,no_local_datasheet
[2026-08-19T10:20:27] EXCLUDE kind=zener lcsc=C5248735 mpn=BZX84C4V3W-7-F reasons=package,packaging,no_local_datasheet
[2026-08-19T10:20:27] EXCLUDE kind=zener lcsc=C5248739 mpn=BZX84C5V6T-7-F reasons=package,stock,no_local_datasheet
[2026-08-19T10:20:27] EXCLUDE kind=zener lcsc=C5248743 mpn=BZX84C6V2W-7-F reasons=package,no_local_datasheet
[2026-08-19T10:20:27] EXCLUDE kind=zener lcsc=C5248746 mpn=BZX84C6V8W-7-F reasons=package,stock,no_local_datasheet
[2026-08-19T10:20:27] EXCLUDE kind=zener lcsc=C5249130 mpn=MMSZ5243BS-7-F reasons=stock,no_local_datasheet
[2026-08-19T10:20:27] EXCLUDE kind=zener lcsc=C5249647 mpn=MMSZ5240B reasons=stock,no_local_datasheet
[2026-08-19T10:20:27] EXCLUDE kind=zener lcsc=C5249648 mpn=MMSZ5242B reasons=stock,no_local_datasheet
[2026-08-19T10:20:27] EXCLUDE kind=zener lcsc=C5249649 mpn=MMSZ5245B reasons=stock,no_local_datasheet
[2026-08-19T10:20:27] EXCLUDE kind=zener lcsc=C5249651 mpn=MMSZ5248B reasons=stock,no_local_datasheet
[2026-08-19T10:20:27] EXCLUDE kind=zener lcsc=C5249656 mpn=BZX84C5V1 reasons=no_local_datasheet
[2026-08-19T10:20:27] EXCLUDE kind=zener lcsc=C5253440 mpn=MMSZ5250B reasons=no_local_datasheet
[2026-08-19T10:20:27] EXCLUDE kind=zener lcsc=C5253442 mpn=MMSZ5252B reasons=no_local_datasheet
[2026-08-19T10:20:27] EXCLUDE kind=zener lcsc=C5267249 mpn=LBZX84C68LT1G reasons=stock,no_local_datasheet
[2026-08-19T10:20:27] EXCLUDE kind=zener lcsc=C5267250 mpn=LBZX84C75LT1G reasons=no_local_datasheet
[2026-08-19T10:20:27] EXCLUDE kind=zener lcsc=C5277975 mpn=MMSZ5230BS reasons=no_local_datasheet
[2026-08-19T10:20:27] EXCLUDE kind=zener lcsc=C5277976 mpn=MMSZ5231BS reasons=no_local_datasheet
[2026-08-19T10:20:27] EXCLUDE kind=zener lcsc=C5277977 mpn=MMSZ5232BS reasons=no_local_datasheet
[2026-08-19T10:20:27] EXCLUDE kind=zener lcsc=C5277978 mpn=MMSZ5235BS reasons=no_local_datasheet
[2026-08-19T10:20:27] EXCLUDE kind=zener lcsc=C5277979 mpn=MMSZ5246BS reasons=stock,no_local_datasheet
[2026-08-19T10:20:27] EXCLUDE kind=zener lcsc=C5277980 mpn=MMSZ5256BS reasons=no_local_datasheet
[2026-08-19T10:20:27] EXCLUDE kind=zener lcsc=C5277981 mpn=MMSZ5240B reasons=stock,no_local_datasheet
[2026-08-19T10:20:27] EXCLUDE kind=zener lcsc=C5277982 mpn=MMSZ5242B reasons=no_local_datasheet
[2026-08-19T10:20:27] EXCLUDE kind=zener lcsc=C5277983 mpn=MMSZ5243B reasons=no_local_datasheet
[2026-08-19T10:20:27] EXCLUDE kind=zener lcsc=C5277984 mpn=MMSZ5244B reasons=no_local_datasheet
[2026-08-19T10:20:27] EXCLUDE kind=zener lcsc=C5277985 mpn=MMSZ5245B reasons=no_local_datasheet
[2026-08-19T10:20:27] EXCLUDE kind=zener lcsc=C5277986 mpn=MMSZ5248B reasons=no_local_datasheet
[2026-08-19T10:20:27] EXCLUDE kind=zener lcsc=C5277987 mpn=MMSZ5250B reasons=stock,no_local_datasheet
[2026-08-19T10:20:27] EXCLUDE kind=zener lcsc=C5277988 mpn=MMSZ5251B reasons=no_local_datasheet
[2026-08-19T10:20:27] EXCLUDE kind=zener lcsc=C5277989 mpn=MMSZ5252B reasons=stock,no_local_datasheet
[2026-08-19T10:20:27] EXCLUDE kind=zener lcsc=C5277990 mpn=MMSZ5254B reasons=stock,no_local_datasheet
[2026-08-19T10:20:27] EXCLUDE kind=zener lcsc=C5277992 mpn=MMSZ5256B reasons=stock,no_local_datasheet
[2026-08-19T10:20:27] EXCLUDE kind=zener lcsc=C5277993 mpn=MMSZ5257B reasons=no_local_datasheet
[2026-08-19T10:20:27] EXCLUDE kind=zener lcsc=C5277994 mpn=MMSZ5258B reasons=no_local_datasheet
[2026-08-19T10:20:27] EXCLUDE kind=zener lcsc=C5293056 mpn=MMSZ5243C reasons=stock,no_local_datasheet
[2026-08-19T10:20:27] EXCLUDE kind=zener lcsc=C5293063 mpn=MMSZ5240C reasons=no_local_datasheet
[2026-08-19T10:20:27] EXCLUDE kind=zener lcsc=C5293100 mpn=BZX84C15W reasons=package,no_local_datasheet
[2026-08-19T10:20:27] EXCLUDE kind=zener lcsc=C5300002 mpn=BZX84C5V6-RTK/P reasons=stock,no_local_datasheet,unparseable_electrical_data
[2026-08-19T10:20:27] EXCLUDE kind=zener lcsc=C5331081 mpn=MMSZ5266B reasons=no_local_datasheet
[2026-08-19T10:20:27] EXCLUDE kind=zener lcsc=C5334043 mpn=MMSZ5226B reasons=stock,no_local_datasheet
[2026-08-19T10:20:27] EXCLUDE kind=zener lcsc=C5334046 mpn=MMSZ5243B reasons=no_local_datasheet
[2026-08-19T10:20:27] EXCLUDE kind=zener lcsc=C5334053 mpn=BZX84C12 reasons=no_local_datasheet
[2026-08-19T10:20:27] EXCLUDE kind=zener lcsc=C5336146 mpn=S-LBZX84C18LT1G reasons=stock,no_local_datasheet
[2026-08-19T10:20:27] EXCLUDE kind=zener lcsc=C5336513 mpn=BZX84C3V0LT116 reasons=stock,no_local_datasheet
[2026-08-19T10:20:27] EXCLUDE kind=zener lcsc=C5336615 mpn=BZX84C33VLFHT116 reasons=stock,no_local_datasheet
[2026-08-19T10:20:27] EXCLUDE kind=zener lcsc=C5336668 mpn=BZX84C6V2LFHT116 reasons=stock,no_local_datasheet
[2026-08-19T10:20:27] EXCLUDE kind=zener lcsc=C5339883 mpn=MMSZ5245B reasons=no_local_datasheet
[2026-08-19T10:20:27] EXCLUDE kind=zener lcsc=C5339884 mpn=MMSZ5232B reasons=no_local_datasheet
[2026-08-19T10:20:27] EXCLUDE kind=zener lcsc=C5342836 mpn=MMSZ5231B reasons=no_local_datasheet,unparseable_electrical_data
[2026-08-19T10:20:27] EXCLUDE kind=zener lcsc=C5342837 mpn=MMSZ5232B reasons=no_local_datasheet
[2026-08-19T10:20:27] EXCLUDE kind=zener lcsc=C5342838 mpn=MMSZ5240B reasons=stock,no_local_datasheet,unparseable_electrical_data
[2026-08-19T10:20:27] EXCLUDE kind=zener lcsc=C5342839 mpn=MMSZ5242B reasons=stock,no_local_datasheet,unparseable_electrical_data
[2026-08-19T10:20:27] EXCLUDE kind=zener lcsc=C5342840 mpn=MMSZ5246B reasons=no_local_datasheet,unparseable_electrical_data
[2026-08-19T10:20:27] EXCLUDE kind=zener lcsc=C5342841 mpn=MMSZ5248B reasons=no_local_datasheet,unparseable_electrical_data
[2026-08-19T10:20:27] EXCLUDE kind=zener lcsc=C5342843 mpn=MMSZ5259B reasons=stock,no_local_datasheet,unparseable_electrical_data
[2026-08-19T10:20:27] EXCLUDE kind=zener lcsc=C5342870 mpn=MMSZ5231BS reasons=no_local_datasheet
[2026-08-19T10:20:27] EXCLUDE kind=zener lcsc=C5342871 mpn=MMSZ5246BS reasons=stock,no_local_datasheet
[2026-08-19T10:20:27] EXCLUDE kind=zener lcsc=C5356479 mpn=BZX84C7V5 reasons=stock,no_local_datasheet
[2026-08-19T10:20:27] EXCLUDE kind=zener lcsc=C5356482 mpn=BZX84C10 reasons=stock,no_local_datasheet
[2026-08-19T10:20:27] EXCLUDE kind=zener lcsc=C5358741 mpn=MMSZ5233C-E3-18 reasons=stock,no_local_datasheet,voltage_range
[2026-08-19T10:20:27] EXCLUDE kind=zener lcsc=C5358813 mpn=BZX84C2V4-E3-18 reasons=stock,no_local_datasheet
[2026-08-19T10:20:27] EXCLUDE kind=zener lcsc=C5358836 mpn=MMSZ5243B-E3-08 reasons=no_local_datasheet,voltage_range
[2026-08-19T10:20:27] EXCLUDE kind=zener lcsc=C5358875 mpn=MMSZ5260C-E3-08 reasons=no_local_datasheet,voltage_range
[2026-08-19T10:20:27] EXCLUDE kind=zener lcsc=C5359570 mpn=MMSZ5243C-E3-08 reasons=no_local_datasheet,voltage_range
[2026-08-19T10:20:27] EXCLUDE kind=zener lcsc=C5359871 mpn=BZX84C2V7 reasons=no_local_datasheet
[2026-08-19T10:20:27] EXCLUDE kind=zener lcsc=C5359900 mpn=BZX84C2V4 reasons=stock,no_local_datasheet
[2026-08-19T10:20:27] EXCLUDE kind=zener lcsc=C5359901 mpn=BZX84C3V3 reasons=no_local_datasheet
[2026-08-19T10:20:27] EXCLUDE kind=zener lcsc=C5359902 mpn=BZX84C3V9 reasons=no_local_datasheet
[2026-08-19T10:20:27] EXCLUDE kind=zener lcsc=C5359903 mpn=BZX84C4V7 reasons=no_local_datasheet
[2026-08-19T10:20:27] EXCLUDE kind=zener lcsc=C5359904 mpn=BZX84C5V1 reasons=no_local_datasheet
[2026-08-19T10:20:27] EXCLUDE kind=zener lcsc=C5359905 mpn=BZX84C5V6 reasons=no_local_datasheet
[2026-08-19T10:20:27] EXCLUDE kind=zener lcsc=C5359906 mpn=BZX84C6V2 reasons=no_local_datasheet
[2026-08-19T10:20:27] EXCLUDE kind=zener lcsc=C5359907 mpn=BZX84C6V8 reasons=stock,no_local_datasheet
[2026-08-19T10:20:27] EXCLUDE kind=zener lcsc=C5359908 mpn=BZX84C7V5 reasons=no_local_datasheet
[2026-08-19T10:20:27] EXCLUDE kind=zener lcsc=C5359909 mpn=BZX84C8V2 reasons=stock,no_local_datasheet
[2026-08-19T10:20:27] EXCLUDE kind=zener lcsc=C5359910 mpn=BZX84C9V1 reasons=no_local_datasheet
[2026-08-19T10:20:27] EXCLUDE kind=zener lcsc=C5359912 mpn=BZX84C11 reasons=stock,no_local_datasheet
[2026-08-19T10:20:27] EXCLUDE kind=zener lcsc=C5359914 mpn=BZX84C13 reasons=stock,no_local_datasheet
[2026-08-19T10:20:27] EXCLUDE kind=zener lcsc=C5359917 mpn=BZX84C20 reasons=stock,no_local_datasheet
[2026-08-19T10:20:27] EXCLUDE kind=zener lcsc=C5359918 mpn=BZX84C22 reasons=no_local_datasheet
[2026-08-19T10:20:27] EXCLUDE kind=zener lcsc=C5359919 mpn=BZX84C24 reasons=stock,no_local_datasheet
[2026-08-19T10:20:27] EXCLUDE kind=zener lcsc=C5362063 mpn=MMSZ5241B reasons=no_local_datasheet
[2026-08-19T10:20:27] EXCLUDE kind=zener lcsc=C5362064 mpn=MMSZ5245B reasons=no_local_datasheet
[2026-08-19T10:20:27] EXCLUDE kind=zener lcsc=C5362065 mpn=MMSZ5234B reasons=no_local_datasheet
[2026-08-19T10:20:27] EXCLUDE kind=zener lcsc=C5362066 mpn=MMSZ5254B reasons=no_local_datasheet
[2026-08-19T10:20:27] EXCLUDE kind=zener lcsc=C5362067 mpn=MMSZ5234BS reasons=stock,no_local_datasheet
[2026-08-19T10:20:27] EXCLUDE kind=zener lcsc=C5362068 mpn=MMSZ5245BS reasons=stock,no_local_datasheet
[2026-08-19T10:20:27] EXCLUDE kind=zener lcsc=C5362069 mpn=MMSZ5241BS reasons=no_local_datasheet
[2026-08-19T10:20:27] EXCLUDE kind=zener lcsc=C5365425 mpn=BZX84C22V reasons=no_local_datasheet
[2026-08-19T10:20:27] EXCLUDE kind=zener lcsc=C5365573 mpn=BZX84C3V3 reasons=no_local_datasheet
[2026-08-19T10:20:27] EXCLUDE kind=zener lcsc=C5374761 mpn=MMSZ5245B_R1_00101 reasons=no_local_datasheet
[2026-08-19T10:20:27] EXCLUDE kind=zener lcsc=C5383073 mpn=S-LBZX84C2V7LT1G reasons=stock,no_local_datasheet
[2026-08-19T10:20:27] EXCLUDE kind=zener lcsc=C5447786 mpn=S-LBZX84C27LT1G reasons=stock,no_local_datasheet
[2026-08-19T10:20:27] EXCLUDE kind=zener lcsc=C5449071 mpn=BZX84C56 reasons=stock,no_local_datasheet
[2026-08-19T10:20:27] EXCLUDE kind=zener lcsc=C5452793 mpn=MMSZ5258B-TP reasons=no_local_datasheet
[2026-08-19T10:20:27] EXCLUDE kind=zener lcsc=C5566673 mpn=BZX84C30Q-13-F reasons=no_local_datasheet
[2026-08-19T10:20:27] EXCLUDE kind=zener lcsc=C5566679 mpn=BZX84C33Q-13-F reasons=stock,no_local_datasheet
[2026-08-19T10:20:27] EXCLUDE kind=zener lcsc=C5566686 mpn=BZX84C33T-7-F reasons=package,stock,no_local_datasheet
[2026-08-19T10:20:27] EXCLUDE kind=zener lcsc=C5566710 mpn=BZX84C3V0Q-13-F reasons=stock,no_local_datasheet
[2026-08-19T10:20:27] EXCLUDE kind=zener lcsc=C5566732 mpn=BZX84C5V1Q-13-F reasons=stock,no_local_datasheet
[2026-08-19T10:20:27] EXCLUDE kind=zener lcsc=C5566769 mpn=BZX84C9V1-TP reasons=no_local_datasheet
[2026-08-19T10:20:27] EXCLUDE kind=zener lcsc=C5584648 mpn=BZX84C11T-7-F reasons=package,stock,no_local_datasheet
[2026-08-19T10:20:27] EXCLUDE kind=zener lcsc=C5584684 mpn=BZX84C15Q-13-F reasons=package,no_local_datasheet
[2026-08-19T10:20:27] EXCLUDE kind=zener lcsc=C5584693 mpn=BZX84C15T-7-F reasons=package,stock,no_local_datasheet
[2026-08-19T10:20:27] EXCLUDE kind=zener lcsc=C5584744 mpn=BZX84C22Q-7-F reasons=stock,no_local_datasheet
[2026-08-19T10:20:27] EXCLUDE kind=zener lcsc=C5584882 mpn=BZX84C43Q-7-F reasons=stock,no_local_datasheet
[2026-08-19T10:20:27] EXCLUDE kind=zener lcsc=C5584968 mpn=BZX84C5V6Q-7-F reasons=stock,no_local_datasheet
[2026-08-19T10:20:27] EXCLUDE kind=zener lcsc=C5585000 mpn=BZX84C6V8Q-13-F reasons=stock,no_local_datasheet
[2026-08-19T10:20:27] EXCLUDE kind=zener lcsc=C5605639 mpn=BZX84C13T-7-F reasons=package,stock,no_local_datasheet
[2026-08-19T10:20:27] EXCLUDE kind=zener lcsc=C5605652 mpn=BZX84C20T-7-F reasons=package,stock,no_local_datasheet
[2026-08-19T10:20:27] EXCLUDE kind=zener lcsc=C5605661 mpn=BZX84C30-TP reasons=no_local_datasheet
[2026-08-19T10:20:27] EXCLUDE kind=zener lcsc=C5674367 mpn=MMSZ5232B-AU_R1_000A1 reasons=stock,no_local_datasheet
[2026-08-19T10:20:27] EXCLUDE kind=zener lcsc=C5774818 mpn=MMSZ5234B-AU_R1_000A1 reasons=no_local_datasheet
[2026-08-19T10:20:27] EXCLUDE kind=zener lcsc=C5957016 mpn=BZX84C13VLFHT116 reasons=package,stock,no_local_datasheet,unparseable_electrical_data
[2026-08-19T10:20:27] EXCLUDE kind=zener lcsc=C5957067 mpn=BZX84C2V7Q-13-F reasons=stock,no_local_datasheet
[2026-08-19T10:20:27] EXCLUDE kind=zener lcsc=C5957071 mpn=BZX84C2V7Q-7-F reasons=stock,no_local_datasheet
[2026-08-19T10:20:27] EXCLUDE kind=zener lcsc=C6069548 mpn=MMSZ5244BS reasons=stock,no_local_datasheet
[2026-08-19T10:20:27] EXCLUDE kind=zener lcsc=C6133161 mpn=BZX84C16Q-13-F reasons=stock,no_local_datasheet
[2026-08-19T10:20:27] EXCLUDE kind=zener lcsc=C6133200 mpn=BZX84C7V5Q-13-F reasons=stock,no_local_datasheet
[2026-08-19T10:20:27] EXCLUDE kind=zener lcsc=C6136705 mpn=BZX84C30Q-7-F reasons=stock,no_local_datasheet
[2026-08-19T10:20:27] EXCLUDE kind=zener lcsc=C6136746 mpn=BZX84C8V2Q-13-F reasons=stock,no_local_datasheet
[2026-08-19T10:20:27] EXCLUDE kind=zener lcsc=C6227265 mpn=MMSZ5239C-E3-08 reasons=stock,no_local_datasheet,voltage_range
[2026-08-19T10:20:27] EXCLUDE kind=zener lcsc=C6306514 mpn=MMSZ5237B-TP reasons=no_local_datasheet,voltage_range
[2026-08-19T10:20:27] EXCLUDE kind=zener lcsc=C6475256 mpn=BZX84C3V9T-7-F reasons=package,stock,no_local_datasheet
[2026-08-19T10:20:27] EXCLUDE kind=zener lcsc=C6475280 mpn=BZX84C4V7T-7-F reasons=package,stock,no_local_datasheet
[2026-08-19T10:20:27] EXCLUDE kind=zener lcsc=C6475334 mpn=BZX84C9V1Q-13-F reasons=stock,no_local_datasheet
[2026-08-19T10:20:27] EXCLUDE kind=zener lcsc=C6522967 mpn=BZX84C39T-7-F reasons=package,stock,no_local_datasheet
[2026-08-19T10:20:27] EXCLUDE kind=zener lcsc=C6522971 mpn=BZX84C3V0T-7-F reasons=package,stock,no_local_datasheet
[2026-08-19T10:20:27] EXCLUDE kind=zener lcsc=C6522973 mpn=BZX84C3V6Q-7-F reasons=stock,no_local_datasheet
[2026-08-19T10:20:27] EXCLUDE kind=zener lcsc=C6595452 mpn=MMSZ5230B-TP reasons=no_local_datasheet,voltage_range
[2026-08-19T10:20:27] EXCLUDE kind=zener lcsc=C6595501 mpn=MMSZ5237B-E3-08 reasons=no_local_datasheet,voltage_range
[2026-08-19T10:20:27] EXCLUDE kind=zener lcsc=C6595618 mpn=MMSZ5262B-E3-08 reasons=no_local_datasheet,voltage_range
[2026-08-19T10:20:27] EXCLUDE kind=zener lcsc=C6674070 mpn=MMSZ5235A_R1_00001 reasons=no_local_datasheet
[2026-08-19T10:20:27] EXCLUDE kind=zener lcsc=C6756362 mpn=BZX84C36T-7-F reasons=package,stock,no_local_datasheet
[2026-08-19T10:20:27] EXCLUDE kind=zener lcsc=C6756405 mpn=BZX84C8V2T-7-F reasons=package,stock,no_local_datasheet
[2026-08-19T10:20:27] EXCLUDE kind=zener lcsc=C6771846 mpn=BZX84C2V4 reasons=no_local_datasheet
[2026-08-19T10:20:27] EXCLUDE kind=zener lcsc=C6771847 mpn=BZX84C2V7 reasons=stock,no_local_datasheet
[2026-08-19T10:20:27] EXCLUDE kind=zener lcsc=C6771849 mpn=BZX84C3V3 reasons=stock,no_local_datasheet
[2026-08-19T10:20:27] EXCLUDE kind=zener lcsc=C6771851 mpn=BZX84C3V9 reasons=no_local_datasheet
[2026-08-19T10:20:27] EXCLUDE kind=zener lcsc=C6771852 mpn=BZX84C4V3 reasons=no_local_datasheet
[2026-08-19T10:20:27] EXCLUDE kind=zener lcsc=C6771853 mpn=BZX84C4V7 reasons=no_local_datasheet
[2026-08-19T10:20:27] EXCLUDE kind=zener lcsc=C6771854 mpn=BZX84C5V1 reasons=no_local_datasheet
[2026-08-19T10:20:27] EXCLUDE kind=zener lcsc=C6771855 mpn=BZX84C5V6 reasons=stock,no_local_datasheet
[2026-08-19T10:20:27] EXCLUDE kind=zener lcsc=C6771856 mpn=BZX84C6V2 reasons=no_local_datasheet
[2026-08-19T10:20:27] EXCLUDE kind=zener lcsc=C6771857 mpn=BZX84C6V8 reasons=stock,no_local_datasheet
[2026-08-19T10:20:27] EXCLUDE kind=zener lcsc=C6771858 mpn=BZX84C7V5 reasons=no_local_datasheet
[2026-08-19T10:20:27] EXCLUDE kind=zener lcsc=C6771859 mpn=BZX84C8V2 reasons=no_local_datasheet
[2026-08-19T10:20:27] EXCLUDE kind=zener lcsc=C6771860 mpn=BZX84C9V1 reasons=no_local_datasheet
[2026-08-19T10:20:27] EXCLUDE kind=zener lcsc=C6771861 mpn=BZX84C10 reasons=no_local_datasheet
[2026-08-19T10:20:27] EXCLUDE kind=zener lcsc=C6771862 mpn=BZX84C11 reasons=no_local_datasheet
[2026-08-19T10:20:27] EXCLUDE kind=zener lcsc=C6771867 mpn=BZX84C18 reasons=stock,no_local_datasheet
[2026-08-19T10:20:27] EXCLUDE kind=zener lcsc=C6771875 mpn=BZX84C39 reasons=stock,no_local_datasheet
[2026-08-19T10:20:27] EXCLUDE kind=zener lcsc=C6870226 mpn=BZX84C24Q-13-F reasons=stock,no_local_datasheet
[2026-08-19T10:20:27] EXCLUDE kind=zener lcsc=C6870228 mpn=BZX84C24T-7-F reasons=package,stock,no_local_datasheet
[2026-08-19T10:20:27] EXCLUDE kind=zener lcsc=C6870254 mpn=BZX84C3V9HE3-TP reasons=no_local_datasheet
[2026-08-19T10:20:27] EXCLUDE kind=zener lcsc=C6870275 mpn=BZX84C6V8Q-7-F reasons=no_local_datasheet
[2026-08-19T10:20:27] EXCLUDE kind=zener lcsc=C6909561 mpn=MMSZ5227B-E3-18 reasons=no_local_datasheet,voltage_range
[2026-08-19T10:20:27] EXCLUDE kind=zener lcsc=C6909633 mpn=MMSZ5254BQ-7-F reasons=no_local_datasheet
[2026-08-19T10:20:27] EXCLUDE kind=zener lcsc=C6909653 mpn=MMSZ5260A_R1_00001 reasons=no_local_datasheet
[2026-08-19T10:20:27] EXCLUDE kind=zener lcsc=C6991424 mpn=MMSZ5242B-AU_R1_000A1 reasons=no_local_datasheet
[2026-08-19T10:20:27] EXCLUDE kind=zener lcsc=C6991438 mpn=MMSZ5245B-HE3-08 reasons=stock,no_local_datasheet,voltage_range
[2026-08-19T10:20:27] EXCLUDE kind=zener lcsc=C7093878 mpn=BZX84C13Q-13-F reasons=stock,no_local_datasheet
[2026-08-19T10:20:27] EXCLUDE kind=zener lcsc=C7093886 mpn=BZX84C20Q-13-F reasons=stock,no_local_datasheet
[2026-08-19T10:20:27] EXCLUDE kind=zener lcsc=C7093892 mpn=BZX84C27T-7-F reasons=package,stock,no_local_datasheet
[2026-08-19T10:20:27] EXCLUDE kind=zener lcsc=C7093894 mpn=BZX84C30T-7-F reasons=package,stock,no_local_datasheet
[2026-08-19T10:20:27] EXCLUDE kind=zener lcsc=C7093912 mpn=BZX84C3V6Q-13-F reasons=stock,no_local_datasheet
[2026-08-19T10:20:27] EXCLUDE kind=zener lcsc=C7093915 mpn=BZX84C3V9Q-13-F reasons=stock,no_local_datasheet
[2026-08-19T10:20:27] EXCLUDE kind=zener lcsc=C7093918 mpn=BZX84C43Q-13-F reasons=stock,no_local_datasheet
[2026-08-19T10:20:27] EXCLUDE kind=zener lcsc=C7093926 mpn=BZX84C5V1HE3-TP reasons=no_local_datasheet
[2026-08-19T10:20:27] EXCLUDE kind=zener lcsc=C7093941 mpn=BZX84C7V5Q-7-F reasons=stock,no_local_datasheet
[2026-08-19T10:20:27] EXCLUDE kind=zener lcsc=C7224152 mpn=BZX84C36Q-7-F reasons=no_local_datasheet
[2026-08-19T10:20:27] EXCLUDE kind=zener lcsc=C7224155 mpn=BZX84C39Q-7-F reasons=stock,no_local_datasheet
[2026-08-19T10:20:27] EXCLUDE kind=zener lcsc=C7224171 mpn=BZX84C3V6T-7-F reasons=package,stock,no_local_datasheet
[2026-08-19T10:20:27] EXCLUDE kind=zener lcsc=C7224202 mpn=BZX84C6V2T-7-F reasons=package,stock,no_local_datasheet
[2026-08-19T10:20:27] EXCLUDE kind=zener lcsc=C7231182 mpn=MMSZ5250B-E3-08 reasons=no_local_datasheet,voltage_range
[2026-08-19T10:20:27] EXCLUDE kind=zener lcsc=C7303575 mpn=MMSZ5267B-E3-08 reasons=no_local_datasheet,voltage_range
[2026-08-19T10:20:27] EXCLUDE kind=zener lcsc=C7421029 mpn=BZX84C9V1 reasons=no_local_datasheet
[2026-08-19T10:20:27] EXCLUDE kind=zener lcsc=C7435625 mpn=BZX84C8V2-13-F reasons=package,stock,configuration,no_local_datasheet,unparseable_electrical_data,voltage_range
[2026-08-19T10:20:27] EXCLUDE kind=zener lcsc=C7440420 mpn=BZX84C18 reasons=stock,configuration,no_local_datasheet,unparseable_electrical_data
[2026-08-19T10:20:27] EXCLUDE kind=zener lcsc=C7471754 mpn=BZX84C3V9 reasons=no_local_datasheet
[2026-08-19T10:20:27] EXCLUDE kind=zener lcsc=C7471755 mpn=MMSZ5226B reasons=no_local_datasheet
[2026-08-19T10:20:27] EXCLUDE kind=zener lcsc=C7471760 mpn=MMSZ5235B reasons=no_local_datasheet
[2026-08-19T10:20:27] EXCLUDE kind=zener lcsc=C7471761 mpn=MMSZ5237B reasons=no_local_datasheet
[2026-08-19T10:20:27] EXCLUDE kind=zener lcsc=C7471763 mpn=MMSZ5232BS reasons=no_local_datasheet
[2026-08-19T10:20:27] EXCLUDE kind=zener lcsc=C7528194 mpn=BZX84C15A reasons=stock,no_local_datasheet
[2026-08-19T10:20:27] EXCLUDE kind=zener lcsc=C7528217 mpn=BZX84C36A reasons=no_local_datasheet
[2026-08-19T10:20:27] EXCLUDE kind=zener lcsc=C7528218 mpn=BZX84C33A reasons=no_local_datasheet
[2026-08-19T10:20:27] EXCLUDE kind=zener lcsc=C7528224 mpn=MMSZ5240BW reasons=package,stock,no_local_datasheet
[2026-08-19T10:20:27] EXCLUDE kind=zener lcsc=C7528226 mpn=MMSZ5242BW reasons=package,no_local_datasheet
[2026-08-19T10:20:27] EXCLUDE kind=zener lcsc=C7528227 mpn=MMSZ5250BW reasons=package,no_local_datasheet
[2026-08-19T10:20:27] EXCLUDE kind=zener lcsc=C7528228 mpn=MMSZ5254BW reasons=package,no_local_datasheet
[2026-08-19T10:20:27] EXCLUDE kind=zener lcsc=C7528229 mpn=MMSZ5228BW reasons=package,no_local_datasheet
[2026-08-19T10:20:27] EXCLUDE kind=zener lcsc=C7528236 mpn=MMSZ5243BW reasons=package,stock,no_local_datasheet
[2026-08-19T10:20:27] EXCLUDE kind=zener lcsc=C7528242 mpn=MMSZ5221BW reasons=package,no_local_datasheet
[2026-08-19T10:20:27] EXCLUDE kind=zener lcsc=C7528249 mpn=BZX84C39A reasons=configuration,no_local_datasheet,unparseable_electrical_data,voltage_range
[2026-08-19T10:20:27] EXCLUDE kind=zener lcsc=C7528253 mpn=MMSZ5225BW reasons=package,no_local_datasheet
[2026-08-19T10:20:27] EXCLUDE kind=zener lcsc=C7528997 mpn=BZX84C10 reasons=no_local_datasheet
[2026-08-19T10:20:27] EXCLUDE kind=zener lcsc=C7528998 mpn=BZX84C12 reasons=no_local_datasheet
[2026-08-19T10:20:27] EXCLUDE kind=zener lcsc=C7528999 mpn=BZX84C15 reasons=no_local_datasheet
[2026-08-19T10:20:27] EXCLUDE kind=zener lcsc=C7529000 mpn=BZX84C18 reasons=no_local_datasheet
[2026-08-19T10:20:27] EXCLUDE kind=zener lcsc=C7529001 mpn=BZX84C3V3 reasons=no_local_datasheet
[2026-08-19T10:20:27] EXCLUDE kind=zener lcsc=C7529002 mpn=BZX84C5V1 reasons=stock,no_local_datasheet
[2026-08-19T10:20:27] EXCLUDE kind=zener lcsc=C7529003 mpn=BZX84C5V6 reasons=no_local_datasheet
[2026-08-19T10:20:27] EXCLUDE kind=zener lcsc=C7529004 mpn=BZX84C9V1 reasons=no_local_datasheet
[2026-08-19T10:20:27] EXCLUDE kind=zener lcsc=C7529069 mpn=MMSZ5230B reasons=no_local_datasheet
[2026-08-19T10:20:27] EXCLUDE kind=zener lcsc=C7529070 mpn=MMSZ5232B reasons=no_local_datasheet
[2026-08-19T10:20:27] EXCLUDE kind=zener lcsc=C7529072 mpn=MMSZ5234B reasons=no_local_datasheet
[2026-08-19T10:20:27] EXCLUDE kind=zener lcsc=C7529073 mpn=MMSZ5235B reasons=no_local_datasheet
[2026-08-19T10:20:27] EXCLUDE kind=zener lcsc=C7529074 mpn=MMSZ5236C reasons=no_local_datasheet
[2026-08-19T10:20:27] EXCLUDE kind=zener lcsc=C7529075 mpn=MMSZ5237C reasons=no_local_datasheet
[2026-08-19T10:20:27] EXCLUDE kind=zener lcsc=C7529076 mpn=MMSZ5239B reasons=no_local_datasheet
[2026-08-19T10:20:27] EXCLUDE kind=zener lcsc=C7529077 mpn=MMSZ5240B reasons=no_local_datasheet
[2026-08-19T10:20:27] EXCLUDE kind=zener lcsc=C7529078 mpn=MMSZ5241C reasons=no_local_datasheet
[2026-08-19T10:20:27] EXCLUDE kind=zener lcsc=C7529079 mpn=MMSZ5242B reasons=no_local_datasheet
[2026-08-19T10:20:27] EXCLUDE kind=zener lcsc=C7529081 mpn=MMSZ5244B reasons=no_local_datasheet
[2026-08-19T10:20:27] EXCLUDE kind=zener lcsc=C7529082 mpn=MMSZ5244C reasons=no_local_datasheet
[2026-08-19T10:20:27] EXCLUDE kind=zener lcsc=C7529083 mpn=MMSZ5245B reasons=no_local_datasheet
[2026-08-19T10:20:27] EXCLUDE kind=zener lcsc=C7529084 mpn=MMSZ5246B reasons=no_local_datasheet
[2026-08-19T10:20:27] EXCLUDE kind=zener lcsc=C7529085 mpn=MMSZ5246C reasons=stock,no_local_datasheet
[2026-08-19T10:20:27] EXCLUDE kind=zener lcsc=C7529086 mpn=MMSZ5248B reasons=no_local_datasheet
[2026-08-19T10:20:27] EXCLUDE kind=zener lcsc=C7529087 mpn=MMSZ5248C reasons=no_local_datasheet
[2026-08-19T10:20:27] EXCLUDE kind=zener lcsc=C7529088 mpn=MMSZ5252B reasons=no_local_datasheet
[2026-08-19T10:20:27] EXCLUDE kind=zener lcsc=C7529089 mpn=MMSZ5254C reasons=no_local_datasheet
[2026-08-19T10:20:27] EXCLUDE kind=zener lcsc=C19189990 mpn=BZX84C5V1 reasons=no_local_datasheet
[2026-08-19T10:20:27] EXCLUDE kind=zener lcsc=C19196922 mpn=BZX84C20 reasons=no_local_datasheet
[2026-08-19T10:20:27] EXCLUDE kind=zener lcsc=C19988405 mpn=MMSZ5231BHE3-TP reasons=no_local_datasheet,voltage_range
[2026-08-19T10:20:27] EXCLUDE kind=zener lcsc=C20167752 mpn=BZX84C15WQ reasons=package,no_local_datasheet
[2026-08-19T10:20:27] EXCLUDE kind=zener lcsc=C20167773 mpn=BZX84C3V6WQ reasons=package,no_local_datasheet
[2026-08-19T10:20:27] EXCLUDE kind=zener lcsc=C20168715 mpn=MMSZ5237BQ reasons=no_local_datasheet
[2026-08-19T10:20:27] EXCLUDE kind=zener lcsc=C20567727 mpn=BZX84C2V4-HE3_A-08 reasons=package,stock,no_local_datasheet
[2026-08-19T10:20:27] EXCLUDE kind=zener lcsc=C20602064 mpn=MMSZ5229BQ reasons=no_local_datasheet
[2026-08-19T10:20:27] EXCLUDE kind=zener lcsc=C20602067 mpn=MMSZ5234B reasons=no_local_datasheet
[2026-08-19T10:20:27] EXCLUDE kind=zener lcsc=C20602074 mpn=MMSZ5237B reasons=stock,no_local_datasheet
[2026-08-19T10:20:27] EXCLUDE kind=zener lcsc=C20602077 mpn=MMSZ5239B reasons=no_local_datasheet
[2026-08-19T10:20:27] EXCLUDE kind=zener lcsc=C20602081 mpn=MMSZ5240BQ reasons=no_local_datasheet
[2026-08-19T10:20:27] EXCLUDE kind=zener lcsc=C20602099 mpn=MMSZ5252B reasons=no_local_datasheet
[2026-08-19T10:20:27] EXCLUDE kind=zener lcsc=C20602107 mpn=MMSZ5258B reasons=no_local_datasheet
[2026-08-19T10:20:27] EXCLUDE kind=zener lcsc=C20611966 mpn=MMSZ5242B reasons=stock,no_local_datasheet
[2026-08-19T10:20:27] EXCLUDE kind=zener lcsc=C20616326 mpn=BZX84C16 reasons=stock,no_local_datasheet
[2026-08-19T10:20:27] EXCLUDE kind=zener lcsc=C20616327 mpn=BZX84C3V3 reasons=stock,no_local_datasheet
[2026-08-19T10:20:27] EXCLUDE kind=zener lcsc=C20616329 mpn=BZX84C4V7 reasons=stock,no_local_datasheet
[2026-08-19T10:20:27] EXCLUDE kind=zener lcsc=C20616330 mpn=BZX84C5V6 reasons=stock,no_local_datasheet
[2026-08-19T10:20:27] EXCLUDE kind=zener lcsc=C20616336 mpn=MMSZ5226B reasons=stock,no_local_datasheet
[2026-08-19T10:20:27] EXCLUDE kind=zener lcsc=C20616337 mpn=MMSZ5231B reasons=stock,no_local_datasheet
[2026-08-19T10:20:27] EXCLUDE kind=zener lcsc=C20616338 mpn=MMSZ5240B reasons=stock,no_local_datasheet
[2026-08-19T10:20:27] EXCLUDE kind=zener lcsc=C20616340 mpn=MMSZ5248B reasons=stock,no_local_datasheet
[2026-08-19T10:20:27] EXCLUDE kind=zener lcsc=C20616387 mpn=MMSZ5237B_R1_00301 reasons=no_local_datasheet
[2026-08-19T10:20:27] EXCLUDE kind=zener lcsc=C20616391 mpn=MMSZ5252B_R1_00301 reasons=no_local_datasheet
[2026-08-19T10:20:27] EXCLUDE kind=zener lcsc=C20616410 mpn=MMSZ5244A_R1_00301 reasons=stock,no_local_datasheet
[2026-08-19T10:20:27] EXCLUDE kind=zener lcsc=C20623294 mpn=MMSZ5225B reasons=no_local_datasheet
[2026-08-19T10:20:27] EXCLUDE kind=zener lcsc=C20623302 mpn=BZX84C3V0 reasons=no_local_datasheet
[2026-08-19T10:20:27] EXCLUDE kind=zener lcsc=C20623303 mpn=BZX84C3V3 reasons=stock,no_local_datasheet
[2026-08-19T10:20:27] EXCLUDE kind=zener lcsc=C20623306 mpn=BZX84C4V3 reasons=no_local_datasheet
[2026-08-19T10:20:27] EXCLUDE kind=zener lcsc=C20623309 mpn=BZX84C5V6 reasons=no_local_datasheet
[2026-08-19T10:20:27] EXCLUDE kind=zener lcsc=C20623315 mpn=BZX84C11 reasons=no_local_datasheet
[2026-08-19T10:20:27] EXCLUDE kind=zener lcsc=C20623323 mpn=BZX84C24 reasons=stock,no_local_datasheet
[2026-08-19T10:20:27] EXCLUDE kind=zener lcsc=C20623339 mpn=MMSZ5240B reasons=no_local_datasheet
[2026-08-19T10:20:27] EXCLUDE kind=zener lcsc=C21547679 mpn=BZX84C3V3 reasons=no_local_datasheet
[2026-08-19T10:20:27] EXCLUDE kind=zener lcsc=C21547680 mpn=BZX84C5V1 reasons=no_local_datasheet,unparseable_electrical_data
[2026-08-19T10:20:27] EXCLUDE kind=zener lcsc=C21547681 mpn=BZX84C6V2 reasons=no_local_datasheet,unparseable_electrical_data
[2026-08-19T10:20:27] EXCLUDE kind=zener lcsc=C21547684 mpn=BZX84C18 reasons=no_local_datasheet,unparseable_electrical_data
[2026-08-19T10:20:27] EXCLUDE kind=zener lcsc=C21547687 mpn=MMSZ5245B reasons=no_local_datasheet
[2026-08-19T10:20:27] EXCLUDE kind=zener lcsc=C21547688 mpn=MMSZ5231B reasons=no_local_datasheet
[2026-08-19T10:20:27] EXCLUDE kind=zener lcsc=C21547689 mpn=MMSZ5242B reasons=no_local_datasheet
[2026-08-19T10:20:27] EXCLUDE kind=zener lcsc=C21547690 mpn=MMSZ5246B reasons=no_local_datasheet
[2026-08-19T10:20:27] EXCLUDE kind=zener lcsc=C21547691 mpn=MMSZ5240B reasons=no_local_datasheet
[2026-08-19T10:20:27] EXCLUDE kind=zener lcsc=C21547692 mpn=MMSZ5226B reasons=no_local_datasheet
[2026-08-19T10:20:27] EXCLUDE kind=zener lcsc=C21714114 mpn=MMSZ5235B reasons=stock,no_local_datasheet
[2026-08-19T10:20:27] EXCLUDE kind=zener lcsc=C21714197 mpn=MMSZ5231B reasons=no_local_datasheet
[2026-08-19T10:20:27] EXCLUDE kind=zener lcsc=C21714198 mpn=MMSZ5232B reasons=no_local_datasheet
[2026-08-19T10:20:27] EXCLUDE kind=zener lcsc=C21714200 mpn=MMSZ5236B reasons=no_local_datasheet
[2026-08-19T10:20:27] EXCLUDE kind=zener lcsc=C21714201 mpn=MMSZ5237B reasons=no_local_datasheet
[2026-08-19T10:20:27] EXCLUDE kind=zener lcsc=C21714203 mpn=MMSZ5239B reasons=no_local_datasheet
[2026-08-19T10:20:27] EXCLUDE kind=zener lcsc=C21714206 mpn=MMSZ5243B reasons=no_local_datasheet
[2026-08-19T10:20:27] EXCLUDE kind=zener lcsc=C21714207 mpn=MMSZ5244B reasons=no_local_datasheet
[2026-08-19T10:20:27] EXCLUDE kind=zener lcsc=C21714209 mpn=MMSZ5248B reasons=no_local_datasheet
[2026-08-19T10:20:27] EXCLUDE kind=zener lcsc=C21714210 mpn=MMSZ5250B reasons=no_local_datasheet
[2026-08-19T10:20:27] EXCLUDE kind=zener lcsc=C21714305 mpn=BZX84C2V7 reasons=stock,no_local_datasheet
[2026-08-19T10:20:27] EXCLUDE kind=zener lcsc=C21714306 mpn=BZX84C3V0 reasons=no_local_datasheet
[2026-08-19T10:20:27] EXCLUDE kind=zener lcsc=C21714307 mpn=BZX84C3V3 reasons=no_local_datasheet
[2026-08-19T10:20:27] EXCLUDE kind=zener lcsc=C21714308 mpn=BZX84C3V6 reasons=no_local_datasheet
[2026-08-19T10:20:27] EXCLUDE kind=zener lcsc=C21714309 mpn=BZX84C3V9 reasons=no_local_datasheet
[2026-08-19T10:20:27] EXCLUDE kind=zener lcsc=C21714312 mpn=BZX84C7V5 reasons=no_local_datasheet
[2026-08-19T10:20:27] EXCLUDE kind=zener lcsc=C21714313 mpn=BZX84C8V2 reasons=no_local_datasheet
[2026-08-19T10:20:27] EXCLUDE kind=zener lcsc=C21714314 mpn=BZX84C9V1 reasons=no_local_datasheet
[2026-08-19T10:20:27] EXCLUDE kind=zener lcsc=C21714315 mpn=BZX84C10 reasons=stock,no_local_datasheet
[2026-08-19T10:20:27] EXCLUDE kind=zener lcsc=C21714317 mpn=BZX84C13 reasons=stock,no_local_datasheet
[2026-08-19T10:20:27] EXCLUDE kind=zener lcsc=C21714318 mpn=BZX84C24 reasons=no_local_datasheet
[2026-08-19T10:20:27] EXCLUDE kind=zener lcsc=C22368950 mpn=BZX84C2V4 reasons=no_local_datasheet
[2026-08-19T10:20:27] EXCLUDE kind=zener lcsc=C22368951 mpn=BZX84C2V7 reasons=no_local_datasheet
[2026-08-19T10:20:27] EXCLUDE kind=zener lcsc=C22368952 mpn=BZX84C3V0 reasons=no_local_datasheet
[2026-08-19T10:20:27] EXCLUDE kind=zener lcsc=C22368953 mpn=BZX84C3V3 reasons=no_local_datasheet
[2026-08-19T10:20:27] EXCLUDE kind=zener lcsc=C22368954 mpn=BZX84C3V6 reasons=no_local_datasheet
[2026-08-19T10:20:27] EXCLUDE kind=zener lcsc=C22368955 mpn=BZX84C3V9 reasons=no_local_datasheet
[2026-08-19T10:20:27] EXCLUDE kind=zener lcsc=C22368956 mpn=BZX84C4V3 reasons=no_local_datasheet
[2026-08-19T10:20:27] EXCLUDE kind=zener lcsc=C22368957 mpn=BZX84C4V7 reasons=stock,no_local_datasheet
[2026-08-19T10:20:27] EXCLUDE kind=zener lcsc=C22368958 mpn=BZX84C5V1 reasons=no_local_datasheet
[2026-08-19T10:20:27] EXCLUDE kind=zener lcsc=C22368959 mpn=BZX84C5V6 reasons=no_local_datasheet
[2026-08-19T10:20:27] EXCLUDE kind=zener lcsc=C22368960 mpn=BZX84C6V2 reasons=stock,no_local_datasheet
[2026-08-19T10:20:27] EXCLUDE kind=zener lcsc=C22368961 mpn=BZX84C6V8 reasons=no_local_datasheet
[2026-08-19T10:20:27] EXCLUDE kind=zener lcsc=C22368962 mpn=BZX84C7V5 reasons=no_local_datasheet
[2026-08-19T10:20:27] EXCLUDE kind=zener lcsc=C22368963 mpn=BZX84C10 reasons=stock,no_local_datasheet
[2026-08-19T10:20:27] EXCLUDE kind=zener lcsc=C22368964 mpn=BZX84C11 reasons=no_local_datasheet
[2026-08-19T10:20:27] EXCLUDE kind=zener lcsc=C22368965 mpn=BZX84C12 reasons=stock,no_local_datasheet
[2026-08-19T10:20:27] EXCLUDE kind=zener lcsc=C22368966 mpn=BZX84C13 reasons=stock,no_local_datasheet
[2026-08-19T10:20:27] EXCLUDE kind=zener lcsc=C22368967 mpn=BZX84C15 reasons=no_local_datasheet
[2026-08-19T10:20:27] EXCLUDE kind=zener lcsc=C22368968 mpn=BZX84C16 reasons=no_local_datasheet
[2026-08-19T10:20:27] EXCLUDE kind=zener lcsc=C22368969 mpn=BZX84C18 reasons=no_local_datasheet
[2026-08-19T10:20:27] EXCLUDE kind=zener lcsc=C22368970 mpn=BZX84C20 reasons=no_local_datasheet
[2026-08-19T10:20:27] EXCLUDE kind=zener lcsc=C22368971 mpn=BZX84C22 reasons=no_local_datasheet
[2026-08-19T10:20:27] EXCLUDE kind=zener lcsc=C22368972 mpn=BZX84C24 reasons=no_local_datasheet
[2026-08-19T10:20:27] EXCLUDE kind=zener lcsc=C22368973 mpn=BZX84C27 reasons=stock,no_local_datasheet
[2026-08-19T10:20:27] EXCLUDE kind=zener lcsc=C22368974 mpn=BZX84C30 reasons=stock,no_local_datasheet
[2026-08-19T10:20:27] EXCLUDE kind=zener lcsc=C22368975 mpn=BZX84C33 reasons=no_local_datasheet
[2026-08-19T10:20:27] EXCLUDE kind=zener lcsc=C22368976 mpn=BZX84C36 reasons=no_local_datasheet
[2026-08-19T10:20:27] EXCLUDE kind=zener lcsc=C22368977 mpn=BZX84C39 reasons=no_local_datasheet
[2026-08-19T10:20:27] EXCLUDE kind=zener lcsc=C22368978 mpn=BZX84C43 reasons=no_local_datasheet
[2026-08-19T10:20:27] EXCLUDE kind=zener lcsc=C22376107 mpn=BZX84C8V2 reasons=no_local_datasheet
[2026-08-19T10:20:27] EXCLUDE kind=zener lcsc=C22376108 mpn=BZX84C9V1 reasons=no_local_datasheet
[2026-08-19T10:20:27] EXCLUDE kind=zener lcsc=C22391929 mpn=BZX84C6V2 reasons=no_local_datasheet
[2026-08-19T10:20:27] EXCLUDE kind=zener lcsc=C22395561 mpn=MMSZ5254B reasons=stock
[2026-08-19T10:20:27] EXCLUDE kind=zener lcsc=C22395566 mpn=MMSZ5248BS reasons=stock
[2026-08-19T10:20:27] EXCLUDE kind=zener lcsc=C22396430 mpn=HMMSZ5242BT1G reasons=stock,no_local_datasheet
[2026-08-19T10:20:27] EXCLUDE kind=zener lcsc=C22399899 mpn=MMSZ5258B reasons=stock
[2026-08-19T10:20:27] EXCLUDE kind=zener lcsc=C22400503 mpn=BZX84C12 reasons=no_local_datasheet
[2026-08-19T10:20:27] EXCLUDE kind=zener lcsc=C22435004 mpn=BZX84C22 reasons=no_local_datasheet
[2026-08-19T10:20:27] EXCLUDE kind=zener lcsc=C22435008 mpn=BZX84C5V6 reasons=no_local_datasheet
[2026-08-19T10:20:27] EXCLUDE kind=zener lcsc=C22435014 mpn=BZX84C7V5 reasons=no_local_datasheet
[2026-08-19T10:20:27] EXCLUDE kind=zener lcsc=C22440764 mpn=MMSZ5248B_R1_00301 reasons=no_local_datasheet
[2026-08-19T10:20:27] EXCLUDE kind=zener lcsc=C22440765 mpn=MMSZ5258B_R1_00301 reasons=no_local_datasheet
[2026-08-19T10:20:27] EXCLUDE kind=zener lcsc=C24833829 mpn=MMSZ5231B_R1_00301 reasons=no_local_datasheet
[2026-08-19T10:20:27] EXCLUDE kind=zener lcsc=C24833830 mpn=MMSZ5232B_R1_00301 reasons=no_local_datasheet
[2026-08-19T10:20:27] EXCLUDE kind=zener lcsc=C25721518 mpn=MMSZ5231B-HE3 A-08 reasons=no_local_datasheet,voltage_range
[2026-08-19T10:20:27] EXCLUDE kind=zener lcsc=C28978495 mpn=BZX84C5V1 reasons=no_local_datasheet
[2026-08-19T10:20:27] EXCLUDE kind=zener lcsc=C37331480 mpn=MMSZ5245B reasons=no_local_datasheet
[2026-08-19T10:20:27] EXCLUDE kind=zener lcsc=C37635986 mpn=BZX84C5V6CA reasons=stock,no_local_datasheet
[2026-08-19T10:20:27] EXCLUDE kind=zener lcsc=C39114964 mpn=MMSZ5245B_R1_00301 reasons=no_local_datasheet
[2026-08-19T10:20:27] EXCLUDE kind=zener lcsc=C39847158 mpn=MMSZ5231B reasons=no_local_datasheet
[2026-08-19T10:20:27] EXCLUDE kind=zener lcsc=C39847159 mpn=MMSZ5240B reasons=no_local_datasheet
[2026-08-19T10:20:27] EXCLUDE kind=zener lcsc=C39847160 mpn=MMSZ5242B reasons=stock,no_local_datasheet
[2026-08-19T10:20:27] EXCLUDE kind=zener lcsc=C39847161 mpn=MMSZ5246B reasons=no_local_datasheet
[2026-08-19T10:20:27] EXCLUDE kind=zener lcsc=C39847162 mpn=MMSZ5248B reasons=no_local_datasheet
[2026-08-19T10:20:27] EXCLUDE kind=zener lcsc=C40726480 mpn=MMSZ5256B_R1_00301 reasons=no_local_datasheet
[2026-08-19T10:20:27] EXCLUDE kind=zener lcsc=C41364472 mpn=BZX84C3V3 reasons=no_local_datasheet
[2026-08-19T10:20:27] EXCLUDE kind=zener lcsc=C41366916 mpn=MMSZ5232B reasons=no_local_datasheet
[2026-08-19T10:20:27] EXCLUDE kind=zener lcsc=C41368116 mpn=BZX84C2V4 reasons=no_local_datasheet
[2026-08-19T10:20:27] EXCLUDE kind=zener lcsc=C41368118 mpn=BZX84C3V9 reasons=no_local_datasheet
[2026-08-19T10:20:27] EXCLUDE kind=zener lcsc=C41368119 mpn=BZX84C4V7 reasons=no_local_datasheet
[2026-08-19T10:20:27] EXCLUDE kind=zener lcsc=C41368120 mpn=BZX84C5V6 reasons=no_local_datasheet
[2026-08-19T10:20:27] EXCLUDE kind=zener lcsc=C41368121 mpn=BZX84C6V2 reasons=no_local_datasheet
[2026-08-19T10:20:27] EXCLUDE kind=zener lcsc=C41368122 mpn=BZX84C8V2 reasons=no_local_datasheet
[2026-08-19T10:20:27] EXCLUDE kind=zener lcsc=C41371072 mpn=BZX84C5V1 reasons=no_local_datasheet
[2026-08-19T10:20:27] EXCLUDE kind=zener lcsc=C41431804 mpn=MMSZ5254BS reasons=no_local_datasheet
[2026-08-19T10:20:27] EXCLUDE kind=zener lcsc=C41431808 mpn=MMSZ5241BS reasons=no_local_datasheet
[2026-08-19T10:20:27] EXCLUDE kind=zener lcsc=C41751473 mpn=MMSZ5246B_R1_00301 reasons=no_local_datasheet
[2026-08-19T10:20:28] EXCLUDE kind=zener lcsc=C41788722 mpn=BZX84C13W reasons=package,packaging,stock,configuration,no_local_datasheet,unparseable_electrical_data,voltage_range
[2026-08-19T10:20:28] EXCLUDE kind=zener lcsc=C42263513 mpn=MMSZ5242B_R1_00301 reasons=no_local_datasheet
[2026-08-19T10:20:28] EXCLUDE kind=zener lcsc=C42334785 mpn=MMSZ5234B_R1_00301 reasons=packaging,no_local_datasheet
[2026-08-19T10:20:28] EXCLUDE kind=zener lcsc=C42370503 mpn=MMSZ5228BT1G-TP reasons=no_local_datasheet
[2026-08-19T10:20:28] EXCLUDE kind=zener lcsc=C42370504 mpn=MMSZ5240BS reasons=no_local_datasheet
[2026-08-19T10:20:28] EXCLUDE kind=zener lcsc=C42371760 mpn=MMSZ5221B reasons=configuration,no_local_datasheet
[2026-08-19T10:20:28] EXCLUDE kind=zener lcsc=C42377634 mpn=MMSZ5231B reasons=configuration,no_local_datasheet
[2026-08-19T10:20:28] EXCLUDE kind=zener lcsc=C42379445 mpn=BZX84C4V3-E3-08-CN reasons=no_local_datasheet
[2026-08-19T10:20:28] EXCLUDE kind=zener lcsc=C42379446 mpn=BZX84C36-E3-08-CN reasons=no_local_datasheet
[2026-08-19T10:20:28] EXCLUDE kind=zener lcsc=C42380715 mpn=BZX84C3V3 reasons=stock,no_local_datasheet,unparseable_electrical_data
[2026-08-19T10:20:28] EXCLUDE kind=zener lcsc=C42380716 mpn=BZX84C3V9 reasons=no_local_datasheet,unparseable_electrical_data
[2026-08-19T10:20:28] EXCLUDE kind=zener lcsc=C42380717 mpn=BZX84C4V3 reasons=stock,no_local_datasheet,unparseable_electrical_data
[2026-08-19T10:20:28] EXCLUDE kind=zener lcsc=C42380726 mpn=BZX84C7V5 reasons=stock,no_local_datasheet,unparseable_electrical_data
[2026-08-19T10:20:28] EXCLUDE kind=zener lcsc=C42380727 mpn=BZX84C8V2 reasons=stock,no_local_datasheet
[2026-08-19T10:20:28] EXCLUDE kind=zener lcsc=C42380728 mpn=BZX84C9V1 reasons=stock,no_local_datasheet,unparseable_electrical_data
[2026-08-19T10:20:28] EXCLUDE kind=zener lcsc=C42387386 mpn=BZX84C27 reasons=no_local_datasheet,unparseable_electrical_data
[2026-08-19T10:20:28] EXCLUDE kind=zener lcsc=C42387387 mpn=BZX84C33 reasons=stock,no_local_datasheet,unparseable_electrical_data
[2026-08-19T10:20:28] EXCLUDE kind=zener lcsc=C42387388 mpn=BZX84C36 reasons=stock,no_local_datasheet,unparseable_electrical_data
[2026-08-19T10:20:28] EXCLUDE kind=zener lcsc=C42387390 mpn=BZX84C51 reasons=stock,no_local_datasheet,unparseable_electrical_data
[2026-08-19T10:20:28] EXCLUDE kind=zener lcsc=C42415707 mpn=MMSZ5236A_R1_00301 reasons=no_local_datasheet
[2026-08-19T10:20:28] EXCLUDE kind=zener lcsc=C42419980 mpn=MMSZ5226BT1G-CN reasons=no_local_datasheet
[2026-08-19T10:20:28] EXCLUDE kind=zener lcsc=C42419981 mpn=MMSZ5231BT1G-CN reasons=no_local_datasheet,unparseable_electrical_data
[2026-08-19T10:20:28] EXCLUDE kind=zener lcsc=C42419982 mpn=MMSZ5231B-7-F-CN reasons=no_local_datasheet
[2026-08-19T10:20:28] EXCLUDE kind=zener lcsc=C42419983 mpn=MMSZ5245BT1G-CN reasons=stock,no_local_datasheet
[2026-08-19T10:20:28] EXCLUDE kind=zener lcsc=C42436594 mpn=BZX84C8V2 reasons=no_local_datasheet
[2026-08-19T10:20:28] EXCLUDE kind=zener lcsc=C42436613 mpn=TPBZX84C8V2LT1G reasons=no_local_datasheet
[2026-08-19T10:20:28] EXCLUDE kind=zener lcsc=C42436820 mpn=MMSZ5232BT1G-CN reasons=package,no_local_datasheet
[2026-08-19T10:20:28] EXCLUDE kind=zener lcsc=C42436821 mpn=MMSZ5248BT1G-CN reasons=no_local_datasheet
[2026-08-19T10:20:28] EXCLUDE kind=zener lcsc=C42456327 mpn=MMSZ5232B reasons=stock,no_local_datasheet
[2026-08-19T10:20:28] EXCLUDE kind=zener lcsc=C42459008 mpn=BZX84C10LT1G-CN reasons=no_local_datasheet,unparseable_electrical_data
[2026-08-19T10:20:28] EXCLUDE kind=zener lcsc=C42459010 mpn=BZX84C18LT1G-CN reasons=no_local_datasheet,unparseable_electrical_data
[2026-08-19T10:20:28] EXCLUDE kind=zener lcsc=C42459011 mpn=BZX84C5V1LT1G-CN reasons=no_local_datasheet,unparseable_electrical_data
[2026-08-19T10:20:28] EXCLUDE kind=zener lcsc=C44302089 mpn=BZX84C15VDBZR reasons=package,stock,configuration,no_local_datasheet,unparseable_electrical_data,voltage_range
[2026-08-19T10:20:28] EXCLUDE kind=zener lcsc=C44302097 mpn=BZX84C8V2DBZRQ1 reasons=package,configuration,no_local_datasheet,unparseable_electrical_data,voltage_range
[2026-08-19T10:20:28] EXCLUDE kind=zener lcsc=C45369260 mpn=BZX84C33LT1G-CN reasons=no_local_datasheet,unparseable_electrical_data
[2026-08-19T10:20:28] EXCLUDE kind=zener lcsc=C46061847 mpn=MMSZ5230B reasons=no_local_datasheet
[2026-08-19T10:20:28] EXCLUDE kind=zener lcsc=C46061849 mpn=MMSZ5234B reasons=no_local_datasheet
[2026-08-19T10:20:28] EXCLUDE kind=zener lcsc=C46061850 mpn=MMSZ5235B reasons=stock,no_local_datasheet
[2026-08-19T10:20:28] EXCLUDE kind=zener lcsc=C46061851 mpn=MMSZ5243B reasons=no_local_datasheet
[2026-08-19T10:20:28] EXCLUDE kind=zener lcsc=C46061852 mpn=MMSZ5244B reasons=no_local_datasheet
[2026-08-19T10:20:28] EXCLUDE kind=zener lcsc=C46472827 mpn=BZX84C9V1 reasons=no_local_datasheet
[2026-08-19T10:20:28] EXCLUDE kind=zener lcsc=C46472828 mpn=BZX84C7V5 reasons=no_local_datasheet
[2026-08-19T10:20:28] EXCLUDE kind=zener lcsc=C46472829 mpn=BZX84C6V8 reasons=no_local_datasheet
[2026-08-19T10:20:28] EXCLUDE kind=zener lcsc=C46472830 mpn=BZX84C6V2 reasons=no_local_datasheet
[2026-08-19T10:20:28] EXCLUDE kind=zener lcsc=C46472831 mpn=BZX84C5V6 reasons=no_local_datasheet
[2026-08-19T10:20:28] EXCLUDE kind=zener lcsc=C46472832 mpn=BZX84C5V1 reasons=no_local_datasheet
[2026-08-19T10:20:28] EXCLUDE kind=zener lcsc=C46472833 mpn=BZX84C4V7 reasons=no_local_datasheet
[2026-08-19T10:20:28] EXCLUDE kind=zener lcsc=C46472834 mpn=BZX84C4V3 reasons=no_local_datasheet
[2026-08-19T10:20:28] EXCLUDE kind=zener lcsc=C46472835 mpn=BZX84C3V9 reasons=no_local_datasheet
[2026-08-19T10:20:28] EXCLUDE kind=zener lcsc=C46472836 mpn=BZX84C3V3 reasons=no_local_datasheet
[2026-08-19T10:20:28] EXCLUDE kind=zener lcsc=C46472837 mpn=BZX84C3V0 reasons=no_local_datasheet
[2026-08-19T10:20:28] EXCLUDE kind=zener lcsc=C46472838 mpn=BZX84C2V7 reasons=stock,no_local_datasheet
[2026-08-19T10:20:28] EXCLUDE kind=zener lcsc=C46472839 mpn=BZX84C2V4 reasons=no_local_datasheet
[2026-08-19T10:20:28] EXCLUDE kind=zener lcsc=C46472840 mpn=BZX84C20 reasons=no_local_datasheet
[2026-08-19T10:20:28] EXCLUDE kind=zener lcsc=C46472842 mpn=BZX84C16 reasons=no_local_datasheet
[2026-08-19T10:20:28] EXCLUDE kind=zener lcsc=C46472843 mpn=BZX84C12 reasons=no_local_datasheet
[2026-08-19T10:20:28] EXCLUDE kind=zener lcsc=C46472845 mpn=BZX84C13 reasons=no_local_datasheet
[2026-08-19T10:20:28] EXCLUDE kind=zener lcsc=C46472847 mpn=BZX84C11 reasons=no_local_datasheet
[2026-08-19T10:20:28] EXCLUDE kind=zener lcsc=C46472852 mpn=BZX84C43 reasons=no_local_datasheet
[2026-08-19T10:20:28] EXCLUDE kind=zener lcsc=C46472853 mpn=BZX84C27 reasons=no_local_datasheet
[2026-08-19T10:20:28] EXCLUDE kind=zener lcsc=C46472854 mpn=BZX84C30 reasons=no_local_datasheet
[2026-08-19T10:20:28] EXCLUDE kind=zener lcsc=C46472855 mpn=BZX84C36 reasons=no_local_datasheet
[2026-08-19T10:20:28] EXCLUDE kind=zener lcsc=C46472857 mpn=BZX84C10LT1G-TP reasons=no_local_datasheet
[2026-08-19T10:20:28] EXCLUDE kind=zener lcsc=C46472858 mpn=BZX84C9V1LT1G-TP reasons=no_local_datasheet
[2026-08-19T10:20:28] EXCLUDE kind=zener lcsc=C46472859 mpn=BZX84C7V5LT1G-TP reasons=no_local_datasheet
[2026-08-19T10:20:28] EXCLUDE kind=zener lcsc=C46472860 mpn=BZX84C6V8LT1G-TP reasons=no_local_datasheet
[2026-08-19T10:20:28] EXCLUDE kind=zener lcsc=C46472861 mpn=BZX84C6V2LT1G-TP reasons=no_local_datasheet
[2026-08-19T10:20:28] EXCLUDE kind=zener lcsc=C46472862 mpn=BZX84C5V6LT1G-TP reasons=no_local_datasheet
[2026-08-19T10:20:28] EXCLUDE kind=zener lcsc=C46472863 mpn=BZX84C5V1LT1G-TP reasons=no_local_datasheet
[2026-08-19T10:20:28] EXCLUDE kind=zener lcsc=C46472864 mpn=BZX84C4V7LT1G-TP reasons=no_local_datasheet
[2026-08-19T10:20:28] EXCLUDE kind=zener lcsc=C46472865 mpn=BZX84C4V3LT1G-TP reasons=no_local_datasheet
[2026-08-19T10:20:28] EXCLUDE kind=zener lcsc=C46472866 mpn=BZX84C3V9LT1G-TP reasons=no_local_datasheet
[2026-08-19T10:20:28] EXCLUDE kind=zener lcsc=C46472867 mpn=BZX84C3V3LT1G-TP reasons=no_local_datasheet
[2026-08-19T10:20:28] EXCLUDE kind=zener lcsc=C46472868 mpn=BZX84C3V0LT1G-TP reasons=no_local_datasheet
[2026-08-19T10:20:28] EXCLUDE kind=zener lcsc=C46472869 mpn=BZX84C2V7LT1G-TP reasons=no_local_datasheet
[2026-08-19T10:20:28] EXCLUDE kind=zener lcsc=C46472870 mpn=BZX84C2V4LT1G-TP reasons=no_local_datasheet
[2026-08-19T10:20:28] EXCLUDE kind=zener lcsc=C46472871 mpn=BZX84C20LT1G-TP reasons=no_local_datasheet
[2026-08-19T10:20:28] EXCLUDE kind=zener lcsc=C46472872 mpn=BZX84C18LT1G-TP reasons=no_local_datasheet
[2026-08-19T10:20:28] EXCLUDE kind=zener lcsc=C46472873 mpn=BZX84C16LT1G-TP reasons=no_local_datasheet
[2026-08-19T10:20:28] EXCLUDE kind=zener lcsc=C46472874 mpn=BZX84C12LT1G-TP reasons=no_local_datasheet
[2026-08-19T10:20:28] EXCLUDE kind=zener lcsc=C46472875 mpn=BZX84C15LT1G-TP reasons=no_local_datasheet
[2026-08-19T10:20:28] EXCLUDE kind=zener lcsc=C46472876 mpn=BZX84C13LT1G-TP reasons=no_local_datasheet
[2026-08-19T10:20:28] EXCLUDE kind=zener lcsc=C46472878 mpn=BZX84C11LT1G-TP reasons=no_local_datasheet
[2026-08-19T10:20:28] EXCLUDE kind=zener lcsc=C46472883 mpn=BZX84C43LT1G-TP reasons=no_local_datasheet
[2026-08-19T10:20:28] EXCLUDE kind=zener lcsc=C46472884 mpn=BZX84C27LT1G-TP reasons=no_local_datasheet
[2026-08-19T10:20:28] EXCLUDE kind=zener lcsc=C46472885 mpn=BZX84C30LT1G-TP reasons=no_local_datasheet
[2026-08-19T10:20:28] EXCLUDE kind=zener lcsc=C46472886 mpn=BZX84C36LT1G-TP reasons=no_local_datasheet
[2026-08-19T10:20:28] EXCLUDE kind=zener lcsc=C46472887 mpn=BZX84C39LT1G-TP reasons=no_local_datasheet
[2026-08-19T10:20:28] EXCLUDE kind=zener lcsc=C46472936 mpn=MMSZ5223BT1G-TP reasons=no_local_datasheet
[2026-08-19T10:20:28] EXCLUDE kind=zener lcsc=C46472937 mpn=MMSZ5225BT1G-TP reasons=no_local_datasheet
[2026-08-19T10:20:28] EXCLUDE kind=zener lcsc=C46472938 mpn=MMSZ5226BT1G-TP reasons=no_local_datasheet
[2026-08-19T10:20:28] EXCLUDE kind=zener lcsc=C46472939 mpn=MMSZ5227BT1G-TP reasons=no_local_datasheet
[2026-08-19T10:20:28] EXCLUDE kind=zener lcsc=C46472940 mpn=MMSZ5229BT1G-TP reasons=no_local_datasheet
[2026-08-19T10:20:28] EXCLUDE kind=zener lcsc=C46472941 mpn=MMSZ5230BT1G-TP reasons=no_local_datasheet
[2026-08-19T10:20:28] EXCLUDE kind=zener lcsc=C46472942 mpn=MMSZ5231BT1G-TP reasons=no_local_datasheet
[2026-08-19T10:20:28] EXCLUDE kind=zener lcsc=C46472943 mpn=MMSZ5232BT1G-TP reasons=no_local_datasheet
[2026-08-19T10:20:28] EXCLUDE kind=zener lcsc=C46472944 mpn=MMSZ5234BT1G-TP reasons=no_local_datasheet
[2026-08-19T10:20:28] EXCLUDE kind=zener lcsc=C46472945 mpn=MMSZ5235BT1G-TP reasons=no_local_datasheet
[2026-08-19T10:20:28] EXCLUDE kind=zener lcsc=C46472946 mpn=MMSZ5236BT1G-TP reasons=no_local_datasheet
[2026-08-19T10:20:28] EXCLUDE kind=zener lcsc=C46472947 mpn=MMSZ5237BT1G-TP reasons=no_local_datasheet
[2026-08-19T10:20:28] EXCLUDE kind=zener lcsc=C46472948 mpn=MMSZ5240BT1G-TP reasons=no_local_datasheet
[2026-08-19T10:20:28] EXCLUDE kind=zener lcsc=C46472949 mpn=MMSZ5241BT1G-TP reasons=no_local_datasheet
[2026-08-19T10:20:28] EXCLUDE kind=zener lcsc=C46472950 mpn=MMSZ5242BT1G-TP reasons=no_local_datasheet
[2026-08-19T10:20:28] EXCLUDE kind=zener lcsc=C46472951 mpn=MMSZ5243BT1G-TP reasons=no_local_datasheet
[2026-08-19T10:20:28] EXCLUDE kind=zener lcsc=C46472952 mpn=MMSZ5246BT1G-TP reasons=no_local_datasheet
[2026-08-19T10:20:28] EXCLUDE kind=zener lcsc=C46472953 mpn=MMSZ5250BT1G-TP reasons=no_local_datasheet
[2026-08-19T10:20:28] EXCLUDE kind=zener lcsc=C46472954 mpn=MMSZ5252BT1G-TP reasons=no_local_datasheet
[2026-08-19T10:20:28] EXCLUDE kind=zener lcsc=C46472955 mpn=MMSZ5254BT1G-TP reasons=no_local_datasheet
[2026-08-19T10:20:28] EXCLUDE kind=zener lcsc=C46472956 mpn=MMSZ5259BT1G-TP reasons=no_local_datasheet
[2026-08-19T10:20:28] EXCLUDE kind=zener lcsc=C46472957 mpn=MMSZ5261BT1G-TP reasons=no_local_datasheet
[2026-08-19T10:20:28] EXCLUDE kind=zener lcsc=C46532940 mpn=BZX84C3V3 reasons=stock,no_local_datasheet
[2026-08-19T10:20:28] EXCLUDE kind=zener lcsc=C46551705 mpn=MMSZ5251B_R1_00301 reasons=packaging,no_local_datasheet
[2026-08-19T10:20:28] EXCLUDE kind=zener lcsc=C46594520 mpn=BZX84C12 reasons=no_local_datasheet
[2026-08-19T10:20:28] EXCLUDE kind=zener lcsc=C46594525 mpn=BZX84C3V0 reasons=no_local_datasheet
[2026-08-19T10:20:28] EXCLUDE kind=zener lcsc=C46594526 mpn=BZX84C5V1 reasons=no_local_datasheet
[2026-08-19T10:20:28] EXCLUDE kind=zener lcsc=C46594680 mpn=BZX84C3V3 reasons=no_local_datasheet
[2026-08-19T10:20:28] EXCLUDE kind=zener lcsc=C46594681 mpn=BZX84C7V5 reasons=no_local_datasheet
[2026-08-19T10:20:28] EXCLUDE kind=zener lcsc=C48578685 mpn=MMSZ5241B reasons=no_local_datasheet
[2026-08-19T10:20:28] EXCLUDE kind=zener lcsc=C48580945 mpn=BZX84C5V6 reasons=no_local_datasheet
[2026-08-19T10:20:28] EXCLUDE kind=zener lcsc=C48580946 mpn=BZX84C4V7 reasons=no_local_datasheet
[2026-08-19T10:20:28] EXCLUDE kind=zener lcsc=C49010228 mpn=BZX84C5V1 reasons=no_local_datasheet,unparseable_electrical_data
[2026-08-19T10:20:28] EXCLUDE kind=zener lcsc=C49238170 mpn=MMSZ5231B reasons=stock,no_local_datasheet
[2026-08-19T10:20:28] EXCLUDE kind=zener lcsc=C49238171 mpn=MMSZ5232B reasons=stock,no_local_datasheet
[2026-08-19T10:20:28] EXCLUDE kind=zener lcsc=C49318118 mpn=MMSZ5232B reasons=no_local_datasheet
[2026-08-19T10:20:28] EXCLUDE kind=zener lcsc=C49318120 mpn=MMSZ5254B reasons=no_local_datasheet,unparseable_electrical_data
[2026-08-19T10:20:28] EXCLUDE kind=zener lcsc=C49424320 mpn=MMSZ5254B_R1_00301 reasons=no_local_datasheet
[2026-08-19T10:20:28] EXCLUDE kind=zener lcsc=C50177016 mpn=MMSZ5254BT1G-HXY reasons=stock,no_local_datasheet
[2026-08-19T10:20:28] EXCLUDE kind=zener lcsc=C50325475 mpn=MMSZ5248BS reasons=no_local_datasheet
[2026-08-19T10:20:28] EXCLUDE kind=zener lcsc=C50326941 mpn=BZX84C18CA reasons=stock,configuration,no_local_datasheet
[2026-08-19T10:20:28] EXCLUDE kind=zener lcsc=C50326942 mpn=BZX84C18CC reasons=stock,configuration,no_local_datasheet
[2026-08-19T10:20:28] EXCLUDE kind=zener lcsc=C51315304 mpn=BZX84C2V4 reasons=no_local_datasheet
[2026-08-19T10:20:28] EXCLUDE kind=zener lcsc=C51315305 mpn=BZX84C2V7 reasons=no_local_datasheet
[2026-08-19T10:20:28] EXCLUDE kind=zener lcsc=C51315306 mpn=BZX84C3V0 reasons=no_local_datasheet
[2026-08-19T10:20:28] EXCLUDE kind=zener lcsc=C51315307 mpn=BZX84C3V3 reasons=no_local_datasheet
[2026-08-19T10:20:28] EXCLUDE kind=zener lcsc=C51315308 mpn=BZX84C3V6 reasons=no_local_datasheet
[2026-08-19T10:20:28] EXCLUDE kind=zener lcsc=C51315309 mpn=BZX84C43 reasons=no_local_datasheet
[2026-08-19T10:20:28] EXCLUDE kind=zener lcsc=C51315310 mpn=BZX84C47 reasons=no_local_datasheet
[2026-08-19T10:20:28] EXCLUDE kind=zener lcsc=C51315311 mpn=BZX84C51 reasons=stock,no_local_datasheet
[2026-08-19T10:20:28] EXCLUDE kind=zener lcsc=C51315312 mpn=BZX84C56 reasons=no_local_datasheet
[2026-08-19T10:20:28] EXCLUDE kind=zener lcsc=C51315313 mpn=BZX84C62 reasons=no_local_datasheet
[2026-08-19T10:20:28] EXCLUDE kind=zener lcsc=C51315314 mpn=BZX84C68 reasons=no_local_datasheet
[2026-08-19T10:20:28] EXCLUDE kind=zener lcsc=C51315315 mpn=BZX84C75 reasons=no_local_datasheet
[2026-08-19T10:20:28] EXCLUDE kind=zener lcsc=C51315458 mpn=MMSZ5225B reasons=no_local_datasheet
[2026-08-19T10:20:28] EXCLUDE kind=zener lcsc=C51315459 mpn=MMSZ5226BS reasons=no_local_datasheet
[2026-08-19T10:20:28] EXCLUDE kind=zener lcsc=C51315460 mpn=MMSZ5227BS reasons=no_local_datasheet
[2026-08-19T10:20:28] EXCLUDE kind=zener lcsc=C51315462 mpn=MMSZ5231BS reasons=no_local_datasheet
[2026-08-19T10:20:28] EXCLUDE kind=zener lcsc=C51315463 mpn=MMSZ5232BS reasons=no_local_datasheet
[2026-08-19T10:20:28] EXCLUDE kind=zener lcsc=C51315464 mpn=MMSZ5242BS reasons=no_local_datasheet
[2026-08-19T10:20:28] EXCLUDE kind=zener lcsc=C51315466 mpn=MMSZ5246BS reasons=no_local_datasheet
[2026-08-19T10:20:28] EXCLUDE kind=zener lcsc=C51315467 mpn=MMSZ5248BS reasons=no_local_datasheet
[2026-08-19T10:20:28] EXCLUDE kind=zener lcsc=C51315468 mpn=MMSZ5250BS reasons=no_local_datasheet
[2026-08-19T10:20:28] EXCLUDE kind=zener lcsc=C51315469 mpn=MMSZ5252BS reasons=no_local_datasheet
[2026-08-19T10:20:28] EXCLUDE kind=zener lcsc=C51315470 mpn=MMSZ5257B reasons=no_local_datasheet
[2026-08-19T10:20:28] EXCLUDE kind=zener lcsc=C51625770 mpn=MMSZ5255B reasons=no_local_datasheet,unparseable_electrical_data
[2026-08-19T10:20:28] EXCLUDE kind=zener lcsc=C51625771 mpn=MMSZ5243B reasons=no_local_datasheet,unparseable_electrical_data
[2026-08-19T10:20:28] EXCLUDE kind=zener lcsc=C51814172 mpn=BZX84C2V4W reasons=package,no_local_datasheet
[2026-08-19T10:20:28] EXCLUDE kind=zener lcsc=C51814174 mpn=BZX84C16CA reasons=configuration,no_local_datasheet
[2026-08-19T10:20:28] EXCLUDE kind=zener lcsc=C51814178 mpn=BZX84C3V3CA reasons=configuration,no_local_datasheet
[2026-08-19T10:20:28] EXCLUDE kind=zener lcsc=C51814189 mpn=BZX84C6V2W reasons=package,no_local_datasheet
[2026-08-19T10:20:28] EXCLUDE kind=zener lcsc=C51814192 mpn=BZX84C5V6W reasons=package,no_local_datasheet
[2026-08-19T10:20:28] EXCLUDE kind=zener lcsc=C51814196 mpn=BZX84C18W reasons=package,no_local_datasheet
[2026-08-19T10:20:28] EXCLUDE kind=zener lcsc=C51814225 mpn=BZX84C5V1CA reasons=stock,configuration,no_local_datasheet
[2026-08-19T10:20:28] EXCLUDE kind=zener lcsc=C51883326 mpn=MMSZ5248B reasons=no_local_datasheet
[2026-08-19T10:20:28] EXCLUDE kind=zener lcsc=C51883341 mpn=MMSZ5243B reasons=no_local_datasheet
[2026-08-19T10:20:28] EXCLUDE kind=zener lcsc=C51912406 mpn=BZX84C7V5 reasons=no_local_datasheet
[2026-08-19T10:20:28] EXCLUDE kind=zener lcsc=C53058784 mpn=MMSZ5231B reasons=no_local_datasheet,unparseable_electrical_data
[2026-08-19T10:20:28] EXCLUDE kind=zener lcsc=C53058785 mpn=MMSZ5245B reasons=no_local_datasheet,unparseable_electrical_data
[2026-08-19T10:20:28] EXCLUDE kind=zener lcsc=C53058786 mpn=MMSZ5246B reasons=no_local_datasheet,unparseable_electrical_data
[2026-08-19T10:20:28] EXCLUDE kind=zener lcsc=C53100341 mpn=MMSZ5248BT1G-TP reasons=no_local_datasheet
[2026-08-19T10:20:28] EXCLUDE kind=zener lcsc=C53100356 mpn=BZX84C3V6LT1G-TP reasons=no_local_datasheet
[2026-08-19T10:20:28] EXCLUDE kind=zener lcsc=C53100357 mpn=BZX84C3V6 reasons=no_local_datasheet
[2026-08-19T10:20:28] EXCLUDE kind=zener lcsc=C53100359 mpn=BZX84C33LT1G-TP reasons=no_local_datasheet
[2026-08-19T10:20:28] EXCLUDE kind=zener lcsc=C53206590 mpn=BZX84C2V4 reasons=no_local_datasheet
[2026-08-19T10:20:28] EXCLUDE kind=zener lcsc=C53337744 mpn=MMSZ5235B_R1_00301 reasons=packaging,configuration,no_local_datasheet,unparseable_electrical_data,voltage_range
[2026-08-19T10:20:28] EXCLUDE kind=zener lcsc=C53337748 mpn=MMSZ5259B_R1_00301 reasons=no_local_datasheet
[2026-08-19T10:20:28] EXCLUDE kind=zener lcsc=C53337750 mpn=MMSZ5250B_R1_00301 reasons=no_local_datasheet
[2026-08-19T10:20:28] EXCLUDE kind=zener lcsc=C53446685 mpn=MMSZ5244B reasons=no_local_datasheet
[2026-08-19T10:20:28] EXCLUDE kind=zener lcsc=C54102139 mpn=MMSZ5225B_R1_00301 reasons=no_local_datasheet
[2026-08-19T10:20:28] EXCLUDE kind=zener lcsc=C54529456 mpn=BZX84C6V8 reasons=no_local_datasheet,unparseable_electrical_data
[2026-08-19T10:20:28] EXCLUDE kind=zener lcsc=C54529457 mpn=BZX84C8V2 reasons=no_local_datasheet,unparseable_electrical_data
[2026-08-19T10:20:28] EXCLUDE kind=zener lcsc=C54859166 mpn=MMSZ5251B reasons=configuration,no_local_datasheet,unparseable_electrical_data
[2026-08-19T10:20:28] EXCLUDE kind=zener lcsc=C55072092 mpn=BZX84C15CA reasons=configuration,no_local_datasheet,unparseable_electrical_data,voltage_range
[2026-08-19T10:20:28] EXCLUDE kind=zener lcsc=C55208097 mpn=MMSZ5248B reasons=configuration,no_local_datasheet,unparseable_electrical_data,voltage_range
[2026-08-19T10:20:28] EXCLUDE kind=zener lcsc=C55238986 mpn=MMSZ5254B reasons=configuration,no_local_datasheet
[2026-08-19T10:20:28] EXCLUDE kind=zener lcsc=C55250247 mpn=BZX84C5V6_R1_00501 reasons=packaging,configuration,no_local_datasheet,unparseable_electrical_data,voltage_range
[2026-08-19T10:20:28] EXCLUDE kind=zener lcsc=C55259748 mpn=BZX84C5V1 reasons=configuration,no_local_datasheet,unparseable_electrical_data,voltage_range
[2026-08-19T10:20:28] EXCLUDE kind=zener lcsc=C55259752 mpn=BZX84C3V6 reasons=configuration,no_local_datasheet,unparseable_electrical_data,voltage_range
[2026-08-19T10:20:28] EXCLUDE kind=zener lcsc=C55259767 mpn=MMSZ5240B reasons=configuration,no_local_datasheet,unparseable_electrical_data,voltage_range
[2026-08-19T10:20:28] EXCLUDE kind=zener lcsc=C55259770 mpn=MMSZ5248BS reasons=configuration,no_local_datasheet,unparseable_electrical_data,voltage_range
[2026-08-19T10:20:28] EXCLUDE kind=zener lcsc=C55343254 mpn=MMSZ5255B reasons=configuration,no_local_datasheet,unparseable_electrical_data,voltage_range
[2026-08-19T10:20:28] EXCLUDE kind=zener lcsc=C55343256 mpn=MMSZ5250B reasons=configuration,no_local_datasheet,unparseable_electrical_data,voltage_range
[2026-08-19T10:20:28] EXCLUDE kind=zener lcsc=C55343257 mpn=MMSZ5244B reasons=configuration,no_local_datasheet,unparseable_electrical_data,voltage_range
[2026-08-19T10:20:28] SELECT kind=ferrite name=BLM15PG100SN1D lcsc=C85823 impedance=10Ω@100MHz package=0402 current=1A dcr=25mΩ tolerance=±25% stock=17500 pdf=f85b01b3a1a015a5ec4a9f03876e0063
[2026-08-19T10:20:28] SELECT kind=ferrite name=BLM15BA220SN1D lcsc=C85816 impedance=22Ω@100MHz package=0402 current=300mA dcr=300mΩ tolerance=±25% stock=42900 pdf=f85b01b3a1a015a5ec4a9f03876e0063
[2026-08-19T10:20:28] SELECT kind=ferrite name=BLM15PD300SN1D lcsc=C85822 impedance=30Ω@100MHz package=0402 current=2.2A dcr=35mΩ tolerance=±25% stock=18350 pdf=f85b01b3a1a015a5ec4a9f03876e0063
[2026-08-19T10:20:28] SELECT kind=ferrite name=BLM15BA330SN1D lcsc=C88961 impedance=33Ω@100MHz package=0402 current=300mA dcr=400mΩ tolerance=±25% stock=14550 pdf=f85b01b3a1a015a5ec4a9f03876e0063
[2026-08-19T10:20:28] SELECT kind=ferrite name=BLM15BB470SN1D lcsc=C76887 impedance=47Ω@100MHz package=0402 current=300mA dcr=350mΩ tolerance=±25% stock=12800 pdf=f85b01b3a1a015a5ec4a9f03876e0063
[2026-08-19T10:20:28] SELECT kind=ferrite name=BLM15PX600SN1D lcsc=C160976 impedance=60Ω@100MHz package=0402 current=2.5A dcr=32mΩ tolerance=±25% stock=25850 pdf=f85b01b3a1a015a5ec4a9f03876e0063
[2026-08-19T10:20:28] SELECT kind=ferrite name=BLM15AG700SN1D lcsc=C85814 impedance=70Ω@100MHz package=0402 current=600mA dcr=150mΩ tolerance=±25% stock=92850 pdf=f85b01b3a1a015a5ec4a9f03876e0063
[2026-08-19T10:20:28] SELECT kind=ferrite name=BLM15BX750SN1D lcsc=C269770 impedance=75Ω@100MHz package=0402 current=600mA dcr=150mΩ tolerance=±25% stock=5500 pdf=f85b01b3a1a015a5ec4a9f03876e0063
[2026-08-19T10:20:28] SELECT kind=ferrite name=BLM15PD800SN1D lcsc=C237347 impedance=80Ω@100MHz package=0402 current=1.5A dcr=70mΩ tolerance=±25% stock=30300 pdf=f85b01b3a1a015a5ec4a9f03876e0063
[2026-08-19T10:20:28] SELECT kind=ferrite name=BLM15PX121SN1D lcsc=C88970 impedance=120Ω@100MHz package=0402 current=2A dcr=55mΩ tolerance=±25% stock=322200 pdf=f85b01b3a1a015a5ec4a9f03876e0063
[2026-08-19T10:20:28] SELECT kind=ferrite name=BLM15PX181SN1D lcsc=C237601 impedance=180Ω@100MHz package=0402 current=1.5A dcr=90mΩ tolerance=±25% stock=16160 pdf=f85b01b3a1a015a5ec4a9f03876e0063
[2026-08-19T10:20:28] SELECT kind=ferrite name=BLM15AX221SN1D lcsc=C76885 impedance=220Ω@100MHz package=0402 current=600mA dcr=180mΩ tolerance=±25% stock=90500 pdf=f85b01b3a1a015a5ec4a9f03876e0063
[2026-08-19T10:20:28] SELECT kind=ferrite name=BLM15PX331SN1D lcsc=C160975 impedance=330Ω@100MHz package=0402 current=1.2A dcr=150mΩ tolerance=±25% stock=114600 pdf=f85b01b3a1a015a5ec4a9f03876e0063
[2026-08-19T10:20:28] SELECT kind=ferrite name=NFZ15SG331SN11D lcsc=C2986272 impedance=330Ω@900MHz package=0402 current=300mA dcr=300mΩ tolerance=- stock=9710 pdf=c5eb2ab63e31dac1cfd52cdbf8919cc7
[2026-08-19T10:20:28] SELECT kind=ferrite name=BLM15PX471SN1D lcsc=C333978 impedance=470Ω@100MHz package=0402 current=1A dcr=200mΩ tolerance=±25% stock=57850 pdf=f85b01b3a1a015a5ec4a9f03876e0063
[2026-08-19T10:20:28] SELECT kind=ferrite name=BLM15PX601SN1D lcsc=C160977 impedance=600Ω@100MHz package=0402 current=900mA dcr=230mΩ tolerance=±25% stock=71600 pdf=f85b01b3a1a015a5ec4a9f03876e0063
[2026-08-19T10:20:28] SELECT kind=ferrite name=BLM15AX102SN1D lcsc=C85815 impedance=1kΩ@100MHz package=0402 current=350mA dcr=490mΩ tolerance=±25% stock=112600 pdf=f85b01b3a1a015a5ec4a9f03876e0063
[2026-08-19T10:20:28] SELECT kind=ferrite name=NFZ15SG152SN10D lcsc=C1533898 impedance=1.5kΩ@900MHz package=0402 current=400mA dcr=800mΩ tolerance=- stock=4860 pdf=c5eb2ab63e31dac1cfd52cdbf8919cc7
[2026-08-19T10:20:28] SELECT kind=ferrite name=BLM15BD182SN1D lcsc=C85820 impedance=1.8kΩ@100MHz package=0402 current=100mA dcr=1.4Ω tolerance=±25% stock=5300 pdf=f85b01b3a1a015a5ec4a9f03876e0063
[2026-08-19T10:20:28] SELECT kind=ferrite name=BLM18BB050SN1D lcsc=C88974 impedance=5Ω@100MHz package=0603 current=700mA dcr=50mΩ tolerance=±25% stock=5700 pdf=2d503a4b167da9bb5d0eb4a3fa711314
[2026-08-19T10:20:28] SELECT kind=ferrite name=BLM18BA100SN1D lcsc=C88973 impedance=10Ω@100MHz package=0603 current=500mA dcr=250mΩ tolerance=±25% stock=3060 pdf=2d503a4b167da9bb5d0eb4a3fa711314
[2026-08-19T10:20:28] SELECT kind=ferrite name=BLM18BB220SN1D lcsc=C88975 impedance=22Ω@100MHz package=0603 current=700mA dcr=200mΩ tolerance=±25% stock=3600 pdf=2d503a4b167da9bb5d0eb4a3fa711314
[2026-08-19T10:20:28] SELECT kind=ferrite name=BLM18KG260TN1D lcsc=C88981 impedance=26Ω@100MHz package=0603 current=6A dcr=7mΩ tolerance=±25% stock=52100 pdf=2d503a4b167da9bb5d0eb4a3fa711314
[2026-08-19T10:20:28] SELECT kind=ferrite name=BLM18KG300TN1D lcsc=C88982 impedance=30Ω@100MHz package=0603 current=5A dcr=10mΩ tolerance=±25% stock=39650 pdf=2d503a4b167da9bb5d0eb4a3fa711314
[2026-08-19T10:20:28] SELECT kind=ferrite name=BLM18PG330SN1D lcsc=C88984 impedance=33Ω@100MHz package=0603 current=3A dcr=25mΩ tolerance=±25% stock=242500 pdf=2d503a4b167da9bb5d0eb4a3fa711314
[2026-08-19T10:20:28] SELECT kind=ferrite name=MPZ1608S600ATAH0 lcsc=C76816 impedance=60Ω@100MHz package=0603 current=3.5A dcr=20mΩ tolerance=±25% stock=51210 pdf=5525eadde63874e80c8e8f485485d5a6
[2026-08-19T10:20:28] SELECT kind=ferrite name=MPZ1608S101ATAH0 lcsc=C107332 impedance=100Ω@100MHz package=0603 current=3A dcr=30mΩ tolerance=±25% stock=799350 pdf=5525eadde63874e80c8e8f485485d5a6
[2026-08-19T10:20:28] SELECT kind=ferrite name=BLM18KG121TN1D lcsc=C85831 impedance=120Ω@100MHz package=0603 current=3A dcr=30mΩ tolerance=±25% stock=775550 pdf=2d503a4b167da9bb5d0eb4a3fa711314
[2026-08-19T10:20:28] SELECT kind=ferrite name=MPZ1608S181ATAH0 lcsc=C275484 impedance=180Ω@100MHz package=0603 current=2A dcr=50mΩ tolerance=±25% stock=24330 pdf=5525eadde63874e80c8e8f485485d5a6
[2026-08-19T10:20:28] SELECT kind=ferrite name=BLM18SG221TN1D lcsc=C88988 impedance=220Ω@100MHz package=0603 current=2.5A dcr=40mΩ tolerance=±25% stock=59740 pdf=2d503a4b167da9bb5d0eb4a3fa711314
[2026-08-19T10:20:28] SELECT kind=ferrite name=BLM18KG331SN1D lcsc=C85832 impedance=330Ω@100MHz package=0603 current=1.7A dcr=80mΩ tolerance=±25% stock=31560 pdf=2d503a4b167da9bb5d0eb4a3fa711314
[2026-08-19T10:20:28] SELECT kind=ferrite name=MPZ1608R391ATA00 lcsc=C275483 impedance=390Ω@100MHz package=0603 current=1.2A dcr=120mΩ tolerance=±25% stock=16550 pdf=5525eadde63874e80c8e8f485485d5a6
[2026-08-19T10:20:28] SELECT kind=ferrite name=MPZ1608B471ATA00 lcsc=C114780 impedance=470Ω@100MHz package=0603 current=1A dcr=150mΩ tolerance=±25% stock=120700 pdf=5525eadde63874e80c8e8f485485d5a6
[2026-08-19T10:20:28] SELECT kind=ferrite name=BLM18KG601SN1D lcsc=C85833 impedance=600Ω@100MHz package=0603 current=1.3A dcr=150mΩ tolerance=±25% stock=1154200 pdf=2d503a4b167da9bb5d0eb4a3fa711314
[2026-08-19T10:20:28] SELECT kind=ferrite name=MPZ1608S102ATA00 lcsc=C76814 impedance=1kΩ@100MHz package=0603 current=800mA dcr=300mΩ tolerance=±25% stock=150940 pdf=5525eadde63874e80c8e8f485485d5a6
[2026-08-19T10:20:28] SELECT kind=ferrite name=BLM21BB050SN1D lcsc=C113035 impedance=5Ω@100MHz package=0805 current=1A dcr=20mΩ tolerance=±25% stock=2590 pdf=1addff62e5484bf39ea4690b7cc5dd21
[2026-08-19T10:20:28] SELECT kind=ferrite name=BLM21PG220SN1D lcsc=C88993 impedance=22Ω@100MHz package=0805 current=6A dcr=9mΩ tolerance=±25% stock=89580 pdf=1addff62e5484bf39ea4690b7cc5dd21
[2026-08-19T10:20:28] SELECT kind=ferrite name=MPZ2012S300AT000 lcsc=C136227 impedance=30Ω@100MHz package=0805 current=6A dcr=10mΩ tolerance=±25% stock=12390 pdf=faf431921010bd6151d84a7da591b5d1
[2026-08-19T10:20:28] SELECT kind=ferrite name=MH2029-600Y lcsc=C780182 impedance=60Ω@100MHz package=0805 current=5A dcr=20mΩ tolerance=±25% stock=2480 pdf=7f0426ef046fbb06a31cef2ca0797607
[2026-08-19T10:20:28] SELECT kind=ferrite name=MPZ2012S101AT000 lcsc=C15957 impedance=100Ω@100MHz package=0805 current=4A dcr=20mΩ tolerance=±25% stock=188400 pdf=faf431921010bd6151d84a7da591b5d1
[2026-08-19T10:20:28] SELECT kind=ferrite name=BLM21PG121SN1D lcsc=C79382 impedance=120Ω@100MHz package=0805 current=3A dcr=30mΩ tolerance=±25% stock=181220 pdf=1addff62e5484bf39ea4690b7cc5dd21
[2026-08-19T10:20:28] SELECT kind=ferrite name=BLM21AG151SN1D lcsc=C85836 impedance=150Ω@100MHz package=0805 current=1A dcr=100mΩ tolerance=±25% stock=6260 pdf=1addff62e5484bf39ea4690b7cc5dd21
[2026-08-19T10:20:28] SELECT kind=ferrite name=MPZ2012S221AT000 lcsc=C76818 impedance=220Ω@100MHz package=0805 current=3A dcr=40mΩ tolerance=±25% stock=158300 pdf=faf431921010bd6151d84a7da591b5d1
[2026-08-19T10:20:28] SELECT kind=ferrite name=MPZ2012S331AT000 lcsc=C76819 impedance=330Ω@100MHz package=0805 current=2.5A dcr=50mΩ tolerance=±25% stock=27330 pdf=faf431921010bd6151d84a7da591b5d1
[2026-08-19T10:20:28] SELECT kind=ferrite name=MH2029-401Y lcsc=C1534017 impedance=400Ω@100MHz package=0805 current=2A dcr=100mΩ tolerance=±25% stock=3840 pdf=7f0426ef046fbb06a31cef2ca0797607
[2026-08-19T10:20:28] SELECT kind=ferrite name=MPZ2012S601ATD25 lcsc=C81034 impedance=600Ω@100MHz package=0805 current=2A dcr=100mΩ tolerance=±25% stock=245990 pdf=97b8fd8f95d483658715dd96ac1acb6d
[2026-08-19T10:20:28] SELECT kind=ferrite name=MPZ2012S102AT000 lcsc=C76817 impedance=1kΩ@100MHz package=0805 current=1.5A dcr=150mΩ tolerance=±25% stock=60720 pdf=faf431921010bd6151d84a7da591b5d1
[2026-08-19T10:20:28] SELECT kind=ferrite name=MMZ2012Y202BTD25 lcsc=C360718 impedance=2kΩ@100MHz package=0805 current=400mA dcr=500mΩ tolerance=±25% stock=40730 pdf=b2aaeaa75f1b834be2cb67f1d33879f9
[2026-08-19T10:20:28] SELECT kind=ferrite name=BLM21BD222TN1D lcsc=C85838 impedance=2.2kΩ@100MHz package=0805 current=200mA dcr=600mΩ tolerance=±25% stock=4400 pdf=1addff62e5484bf39ea4690b7cc5dd21
[2026-08-19T10:20:28] SELECT kind=ferrite name=BLM21BD272SN1L lcsc=C85839 impedance=2.7kΩ@100MHz package=0805 current=200mA dcr=800mΩ tolerance=±25% stock=60860 pdf=1addff62e5484bf39ea4690b7cc5dd21
[2026-08-19T10:20:28] SELECT kind=zener name=3V_MMSZ5225B lcsc=C22399894 voltage=3V package=SOD-123 power=500mW stock=16500 pdf=26ade382493570f6ac7aa9df8c9e3d26
[2026-08-19T10:20:28] SELECT kind=zener name=3.6V_MMSZ5227B lcsc=C22395553 voltage=3.6V package=SOD-123 power=500mW stock=10900 pdf=26ade382493570f6ac7aa9df8c9e3d26
[2026-08-19T10:20:28] SELECT kind=zener name=3.9V_MMSZ5228B lcsc=C22399895 voltage=3.9V package=SOD-123 power=500mW stock=22650 pdf=26ade382493570f6ac7aa9df8c9e3d26
[2026-08-19T10:20:28] SELECT kind=zener name=4.3V_MMSZ5229B lcsc=C22399896 voltage=4.3V package=SOD-123 power=500mW stock=32520 pdf=26ade382493570f6ac7aa9df8c9e3d26
[2026-08-19T10:20:28] SELECT kind=zener name=4.7V_MMSZ5230B lcsc=C22395554 voltage=4.7V package=SOD-123 power=500mW stock=23780 pdf=26ade382493570f6ac7aa9df8c9e3d26
[2026-08-19T10:20:28] SELECT kind=zener name=5.1V_MMSZ5231B lcsc=C19077422 voltage=5.1V package=SOD-123 power=500mW stock=35450 pdf=26ade382493570f6ac7aa9df8c9e3d26
[2026-08-19T10:20:28] SELECT kind=zener name=5.6V_MMSZ5232B lcsc=C19077423 voltage=5.6V package=SOD-123 power=500mW stock=57150 pdf=26ade382493570f6ac7aa9df8c9e3d26 corrected_csv_5.4V_to_datasheet_5.6V=yes
[2026-08-19T10:20:28] SELECT kind=zener name=6.2V_MMSZ5234B lcsc=C22395555 voltage=6.2V package=SOD-123 power=500mW stock=2680 pdf=26ade382493570f6ac7aa9df8c9e3d26
[2026-08-19T10:20:28] SELECT kind=zener name=6.8V_MMSZ5235B lcsc=C19077424 voltage=6.8V package=SOD-123 power=500mW stock=175900 pdf=26ade382493570f6ac7aa9df8c9e3d26
[2026-08-19T10:20:28] SELECT kind=zener name=7.5V_MMSZ5236B lcsc=C22395556 voltage=7.5V package=SOD-123 power=500mW stock=14350 pdf=26ade382493570f6ac7aa9df8c9e3d26
[2026-08-19T10:20:28] SELECT kind=zener name=8.2V_MMSZ5237B lcsc=C22395557 voltage=8.2V package=SOD-123 power=500mW stock=14600 pdf=26ade382493570f6ac7aa9df8c9e3d26
[2026-08-19T10:20:28] SELECT kind=zener name=8.7V_MMSZ5238B lcsc=C22399897 voltage=8.7V package=SOD-123 power=500mW stock=13420 pdf=26ade382493570f6ac7aa9df8c9e3d26
[2026-08-19T10:20:28] SELECT kind=zener name=9.1V_MMSZ5239B lcsc=C22395558 voltage=9.1V package=SOD-123 power=500mW stock=49000 pdf=26ade382493570f6ac7aa9df8c9e3d26
[2026-08-19T10:20:28] SELECT kind=zener name=10V_MMSZ5240B lcsc=C19077425 voltage=10V package=SOD-123 power=500mW stock=21800 pdf=26ade382493570f6ac7aa9df8c9e3d26
[2026-08-19T10:20:28] SELECT kind=zener name=11V_MMSZ5241B lcsc=C22395559 voltage=11V package=SOD-123 power=500mW stock=2350 pdf=26ade382493570f6ac7aa9df8c9e3d26
[2026-08-19T10:20:28] SELECT kind=zener name=12V_MMSZ5242B lcsc=C19077426 voltage=12V package=SOD-123 power=500mW stock=82800 pdf=26ade382493570f6ac7aa9df8c9e3d26
[2026-08-19T10:20:28] SELECT kind=zener name=13V_MMSZ5243B lcsc=C19077427 voltage=13V package=SOD-123 power=500mW stock=28100 pdf=26ade382493570f6ac7aa9df8c9e3d26
[2026-08-19T10:20:28] SELECT kind=zener name=15V_MMSZ5245B lcsc=C19077428 voltage=15V package=SOD-123 power=500mW stock=96740 pdf=26ade382493570f6ac7aa9df8c9e3d26
[2026-08-19T10:20:28] SELECT kind=zener name=18V_MMSZ5248B lcsc=C19077430 voltage=18V package=SOD-123 power=500mW stock=26540 pdf=26ade382493570f6ac7aa9df8c9e3d26
[2026-08-19T10:20:28] SELECT kind=zener name=20V_MMSZ5250B lcsc=C19077431 voltage=20V package=SOD-123 power=500mW stock=47840 pdf=26ade382493570f6ac7aa9df8c9e3d26
[2026-08-19T10:20:28] SELECT kind=zener name=22V_MMSZ5251B lcsc=C22395560 voltage=22V package=SOD-123 power=500mW stock=31550 pdf=26ade382493570f6ac7aa9df8c9e3d26
[2026-08-19T10:20:28] SELECT kind=zener name=24V_MMSZ5252B lcsc=C19077432 voltage=24V package=SOD-123 power=500mW stock=1400 pdf=26ade382493570f6ac7aa9df8c9e3d26
[2026-08-19T10:20:28] SELECT kind=zener name=30V_MMSZ5256B lcsc=C19077433 voltage=30V package=SOD-123 power=500mW stock=60200 pdf=26ade382493570f6ac7aa9df8c9e3d26
[2026-08-19T10:20:28] SELECT kind=zener name=39V_MMSZ5259B lcsc=C22399900 voltage=39V package=SOD-123 power=500mW stock=22040 pdf=26ade382493570f6ac7aa9df8c9e3d26
[2026-08-19T10:20:28] SELECT kind=zener name=3.3V_MMSZ5226BS lcsc=C41410802 voltage=3.3V package=SOD-323 power=200mW stock=8460 pdf=fd38dbf7891eeab523fe4c8bd002891d
[2026-08-19T10:20:28] SELECT kind=zener name=5.1V_MMSZ5231BS lcsc=C22395562 voltage=5.1V package=SOD-323 power=200mW stock=3660 pdf=fd38dbf7891eeab523fe4c8bd002891d
[2026-08-19T10:20:28] SELECT kind=zener name=6.2V_MMSZ5234BS lcsc=C41410801 voltage=6.2V package=SOD-323 power=200mW stock=9800 pdf=fd38dbf7891eeab523fe4c8bd002891d
[2026-08-19T10:20:28] SELECT kind=zener name=9.1V_MMSZ5239BS lcsc=C22395564 voltage=9.1V package=SOD-323 power=200mW stock=2660 pdf=fd38dbf7891eeab523fe4c8bd002891d
[2026-08-19T10:20:28] SELECT kind=zener name=15V_MMSZ5245BS lcsc=C41410799 voltage=15V package=SOD-323 power=200mW stock=5550 pdf=fd38dbf7891eeab523fe4c8bd002891d
[2026-08-19T10:20:28] SELECT kind=zener name=16V_MMSZ5246BS lcsc=C22395565 voltage=16V package=SOD-323 power=200mW stock=339140 pdf=fd38dbf7891eeab523fe4c8bd002891d
[2026-08-19T10:20:28] SELECT kind=zener name=20V_MMSZ5250BS lcsc=C22395567 voltage=20V package=SOD-323 power=200mW stock=14340 pdf=fd38dbf7891eeab523fe4c8bd002891d
[2026-08-19T10:20:28] SELECT kind=zener name=22V_MMSZ5251BS lcsc=C41410797 voltage=22V package=SOD-323 power=200mW stock=5680 pdf=fd38dbf7891eeab523fe4c8bd002891d
[2026-08-19T10:20:28] SELECT kind=zener name=30V_MMSZ5256BS lcsc=C41410800 voltage=30V package=SOD-323 power=200mW stock=7340 pdf=fd38dbf7891eeab523fe4c8bd002891d
[2026-08-19T10:20:28] SELECT kind=zener name=3.3V_BZX84C3V3 lcsc=C19077467 voltage=3.3V package=SOT-23 power=300mW stock=106200 pdf=f099154a6640c0e8db3f25979c3cb868
[2026-08-19T10:20:28] SELECT kind=zener name=4.7V_BZX84C4V7 lcsc=C22395521 voltage=4.7V package=SOT-23 power=300mW stock=17050 pdf=f099154a6640c0e8db3f25979c3cb868
[2026-08-19T10:20:28] SELECT kind=zener name=5.1V_BZX84C5V1 lcsc=C19077468 voltage=5.1V package=SOT-23 power=300mW stock=12400 pdf=f099154a6640c0e8db3f25979c3cb868
[2026-08-19T10:20:28] SELECT kind=zener name=5.6V_BZX84C5V6 lcsc=C19077469 voltage=5.6V package=SOT-23 power=300mW stock=53050 pdf=f099154a6640c0e8db3f25979c3cb868
[2026-08-19T10:20:28] SELECT kind=zener name=6.8V_BZX84C6V8 lcsc=C22379473 voltage=6.8V package=SOT-23 power=300mW stock=57800 pdf=f099154a6640c0e8db3f25979c3cb868
[2026-08-19T10:20:28] SELECT kind=zener name=7.5V_BZX84C7V5 lcsc=C22379470 voltage=7.5V package=SOT-23 power=300mW stock=20450 pdf=f099154a6640c0e8db3f25979c3cb868
[2026-08-19T10:20:28] SELECT kind=zener name=8.2V_BZX84C8V2 lcsc=C22395522 voltage=8.2V package=SOT-23 power=300mW stock=8750 pdf=f099154a6640c0e8db3f25979c3cb868
[2026-08-19T10:20:28] SKIP kind=zener name=13V_MMSZ5243B lcsc=C19077427 reason=same_voltage_and_footprint existing=13V_BZT52C13,13V_MMSZ5243BT1G
[2026-08-19T10:20:28] ADD kind=ferrite name=BLM15AG700SN1D
[2026-08-19T10:20:28] ADD kind=ferrite name=BLM15AX102SN1D
[2026-08-19T10:20:28] ADD kind=ferrite name=BLM15AX221SN1D
[2026-08-19T10:20:28] ADD kind=ferrite name=BLM15BA220SN1D
[2026-08-19T10:20:28] ADD kind=ferrite name=BLM15BA330SN1D
[2026-08-19T10:20:28] ADD kind=ferrite name=BLM15BB470SN1D
[2026-08-19T10:20:28] ADD kind=ferrite name=BLM15BD182SN1D
[2026-08-19T10:20:28] ADD kind=ferrite name=BLM15BX750SN1D
[2026-08-19T10:20:28] ADD kind=ferrite name=BLM15PD300SN1D
[2026-08-19T10:20:28] ADD kind=ferrite name=BLM15PD800SN1D
[2026-08-19T10:20:28] ADD kind=ferrite name=BLM15PG100SN1D
[2026-08-19T10:20:28] ADD kind=ferrite name=BLM15PX121SN1D
[2026-08-19T10:20:28] ADD kind=ferrite name=BLM15PX181SN1D
[2026-08-19T10:20:28] ADD kind=ferrite name=BLM15PX331SN1D
[2026-08-19T10:20:28] ADD kind=ferrite name=BLM15PX471SN1D
[2026-08-19T10:20:28] ADD kind=ferrite name=BLM15PX600SN1D
[2026-08-19T10:20:28] ADD kind=ferrite name=BLM15PX601SN1D
[2026-08-19T10:20:28] ADD kind=ferrite name=BLM18BA100SN1D
[2026-08-19T10:20:28] ADD kind=ferrite name=BLM18BB050SN1D
[2026-08-19T10:20:28] ADD kind=ferrite name=BLM18BB220SN1D
[2026-08-19T10:20:28] ADD kind=ferrite name=BLM18KG121TN1D
[2026-08-19T10:20:28] ADD kind=ferrite name=BLM18KG260TN1D
[2026-08-19T10:20:28] ADD kind=ferrite name=BLM18KG300TN1D
[2026-08-19T10:20:28] ADD kind=ferrite name=BLM18KG331SN1D
[2026-08-19T10:20:28] ADD kind=ferrite name=BLM18KG601SN1D
[2026-08-19T10:20:28] ADD kind=ferrite name=BLM18PG330SN1D
[2026-08-19T10:20:28] ADD kind=ferrite name=BLM18SG221TN1D
[2026-08-19T10:20:28] ADD kind=ferrite name=BLM21AG151SN1D
[2026-08-19T10:20:28] ADD kind=ferrite name=BLM21BB050SN1D
[2026-08-19T10:20:28] ADD kind=ferrite name=BLM21BD222TN1D
[2026-08-19T10:20:28] ADD kind=ferrite name=BLM21BD272SN1L
[2026-08-19T10:20:28] ADD kind=ferrite name=BLM21PG121SN1D
[2026-08-19T10:20:28] ADD kind=ferrite name=BLM21PG220SN1D
[2026-08-19T10:20:28] ADD kind=ferrite name=Ferrite_Bead_Template
[2026-08-19T10:20:28] ADD kind=ferrite name=MH2029-401Y
[2026-08-19T10:20:28] ADD kind=ferrite name=MH2029-600Y
[2026-08-19T10:20:28] ADD kind=ferrite name=MMZ2012Y202BTD25
[2026-08-19T10:20:28] ADD kind=ferrite name=MPZ1608B471ATA00
[2026-08-19T10:20:28] ADD kind=ferrite name=MPZ1608R391ATA00
[2026-08-19T10:20:28] ADD kind=ferrite name=MPZ1608S101ATAH0
[2026-08-19T10:20:28] ADD kind=ferrite name=MPZ1608S102ATA00
[2026-08-19T10:20:28] ADD kind=ferrite name=MPZ1608S181ATAH0
[2026-08-19T10:20:28] ADD kind=ferrite name=MPZ1608S600ATAH0
[2026-08-19T10:20:28] ADD kind=ferrite name=MPZ2012S101AT000
[2026-08-19T10:20:28] ADD kind=ferrite name=MPZ2012S102AT000
[2026-08-19T10:20:28] ADD kind=ferrite name=MPZ2012S221AT000
[2026-08-19T10:20:28] ADD kind=ferrite name=MPZ2012S300AT000
[2026-08-19T10:20:28] ADD kind=ferrite name=MPZ2012S331AT000
[2026-08-19T10:20:28] ADD kind=ferrite name=MPZ2012S601ATD25
[2026-08-19T10:20:28] ADD kind=ferrite name=NFZ15SG152SN10D
[2026-08-19T10:20:28] ADD kind=ferrite name=NFZ15SG331SN11D
[2026-08-19T10:20:28] ADD kind=zener name=10V_MMSZ5240B
[2026-08-19T10:20:28] ADD kind=zener name=11V_MMSZ5241B
[2026-08-19T10:20:28] ADD kind=zener name=12V_MMSZ5242B
[2026-08-19T10:20:28] ADD kind=zener name=15V_MMSZ5245B
[2026-08-19T10:20:28] ADD kind=zener name=15V_MMSZ5245BS
[2026-08-19T10:20:28] ADD kind=zener name=16V_MMSZ5246BS
[2026-08-19T10:20:28] ADD kind=zener name=18V_MMSZ5248B
[2026-08-19T10:20:28] ADD kind=zener name=20V_MMSZ5250B
[2026-08-19T10:20:28] ADD kind=zener name=20V_MMSZ5250BS
[2026-08-19T10:20:28] ADD kind=zener name=22V_MMSZ5251B
[2026-08-19T10:20:28] ADD kind=zener name=22V_MMSZ5251BS
[2026-08-19T10:20:28] ADD kind=zener name=24V_MMSZ5252B
[2026-08-19T10:20:28] ADD kind=zener name=3.3V_BZX84C3V3
[2026-08-19T10:20:28] ADD kind=zener name=3.3V_MMSZ5226BS
[2026-08-19T10:20:28] ADD kind=zener name=3.6V_MMSZ5227B
[2026-08-19T10:20:28] ADD kind=zener name=3.9V_MMSZ5228B
[2026-08-19T10:20:28] ADD kind=zener name=30V_MMSZ5256B
[2026-08-19T10:20:28] ADD kind=zener name=30V_MMSZ5256BS
[2026-08-19T10:20:28] ADD kind=zener name=39V_MMSZ5259B
[2026-08-19T10:20:28] ADD kind=zener name=3V_MMSZ5225B
[2026-08-19T10:20:28] ADD kind=zener name=4.3V_MMSZ5229B
[2026-08-19T10:20:28] ADD kind=zener name=4.7V_BZX84C4V7
[2026-08-19T10:20:28] ADD kind=zener name=4.7V_MMSZ5230B
[2026-08-19T10:20:28] ADD kind=zener name=5.1V_BZX84C5V1
[2026-08-19T10:20:28] ADD kind=zener name=5.1V_MMSZ5231B
[2026-08-19T10:20:28] ADD kind=zener name=5.1V_MMSZ5231BS
[2026-08-19T10:20:28] ADD kind=zener name=5.6V_BZX84C5V6
[2026-08-19T10:20:28] ADD kind=zener name=5.6V_MMSZ5232B
[2026-08-19T10:20:28] ADD kind=zener name=6.2V_MMSZ5234B
[2026-08-19T10:20:28] ADD kind=zener name=6.2V_MMSZ5234BS
[2026-08-19T10:20:28] ADD kind=zener name=6.8V_BZX84C6V8
[2026-08-19T10:20:28] ADD kind=zener name=6.8V_MMSZ5235B
[2026-08-19T10:20:28] ADD kind=zener name=7.5V_BZX84C7V5
[2026-08-19T10:20:28] ADD kind=zener name=7.5V_MMSZ5236B
[2026-08-19T10:20:28] ADD kind=zener name=8.2V_BZX84C8V2
[2026-08-19T10:20:28] ADD kind=zener name=8.2V_MMSZ5237B
[2026-08-19T10:20:28] ADD kind=zener name=8.7V_MMSZ5238B
[2026-08-19T10:20:28] ADD kind=zener name=9.1V_MMSZ5239B
[2026-08-19T10:20:28] ADD kind=zener name=9.1V_MMSZ5239BS
[2026-08-19T10:20:28] ADD kind=zener name=Zener_SOT23_Template
[2026-08-19T10:20:28] STAGED kind=ferrite csv=LCSCSearchDownload_ferrite_merged.csv rows=600 sha256=29adb2d8b4db48acacf894ca823ecbb8246e10ac1dd6e523c85a5b163ebbfe80
[2026-08-19T10:20:28] STAGED kind=ferrite csv=LCSCSearchDownload_ferrite_selected.csv rows=50 sha256=beed0c228398f5f06a6bce7f7aa0de93d35b5fb02c724267fa55bfe13ff22504
[2026-08-19T10:20:28] STAGED kind=ferrite csv=LCSCSearchDownload_ferrite_additions.csv rows=50 sha256=beed0c228398f5f06a6bce7f7aa0de93d35b5fb02c724267fa55bfe13ff22504
[2026-08-19T10:20:28] STAGED kind=zener csv=LCSCSearchDownload_zener_merged.csv rows=1373 sha256=14c5067ef693d02e9e16f5577c4b012c221c0553b9fa9ef2951f4753fb39c61b
[2026-08-19T10:20:28] STAGED kind=zener csv=LCSCSearchDownload_zener_selected.csv rows=40 sha256=4ad99a7375da3e38370a4b5d7d6c04010062a3037c660ac1efa8c3b8e6b95342
[2026-08-19T10:20:28] STAGED kind=zener csv=LCSCSearchDownload_zener_additions.csv rows=39 sha256=f1cc3901cb25783bdc3f9b6b790483c2d8f6fa4ff75e5a75548db5285fa81c6b
[2026-08-19T10:20:29] CLI command="C:\Program Files\KiCad\10.0\bin\kicad-cli.exe" sym export svg --output C:\Users\larsk\AppData\Local\Temp\pl_ferrite_zener_stage_ioo7jp5f\pre_ferrite\0_BPH403025R5-530T --symbol BPH403025R5-530T "C:\Users\larsk\AppData\Local\Temp\pl_ferrite_zener_stage_ioo7jp5f\PL Magnetics Ferrite.kicad_sym" exit=0
[2026-08-19T10:20:29] CLI stdout=Plotting symbol 'BPH403025R5-530T' unit 1 to 'C:\Users\larsk\AppData\Local\Temp\pl_ferrite_zener_stage_ioo7jp5f\pre_ferrite\0_BPH403025R5-530T\BPH403025R5-530T_unit1.svg'
[2026-08-19T10:20:29] CLI command="C:\Program Files\KiCad\10.0\bin\kicad-cli.exe" sym export svg --output C:\Users\larsk\AppData\Local\Temp\pl_ferrite_zener_stage_ioo7jp5f\pre_ferrite\1_BLM15PG100SN1D --symbol BLM15PG100SN1D "C:\Users\larsk\AppData\Local\Temp\pl_ferrite_zener_stage_ioo7jp5f\PL Magnetics Ferrite.kicad_sym" exit=0
[2026-08-19T10:20:29] CLI stdout=Plotting symbol 'BLM15PG100SN1D' unit 1 to 'C:\Users\larsk\AppData\Local\Temp\pl_ferrite_zener_stage_ioo7jp5f\pre_ferrite\1_BLM15PG100SN1D\BLM15PG100SN1D_unit1.svg'
[2026-08-19T10:20:29] CLI command="C:\Program Files\KiCad\10.0\bin\kicad-cli.exe" sym export svg --output C:\Users\larsk\AppData\Local\Temp\pl_ferrite_zener_stage_ioo7jp5f\pre_ferrite\2_BLM18BB050SN1D --symbol BLM18BB050SN1D "C:\Users\larsk\AppData\Local\Temp\pl_ferrite_zener_stage_ioo7jp5f\PL Magnetics Ferrite.kicad_sym" exit=0
[2026-08-19T10:20:29] CLI stdout=Plotting symbol 'BLM18BB050SN1D' unit 1 to 'C:\Users\larsk\AppData\Local\Temp\pl_ferrite_zener_stage_ioo7jp5f\pre_ferrite\2_BLM18BB050SN1D\BLM18BB050SN1D_unit1.svg'
[2026-08-19T10:20:30] CLI command="C:\Program Files\KiCad\10.0\bin\kicad-cli.exe" sym export svg --output C:\Users\larsk\AppData\Local\Temp\pl_ferrite_zener_stage_ioo7jp5f\pre_ferrite\3_BLM21BB050SN1D --symbol BLM21BB050SN1D "C:\Users\larsk\AppData\Local\Temp\pl_ferrite_zener_stage_ioo7jp5f\PL Magnetics Ferrite.kicad_sym" exit=0
[2026-08-19T10:20:30] CLI stdout=Plotting symbol 'BLM21BB050SN1D' unit 1 to 'C:\Users\larsk\AppData\Local\Temp\pl_ferrite_zener_stage_ioo7jp5f\pre_ferrite\3_BLM21BB050SN1D\BLM21BB050SN1D_unit1.svg'
[2026-08-19T10:20:30] CLI command="C:\Program Files\KiCad\10.0\bin\kicad-cli.exe" sym export svg --output C:\Users\larsk\AppData\Local\Temp\pl_ferrite_zener_stage_ioo7jp5f\pre_zener\0_12V_MM3Z12VB --symbol 12V_MM3Z12VB "C:\Users\larsk\AppData\Local\Temp\pl_ferrite_zener_stage_ioo7jp5f\PL Diode Zener.kicad_sym" exit=0
[2026-08-19T10:20:30] CLI stdout=Plotting symbol '12V_MM3Z12VB' unit 1 to 'C:\Users\larsk\AppData\Local\Temp\pl_ferrite_zener_stage_ioo7jp5f\pre_zener\0_12V_MM3Z12VB\12V_MM3Z12VB_unit1.svg'
[2026-08-19T10:20:30] CLI command="C:\Program Files\KiCad\10.0\bin\kicad-cli.exe" sym export svg --output C:\Users\larsk\AppData\Local\Temp\pl_ferrite_zener_stage_ioo7jp5f\pre_zener\1_3_3V_BZX84C3V3 --symbol 3.3V_BZX84C3V3 "C:\Users\larsk\AppData\Local\Temp\pl_ferrite_zener_stage_ioo7jp5f\PL Diode Zener.kicad_sym" exit=0
[2026-08-19T10:20:30] CLI stdout=Plotting symbol '3.3V_BZX84C3V3' unit 1 to 'C:\Users\larsk\AppData\Local\Temp\pl_ferrite_zener_stage_ioo7jp5f\pre_zener\1_3_3V_BZX84C3V3\3.3V_BZX84C3V3_unit1.svg'
[2026-08-19T10:20:31] CLI command="C:\Program Files\KiCad\10.0\bin\kicad-cli.exe" sym export svg --output C:\Users\larsk\AppData\Local\Temp\pl_ferrite_zener_stage_ioo7jp5f\pre_zener\2_3V_MMSZ5225B --symbol 3V_MMSZ5225B "C:\Users\larsk\AppData\Local\Temp\pl_ferrite_zener_stage_ioo7jp5f\PL Diode Zener.kicad_sym" exit=0
[2026-08-19T10:20:31] CLI stdout=Plotting symbol '3V_MMSZ5225B' unit 1 to 'C:\Users\larsk\AppData\Local\Temp\pl_ferrite_zener_stage_ioo7jp5f\pre_zener\2_3V_MMSZ5225B\3V_MMSZ5225B_unit1.svg'
[2026-08-19T10:20:31] CLI command="C:\Program Files\KiCad\10.0\bin\kicad-cli.exe" sym export svg --output C:\Users\larsk\AppData\Local\Temp\pl_ferrite_zener_stage_ioo7jp5f\pre_zener\3_3_3V_MMSZ5226BS --symbol 3.3V_MMSZ5226BS "C:\Users\larsk\AppData\Local\Temp\pl_ferrite_zener_stage_ioo7jp5f\PL Diode Zener.kicad_sym" exit=0
[2026-08-19T10:20:31] CLI stdout=Plotting symbol '3.3V_MMSZ5226BS' unit 1 to 'C:\Users\larsk\AppData\Local\Temp\pl_ferrite_zener_stage_ioo7jp5f\pre_zener\3_3_3V_MMSZ5226BS\3.3V_MMSZ5226BS_unit1.svg'
[2026-08-19T10:20:31] PREINSTALL validation passed
[2026-08-19T10:20:31] BACKUP library=C:\KiCad\9.0\symbols\PL Magnetics Ferrite\PL Magnetics Ferrite.kicad_sym destination=C:\KiCad\9.0\symbols\PL Magnetics Ferrite\Backups\20260819-102022\PL Magnetics Ferrite.kicad_sym sha256=0932ad16713fdbfd7def886d56669b60962d45e12c10272c3c3eff2bf96f0487
[2026-08-19T10:20:31] BACKUP library=C:\KiCad\9.0\symbols\PL Diode Zener\PL Diode Zener.kicad_sym destination=C:\KiCad\9.0\symbols\PL Diode Zener\Backups\20260819-102022\PL Diode Zener.kicad_sym sha256=750d719609d7960bd74c9cc3539e95d920f49347a63825104fc87645d311291e
[2026-08-19T10:20:31] COPY kind=ferrite source=C:\Users\larsk\Downloads\LCSCSearchDownload(73).csv destination=C:\KiCad\9.0\symbols\PL Magnetics Ferrite\Data\LCSC\Source\Batch_20260819-102022\LCSCSearchDownload(73).csv sha256=c3d4793d6456d67038623690b8d5e96631407da7ce4dbe3d49465d24e7462438
[2026-08-19T10:20:31] COPY kind=ferrite source=C:\Users\larsk\Downloads\LCSCSearchDownload(74).csv destination=C:\KiCad\9.0\symbols\PL Magnetics Ferrite\Data\LCSC\Source\Batch_20260819-102022\LCSCSearchDownload(74).csv sha256=5ef98a215e445931106b8b5d7c9daaf3cbf1ba7067ad57b16e325a5b31105e42
[2026-08-19T10:20:31] COPY kind=ferrite source=C:\Users\larsk\Downloads\LCSCSearchDownload(75).csv destination=C:\KiCad\9.0\symbols\PL Magnetics Ferrite\Data\LCSC\Source\Batch_20260819-102022\LCSCSearchDownload(75).csv sha256=e8ff53eb8dee09aed1f64b3be1369c996f8b4b279807929bc3abd683941e4faa
[2026-08-19T10:20:31] COPY kind=ferrite source=C:\Users\larsk\Downloads\LCSCSearchDownload(76).csv destination=C:\KiCad\9.0\symbols\PL Magnetics Ferrite\Data\LCSC\Source\Batch_20260819-102022\LCSCSearchDownload(76).csv sha256=e8ff53eb8dee09aed1f64b3be1369c996f8b4b279807929bc3abd683941e4faa
[2026-08-19T10:20:31] COPY kind=ferrite source=C:\Users\larsk\Downloads\LCSCSearchDownload(77).csv destination=C:\KiCad\9.0\symbols\PL Magnetics Ferrite\Data\LCSC\Source\Batch_20260819-102022\LCSCSearchDownload(77).csv sha256=a62172eb8e8a7f2a6338837c4474f6d28439187726c121cf553303ce276422d5
[2026-08-19T10:20:31] COPY kind=ferrite source=C:\Users\larsk\Downloads\LCSCSearchDownload(78).csv destination=C:\KiCad\9.0\symbols\PL Magnetics Ferrite\Data\LCSC\Source\Batch_20260819-102022\LCSCSearchDownload(78).csv sha256=7b9261bb5d9a6ad8b02847d16c29e975388a97889ac9b56ee7855f054318f59e
[2026-08-19T10:20:31] COPY kind=ferrite source=C:\Users\larsk\Downloads\LCSCSearchDownload(79).csv destination=C:\KiCad\9.0\symbols\PL Magnetics Ferrite\Data\LCSC\Source\Batch_20260819-102022\LCSCSearchDownload(79).csv sha256=b44c4350762690324f72a156c2eff0d9301e56bec7a40ab962a3f71145405ef6
[2026-08-19T10:20:31] INSTALL kind=ferrite processed=C:\KiCad\9.0\symbols\PL Magnetics Ferrite\Data\LCSC\Processed\LCSCSearchDownload_ferrite_merged.csv sha256=29adb2d8b4db48acacf894ca823ecbb8246e10ac1dd6e523c85a5b163ebbfe80
[2026-08-19T10:20:31] INSTALL kind=ferrite processed=C:\KiCad\9.0\symbols\PL Magnetics Ferrite\Data\LCSC\Processed\LCSCSearchDownload_ferrite_selected.csv sha256=beed0c228398f5f06a6bce7f7aa0de93d35b5fb02c724267fa55bfe13ff22504
[2026-08-19T10:20:31] INSTALL kind=ferrite processed=C:\KiCad\9.0\symbols\PL Magnetics Ferrite\Data\LCSC\Processed\LCSCSearchDownload_ferrite_additions.csv sha256=beed0c228398f5f06a6bce7f7aa0de93d35b5fb02c724267fa55bfe13ff22504
[2026-08-19T10:20:31] COPY kind=ferrite datasheet=C:\KiCad\9.0\symbols\PL Magnetics Ferrite\Datasheets\Murata_BLM18PG121SN1D_Third_Party_Copy.pdf sha256=a27b3aa8822c9df2f05298b36226bf8d76e1a7a5eb1af0b0a5476a37a51d6196
[2026-08-19T10:20:31] COPY kind=ferrite datasheet=C:\KiCad\9.0\symbols\PL Magnetics Ferrite\Datasheets\Murata_BLM18_0603_Chip_Ferrite_Beads.pdf sha256=f2b3b23d6ae4da86504c9a7e7893101bb1edb7bca93ec37ce86eff580ff8c099
[2026-08-19T10:20:31] COPY kind=ferrite datasheet=C:\KiCad\9.0\symbols\PL Magnetics Ferrite\Datasheets\Murata_BLM15_0402_Chip_Ferrite_Beads.pdf sha256=72584e2b0fad42b4fd0fc45b175151fa42acab38f373431d3f726f55317918aa
[2026-08-19T10:20:31] COPY kind=ferrite datasheet=C:\KiCad\9.0\symbols\PL Magnetics Ferrite\Datasheets\Murata_BLM21_0805_Chip_Ferrite_Beads.pdf sha256=651645d072b5710a8594bf47864946d4432144ef3c6437a404b0de3349ef308e
[2026-08-19T10:20:31] COPY kind=ferrite datasheet=C:\KiCad\9.0\symbols\PL Magnetics Ferrite\Datasheets\TDK_MPZ1608_0603_Commercial_Power_Line_Chip_Beads.pdf sha256=248facf5bc65c85e0c5a74ce83ebf316bbf69a8de9ff04bc2422db49afdc680a
[2026-08-19T10:20:32] COPY kind=ferrite datasheet=C:\KiCad\9.0\symbols\PL Magnetics Ferrite\Datasheets\TDK_MPZ2012_0805_Automotive_Power_Line_Chip_Beads.pdf sha256=143ae0aef04553d143fec94e5bc5d2fe6f513bbfed074774858fa6630f3cdfb4
[2026-08-19T10:20:32] COPY kind=ferrite datasheet=C:\KiCad\9.0\symbols\PL Magnetics Ferrite\Datasheets\TDK_MPZ2012_0805_Commercial_Power_Line_Chip_Beads.pdf sha256=c8b428baaacfffa1b685848153d1cfef1fb8702157b173093cd19f32d25a68bc
[2026-08-19T10:20:32] COPY kind=ferrite datasheet=C:\KiCad\9.0\symbols\PL Magnetics Ferrite\Datasheets\TDK_MMZ2012_0805_Automotive_Signal_Line_Chip_Beads.pdf sha256=5547e95740b599050736dd47180dd2758781a17a798dccedb618cd4c019b8170
[2026-08-19T10:20:32] COPY kind=ferrite datasheet=C:\KiCad\9.0\symbols\PL Magnetics Ferrite\Datasheets\TDK_MAF1005GW_0402_Audio_Noise_Suppression_Filter.pdf sha256=87c0b8331a838025024af130c51567bb0fb629955d283c19bc7c31406193be82
[2026-08-19T10:20:32] COPY kind=ferrite datasheet=C:\KiCad\9.0\symbols\PL Magnetics Ferrite\Datasheets\Bourns_MH_High_Current_Chip_Ferrite_Beads.pdf sha256=f3f3d6673d40c3d41ec0370d82a9d06c9844c941c2aa22bc4ac644db6aa5c9d9
[2026-08-19T10:20:32] COPY kind=ferrite datasheet=C:\KiCad\9.0\symbols\PL Magnetics Ferrite\Datasheets\Murata_NFZ15SG_0402_Chip_Noise_Filter.pdf sha256=c977885ee2d0c6a814a9e8f343c3d515cbfb9346d1ee9f86b791352bd3af1fee
[2026-08-19T10:20:32] COPY kind=zener source=C:\Users\larsk\Downloads\LCSCSearchDownload(57).csv destination=C:\KiCad\9.0\symbols\PL Diode Zener\Data\LCSC\Source\Batch_20260819-102022\LCSCSearchDownload(57).csv sha256=4aaa59d14d345a385c794a565d6654f1349ddf89161b93ae0753467b68d3615e
[2026-08-19T10:20:32] COPY kind=zener source=C:\Users\larsk\Downloads\LCSCSearchDownload(58).csv destination=C:\KiCad\9.0\symbols\PL Diode Zener\Data\LCSC\Source\Batch_20260819-102022\LCSCSearchDownload(58).csv sha256=3326d2f7fbde5d39be3f40cd86a34d44da7ed9e2022336de02d4f5b1fe890323
[2026-08-19T10:20:32] COPY kind=zener source=C:\Users\larsk\Downloads\LCSCSearchDownload(59).csv destination=C:\KiCad\9.0\symbols\PL Diode Zener\Data\LCSC\Source\Batch_20260819-102022\LCSCSearchDownload(59).csv sha256=21e4175f282c9ada980c4ea1414d770b9aa146c956be8df59310a3a7dfada158
[2026-08-19T10:20:32] COPY kind=zener source=C:\Users\larsk\Downloads\LCSCSearchDownload(60).csv destination=C:\KiCad\9.0\symbols\PL Diode Zener\Data\LCSC\Source\Batch_20260819-102022\LCSCSearchDownload(60).csv sha256=0b32bcb2de2969bc61b23b08b439cb438171ca8ae116810ad7af29158747b9d2
[2026-08-19T10:20:32] COPY kind=zener source=C:\Users\larsk\Downloads\LCSCSearchDownload(61).csv destination=C:\KiCad\9.0\symbols\PL Diode Zener\Data\LCSC\Source\Batch_20260819-102022\LCSCSearchDownload(61).csv sha256=fd1f4f787e1ebca1ea56f142cd86064de92a3819b5817bd094e8f56f44473a93
[2026-08-19T10:20:32] COPY kind=zener source=C:\Users\larsk\Downloads\LCSCSearchDownload(62).csv destination=C:\KiCad\9.0\symbols\PL Diode Zener\Data\LCSC\Source\Batch_20260819-102022\LCSCSearchDownload(62).csv sha256=e6e7b4b4ec34bc9bfbc98da7868a58099dbd7faba8081c29bccf3c9d2545114d
[2026-08-19T10:20:32] COPY kind=zener source=C:\Users\larsk\Downloads\LCSCSearchDownload(63).csv destination=C:\KiCad\9.0\symbols\PL Diode Zener\Data\LCSC\Source\Batch_20260819-102022\LCSCSearchDownload(63).csv sha256=cb0a458632fa3fa4619c184544a45dc2d97bc6f39aaf7591a72692398c8cad4d
[2026-08-19T10:20:32] COPY kind=zener source=C:\Users\larsk\Downloads\LCSCSearchDownload(64).csv destination=C:\KiCad\9.0\symbols\PL Diode Zener\Data\LCSC\Source\Batch_20260819-102022\LCSCSearchDownload(64).csv sha256=7f23563d2acc1bc47b43181aec5abd0017eb438f51a1664ac06d77660b8b7dca
[2026-08-19T10:20:32] COPY kind=zener source=C:\Users\larsk\Downloads\LCSCSearchDownload(65).csv destination=C:\KiCad\9.0\symbols\PL Diode Zener\Data\LCSC\Source\Batch_20260819-102022\LCSCSearchDownload(65).csv sha256=9496c3f0deabacf92e79e0e71a66b26f66333b52d098bca323034d1cb30901ab
[2026-08-19T10:20:32] COPY kind=zener source=C:\Users\larsk\Downloads\LCSCSearchDownload(66).csv destination=C:\KiCad\9.0\symbols\PL Diode Zener\Data\LCSC\Source\Batch_20260819-102022\LCSCSearchDownload(66).csv sha256=9496c3f0deabacf92e79e0e71a66b26f66333b52d098bca323034d1cb30901ab
[2026-08-19T10:20:32] COPY kind=zener source=C:\Users\larsk\Downloads\LCSCSearchDownload(67).csv destination=C:\KiCad\9.0\symbols\PL Diode Zener\Data\LCSC\Source\Batch_20260819-102022\LCSCSearchDownload(67).csv sha256=d2b3f0cb5b02c7819ecc4f26b5e5b6a3cfafdf721aebf5fa5e2f03e34607c97d
[2026-08-19T10:20:32] COPY kind=zener source=C:\Users\larsk\Downloads\LCSCSearchDownload(68).csv destination=C:\KiCad\9.0\symbols\PL Diode Zener\Data\LCSC\Source\Batch_20260819-102022\LCSCSearchDownload(68).csv sha256=f17df641b46aa2c33b9f0388b39c2b9e626301c49dbd186b451f72371ed25c67
[2026-08-19T10:20:32] COPY kind=zener source=C:\Users\larsk\Downloads\LCSCSearchDownload(69).csv destination=C:\KiCad\9.0\symbols\PL Diode Zener\Data\LCSC\Source\Batch_20260819-102022\LCSCSearchDownload(69).csv sha256=5d78d10a89a722a23aa83bba7a0aaebf77bea91cd32db216a98d9cbee6f1ea80
[2026-08-19T10:20:32] COPY kind=zener source=C:\Users\larsk\Downloads\LCSCSearchDownload(70).csv destination=C:\KiCad\9.0\symbols\PL Diode Zener\Data\LCSC\Source\Batch_20260819-102022\LCSCSearchDownload(70).csv sha256=090a122668e9f77b4825a7ef4da8f4d47015f238955708c5142350faa45aabdc
[2026-08-19T10:20:32] COPY kind=zener source=C:\Users\larsk\Downloads\LCSCSearchDownload(71).csv destination=C:\KiCad\9.0\symbols\PL Diode Zener\Data\LCSC\Source\Batch_20260819-102022\LCSCSearchDownload(71).csv sha256=ffb005da89b0c13009fafbc576bc3a9c673b44adff533ad5aad80249653a1141
[2026-08-19T10:20:32] COPY kind=zener source=C:\Users\larsk\Downloads\LCSCSearchDownload(72).csv destination=C:\KiCad\9.0\symbols\PL Diode Zener\Data\LCSC\Source\Batch_20260819-102022\LCSCSearchDownload(72).csv sha256=4ac1ce46cbbc3ac91f8ce2adb23efeec29849d72b241e88c65013ca79d76cab2
[2026-08-19T10:20:32] INSTALL kind=zener processed=C:\KiCad\9.0\symbols\PL Diode Zener\Data\LCSC\Processed\LCSCSearchDownload_zener_merged.csv sha256=14c5067ef693d02e9e16f5577c4b012c221c0553b9fa9ef2951f4753fb39c61b
[2026-08-19T10:20:32] INSTALL kind=zener processed=C:\KiCad\9.0\symbols\PL Diode Zener\Data\LCSC\Processed\LCSCSearchDownload_zener_selected.csv sha256=4ad99a7375da3e38370a4b5d7d6c04010062a3037c660ac1efa8c3b8e6b95342
[2026-08-19T10:20:32] INSTALL kind=zener processed=C:\KiCad\9.0\symbols\PL Diode Zener\Data\LCSC\Processed\LCSCSearchDownload_zener_additions.csv sha256=f1cc3901cb25783bdc3f9b6b790483c2d8f6fa4ff75e5a75548db5285fa81c6b
[2026-08-19T10:20:32] COPY kind=zener datasheet=C:\KiCad\9.0\symbols\PL Diode Zener\Datasheets\RplusO_BZX84C_SOT23_Zener_Diodes.pdf sha256=a65683624fb8339f543bc425912e7a72a24a98329b1abe997248f4bab1b3f28f
[2026-08-19T10:20:32] COPY kind=zener datasheet=C:\KiCad\9.0\symbols\PL Diode Zener\Datasheets\RplusO_MMSZ5221B_to_MMSZ5267B_SOD123_Zener_Diodes.pdf sha256=8894d63b414fbe8314e4e18e317b682da3265f03cc92ac8f6b0c39290733bcd2
[2026-08-19T10:20:33] COPY kind=zener datasheet=C:\KiCad\9.0\symbols\PL Diode Zener\Datasheets\RplusO_MMSZ5221BS_to_MMSZ5259BS_SOD323_Zener_Diodes.pdf sha256=e7454164572e2898569fd468a48bce5e987711981cc1baadea5eae99ef9ceb64
[2026-08-19T10:20:33] INSTALL atomic library replacements completed
[2026-08-19T10:20:33] FINAL kind=ferrite library=C:\KiCad\9.0\symbols\PL Magnetics Ferrite\PL Magnetics Ferrite.kicad_sym symbols=53 bytes=239981 sha256=168d4d864cdbfca5f4bf9776cca369376416934938944aaeae223148db54b820
[2026-08-19T10:20:33] FINAL kind=zener library=C:\KiCad\9.0\symbols\PL Diode Zener\PL Diode Zener.kicad_sym symbols=51 bytes=232002 sha256=654ee4dddf80539680cc106713c13d460586c204754fe0732f8fd823bb760ae4
[2026-08-19T10:20:33] UNCHANGED_BAK path=C:\KiCad\9.0\symbols\PL Magnetics Ferrite\PL Magnetics Ferrite.20260818_165728.bak sha256=f7a36985651f9273f8cbc24091c63327d2a29aa516bcf9d43d550188964daf2a
[2026-08-19T10:20:33] UNCHANGED_BAK path=C:\KiCad\9.0\symbols\PL Magnetics Ferrite\PL Magnetics Ferrite.bak sha256=f365f598714f506d9d7275ba0e9154c75cb5963b471f6aabb99ba82e86deb879
[2026-08-19T10:20:33] UNCHANGED_BAK path=C:\KiCad\9.0\symbols\PL Diode Zener\PL Diode Zener.20260818_154026.bak sha256=4778f51e281268b3a4baca5d40661af3fb77192590afa7c03d487062ac73f685
[2026-08-19T10:20:33] UNCHANGED_BAK path=C:\KiCad\9.0\symbols\PL Diode Zener\PL Diode Zener.20260818_154028.bak sha256=89a1363ab73fb66acab1d9114332048618c8351a848b13691dca239ae701ccdb
[2026-08-19T10:20:33] UNCHANGED_BAK path=C:\KiCad\9.0\symbols\PL Diode Zener\PL Diode Zener.20260818_154030.bak sha256=b3cd15a406f7d3c1037243af4c123cc40706be65a0894defc006ee56a90c6f85
[2026-08-19T10:20:33] UNCHANGED_BAK path=C:\KiCad\9.0\symbols\PL Diode Zener\PL Diode Zener.20260818_154032.bak sha256=1869f0bfe278cc59018289e3b1001c483750834a5c4a28aab1002723d959f918
[2026-08-19T10:20:33] UNCHANGED_BAK path=C:\KiCad\9.0\symbols\PL Diode Zener\PL Diode Zener.20260818_154212.bak sha256=1653c686da48615648ad20f2291d3522395279ebf88f928b6af6fe29c0d83e43
[2026-08-19T10:20:33] UNCHANGED_BAK path=C:\KiCad\9.0\symbols\PL Diode Zener\PL Diode Zener.20260818_154551.bak sha256=eed1072c8e54dd58e40d79a8d7cdb317ca4b06b0d99aabfdd1482859773afa3c
[2026-08-19T10:20:33] UNCHANGED_BAK path=C:\KiCad\9.0\symbols\PL Diode Zener\PL Diode Zener.20260818_154553.bak sha256=43f394450b927afc8ba3c93861afd1cb677d777f80285f45bb9f6d313f3c39fc
[2026-08-19T10:20:33] UNCHANGED_BAK path=C:\KiCad\9.0\symbols\PL Diode Zener\PL Diode Zener.bak sha256=07e7ca4b5beda15c0118fe40ff08d9a444789a1d3b17bcf8f1fc62654411f2b9
[2026-08-19T10:20:33] CLI command="C:\Program Files\KiCad\10.0\bin\kicad-cli.exe" sym export svg --output C:\Users\larsk\AppData\Local\Temp\pl_ferrite_zener_stage_ioo7jp5f\post_ferrite\0_BPH403025R5-530T --symbol BPH403025R5-530T "C:\KiCad\9.0\symbols\PL Magnetics Ferrite\PL Magnetics Ferrite.kicad_sym" exit=0
[2026-08-19T10:20:33] CLI stdout=Plotting symbol 'BPH403025R5-530T' unit 1 to 'C:\Users\larsk\AppData\Local\Temp\pl_ferrite_zener_stage_ioo7jp5f\post_ferrite\0_BPH403025R5-530T\BPH403025R5-530T_unit1.svg'
[2026-08-19T10:20:34] CLI command="C:\Program Files\KiCad\10.0\bin\kicad-cli.exe" sym export svg --output C:\Users\larsk\AppData\Local\Temp\pl_ferrite_zener_stage_ioo7jp5f\post_ferrite\1_BLM15PG100SN1D --symbol BLM15PG100SN1D "C:\KiCad\9.0\symbols\PL Magnetics Ferrite\PL Magnetics Ferrite.kicad_sym" exit=0
[2026-08-19T10:20:34] CLI stdout=Plotting symbol 'BLM15PG100SN1D' unit 1 to 'C:\Users\larsk\AppData\Local\Temp\pl_ferrite_zener_stage_ioo7jp5f\post_ferrite\1_BLM15PG100SN1D\BLM15PG100SN1D_unit1.svg'
[2026-08-19T10:20:34] CLI command="C:\Program Files\KiCad\10.0\bin\kicad-cli.exe" sym export svg --output C:\Users\larsk\AppData\Local\Temp\pl_ferrite_zener_stage_ioo7jp5f\post_ferrite\2_BLM18BB050SN1D --symbol BLM18BB050SN1D "C:\KiCad\9.0\symbols\PL Magnetics Ferrite\PL Magnetics Ferrite.kicad_sym" exit=0
[2026-08-19T10:20:34] CLI stdout=Plotting symbol 'BLM18BB050SN1D' unit 1 to 'C:\Users\larsk\AppData\Local\Temp\pl_ferrite_zener_stage_ioo7jp5f\post_ferrite\2_BLM18BB050SN1D\BLM18BB050SN1D_unit1.svg'
[2026-08-19T10:20:34] CLI command="C:\Program Files\KiCad\10.0\bin\kicad-cli.exe" sym export svg --output C:\Users\larsk\AppData\Local\Temp\pl_ferrite_zener_stage_ioo7jp5f\post_ferrite\3_BLM21BB050SN1D --symbol BLM21BB050SN1D "C:\KiCad\9.0\symbols\PL Magnetics Ferrite\PL Magnetics Ferrite.kicad_sym" exit=0
[2026-08-19T10:20:34] CLI stdout=Plotting symbol 'BLM21BB050SN1D' unit 1 to 'C:\Users\larsk\AppData\Local\Temp\pl_ferrite_zener_stage_ioo7jp5f\post_ferrite\3_BLM21BB050SN1D\BLM21BB050SN1D_unit1.svg'
[2026-08-19T10:20:34] CLI command="C:\Program Files\KiCad\10.0\bin\kicad-cli.exe" sym export svg --output C:\Users\larsk\AppData\Local\Temp\pl_ferrite_zener_stage_ioo7jp5f\post_zener\0_12V_MM3Z12VB --symbol 12V_MM3Z12VB "C:\KiCad\9.0\symbols\PL Diode Zener\PL Diode Zener.kicad_sym" exit=0
[2026-08-19T10:20:34] CLI stdout=Plotting symbol '12V_MM3Z12VB' unit 1 to 'C:\Users\larsk\AppData\Local\Temp\pl_ferrite_zener_stage_ioo7jp5f\post_zener\0_12V_MM3Z12VB\12V_MM3Z12VB_unit1.svg'
[2026-08-19T10:20:35] CLI command="C:\Program Files\KiCad\10.0\bin\kicad-cli.exe" sym export svg --output C:\Users\larsk\AppData\Local\Temp\pl_ferrite_zener_stage_ioo7jp5f\post_zener\1_3_3V_BZX84C3V3 --symbol 3.3V_BZX84C3V3 "C:\KiCad\9.0\symbols\PL Diode Zener\PL Diode Zener.kicad_sym" exit=0
[2026-08-19T10:20:35] CLI stdout=Plotting symbol '3.3V_BZX84C3V3' unit 1 to 'C:\Users\larsk\AppData\Local\Temp\pl_ferrite_zener_stage_ioo7jp5f\post_zener\1_3_3V_BZX84C3V3\3.3V_BZX84C3V3_unit1.svg'
[2026-08-19T10:20:35] CLI command="C:\Program Files\KiCad\10.0\bin\kicad-cli.exe" sym export svg --output C:\Users\larsk\AppData\Local\Temp\pl_ferrite_zener_stage_ioo7jp5f\post_zener\2_3V_MMSZ5225B --symbol 3V_MMSZ5225B "C:\KiCad\9.0\symbols\PL Diode Zener\PL Diode Zener.kicad_sym" exit=0
[2026-08-19T10:20:35] CLI stdout=Plotting symbol '3V_MMSZ5225B' unit 1 to 'C:\Users\larsk\AppData\Local\Temp\pl_ferrite_zener_stage_ioo7jp5f\post_zener\2_3V_MMSZ5225B\3V_MMSZ5225B_unit1.svg'
[2026-08-19T10:20:35] CLI command="C:\Program Files\KiCad\10.0\bin\kicad-cli.exe" sym export svg --output C:\Users\larsk\AppData\Local\Temp\pl_ferrite_zener_stage_ioo7jp5f\post_zener\3_3_3V_MMSZ5226BS --symbol 3.3V_MMSZ5226BS "C:\KiCad\9.0\symbols\PL Diode Zener\PL Diode Zener.kicad_sym" exit=0
[2026-08-19T10:20:35] CLI stdout=Plotting symbol '3.3V_MMSZ5226BS' unit 1 to 'C:\Users\larsk\AppData\Local\Temp\pl_ferrite_zener_stage_ioo7jp5f\post_zener\3_3_3V_MMSZ5226BS\3.3V_MMSZ5226BS_unit1.svg'
[2026-08-19T10:20:35] COUNTS ferrite={'raw': 700, 'unique': 600, 'eligible': 115, 'selected': 50, 'skips': 0, 'parts': 50, 'templates': 1, 'final': 53} zener={'raw': 1423, 'unique': 1373, 'eligible': 40, 'selected': 40, 'skips': 1, 'parts': 39, 'templates': 1, 'final': 51}
[2026-08-19T10:20:35] EXCLUSIONS ferrite={'mpn_not_in_datasheet': 3, 'no_local_datasheet': 477, 'stock': 75, 'line_count': 10, 'unparseable_electrical_data': 6, 'packaging': 2} zener={'stock': 424, 'no_local_datasheet': 1330, 'voltage_range': 59, 'package': 133, 'unparseable_electrical_data': 57, 'packaging': 17, 'configuration': 30}
[2026-08-19T10:20:35] SUCCESS update completed; rollback not required
